"{\"年级\" : \"四年级\", \"关联题目数量\" : 13, \"版本\" : \"湘少版\", \"册\" : \"下册\", \"题干集合\" : \",,,,,,,,,,,,\", \"单元名称\" : \"Unit 8 I come from China\", \"设置的题目数量\" : 5, \"级别\" : \"综合进阶\", \"学科\" : \"英语\", \"对应端类型\" : \"app\"}"
"{\"年级\" : \"六年级\", \"关联题目数量\" : \"\", \"版本\" : \"人教版（三起）\", \"册\" : \"上册\", \"题干集合\" : \"\", \"单元名称\" : \"期中测试卷\", \"设置的题目数量\" : 5, \"级别\" : \"基础巩固\", \"学科\" : \"英语\", \"对应端类型\" : \"app\"}"
"{\"年级\" : \"五年级\", \"关联题目数量\" : 8, \"版本\" : \"湘鲁版\", \"册\" : \"上册\", \"题干集合\" : \",<p>I want to be a driver.<\\/p>,,,<p>He is a farmer.<\\/p>,,,<p>A doctor saves people.<\\/p>\", \"单元名称\" : \"Unit 7 I want to be a doctor.\", \"设置的题目数量\" : 5, \"级别\" : \"难点突破\", \"学科\" : \"英语\", \"对应端类型\" : \"app\"}"
"{\"年级\" : \"八年级\", \"关联题目数量\" : \"\", \"版本\" : \"人教版\", \"册\" : \"下册\", \"题干集合\" : \"\", \"单元名称\" : \"期末复习\", \"设置的题目数量\" : 5, \"级别\" : \"综合进阶\", \"学科\" : \"英语\", \"对应端类型\" : \"通用\"}"
"{\"年级\" : \"六年级\", \"关联题目数量\" : 10, \"版本\" : \"湘鲁版\", \"册\" : \"下册\", \"题干集合\" : \"<p>Look at that |space<||>space| cat. It's lovely.<\\/p>,<p>We danced the |space<||>space| dance last year.<\\/p>,<p>我今年会表演弹钢琴。<\\/p>,<p>Peter can play the big Chinese |space<||>space|.<\\/p>,<p>你去年唱了一首可爱的歌曲。<\\/p>,<p>Welcome to our |space<||>space|!<\\/p>,<p>今年我唱了另一首歌曲。<\\/p>,<p>I |space<||>space| in a play last year.<\\/p>,<p>她们将会跳彩带舞。<\\/p>,<p>我可以跳花鼓舞！<\\/p>\", \"单元名称\" : \"Unit 6  I danced on Children's Day last year.\", \"设置的题目数量\" : 5, \"级别\" : \"难点突破\", \"学科\" : \"英语\", \"对应端类型\" : \"app\"}"
"{\"年级\" : \"三年级\", \"关联题目数量\" : 15, \"版本\" : \"人教版（三起）（2024审定）\", \"册\" : \"上册\", \"题干集合\" : \",,,,,,,<p>c|space<||>space|n<\\/p>,,,,,,,\", \"单元名称\" : \"Unit 1 Making friends\", \"设置的题目数量\" : 5, \"级别\" : \"基础巩固\", \"学科\" : \"英语\", \"对应端类型\" : \"通用\"}"
"{\"年级\" : \"五年级\", \"关联题目数量\" : 23, \"版本\" : \"湘少版\", \"册\" : \"下册\", \"题干集合\" : \",<p>|space<||>space| |space<||>space| |space<||>space| |space<||>space| |space<||>space|<\\/p>,<p>|space<||>space| |space<||>space| |space<||>space| |space<||>space|<\\/p>,<p>The second item was an Indian dance.<\\/p>,<p>|space<||>space| |space<||>space| |space<||>space| |space<||>space| |space<||>space|<\\/p>,,,,,,,,<p>Last week, there was a two-hundred-metre race.<\\/p>,<p>|space<||>space| |space<||>space| |space<||>space| |space<||>space| |space<||>space| |space<||>space|<\\/p>,,<p>|space<||>space| |space<||>space| |space<||>space| |space<||>space| |space<||>space| |space<||>space| |space<||>space|<\\/p>,<p>Who was fifth in the race?<\\/p>,,,<p>|space<||>space| |space<||>space| |space<||>space| |space<||>space| |space<||>space| |space<||>space|<\\/p>,,<p>Linda was sixth.<\\/p>,<p>Helen was first.<\\/p>\", \"单元名称\" : \"Unit 11 Who was first？\", \"设置的题目数量\" : 5, \"级别\" : \"难点突破\", \"学科\" : \"英语\", \"对应端类型\" : \"app\"}"
"{\"年级\" : \"三年级\", \"关联题目数量\" : 10, \"版本\" : \"人教版（三起）\", \"册\" : \"上册\", \"题干集合\" : \"<p>fi|space<||>space| |space<||>space|<\\/p>,,<p>r|space<||>space|c|space<||>space|<\\/p>,,,<p>br|space<||>space| |space<||>space|d<\\/p>,,<p>mum<\\/p>,,<p>wat|space<||>space| |space<||>space|<\\/p>\", \"单元名称\" : \"Unit 5 Let's eat!\", \"设置的题目数量\" : 5, \"级别\" : \"综合进阶\", \"学科\" : \"英语\", \"对应端类型\" : \"app\"}"
"{\"年级\" : \"四年级\", \"关联题目数量\" : 10, \"版本\" : \"湘少版（2024审定）\", \"册\" : \"上册\", \"题干集合\" : \"<p>失物招领处有很多物品。听一听，给这些物品找到对应的主人吧！<\\/p>,<p>学校失物招领处来了新物品，Peter在登记物品信息。听一听，Peter登记的信息正确吗？<\\/p><p>The watch is Jerry's.<\\/p>,<p>学校举办了一场物品展示活动，Anne和Tom在给物品做标记。听一听，物品上的名字是正确的吗？<\\/p>,<p>Anne在操场上捡到了一个书包。听一听，回答她的问题吧！<\\/p>,<p>学校失物招领处来了新物品，Peter在登记物品信息。听一听，Peter登记的信息正确吗？<\\/p><p>The bag is Anne's.<\\/p>,<p>学校举办了一场物品展示活动，Anne和Tom在给物品做标记。听一听，物品上的名字是正确的吗？<\\/p>,<p>童话世界里，小红帽在森林小屋里发现了一件物品。听一听，回答她的问题吧！<\\/p>,<p>教室讲台上有很多丢失的物品，同学们在一一认领。听一听他们的发言，将下面句子排序。<\\/p>,<p>学校举办了一场物品展示活动，Anne和Tom在给物品做标记。听一听，物品上的名字是正确的吗？<\\/p>,<p>在神秘的动物王国里，动物们捡到了一个奇怪的物品。听一听，选出合适的回答。<\\/p>\", \"单元名称\" : \"Unit 7 Whose watch is this?\", \"设置的题目数量\" : 5, \"级别\" : \"难点突破\", \"学科\" : \"英语\", \"对应端类型\" : \"通用\"}"
"{\"年级\" : \"七年级\", \"关联题目数量\" : 5, \"版本\" : \"人教版\", \"册\" : \"下册\", \"题干集合\" : \"<p>What club does the girl want to join?<\\/p>,<p>Does the girl want to join the baseball club?<\\/p>,<p>What can the boy play?<\\/p>,<p>Can the boy sing or dance?<\\/p>,<p>What can Mike do?<\\/p>\", \"单元名称\" : \"Unit 1 Can you play the guitar?\", \"设置的题目数量\" : 5, \"级别\" : \"听短对话选答案\", \"学科\" : \"英语\", \"对应端类型\" : \"通用\"}"
"{\"年级\" : \"五年级\", \"关联题目数量\" : 11, \"版本\" : \"湘鲁版\", \"册\" : \"上册\", \"题干集合\" : \",,<p>|space<||>space| |space<||>space| |space<||>space| |space<||>space|<\\/p>,<p>turn right<\\/p>,,,<p>|space<||>space| |space<||>space| |space<||>space| |space<||>space| |space<||>space|<\\/p>,<p>|space<||>space| |space<||>space| |space<||>space| |space<||>space| |space<||>space|<\\/p>,<p>|space<||>space| |space<||>space| |space<||>space| |space<||>space|<\\/p>,<p>|space<||>space| |space<||>space| |space<||>space| |space<||>space| |space<||>space| |space<||>space| |space<||>space|<\\/p>,\", \"单元名称\" : \"Unit 2 Where is the library?\", \"设置的题目数量\" : 5, \"级别\" : \"综合进阶\", \"学科\" : \"英语\", \"对应端类型\" : \"app\"}"
"{\"年级\" : \"五年级\", \"关联题目数量\" : 8, \"版本\" : \"湘鲁版\", \"册\" : \"上册\", \"题干集合\" : \",,,<p>I always sleep at night.<\\/p>,,<p>I usually do the housework.<\\/p>,<p>I sometimes wash my hands.<\\/p>,\", \"单元名称\" : \"Unit 5 What do you usually do?\", \"设置的题目数量\" : 5, \"级别\" : \"难点突破\", \"学科\" : \"英语\", \"对应端类型\" : \"app\"}"
"{\"年级\" : \"五年级\", \"关联题目数量\" : 18, \"版本\" : \"人教版（三起）\", \"册\" : \"上册\", \"题干集合\" : \",<p>|space<||>space| |space<||>space| |space<||>space| |space<||>space| |space<||>space| |space<||>space| |space<||>space|<\\/p>,,,<p>|space<||>space| |space<||>space| |space<||>space| |space<||>space| |space<||>space| |space<||>space|<\\/p>,<p>|space<||>space| |space<||>space| |space<||>space| |space<||>space| |space<||>space| |space<||>space|<\\/p>,,<p>|space<||>space| |space<||>space| |space<||>space| |space<||>space| |space<||>space|<\\/p>,<p>|space<||>space| |space<||>space| |space<||>space| |space<||>space| |space<||>space|<\\/p>,<p>|space<||>space| |space<||>space| |space<||>space| |space<||>space| |space<||>space| |space<||>space|<\\/p>,,,<p>|space<||>space| |space<||>space| |space<||>space| |space<||>space| |space<||>space| |space<||>space|<\\/p>,,,,,\", \"单元名称\" : \"Unit 1 What's he like?\", \"设置的题目数量\" : 5, \"级别\" : \"难点突破\", \"学科\" : \"英语\", \"对应端类型\" : \"app\"}"
"{\"年级\" : \"五年级\", \"关联题目数量\" : \"\", \"版本\" : \"人教版（三起）\", \"册\" : \"上册\", \"题干集合\" : \"\", \"单元名称\" : \"U10\", \"设置的题目数量\" : 5, \"级别\" : \"难点突破\", \"学科\" : \"英语\", \"对应端类型\" : \"app\"}"
"{\"年级\" : \"六年级\", \"关联题目数量\" : \"\", \"版本\" : \"教科版\", \"册\" : \"上册\", \"题干集合\" : \"\", \"单元名称\" : \"Unit 3 Where are you from?\", \"设置的题目数量\" : 5, \"级别\" : \"难点突破\", \"学科\" : \"英语\", \"对应端类型\" : \"通用\"}"
"{\"年级\" : \"六年级\", \"关联题目数量\" : 16, \"版本\" : \"湘鲁版\", \"册\" : \"上册\", \"题干集合\" : \"<p>|space<||>space| |space<||>space| |space<||>space| |space<||>space| |space<||>space|<\\/p>,,<p>|space<||>space| |space<||>space| |space<||>space| |space<||>space| |space<||>space|<\\/p>,,<p>|space<||>space| |space<||>space| |space<||>space| |space<||>space|<\\/p>,,,<p>|space<||>space| |space<||>space| |space<||>space| |space<||>space| |space<||>space| |space<||>space|<\\/p>,<p>|space<||>space| |space<||>space| |space<||>space| |space<||>space| |space<||>space|<\\/p>,<p>|space<||>space| |space<||>space| |space<||>space| |space<||>space|<\\/p>,<p>|space<||>space| |space<||>space| |space<||>space| |space<||>space| |space<||>space|<\\/p>,<p>|space<||>space| |space<||>space| |space<||>space| |space<||>space|<\\/p>,,<p>|space<||>space| |space<||>space| |space<||>space| |space<||>space|<\\/p>,<p>v. 听见<\\/p><p>|space<||>space| |space<||>space| |space<||>space| |space<||>space|<\\/p>,\", \"单元名称\" : \"Unit 5 I hurt my knee.\", \"设置的题目数量\" : 5, \"级别\" : \"难点突破\", \"学科\" : \"英语\", \"对应端类型\" : \"app\"}"
"{\"年级\" : \"五年级\", \"关联题目数量\" : 11, \"版本\" : \"湘少版\", \"册\" : \"下册\", \"题干集合\" : \",,,,,,,,,,\", \"单元名称\" : \"Unit 6 I'll make a beautiful card\", \"设置的题目数量\" : 5, \"级别\" : \"综合进阶\", \"学科\" : \"英语\", \"对应端类型\" : \"app\"}"
"{\"年级\" : \"八年级\", \"关联题目数量\" : 1, \"版本\" : \"\", \"册\" : \"上册\", \"题干集合\" : \"<p>1. |space<||>space|<\\/p><p>2. |space<||>space|<\\/p><p>3. |space<||>space|<\\/p><p>4. |space<||>space| |space<||>space|<\\/p><p>5. |space<||>space|<\\/p>\", \"单元名称\" : \"Unit 8 Let's Communicate!\", \"设置的题目数量\" : 1, \"级别\" : \"听短文完成题目\", \"学科\" : \"英语\", \"对应端类型\" : \"通用\"}"
"{\"年级\" : \"四年级\", \"关联题目数量\" : \"\", \"版本\" : \"人教版（三起）（2024审定）\", \"册\" : \"上册\", \"题干集合\" : \"\", \"单元名称\" : \"U11\", \"设置的题目数量\" : 5, \"级别\" : \"基础巩固\", \"学科\" : \"英语\", \"对应端类型\" : \"通用\"}"
"{\"年级\" : \"六年级\", \"关联题目数量\" : 30, \"版本\" : \"人教版（三起）\", \"册\" : \"下册\", \"题干集合\" : \",,,,,,<p>watched<\\/p>,,,,,<p>最好的<\\/p>,,,,<p>stay<\\/p>,,,,,,,,,,,,<p>sleep<\\/p>,,<p>lamp<\\/p>\", \"单元名称\" : \"Unit 2 Last weekend\", \"设置的题目数量\" : 5, \"级别\" : \"基础巩固\", \"学科\" : \"英语\", \"对应端类型\" : \"通用\"}"
"{\"年级\" : \"六年级\", \"关联题目数量\" : 10, \"版本\" : \"湘少版\", \"册\" : \"上册\", \"题干集合\" : \",NULL,NULL,NULL,,,NULL,,,NULL\", \"单元名称\" : \"Unit 3 I like my computer\", \"设置的题目数量\" : 5, \"级别\" : \"综合进阶\", \"学科\" : \"英语\", \"对应端类型\" : \"app\"}"
"{\"年级\" : \"三年级\", \"关联题目数量\" : 13, \"版本\" : \"\", \"册\" : \"上册\", \"题干集合\" : \",,,<p>There are eight birds.<\\/p>,<p>There are four cats.<\\/p>,<p>How many dogs are there?<\\/p>,<p>There are ____ cats.<\\/p>,<p>There are ____ rabbits.<\\/p>,,<p>There are ____ dogs.<\\/p>,,,\", \"单元名称\" : \"Unit 8 How many dogs are there?\", \"设置的题目数量\" : 5, \"级别\" : \"综合进阶\", \"学科\" : \"英语\", \"对应端类型\" : \"通用\"}"
"{\"年级\" : \"八年级\", \"关联题目数量\" : \"\", \"版本\" : \"人教版\", \"册\" : \"下册\", \"题干集合\" : \"\", \"单元名称\" : \"U11\", \"设置的题目数量\" : 5, \"级别\" : \"难点突破\", \"学科\" : \"英语\", \"对应端类型\" : \"通用\"}"
"{\"年级\" : \"四年级\", \"关联题目数量\" : 10, \"版本\" : \"湘鲁版\", \"册\" : \"下册\", \"题干集合\" : \",,<p>kite<\\/p>,<p>西红柿<\\/p>,,,<p>boat<\\/p>,<p>花<\\/p>,,<p>植物<\\/p>\", \"单元名称\" : \"Unit 2  There are many flowers.\", \"设置的题目数量\" : 5, \"级别\" : \"基础巩固\", \"学科\" : \"英语\", \"对应端类型\" : \"app\"}"
"{\"年级\" : \"七年级\", \"关联题目数量\" : \"\", \"版本\" : \"人教版\", \"册\" : \"上册\", \"题干集合\" : \"\", \"单元名称\" : \"期中复习\", \"设置的题目数量\" : 5, \"级别\" : \"基础巩固\", \"学科\" : \"英语\", \"对应端类型\" : \"通用\"}"
"{\"年级\" : \"四年级\", \"关联题目数量\" : 15, \"版本\" : \"人教版（三起）（2024审定）\", \"册\" : \"上册\", \"题干集合\" : \"<p>爸爸在带Mike熟悉家附近的场所。听一听，爸爸给他讲了哪些场所？<\\/p>,<p>Lucy在玩“单词释义对对碰”的游戏。听一听，帮Lucy给单词匹配释义吧！<\\/p>,<p>Jack通过在地图上给关键的场所做标记，帮助自己出行。听一听，图中场所与他的标记相符吗？<\\/p>,<p>Linda在和好朋友分享她晚饭后的活动。听一听，她会进行哪些活动呢？<\\/p>,<p>Linda在和好朋友分享她晚饭后的活动。听一听，她会进行哪些活动呢？<\\/p>,<p>Lucy在玩“单词释义对对碰”的游戏。听一听，帮Lucy给单词匹配释义吧！<\\/p>,<p>Linda在和好朋友分享她晚饭后的活动。听一听，她会进行哪些活动呢？<\\/p>,<p>Jack通过在地图上给关键的场所做标记，帮助自己出行。听一听，图中场所与他的标记相符吗？<\\/p>,<p>爸爸在带Mike熟悉家附近的场所。听一听，爸爸给他讲了哪些场所？<\\/p>,<p>爸爸在带Mike熟悉家附近的场所。听一听，爸爸给他讲了哪些场所？<\\/p>,<p>Lucy在玩“单词释义对对碰”的游戏。听一听，帮Lucy给单词匹配释义吧！<\\/p>,<p>爸爸在带Mike熟悉家附近的场所。听一听，爸爸给他讲了哪些场所？<\\/p>,<p>Amy在教弟弟读英语绕口令。听一听，绕口令中包含哪个单词？<\\/p>,<p>Amy在教弟弟读英语绕口令。听一听，绕口令中包含哪个单词？<\\/p>,<p>Jack通过在地图上给关键的场所做标记，帮助自己出行。听一听，图中场所与他的标记相符吗？<\\/p>\", \"单元名称\" : \"Unit 3 Places we live in\", \"设置的题目数量\" : 5, \"级别\" : \"基础巩固\", \"学科\" : \"英语\", \"对应端类型\" : \"通用\"}"
"{\"年级\" : \"四年级\", \"关联题目数量\" : 15, \"版本\" : \"人教版（三起）（2024审定）\", \"册\" : \"下册\", \"题干集合\" : \",<p>Mike在读英语绕口令。听一听，绕口令中包含下面哪个单词？<\\/p>,<p>晚餐时间，John在和妈妈一起摆放餐具。听一听，桌上有哪些餐具呢？<\\/p>,,,,<p>Mike在读英语绕口令。听一听，绕口令中包含下面哪个单词？<\\/p>,,,,<p>晚餐时间，John在和妈妈一起摆放餐具。听一听，桌上有哪些餐具呢？<\\/p>,<p>晚餐时间，John在和妈妈一起摆放餐具。听一听，桌上有哪些餐具呢？<\\/p>,,,\", \"单元名称\" : \"Unit 6 On the farm\", \"设置的题目数量\" : 5, \"级别\" : \"基础巩固\", \"学科\" : \"英语\", \"对应端类型\" : \"通用\"}"
"{\"年级\" : \"八年级\", \"关联题目数量\" : 1, \"版本\" : \"人教版\", \"册\" : \"上册\", \"题干集合\" : \"<p>1. Kelly comes from |space<||>space|.<\\/p><p>2. Anna is much |space<||>space| than Kelly.<\\/p><p>3. Kelly is more |space<||>space| than Anna.<\\/p><p>4. Kelly is good at |space<||>space|.<\\/p><p>5. Kelly likes go to the movies with her |space<||>space|.<\\/p>\", \"单元名称\" : \"Unit 3 I'm more outgoing than my sister.\", \"设置的题目数量\" : 1, \"级别\" : \"听短文完成题目\", \"学科\" : \"英语\", \"对应端类型\" : \"通用\"}"
"{\"年级\" : \"四年级\", \"关联题目数量\" : 10, \"版本\" : \"湘鲁版\", \"册\" : \"下册\", \"题干集合\" : \"<p>城市<\\/p>,,,<p>建筑物<\\/p>,,<p>春天<\\/p>,<p>居住<\\/p>,<p>旅行<\\/p>,,\", \"单元名称\" : \"Unit 9  What are you going to do this summer?\", \"设置的题目数量\" : 5, \"级别\" : \"基础巩固\", \"学科\" : \"英语\", \"对应端类型\" : \"app\"}"
"{\"年级\" : \"四年级\", \"关联题目数量\" : 10, \"版本\" : \"湘鲁版\", \"册\" : \"下册\", \"题干集合\" : \",,,,,<p>get off<\\/p>,<p>take a picture<\\/p>,,,<p>照相<\\/p>\", \"单元名称\" : \"Unit 3  They are playing.\", \"设置的题目数量\" : 5, \"级别\" : \"综合进阶\", \"学科\" : \"英语\", \"对应端类型\" : \"app\"}"
"{\"年级\" : \"八年级\", \"关联题目数量\" : 5, \"版本\" : \"\", \"册\" : \"上册\", \"题干集合\" : \"<p>What does the man suggest the woman do?<\\/p>,<p>How does the woman usually communicate with friends?<\\/p>,<p>What happened between them yesterday?<\\/p>,<p>What will Tom do if he sees Jack?<\\/p>,<p>What does the man suggest the woman should do?<\\/p>\", \"单元名称\" : \"Unit 8 Let's Communicate!\", \"设置的题目数量\" : 5, \"级别\" : \"听短对话选答案\", \"学科\" : \"英语\", \"对应端类型\" : \"通用\"}"
"{\"年级\" : \"七年级\", \"关联题目数量\" : \"\", \"版本\" : \"\", \"册\" : \"下册\", \"题干集合\" : \"\", \"单元名称\" : \"期末复习\", \"设置的题目数量\" : 5, \"级别\" : \"综合进阶\", \"学科\" : \"英语\", \"对应端类型\" : \"通用\"}"
"{\"年级\" : \"四年级\", \"关联题目数量\" : \"\", \"版本\" : \"\", \"册\" : \"下册\", \"题干集合\" : \"\", \"单元名称\" : \"期末复习\", \"设置的题目数量\" : 5, \"级别\" : \"综合进阶\", \"学科\" : \"英语\", \"对应端类型\" : \"通用\"}"
"{\"年级\" : \"三年级\", \"关联题目数量\" : \"\", \"版本\" : \"人教版（三起）（2024审定）\", \"册\" : \"上册\", \"题干集合\" : \"\", \"单元名称\" : \"Units 4-6 测试卷（B）\", \"设置的题目数量\" : 5, \"级别\" : \"综合进阶\", \"学科\" : \"英语\", \"对应端类型\" : \"通用\"}"
"{\"年级\" : \"八年级\", \"关联题目数量\" : 1, \"版本\" : \"人教版\", \"册\" : \"下册\", \"题干集合\" : \"\", \"单元名称\" : \"Unit 3 Could you please clean your room?\", \"设置的题目数量\" : 1, \"级别\" : \"听长对话选答案\", \"学科\" : \"英语\", \"对应端类型\" : \"通用\"}"
"{\"年级\" : \"八年级\", \"关联题目数量\" : 5, \"版本\" : \"人教版\", \"册\" : \"上册\", \"题干集合\" : \"<p>How often does Sally go shopping?<\\/p>,<p>Who is good at dancing?<\\/p>,<p>How many times does Andy go to the swimming club in a week?<\\/p>,<p>Where was Jane last week?<\\/p>,<p>What does Alan usually do on weekends?<\\/p>\", \"单元名称\" : \"Unit 2 How often do you exercise?\", \"设置的题目数量\" : 5, \"级别\" : \"听短对话选答案\", \"学科\" : \"英语\", \"对应端类型\" : \"通用\"}"
"{\"年级\" : \"三年级\", \"关联题目数量\" : 10, \"版本\" : \"湘鲁版\", \"册\" : \"下册\", \"题干集合\" : \"<p>he<\\/p>,<p>at home<\\/p>,,<p>sleep<\\/p>,<p>number<\\/p>,,<p>hi<\\/p>,,<p>in the park<\\/p>,\", \"单元名称\" : \"Unit 7  Where are you?\", \"设置的题目数量\" : 5, \"级别\" : \"基础巩固\", \"学科\" : \"英语\", \"对应端类型\" : \"app\"}"
"{\"年级\" : \"七年级\", \"关联题目数量\" : \"\", \"版本\" : \"\", \"册\" : \"下册\", \"题干集合\" : \"\", \"单元名称\" : \"U11\", \"设置的题目数量\" : 5, \"级别\" : \"难点突破\", \"学科\" : \"英语\", \"对应端类型\" : \"通用\"}"
"{\"年级\" : \"五年级\", \"关联题目数量\" : 10, \"版本\" : \"湘鲁版\", \"册\" : \"下册\", \"题干集合\" : \",,,,,,,,,\", \"单元名称\" : \"Unit 3  What time do you usually go to school?\", \"设置的题目数量\" : 5, \"级别\" : \"基础巩固\", \"学科\" : \"英语\", \"对应端类型\" : \"app\"}"
"{\"年级\" : \"五年级\", \"关联题目数量\" : \"\", \"版本\" : \"教科版\", \"册\" : \"上册\", \"题干集合\" : \"\", \"单元名称\" : \"Unit 12 Four seasons in one day\", \"设置的题目数量\" : 5, \"级别\" : \"难点突破\", \"学科\" : \"英语\", \"对应端类型\" : \"通用\"}"
"{\"年级\" : \"三年级\", \"关联题目数量\" : \"\", \"版本\" : \"人教版（三起）\", \"册\" : \"下册\", \"题干集合\" : \"\", \"单元名称\" : \"U9\", \"设置的题目数量\" : 5, \"级别\" : \"难点突破\", \"学科\" : \"英语\", \"对应端类型\" : \"通用\"}"
"{\"年级\" : \"三年级\", \"关联题目数量\" : \"\", \"版本\" : \"人教版（三起）（2024审定）\", \"册\" : \"上册\", \"题干集合\" : \"\", \"单元名称\" : \"U8\", \"设置的题目数量\" : 5, \"级别\" : \"综合进阶\", \"学科\" : \"英语\", \"对应端类型\" : \"通用\"}"
"{\"年级\" : \"三年级\", \"关联题目数量\" : 10, \"版本\" : \"湘少版\", \"册\" : \"上册\", \"题干集合\" : \"<p>She's my grandma.<\\/p>,,,<p>Who's she?<\\/p>,,,,,,\", \"单元名称\" : \"Unit 6 Who's he?\", \"设置的题目数量\" : 5, \"级别\" : \"难点突破\", \"学科\" : \"英语\", \"对应端类型\" : \"app\"}"
"{\"年级\" : \"五年级\", \"关联题目数量\" : 13, \"版本\" : \"湘少版\", \"册\" : \"上册\", \"题干集合\" : \",,,<p>shop<\\/p>,,<p>back<\\/p>,<p>basketball<\\/p>,,,,,,\", \"单元名称\" : \"Unit 5 Can I have a pet?\", \"设置的题目数量\" : 5, \"级别\" : \"基础巩固\", \"学科\" : \"英语\", \"对应端类型\" : \"app\"}"
"{\"年级\" : \"五年级\", \"关联题目数量\" : 9, \"版本\" : \"湘鲁版\", \"册\" : \"上册\", \"题干集合\" : \"<p>mother<\\/p>,,,,<p>|space<||>space| |space<||>space| |space<||>space| |space<||>space|<\\/p>,,<p>|space<||>space| |space<||>space| |space<||>space| |space<||>space|<\\/p>,,\", \"单元名称\" : \"Unit 8 What does your father do?\", \"设置的题目数量\" : 5, \"级别\" : \"综合进阶\", \"学科\" : \"英语\", \"对应端类型\" : \"app\"}"
"{\"年级\" : \"四年级\", \"关联题目数量\" : \"\", \"版本\" : \"湘鲁版\", \"册\" : \"上册\", \"题干集合\" : \"\", \"单元名称\" : \"Units 4-6 测试卷\", \"设置的题目数量\" : 5, \"级别\" : \"基础巩固\", \"学科\" : \"英语\", \"对应端类型\" : \"app\"}"
"{\"年级\" : \"三年级\", \"关联题目数量\" : 10, \"版本\" : \"人教版（三起）\", \"册\" : \"上册\", \"题干集合\" : \",,,,,,,,,\", \"单元名称\" : \"Unit 3 Look at me!\", \"设置的题目数量\" : 5, \"级别\" : \"综合进阶\", \"学科\" : \"英语\", \"对应端类型\" : \"app\"}"
"{\"年级\" : \"四年级\", \"关联题目数量\" : 13, \"版本\" : \"湘鲁版\", \"册\" : \"下册\", \"题干集合\" : \",,,,,,,,,,,,\", \"单元名称\" : \"Unit 2  There are many flowers.\", \"设置的题目数量\" : 5, \"级别\" : \"综合进阶\", \"学科\" : \"英语\", \"对应端类型\" : \"app\"}"
"{\"年级\" : \"四年级\", \"关联题目数量\" : 15, \"版本\" : \"湘少版（2024审定）\", \"册\" : \"下册\", \"题干集合\" : \",,,,,,,,,,,,,,\", \"单元名称\" : \"Unit 4 Class One gets 54 points\", \"设置的题目数量\" : 5, \"级别\" : \"综合进阶\", \"学科\" : \"英语\", \"对应端类型\" : \"通用\"}"
"{\"年级\" : \"三年级\", \"关联题目数量\" : \"\", \"版本\" : \"人教版（三起）（2024审定）\", \"册\" : \"上册\", \"题干集合\" : \"\", \"单元名称\" : \"U7\", \"设置的题目数量\" : 5, \"级别\" : \"综合进阶\", \"学科\" : \"英语\", \"对应端类型\" : \"通用\"}"
"{\"年级\" : \"四年级\", \"关联题目数量\" : 10, \"版本\" : \"湘少版\", \"册\" : \"上册\", \"题干集合\" : \"<p>我们<\\/p>,,,,,,,,,\", \"单元名称\" : \"Unit 10 Welcome to our home!\", \"设置的题目数量\" : 5, \"级别\" : \"基础巩固\", \"学科\" : \"英语\", \"对应端类型\" : \"app\"}"
"{\"年级\" : \"五年级\", \"关联题目数量\" : 7, \"版本\" : \"湘鲁版\", \"册\" : \"上册\", \"题干集合\" : \"<p>I'm making a cake for her.<\\/p>,<p>Christmas is a big holiday.<\\/p>,,<p>I will put a box behind the tree.<\\/p>,<p>He gives gifts to every boy and girl.<\\/p>,,\", \"单元名称\" : \"Unit 9 Christmas\", \"设置的题目数量\" : 5, \"级别\" : \"难点突破\", \"学科\" : \"英语\", \"对应端类型\" : \"app\"}"
"{\"年级\" : \"三年级\", \"关联题目数量\" : 7, \"版本\" : \"湘鲁版\", \"册\" : \"上册\", \"题干集合\" : \",,,,,,\", \"单元名称\" : \"Unit 8 I like PE!\", \"设置的题目数量\" : 5, \"级别\" : \"难点突破\", \"学科\" : \"英语\", \"对应端类型\" : \"app\"}"
"{\"年级\" : \"三年级\", \"关联题目数量\" : 10, \"版本\" : \"湘少版\", \"册\" : \"上册\", \"题干集合\" : \",,,,,,,,,\", \"单元名称\" : \"Unit 7 It's a dog\", \"设置的题目数量\" : 5, \"级别\" : \"基础巩固\", \"学科\" : \"英语\", \"对应端类型\" : \"app\"}"
"{\"年级\" : \"八年级\", \"关联题目数量\" : 1, \"版本\" : \"\", \"册\" : \"上册\", \"题干集合\" : \"\", \"单元名称\" : \"Unit 7 When Tomorrow Comes\", \"设置的题目数量\" : 1, \"级别\" : \"听长对话选答案\", \"学科\" : \"英语\", \"对应端类型\" : \"通用\"}"
"{\"年级\" : \"四年级\", \"关联题目数量\" : \"\", \"版本\" : \"教科版（2024审定）\", \"册\" : \"下册\", \"题干集合\" : \"\", \"单元名称\" : \"U10\", \"设置的题目数量\" : 5, \"级别\" : \"基础巩固\", \"学科\" : \"英语\", \"对应端类型\" : \"通用\"}"
"{\"年级\" : \"三年级\", \"关联题目数量\" : 10, \"版本\" : \"湘少版（2024审定）\", \"册\" : \"下册\", \"题干集合\" : \"<p>Peter正在朗读学过的单词。听一听，选出Peter朗读的单词。<\\/p>,<p>Lingling和爸爸玩看图说词的游戏，听Lingling所说单词，根据图片判断Lingling是否说对了。<\\/p>,<p>Lingling和爸爸玩看图说词的游戏，听Lingling所说单词，根据图片判断Lingling是否说对了。<\\/p>,<p>Lingling和爸爸玩看图说词的游戏，听Lingling所说单词，根据图片判断Lingling是否说对了。<\\/p>,<p>Tim在教Dino认识钟表。听录音，选出与Tim所说时间相符的钟表。<\\/p>,<p>Peter正在朗读学过的单词。听一听，选出Peter朗读的单词。<\\/p>,<p>Tim在教Dino认识钟表。听录音，选出与Tim所说时间相符的钟表。<\\/p>,<p>Lingling和爸爸玩看图说词的游戏，听Lingling所说单词，根据图片判断Lingling是否说对了。<\\/p>,<p>Peter正在朗读学过的单词。听一听，选出Peter朗读的单词。<\\/p>,<p>Tim在教Dino认识钟表。听录音，选出与Tim所说时间相符的钟表。<\\/p>\", \"单元名称\" : \"Unit 2 What time is it?\", \"设置的题目数量\" : 5, \"级别\" : \"基础巩固\", \"学科\" : \"英语\", \"对应端类型\" : \"通用\"}"
"{\"年级\" : \"八年级\", \"关联题目数量\" : 5, \"版本\" : \"人教版\", \"册\" : \"下册\", \"题干集合\" : \"<p>What was Cindy doing last night?<\\/p>,<p>What did the woman see last night?<\\/p>,<p>Where were Peter's and Andy's books?<\\/p>,<p>Who was reading a newspaper when the girl knocked at the door?<\\/p>,<p>Where was the dog?<\\/p>\", \"单元名称\" : \"Unit 5 What were you doing when the rainstorm came?\", \"设置的题目数量\" : 5, \"级别\" : \"听短对话选答案\", \"学科\" : \"英语\", \"对应端类型\" : \"通用\"}"
"{\"年级\" : \"六年级\", \"关联题目数量\" : \"\", \"版本\" : \"湘少版\", \"册\" : \"下册\", \"题干集合\" : \"\", \"单元名称\" : \"期末复习\", \"设置的题目数量\" : 5, \"级别\" : \"综合进阶\", \"学科\" : \"英语\", \"对应端类型\" : \"app\"}"
"{\"年级\" : \"四年级\", \"关联题目数量\" : \"\", \"版本\" : \"人教版（三起）\", \"册\" : \"下册\", \"题干集合\" : \"\", \"单元名称\" : \"U9\", \"设置的题目数量\" : 5, \"级别\" : \"难点突破\", \"学科\" : \"英语\", \"对应端类型\" : \"app\"}"
"{\"年级\" : \"三年级\", \"关联题目数量\" : 15, \"版本\" : \"\", \"册\" : \"上册\", \"题干集合\" : \",,,,,,,,,,,,,<p>|space<||>space|reen <\\/p>,<p>|space<||>space| |space<||>space|een<\\/p>\", \"单元名称\" : \"Unit 9 I have a white rabbit\", \"设置的题目数量\" : 5, \"级别\" : \"基础巩固\", \"学科\" : \"英语\", \"对应端类型\" : \"通用\"}"
"{\"年级\" : \"八年级\", \"关联题目数量\" : 1, \"版本\" : \"\", \"册\" : \"上册\", \"题干集合\" : \"\", \"单元名称\" : \"Unit 1 Happy Holiday\", \"设置的题目数量\" : 1, \"级别\" : \"听长对话选答案\", \"学科\" : \"英语\", \"对应端类型\" : \"通用\"}"
"{\"年级\" : \"三年级\", \"关联题目数量\" : \"\", \"版本\" : \"人教版（三起）（2024审定）\", \"册\" : \"上册\", \"题干集合\" : \"\", \"单元名称\" : \"U7\", \"设置的题目数量\" : 5, \"级别\" : \"难点突破\", \"学科\" : \"英语\", \"对应端类型\" : \"通用\"}"
"{\"年级\" : \"四年级\", \"关联题目数量\" : 10, \"版本\" : \"湘少版\", \"册\" : \"下册\", \"题干集合\" : \",,,,,,,,,\", \"单元名称\" : \"Unit 9 How much is it？\", \"设置的题目数量\" : 5, \"级别\" : \"综合进阶\", \"学科\" : \"英语\", \"对应端类型\" : \"app\"}"
"{\"年级\" : \"五年级\", \"关联题目数量\" : \"\", \"版本\" : \"教科版\", \"册\" : \"上册\", \"题干集合\" : \"\", \"单元名称\" : \"Unit 10 Different tastes\", \"设置的题目数量\" : 5, \"级别\" : \"难点突破\", \"学科\" : \"英语\", \"对应端类型\" : \"通用\"}"
"{\"年级\" : \"三年级\", \"关联题目数量\" : 10, \"版本\" : \"人教版（三起）（2024审定）\", \"册\" : \"上册\", \"题干集合\" : \",,,,,,<p>|space<||>space| <span style=\\\"color: rgb(0, 0, 0);\\\">＜<\\/span> |space<||>space| <span style=\\\"color: rgb(0, 0, 0);\\\">＜<\\/span> |space<||>space| <span style=\\\"color: rgb(0, 0, 0);\\\">＜<\\/span>|space<||>space| <\\/p>,,,\", \"单元名称\" : \"Unit 6 Useful numbers\", \"设置的题目数量\" : 5, \"级别\" : \"难点突破\", \"学科\" : \"英语\", \"对应端类型\" : \"通用\"}"
"{\"年级\" : \"六年级\", \"关联题目数量\" : \"\", \"版本\" : \"人教版（三起）\", \"册\" : \"下册\", \"题干集合\" : \"\", \"单元名称\" : \"U12\", \"设置的题目数量\" : 5, \"级别\" : \"综合进阶\", \"学科\" : \"英语\", \"对应端类型\" : \"通用\"}"
"{\"年级\" : \"七年级\", \"关联题目数量\" : \"\", \"版本\" : \"人教版\", \"册\" : \"上册\", \"题干集合\" : \"\", \"单元名称\" : \"期中复习\", \"设置的题目数量\" : 5, \"级别\" : \"难点突破\", \"学科\" : \"英语\", \"对应端类型\" : \"通用\"}"
"{\"年级\" : \"五年级\", \"关联题目数量\" : 10, \"版本\" : \"湘少版\", \"册\" : \"上册\", \"题干集合\" : \",,,,,,,,,\", \"单元名称\" : \"Unit 10 What does that sign mean?\", \"设置的题目数量\" : 5, \"级别\" : \"综合进阶\", \"学科\" : \"英语\", \"对应端类型\" : \"app\"}"
"{\"年级\" : \"三年级\", \"关联题目数量\" : \"\", \"版本\" : \"人教版（三起）（2024审定）\", \"册\" : \"上册\", \"题干集合\" : \"\", \"单元名称\" : \"期末复习\", \"设置的题目数量\" : 5, \"级别\" : \"综合进阶\", \"学科\" : \"英语\", \"对应端类型\" : \"通用\"}"
"{\"年级\" : \"八年级\", \"关联题目数量\" : 5, \"版本\" : \"人教版\", \"册\" : \"上册\", \"题干集合\" : \"<p>Where did Mary go last week?<\\/p>,<p>When did Peter go to Shanghai?<\\/p>,<p>Who did Helen visit last weekend?<\\/p>,<p>How was Tom's vacation?<\\/p>,<p>What did Kevin do last night?<\\/p>\", \"单元名称\" : \"Unit 1 Where did you go on vacation?\", \"设置的题目数量\" : 5, \"级别\" : \"听短对话选答案\", \"学科\" : \"英语\", \"对应端类型\" : \"通用\"}"
"{\"年级\" : \"三年级\", \"关联题目数量\" : \"\", \"版本\" : \"人教版（三起）\", \"册\" : \"上册\", \"题干集合\" : \"\", \"单元名称\" : \"期末复习\", \"设置的题目数量\" : 5, \"级别\" : \"基础巩固\", \"学科\" : \"英语\", \"对应端类型\" : \"app\"}"
"{\"年级\" : \"四年级\", \"关联题目数量\" : 11, \"版本\" : \"湘少版\", \"册\" : \"下册\", \"题干集合\" : \",<p>|space<||>space| |space<||>space| |space<||>space| |space<||>space|<\\/p>,,,,,<p>|space<||>space| |space<||>space| |space<||>space| |space<||>space|<\\/p>,,,<p>|space<||>space| |space<||>space| |space<||>space| |space<||>space| |space<||>space|<\\/p>,<p>|space<||>space| |space<||>space| |space<||>space| |space<||>space| |space<||>space| |space<||>space|<\\/p>\", \"单元名称\" : \"Unit 10 He has two feet\", \"设置的题目数量\" : 5, \"级别\" : \"难点突破\", \"学科\" : \"英语\", \"对应端类型\" : \"app\"}"
"{\"年级\" : \"八年级\", \"关联题目数量\" : 1, \"版本\" : \"人教版\", \"册\" : \"下册\", \"题干集合\" : \"<p>1. |space<||>space|<\\/p><p>2. |space<||>space|<\\/p><p>3. |space<||>space|<\\/p><p>4. |space<||>space|<\\/p><p>5. |space<||>space|<\\/p>\", \"单元名称\" : \"Unit 2 I'll help to clean up the city parks.\", \"设置的题目数量\" : 1, \"级别\" : \"听短文完成题目\", \"学科\" : \"英语\", \"对应端类型\" : \"通用\"}"
"{\"年级\" : \"四年级\", \"关联题目数量\" : \"\", \"版本\" : \"人教版（三起）（2024审定）\", \"册\" : \"下册\", \"题干集合\" : \"\", \"单元名称\" : \"U9\", \"设置的题目数量\" : 5, \"级别\" : \"综合进阶\", \"学科\" : \"英语\", \"对应端类型\" : \"通用\"}"
"{\"年级\" : \"四年级\", \"关联题目数量\" : \"\", \"版本\" : \"人教版（三起）（2024审定）\", \"册\" : \"下册\", \"题干集合\" : \"\", \"单元名称\" : \"U8\", \"设置的题目数量\" : 5, \"级别\" : \"难点突破\", \"学科\" : \"英语\", \"对应端类型\" : \"通用\"}"
"{\"年级\" : \"七年级\", \"关联题目数量\" : 1, \"版本\" : \"人教版\", \"册\" : \"下册\", \"题干集合\" : \"\", \"单元名称\" : \"Unit 5 Why do you like pandas?\", \"设置的题目数量\" : 1, \"级别\" : \"听独白选答案\", \"学科\" : \"英语\", \"对应端类型\" : \"通用\"}"
"{\"年级\" : \"七年级\", \"关联题目数量\" : 1, \"版本\" : \"\", \"册\" : \"上册\", \"题干集合\" : \"<p>1.|space<||>space|<\\/p><p>2.|space<||>space|<\\/p><p>3.|space<||>space|<\\/p><p>4.|space<||>space|<\\/p><p>5.|space<||>space|<\\/p>\", \"单元名称\" : \"Unit 6 A Day in the Life\", \"设置的题目数量\" : 1, \"级别\" : \"听短文完成题目\", \"学科\" : \"英语\", \"对应端类型\" : \"通用\"}"
"{\"年级\" : \"三年级\", \"关联题目数量\" : 11, \"版本\" : \"湘少版\", \"册\" : \"上册\", \"题干集合\" : \",,,,,<p>我们的<\\/p>,,,,,\", \"单元名称\" : \"Unit 3 What's your name?\", \"设置的题目数量\" : 5, \"级别\" : \"基础巩固\", \"学科\" : \"英语\", \"对应端类型\" : \"app\"}"
"{\"年级\" : \"六年级\", \"关联题目数量\" : \"\", \"版本\" : \"教科版\", \"册\" : \"上册\", \"题干集合\" : \"\", \"单元名称\" : \"Unit 11 I like the Spring Festival best\", \"设置的题目数量\" : 5, \"级别\" : \"基础巩固\", \"学科\" : \"英语\", \"对应端类型\" : \"通用\"}"
"{\"年级\" : \"六年级\", \"关联题目数量\" : 16, \"版本\" : \"湘少版\", \"册\" : \"上册\", \"题干集合\" : \"<p>get up<\\/p>,NULL,NULL,,,,,,NULL,,,<p>decorate<\\/p>,,NULL,NULL,<p>merry<\\/p>\", \"单元名称\" : \"Unit 12 It's Christmas again!\", \"设置的题目数量\" : 5, \"级别\" : \"基础巩固\", \"学科\" : \"英语\", \"对应端类型\" : \"app\"}"
"{\"年级\" : \"五年级\", \"关联题目数量\" : 11, \"版本\" : \"湘少版\", \"册\" : \"上册\", \"题干集合\" : \",,,,<p>speak<\\/p>,,,,,,\", \"单元名称\" : \"Unit 10 What does that sign mean?\", \"设置的题目数量\" : 5, \"级别\" : \"基础巩固\", \"学科\" : \"英语\", \"对应端类型\" : \"app\"}"
"{\"年级\" : \"五年级\", \"关联题目数量\" : 11, \"版本\" : \"湘鲁版\", \"册\" : \"上册\", \"题干集合\" : \",,,,,,,,,,\", \"单元名称\" : \"Unit 1 There is a big music room.\", \"设置的题目数量\" : 5, \"级别\" : \"基础巩固\", \"学科\" : \"英语\", \"对应端类型\" : \"app\"}"
"{\"年级\" : \"三年级\", \"关联题目数量\" : 11, \"版本\" : \"人教版（三起）\", \"册\" : \"上册\", \"题干集合\" : \"<p>脚<\\/p>,,,,<p>胳膊<\\/p>,<p>头<\\/p>,,<p>眼睛<\\/p>,<p>脸<\\/p>,,\", \"单元名称\" : \"Unit 3 Look at me!\", \"设置的题目数量\" : 5, \"级别\" : \"基础巩固\", \"学科\" : \"英语\", \"对应端类型\" : \"app\"}"
"{\"年级\" : \"四年级\", \"关联题目数量\" : \"\", \"版本\" : \"\", \"册\" : \"下册\", \"题干集合\" : \"\", \"单元名称\" : \"Units 4-6 测试卷\", \"设置的题目数量\" : 5, \"级别\" : \"基础巩固\", \"学科\" : \"英语\", \"对应端类型\" : \"通用\"}"
"{\"年级\" : \"八年级\", \"关联题目数量\" : 1, \"版本\" : \"人教版\", \"册\" : \"下册\", \"题干集合\" : \"<p>1. |space<||>space|<\\/p><p>2. |space<||>space|<\\/p><p>3. |space<||>space|<\\/p><p>4. |space<||>space|<\\/p><p>5. |space<||>space|<\\/p>\", \"单元名称\" : \"Unit 7 What's the highest mountain in the world?\", \"设置的题目数量\" : 1, \"级别\" : \"听短文完成题目\", \"学科\" : \"英语\", \"对应端类型\" : \"通用\"}"
"{\"年级\" : \"五年级\", \"关联题目数量\" : \"\", \"版本\" : \"人教版（三起）\", \"册\" : \"上册\", \"题干集合\" : \"\", \"单元名称\" : \"U11\", \"设置的题目数量\" : 5, \"级别\" : \"基础巩固\", \"学科\" : \"英语\", \"对应端类型\" : \"app\"}"
"{\"年级\" : \"五年级\", \"关联题目数量\" : 29, \"版本\" : \"湘少版\", \"册\" : \"上册\", \"题干集合\" : \"<p>|space<||>space| |space<||>space| |space<||>space| |space<||>space| |space<||>space| |space<||>space| |space<||>space|<\\/p>,,<p>|space<||>space| |space<||>space| |space<||>space| |space<||>space| |space<||>space| |space<||>space|<\\/p>,<p>|space<||>space| |space<||>space| |space<||>space|<\\/p>,,<p>可爱的<\\/p>,<p>|space<||>space| |space<||>space| |space<||>space| |space<||>space| |space<||>space|<\\/p>,,<p>|space<||>space| |space<||>space| |space<||>space| |space<||>space|<\\/p>,,<p>|space<||>space| |space<||>space| |space<||>space| |space<||>space| |space<||>space| |space<||>space| |space<||>space| |space<||>space| |space<||>space|<\\/p>,<p>|space<||>space| |space<||>space| |space<||>space| |space<||>space| |space<||>space| |space<||>space|<\\/p>,,<p>|space<||>space| |space<||>space| |space<||>space| |space<||>space| |space<||>space|<\\/p>,,<p>|space<||>space| |space<||>space| |space<||>space| |space<||>space|<\\/p>,<p>|space<||>space| |space<||>space| |space<||>space| |space<||>space| |space<||>space|<\\/p>,<p>当······的时候<\\/p>,,<p>|space<||>space| |space<||>space| |space<||>space|<\\/p>,,,,,,<p>|space<||>space| |space<||>space| |space<||>space| |space<||>space|<\\/p>,,,\", \"单元名称\" : \"Unit 12 The Spring Festival\", \"设置的题目数量\" : 5, \"级别\" : \"难点突破\", \"学科\" : \"英语\", \"对应端类型\" : \"app\"}"
"{\"年级\" : \"三年级\", \"关联题目数量\" : 10, \"版本\" : \"教科版（2024审定）\", \"册\" : \"上册\", \"题干集合\" : \"<p>Sam一家要坐高铁去北京，他们正在找自己的座位。听录音，填入正确的字母补全句子。<\\/p><p>I'm 1 |space<||>space|.<\\/p>,<p>Sam一家要坐高铁去北京，他们正在找自己的座位。听录音，填入正确的字母补全句子。<\\/p><p>I'm 1|space<||>space|.<\\/p>,<p>Sam一家要坐高铁去北京，他们正在找自己的座位。听录音，填入正确的单词补全句子。<\\/p><p>|space<||>space| are 3B.<\\/p>,<p>Sam在高铁上认识了一个新朋友，他们交谈起来。听录音，选择恰当的答语。<\\/p>,<p>Sam在高铁上认识了一个新朋友，他们交谈起来。听录音，选择恰当的答语。<\\/p>,<p>Sam在高铁上认识了一个新朋友，他们交谈起来。听录音，判断录音内容与所给图片是否相符。相符的选“T”，不相符的选“F”。<\\/p>,<p>Sam热心地帮陌生的小朋友找座位。听录音，选择恰当的答语。<\\/p>,<p>高铁上，新朋友Lucy热心地帮Sam找座位。听录音，判断录音内容与所给图片是否相符。相符的选“T”，不相符的选“F”。<\\/p>,<p>Sam在高铁上认识了一个新朋友，他们交谈起来。听录音，判断录音内容与所给图片是否相符。相符的选“T”，不相符的选“F”。<\\/p>,<p>Sam一家要坐高铁去北京，他们正在找自己的座位。听录音，填入正确的单词补全句子。<\\/p><p>|space<||>space|, I'm 3B.<\\/p>\", \"单元名称\" : \"Unit 1 Letters in Our Life\", \"设置的题目数量\" : 5, \"级别\" : \"难点突破\", \"学科\" : \"英语\", \"对应端类型\" : \"通用\"}"
"{\"年级\" : \"三年级\", \"关联题目数量\" : 10, \"版本\" : \"湘鲁版\", \"册\" : \"下册\", \"题干集合\" : \",<p>watch<\\/p>,,,,<p>go to the zoo<\\/p>,,,,\", \"单元名称\" : \"Unit 9  Let's go to the zoo!\", \"设置的题目数量\" : 5, \"级别\" : \"基础巩固\", \"学科\" : \"英语\", \"对应端类型\" : \"app\"}"
"{\"年级\" : \"三年级\", \"关联题目数量\" : 15, \"版本\" : \"\", \"册\" : \"下册\", \"题干集合\" : \"<p>Lucy在阅读英文故事时遇到几个新单词。听一听，帮Lucy选出正确的中文释义。<\\/p>,<p>Lucy学校的体育课有哪些体育活动？听一听，选出对应的体育项目。<\\/p>,<p>Lucy在阅读英文故事时遇到几个新单词。听一听，帮Lucy选出正确的中文释义。<\\/p>,<p>Lucy学校的体育课有哪些体育活动？听一听，选出对应的体育项目。<\\/p>,<p>Lucy学校的体育课有哪些体育活动？听一听，选出对应的体育项目。<\\/p>,<p>Lucy在和朋友Linda讨论周末活动。听一听部分聊天内容，判断下列词汇与聊天内容是否相符。<\\/p><p>together<\\/p>,<p>Lily在复习学过的字母组合。听一听单词，选出她复习的字母组合。<\\/p>,<p>Lucy学校的体育课有哪些体育活动？听一听，选出对应的体育项目。<\\/p>,<p>Lily在复习学过的字母组合。听一听单词，选出她复习的字母组合。<\\/p>,<p>Lily在复习学过的字母组合。听一听单词，选出她复习的字母组合。<\\/p>,<p>Lucy在和朋友Linda讨论周末活动。听一听部分聊天内容，判断下列图片与聊天内容是否相符。<\\/p>,<p>Lucy在和朋友Linda讨论周末活动。听一听部分聊天内容，判断下列图片与聊天内容是否相符。<\\/p>,<p>Lucy学校的体育课有哪些体育活动？听一听，选出对应的体育项目。<\\/p>,<p>Lucy在和朋友Linda讨论周末活动。听一听部分聊天内容，判断下列词汇与聊天内容是否相符。<\\/p><p>good idea<\\/p>,<p>Lucy在阅读英文故事时遇到几个新单词。听一听，帮Lucy选出正确的中文释义。<\\/p>\", \"单元名称\" : \"Unit 4 Can you play football?\", \"设置的题目数量\" : 5, \"级别\" : \"基础巩固\", \"学科\" : \"英语\", \"对应端类型\" : \"通用\"}"
"{\"年级\" : \"五年级\", \"关联题目数量\" : \"\", \"版本\" : \"教科版\", \"册\" : \"上册\", \"题干集合\" : \"\", \"单元名称\" : \"期末复习\", \"设置的题目数量\" : 5, \"级别\" : \"综合进阶\", \"学科\" : \"英语\", \"对应端类型\" : \"通用\"}"
"{\"年级\" : \"三年级\", \"关联题目数量\" : \"\", \"版本\" : \"人教版（三起）（2024审定）\", \"册\" : \"上册\", \"题干集合\" : \"\", \"单元名称\" : \"Units 4-6 举一反三训练（B）\", \"设置的题目数量\" : 5, \"级别\" : \"基础巩固\", \"学科\" : \"英语\", \"对应端类型\" : \"通用\"}"
"{\"年级\" : \"七年级\", \"关联题目数量\" : 1, \"版本\" : \"人教版\", \"册\" : \"下册\", \"题干集合\" : \"<p>1. |space<||>space|<\\/p><p>2. |space<||>space|<\\/p><p>3. |space<||>space|<\\/p><p>4. |space<||>space|<\\/p><p>5. |space<||>space|<\\/p>\", \"单元名称\" : \"Unit 12 What did you do last weekend?\", \"设置的题目数量\" : 1, \"级别\" : \"听短文完成题目\", \"学科\" : \"英语\", \"对应端类型\" : \"通用\"}"
"{\"年级\" : \"三年级\", \"关联题目数量\" : \"\", \"版本\" : \"教科版（2024审定）\", \"册\" : \"上册\", \"题干集合\" : \"\", \"单元名称\" : \"U10\", \"设置的题目数量\" : 5, \"级别\" : \"基础巩固\", \"学科\" : \"英语\", \"对应端类型\" : \"通用\"}"
"{\"年级\" : \"八年级\", \"关联题目数量\" : 1, \"版本\" : \"人教版\", \"册\" : \"下册\", \"题干集合\" : \"\", \"单元名称\" : \"Unit 2 I'll help to clean up the city parks.\", \"设置的题目数量\" : 1, \"级别\" : \"听独白选答案\", \"学科\" : \"英语\", \"对应端类型\" : \"通用\"}"
"{\"年级\" : \"四年级\", \"关联题目数量\" : 10, \"版本\" : \"人教版（三起）\", \"册\" : \"下册\", \"题干集合\" : \"<p>nine<\\/p>,,<p>eighteen<\\/p>,<p>expensive<\\/p>,,,,<p>price<\\/p>,<p>sale<\\/p>,\", \"单元名称\" : \"Unit 6 Shopping\", \"设置的题目数量\" : 5, \"级别\" : \"基础巩固\", \"学科\" : \"英语\", \"对应端类型\" : \"app\"}"
"{\"年级\" : \"四年级\", \"关联题目数量\" : 15, \"版本\" : \"\", \"册\" : \"上册\", \"题干集合\" : \"<p>班会课上，Amy在表达对下雨天安全事项的看法。听一听，她说了什么呢？<\\/p>,<p>班会课上，老师在讲解下雨天的一些安全事项。听一听，他说了什么呢？<\\/p>,<p>在魔法世界的自然知识考试中，小精灵们在听句子选择中文释义！一起加入它们吧！<\\/p>,<p>老师在讲解与天气相关的安全知识。听一听，图片是老师讲解的知识吗？<\\/p>,<p>妈妈在告知Andy生活中的一些注意事项。听一听，妈妈说的是哪个事项呢？<\\/p>,<p>在魔法世界的自然知识考试中，小精灵们在听句子选择中文释义！一起加入它们吧！<\\/p>,<p>班会课上，老师在讲解下雨天的一些安全事项。听一听，他说了什么呢？<\\/p>,<p>老师在讲解与天气相关的安全知识。听一听，图片与老师讲解相符吗？<\\/p>,<p>班会课上，老师在讲解下雨天的一些安全事项。听一听，他说了什么呢？<\\/p>,<p>在魔法世界的知识考试中，小精灵们在听句子选择中文释义！一起加入它们吧！<\\/p>,<p>下雨了，妈妈在告知Amy一些注意事项。听一听，妈妈说的是哪个事项呢？<\\/p>,<p>Ms White在给新来的同学介绍班规。听听她说的是哪个呢？<\\/p>,<p>在魔法世界的规则知识考试中，小精灵们在听句子选择中文释义！一起加入它们吧！<\\/p>,<p>在魔法世界的知识考试中，小精灵们在听句子选择中文释义！一起加入它们吧！<\\/p>,<p>马路上，妈妈在告知Andy一些注意事项。听一听，妈妈说的是哪个事项呢？<\\/p>\", \"单元名称\" : \"Unit 9 Please stay indoors on rainy days\", \"设置的题目数量\" : 5, \"级别\" : \"综合进阶\", \"学科\" : \"英语\", \"对应端类型\" : \"通用\"}"
"{\"年级\" : \"五年级\", \"关联题目数量\" : 20, \"版本\" : \"湘少版\", \"册\" : \"下册\", \"题干集合\" : \",,,,,,,,,,,,,,,,,,,\", \"单元名称\" : \"Unit 11 Who was first？\", \"设置的题目数量\" : 5, \"级别\" : \"综合进阶\", \"学科\" : \"英语\", \"对应端类型\" : \"app\"}"
"{\"年级\" : \"七年级\", \"关联题目数量\" : \"\", \"版本\" : \"\", \"册\" : \"上册\", \"题干集合\" : \"\", \"单元名称\" : \"Starter Unit 3 Welcome!\", \"设置的题目数量\" : 5, \"级别\" : \"综合进阶\", \"学科\" : \"英语\", \"对应端类型\" : \"通用\"}"
"{\"年级\" : \"七年级\", \"关联题目数量\" : 1, \"版本\" : \"人教版\", \"册\" : \"上册\", \"题干集合\" : \"\", \"单元名称\" : \"Unit 8 When is your birthday?\", \"设置的题目数量\" : 1, \"级别\" : \"听独白选答案\", \"学科\" : \"英语\", \"对应端类型\" : \"通用\"}"
"{\"年级\" : \"三年级\", \"关联题目数量\" : \"\", \"版本\" : \"人教版（三起）\", \"册\" : \"下册\", \"题干集合\" : \"\", \"单元名称\" : \"U12\", \"设置的题目数量\" : 5, \"级别\" : \"基础巩固\", \"学科\" : \"英语\", \"对应端类型\" : \"通用\"}"
"{\"年级\" : \"三年级\", \"关联题目数量\" : \"\", \"版本\" : \"人教版（三起）\", \"册\" : \"下册\", \"题干集合\" : \"\", \"单元名称\" : \"U7\", \"设置的题目数量\" : 5, \"级别\" : \"基础巩固\", \"学科\" : \"英语\", \"对应端类型\" : \"通用\"}"
"{\"年级\" : \"四年级\", \"关联题目数量\" : \"\", \"版本\" : \"教科版\", \"册\" : \"上册\", \"题干集合\" : \"\", \"单元名称\" : \"Unit 10 Can I help you?\", \"设置的题目数量\" : 5, \"级别\" : \"基础巩固\", \"学科\" : \"英语\", \"对应端类型\" : \"通用\"}"
"{\"年级\" : \"四年级\", \"关联题目数量\" : 15, \"版本\" : \"人教版（三起）（2024审定）\", \"册\" : \"上册\", \"题干集合\" : \"<p>Lily的妹妹很喜欢向Lily提问。听一听，下列句子是她问的问题吗？<\\/p><p>What's the weather like, Lily?<\\/p>,<p>Lily的妹妹很喜欢向Lily提问。听一听，下列句子是她问的问题吗？<\\/p><p>Can I wear this new coat today?<\\/p>,<p>Anna和好朋友们在参加服装秀。听一听，Anna穿的是什么衣服呢？<\\/p>,<p>课堂上，同学们在分享自己喜欢的季节及原因。听一听，他们为什么喜欢这个季节呢？<\\/p>,<p>Anne在把晾干的衣服分类整理。听一听，她说了些什么？<\\/p>,<p>Lily的妹妹很喜欢向Lily提问。听一听，下列句子是她问的问题吗？<\\/p><p>Which season do you like?<\\/p>,<p>表演节目前，Emily将同学们换下来的衣服做了标记。听一听，她标记对了吗？<\\/p>,<p>表演节目前，Emily将同学们换下来的衣服做了标记。听一听，她标记对了吗？<\\/p>,<p>Anne在把晾干的衣服分类整理。听一听，她说了些什么？<\\/p>,<p>同学们在描述季节的特点。听一听，把他们的描述翻译成中文吧！<\\/p>,<p>同学们在描述季节的特点。听一听，把他们的描述翻译成中文吧！<\\/p>,<p>Peter和好朋友们在参加服装秀。听一听，Peter穿的是什么衣服呢？<\\/p>,<p>表演节目前，Emily将同学们换下来的衣服做了标记。听一听，她标记对了吗？<\\/p>,<p>同学们在描述季节的特点。听一听，把他们的描述翻译成中文吧！<\\/p>,<p>课堂上，同学们在分享自己喜欢的季节及原因。听一听，他们为什么喜欢这个季节呢？<\\/p>\", \"单元名称\" : \"Unit 6 Changing for the seasons\", \"设置的题目数量\" : 5, \"级别\" : \"综合进阶\", \"学科\" : \"英语\", \"对应端类型\" : \"通用\"}"
"{\"年级\" : \"三年级\", \"关联题目数量\" : 15, \"版本\" : \"人教版（三起）（2024审定）\", \"册\" : \"上册\", \"题干集合\" : \",,,,,<p>f|space<||>space| |space<||>space|r<\\/p>,,,,,,<p>f|space<||>space|v|space<||>space|<\\/p>,,,<p>k<\\/p>\", \"单元名称\" : \"Unit 6 Useful numbers\", \"设置的题目数量\" : 5, \"级别\" : \"基础巩固\", \"学科\" : \"英语\", \"对应端类型\" : \"通用\"}"
"{\"年级\" : \"六年级\", \"关联题目数量\" : \"\", \"版本\" : \"湘少版\", \"册\" : \"下册\", \"题干集合\" : \"\", \"单元名称\" : \"期中复习\", \"设置的题目数量\" : 5, \"级别\" : \"基础巩固\", \"学科\" : \"英语\", \"对应端类型\" : \"app\"}"
"{\"年级\" : \"五年级\", \"关联题目数量\" : 10, \"版本\" : \"湘鲁版\", \"册\" : \"下册\", \"题干集合\" : \",<p>My dad is usually |space<||>space| after work.<\\/p>,<p>Tom studies in a |space<||>space| school.<\\/p>,<p>Homework time is |space<||>space| 8:00 pm and 9:00 pm.<\\/p>,<p>At 6:30 pm, all students should have dinner in the canteen.<\\/p>,<p>There is some free time after school.<\\/p>,<p>|space<||>space| time is at 9:00 pm.<\\/p>,<p>We're usually free in the evening.<\\/p>,,<p>Classes are |space<||>space| at 4:30 pm.<\\/p>\", \"单元名称\" : \"Unit 4  There is homework time.\", \"设置的题目数量\" : 5, \"级别\" : \"难点突破\", \"学科\" : \"英语\", \"对应端类型\" : \"app\"}"
"{\"年级\" : \"八年级\", \"关联题目数量\" : 5, \"版本\" : \"\", \"册\" : \"上册\", \"题干集合\" : \"<p>What is Emma's prediction about the future?<\\/p>,<p>What does Helen think about robots in the future?<\\/p>,<p>What does Sarah think education will be like in the future?<\\/p>,<p>What will Lisa do tomorrow?<\\/p>,<p>What does Ben think traffic will be like in the future?<\\/p>\", \"单元名称\" : \"Unit 7 When Tomorrow Comes\", \"设置的题目数量\" : 5, \"级别\" : \"听短对话选答案\", \"学科\" : \"英语\", \"对应端类型\" : \"通用\"}"
"{\"年级\" : \"八年级\", \"关联题目数量\" : 1, \"版本\" : \"人教版\", \"册\" : \"上册\", \"题干集合\" : \"\", \"单元名称\" : \"Unit 5 Do you want to watch a game show?\", \"设置的题目数量\" : 1, \"级别\" : \"听长对话选答案\", \"学科\" : \"英语\", \"对应端类型\" : \"通用\"}"
"{\"年级\" : \"三年级\", \"关联题目数量\" : \"\", \"版本\" : \"湘少版\", \"册\" : \"下册\", \"题干集合\" : \"\", \"单元名称\" : \"期中复习\", \"设置的题目数量\" : 5, \"级别\" : \"基础巩固\", \"学科\" : \"英语\", \"对应端类型\" : \"app\"}"
"{\"年级\" : \"三年级\", \"关联题目数量\" : 10, \"版本\" : \"湘鲁版\", \"册\" : \"下册\", \"题干集合\" : \"<p>请快点！<\\/p>,<p>躺下<\\/p>,<p>Please be quiet!<\\/p>,<p>Welcome home!<\\/p>,<p>很高兴见到你！<\\/p>,<p>欢迎回来！<\\/p>,,,,\", \"单元名称\" : \"Unit 1 Welcome back!\", \"设置的题目数量\" : 5, \"级别\" : \"综合进阶\", \"学科\" : \"英语\", \"对应端类型\" : \"app\"}"
"{\"年级\" : \"七年级\", \"关联题目数量\" : 1, \"版本\" : \"人教版\", \"册\" : \"下册\", \"题干集合\" : \"\", \"单元名称\" : \"Unit 10 I'd like some noodles.\", \"设置的题目数量\" : 1, \"级别\" : \"听长对话选答案\", \"学科\" : \"英语\", \"对应端类型\" : \"通用\"}"
"{\"年级\" : \"四年级\", \"关联题目数量\" : \"\", \"版本\" : \"人教版（三起）（2024审定）\", \"册\" : \"上册\", \"题干集合\" : \"\", \"单元名称\" : \"期末复习\", \"设置的题目数量\" : 5, \"级别\" : \"难点突破\", \"学科\" : \"英语\", \"对应端类型\" : \"通用\"}"
"{\"年级\" : \"六年级\", \"关联题目数量\" : 11, \"版本\" : \"湘鲁版\", \"册\" : \"上册\", \"题干集合\" : \",,,,,,,,,,\", \"单元名称\" : \"Unit 6 I am ill today.\", \"设置的题目数量\" : 5, \"级别\" : \"综合进阶\", \"学科\" : \"英语\", \"对应端类型\" : \"app\"}"
"{\"年级\" : \"七年级\", \"关联题目数量\" : 5, \"版本\" : \"\", \"册\" : \"上册\", \"题干集合\" : \"<p>Where is the dining hall?<\\/p>,<p>Where does the woman want to go?<\\/p>,<p>Is there a smart whiteboard in Mike's classroom?<\\/p>,<p>Where is the library?<\\/p>,<p>Is there a shop in this school?<\\/p>\", \"单元名称\" : \"Unit 3 My School\", \"设置的题目数量\" : 5, \"级别\" : \"听短对话选答案\", \"学科\" : \"英语\", \"对应端类型\" : \"通用\"}"
"{\"年级\" : \"三年级\", \"关联题目数量\" : 10, \"版本\" : \"人教版（三起）\", \"册\" : \"上册\", \"题干集合\" : \",,,,,,,,,\", \"单元名称\" : \"Unit 2 Colours\", \"设置的题目数量\" : 5, \"级别\" : \"基础巩固\", \"学科\" : \"英语\", \"对应端类型\" : \"app\"}"
"{\"年级\" : \"五年级\", \"关联题目数量\" : 14, \"版本\" : \"人教版（三起）\", \"册\" : \"上册\", \"题干集合\" : \",,,,<p>him<\\/p>,,<p>high<\\/p>,,,,,,,\", \"单元名称\" : \"Unit 6 In a nature park\", \"设置的题目数量\" : 5, \"级别\" : \"基础巩固\", \"学科\" : \"英语\", \"对应端类型\" : \"app\"}"
"{\"年级\" : \"三年级\", \"关联题目数量\" : \"\", \"版本\" : \"湘鲁版\", \"册\" : \"上册\", \"题干集合\" : \"\", \"单元名称\" : \"Units 4-6 测试卷\", \"设置的题目数量\" : 5, \"级别\" : \"难点突破\", \"学科\" : \"英语\", \"对应端类型\" : \"app\"}"
"{\"年级\" : \"七年级\", \"关联题目数量\" : 1, \"版本\" : \"人教版\", \"册\" : \"上册\", \"题干集合\" : \"\", \"单元名称\" : \"Unit 7 How much are these socks?\", \"设置的题目数量\" : 1, \"级别\" : \"听长对话选答案\", \"学科\" : \"英语\", \"对应端类型\" : \"通用\"}"
"{\"年级\" : \"四年级\", \"关联题目数量\" : \"\", \"版本\" : \"湘鲁版\", \"册\" : \"上册\", \"题干集合\" : \"\", \"单元名称\" : \"Units 7-9 测试卷\", \"设置的题目数量\" : 5, \"级别\" : \"难点突破\", \"学科\" : \"英语\", \"对应端类型\" : \"app\"}"
"{\"年级\" : \"八年级\", \"关联题目数量\" : 5, \"版本\" : \"人教版\", \"册\" : \"上册\", \"题干集合\" : \"<p>How will John go to the party?<\\/p>,<p>Where is Lily?<\\/p>,<p>What will the man bring to the party?<\\/p>,<p>What will happen if the man keeps singing loudly?<\\/p>,<p>When will the party start?<\\/p>\", \"单元名称\" : \"Unit 10 If you go to the party, you’ll have a great time!\", \"设置的题目数量\" : 5, \"级别\" : \"听短对话选答案\", \"学科\" : \"英语\", \"对应端类型\" : \"通用\"}"
"{\"年级\" : \"四年级\", \"关联题目数量\" : \"\", \"版本\" : \"人教版（三起）（2024审定）\", \"册\" : \"下册\", \"题干集合\" : \"\", \"单元名称\" : \"U9\", \"设置的题目数量\" : 5, \"级别\" : \"难点突破\", \"学科\" : \"英语\", \"对应端类型\" : \"通用\"}"
"{\"年级\" : \"七年级\", \"关联题目数量\" : 5, \"版本\" : \"人教版\", \"册\" : \"上册\", \"题干集合\" : \"<p>Where is Nick's cap?<\\/p>,<p>Is Jack's dictionary on the chair?<\\/p>,<p>Where are the keys?<\\/p>,<p>Where is Jack's model plane?<\\/p>,<p>What is not in the bookcase?<\\/p>\", \"单元名称\" : \"Unit 4 Where's my schoolbag?\", \"设置的题目数量\" : 5, \"级别\" : \"听短对话选答案\", \"学科\" : \"英语\", \"对应端类型\" : \"通用\"}"
"{\"年级\" : \"四年级\", \"关联题目数量\" : \"\", \"版本\" : \"人教版（三起）\", \"册\" : \"上册\", \"题干集合\" : \"\", \"单元名称\" : \"期中测试卷\", \"设置的题目数量\" : 5, \"级别\" : \"基础巩固\", \"学科\" : \"英语\", \"对应端类型\" : \"app\"}"
"{\"年级\" : \"三年级\", \"关联题目数量\" : 15, \"版本\" : \"\", \"册\" : \"下册\", \"题干集合\" : \"<p>Mary和妈妈在整理衣柜。听一听，判断所听单词与所给衣物是否相符。<\\/p>,<p>Mary和妈妈在玩“听音找图”的游戏。听一听，选出与Mary所说单词相符的图片。<\\/p>,<p>Mary在读英语绕口令。听一听，选出Mary所读单词中包含的字母组合。<\\/p>,<p>Mary和妈妈在整理衣柜。听一听，判断所听单词与所给衣物是否相符。<\\/p>,<p>Mary和妈妈在整理衣柜。听一听，判断所听单词与所给衣物是否相符。<\\/p>,<p>在美术馆里，Mary阅读外国画作简介时遇到了几个生词。听一听，选出Mary所遇到的生词。<\\/p>,<p>Mary在读英语绕口令。听一听，选出Mary所读单词中包含的字母组合。<\\/p>,<p>Mary和妈妈在玩“听音找图”的游戏。听一听，选出与Mary所说单词相符的图片。<\\/p>,<p>在美术馆里，Mary阅读外国画作简介时遇到了几个生词。听一听，选出Mary所遇到的生词。<\\/p>,<p>Mary和妈妈在玩“听音找图”的游戏。听一听，选出与Mary所说单词相符的图片。<\\/p>,<p>Mary和妈妈在整理衣柜。听一听，判断所听单词与所给衣物是否相符。<\\/p>,<p>在美术馆里，Mary阅读外国画作简介时遇到了几个生词。听一听，选出Mary所遇到的生词。<\\/p>,<p>Mary在给单词匹配释义。听录音，选择与录音内容相符的释义。<\\/p>,<p>Mary和妈妈在玩“听音找图”的游戏。听一听，选出与Mary所说单词相符的图片。<\\/p>,<p>Mary在给单词匹配释义。听录音，选择与录音内容相符的释义。<\\/p>\", \"单元名称\" : \"Unit 8 I wear a coat in winter\", \"设置的题目数量\" : 5, \"级别\" : \"基础巩固\", \"学科\" : \"英语\", \"对应端类型\" : \"通用\"}"
"{\"年级\" : \"六年级\", \"关联题目数量\" : \"\", \"版本\" : \"湘少版\", \"册\" : \"下册\", \"题干集合\" : \"\", \"单元名称\" : \"U12\", \"设置的题目数量\" : 5, \"级别\" : \"基础巩固\", \"学科\" : \"英语\", \"对应端类型\" : \"app\"}"
"{\"年级\" : \"五年级\", \"关联题目数量\" : \"\", \"版本\" : \"湘鲁版\", \"册\" : \"上册\", \"题干集合\" : \"\", \"单元名称\" : \"Units 1-5 测试卷\", \"设置的题目数量\" : 5, \"级别\" : \"基础巩固\", \"学科\" : \"英语\", \"对应端类型\" : \"app\"}"
"{\"年级\" : \"七年级\", \"关联题目数量\" : 5, \"版本\" : \"人教版\", \"册\" : \"下册\", \"题干集合\" : \"<p>Is there a pay phone near here?<\\/p>,<p>Where is the post office?<\\/p>,<p>Where is the bookshop?<\\/p>,<p>Where does the man want to go?<\\/p>,<p>Is there a hotel in front of the restaurant?<\\/p>\", \"单元名称\" : \"Unit 8 Is there a post office near here?\", \"设置的题目数量\" : 5, \"级别\" : \"听短对话选答案\", \"学科\" : \"英语\", \"对应端类型\" : \"通用\"}"
"{\"年级\" : \"七年级\", \"关联题目数量\" : 1, \"版本\" : \"人教版\", \"册\" : \"下册\", \"题干集合\" : \"\", \"单元名称\" : \"Unit 3 How do you get to school?\", \"设置的题目数量\" : 1, \"级别\" : \"听独白选答案\", \"学科\" : \"英语\", \"对应端类型\" : \"通用\"}"
"{\"年级\" : \"三年级\", \"关联题目数量\" : 14, \"版本\" : \"湘少版\", \"册\" : \"下册\", \"题干集合\" : \",,,,,,<p>no<\\/p>,<p>看见<\\/p>,,,,,<p>see<\\/p>,<p class=\\\"ql-align-justify\\\">too<\\/p>\", \"单元名称\" : \"Unit 1 How are you?\", \"设置的题目数量\" : 5, \"级别\" : \"基础巩固\", \"学科\" : \"英语\", \"对应端类型\" : \"app\"}"
"{\"年级\" : \"四年级\", \"关联题目数量\" : \"\", \"版本\" : \"\", \"册\" : \"上册\", \"题干集合\" : \"\", \"单元名称\" : \"U10\", \"设置的题目数量\" : 5, \"级别\" : \"基础巩固\", \"学科\" : \"英语\", \"对应端类型\" : \"通用\"}"
"{\"年级\" : \"四年级\", \"关联题目数量\" : 13, \"版本\" : \"湘鲁版\", \"册\" : \"上册\", \"题干集合\" : \",,<p>cut<\\/p>,,<p>bear<\\/p>,<p>come<\\/p>,,<p>can<\\/p>,,,,<p>computer<\\/p>,<p>blackboard<\\/p>\", \"单元名称\" : \"Unit 1 What can you see?\", \"设置的题目数量\" : 5, \"级别\" : \"基础巩固\", \"学科\" : \"英语\", \"对应端类型\" : \"app\"}"
"{\"年级\" : \"五年级\", \"关联题目数量\" : 16, \"版本\" : \"人教版（三起）\", \"册\" : \"上册\", \"题干集合\" : \"<p>|space<||>space| |space<||>space| |space<||>space| |space<||>space| |space<||>space| |space<||>space| |space<||>space|<\\/p>,,,<p>|space<||>space| |space<||>space| |space<||>space| |space<||>space| |space<||>space| |space<||>space|<\\/p>,,<p>|space<||>space| |space<||>space| |space<||>space| |space<||>space| |space<||>space|<\\/p>,,,,,<p>|space<||>space| |space<||>space| |space<||>space| |space<||>space| |space<||>space| |space<||>space|<\\/p>,<p>|space<||>space| |space<||>space| |space<||>space| |space<||>space| |space<||>space|<\\/p>,<p>|space<||>space| |space<||>space| |space<||>space| |space<||>space|<\\/p>,,,\", \"单元名称\" : \"Unit 6 In a nature park\", \"设置的题目数量\" : 5, \"级别\" : \"难点突破\", \"学科\" : \"英语\", \"对应端类型\" : \"app\"}"
"{\"年级\" : \"三年级\", \"关联题目数量\" : \"\", \"版本\" : \"人教版（三起）（2024审定）\", \"册\" : \"上册\", \"题干集合\" : \"\", \"单元名称\" : \"期末复习\", \"设置的题目数量\" : 5, \"级别\" : \"基础巩固\", \"学科\" : \"英语\", \"对应端类型\" : \"通用\"}"
"{\"年级\" : \"四年级\", \"关联题目数量\" : \"\", \"版本\" : \"湘少版（2024审定）\", \"册\" : \"上册\", \"题干集合\" : \"\", \"单元名称\" : \"U12\", \"设置的题目数量\" : 5, \"级别\" : \"难点突破\", \"学科\" : \"英语\", \"对应端类型\" : \"通用\"}"
"{\"年级\" : \"五年级\", \"关联题目数量\" : \"\", \"版本\" : \"人教版（三起）\", \"册\" : \"上册\", \"题干集合\" : \"\", \"单元名称\" : \"U8\", \"设置的题目数量\" : 5, \"级别\" : \"综合进阶\", \"学科\" : \"英语\", \"对应端类型\" : \"app\"}"
"{\"年级\" : \"八年级\", \"关联题目数量\" : 1, \"版本\" : \"人教版\", \"册\" : \"上册\", \"题干集合\" : \"<p>1. Lisa got up early and cooked |space<||>space| for her mother yesterday.<\\/p><p>2. First, Lisa washed some |space<||>space| and cut them into small pieces.<\\/p><p>3. Then she fried an egg in the pot. And then, she |space<||>space| some water in the pot for several minutes.<\\/p><p>4. Next, Lisa put |space<||>space| into the pot.<\\/p><p>5. Lisa was happy and |space<||>space| of herself.<\\/p>\", \"单元名称\" : \"Unit 8 How do you make a banana milk shake?\", \"设置的题目数量\" : 1, \"级别\" : \"听短文完成题目\", \"学科\" : \"英语\", \"对应端类型\" : \"通用\"}"
"{\"年级\" : \"六年级\", \"关联题目数量\" : \"\", \"版本\" : \"人教版（三起）\", \"册\" : \"上册\", \"题干集合\" : \"\", \"单元名称\" : \"期末复习\", \"设置的题目数量\" : 5, \"级别\" : \"难点突破\", \"学科\" : \"英语\", \"对应端类型\" : \"app\"}"
"{\"年级\" : \"三年级\", \"关联题目数量\" : 8, \"版本\" : \"人教版（三起）\", \"册\" : \"上册\", \"题干集合\" : \",,,,,,,\", \"单元名称\" : \"Unit 6 Happy birthday!\", \"设置的题目数量\" : 5, \"级别\" : \"难点突破\", \"学科\" : \"英语\", \"对应端类型\" : \"app\"}"
"{\"年级\" : \"四年级\", \"关联题目数量\" : 10, \"版本\" : \"教科版\", \"册\" : \"上册\", \"题干集合\" : \"<p>Ben正和同桌讨论自己的卧室。听一听同桌的提问，帮Ben选择合适的答语。<\\/p>,<p>Ben正和同桌讨论自己的卧室。听一听同桌的提问，帮Ben选择合适的答语。<\\/p>,<p>Ben正和同桌讨论自己的卧室。听一听同桌的提问，帮Ben选择合适的答语。<\\/p>,<p>Tom 正在介绍自己的卧室。听一听，按照Tom的描述给下面的句子排序。<\\/p>,<p>1. |space<||>space|<\\/p><p>2. |space<||>space|<\\/p><p>3. |space<||>space|<\\/p><p>4. |space<||>space|<\\/p><p>5. |space<||>space|<\\/p>,<p>Ben正和同桌讨论自己的卧室。听一听同桌的提问，帮Ben选择合适的答语。<\\/p>,<p>Ann正在介绍自己的卧室。听一听，按照Ann的描述给下面的句子排序。<\\/p>,<p>Ben正和同桌讨论自己的卧室。听一听同桌的提问，帮Ben选择合适的答语。<\\/p>,<p>Ben正和同桌讨论自己的卧室。听一听同桌的提问，帮Ben选择合适的答语。<\\/p>,<p>Amy和Ann谈起自己的卧室。听一听，按照听到的顺序给下面的图片排序。<\\/p>\", \"单元名称\" : \"Unit 1 What's in your room?\", \"设置的题目数量\" : 5, \"级别\" : \"难点突破\", \"学科\" : \"英语\", \"对应端类型\" : \"通用\"}"
"{\"年级\" : \"六年级\", \"关联题目数量\" : \"\", \"版本\" : \"湘鲁版\", \"册\" : \"上册\", \"题干集合\" : \"\", \"单元名称\" : \"Units 6-10 测试卷\", \"设置的题目数量\" : 5, \"级别\" : \"基础巩固\", \"学科\" : \"英语\", \"对应端类型\" : \"app\"}"
"{\"年级\" : \"七年级\", \"关联题目数量\" : \"\", \"版本\" : \"\", \"册\" : \"上册\", \"题干集合\" : \"\", \"单元名称\" : \"Starter Unit 1 Hello!\", \"设置的题目数量\" : 5, \"级别\" : \"综合进阶\", \"学科\" : \"英语\", \"对应端类型\" : \"通用\"}"
"{\"年级\" : \"六年级\", \"关联题目数量\" : 15, \"版本\" : \"湘鲁版\", \"册\" : \"上册\", \"题干集合\" : \",,,,,,,,,,,,,,\", \"单元名称\" : \"Unit 7 I'm good at sports.\", \"设置的题目数量\" : 5, \"级别\" : \"综合进阶\", \"学科\" : \"英语\", \"对应端类型\" : \"app\"}"
"{\"年级\" : \"六年级\", \"关联题目数量\" : 10, \"版本\" : \"湘少版\", \"册\" : \"上册\", \"题干集合\" : \",,,,NULL,<p>l|space<||>space| |space<||>space| |space<||>space|n<\\/p>,<p>holid|space<||>space| |space<||>space|<\\/p>,<p>假日<\\/p>,<p>警报<\\/p>,<p>sp|space<||>space| |space<||>space|k<\\/p>\", \"单元名称\" : \"Unit 1 What did you do during the holidays?\", \"设置的题目数量\" : 5, \"级别\" : \"难点突破\", \"学科\" : \"英语\", \"对应端类型\" : \"app\"}"
"{\"年级\" : \"五年级\", \"关联题目数量\" : \"\", \"版本\" : \"湘鲁版\", \"册\" : \"下册\", \"题干集合\" : \"\", \"单元名称\" : \"U12\", \"设置的题目数量\" : 5, \"级别\" : \"基础巩固\", \"学科\" : \"英语\", \"对应端类型\" : \"app\"}"
"{\"年级\" : \"四年级\", \"关联题目数量\" : \"\", \"版本\" : \"教科版\", \"册\" : \"上册\", \"题干集合\" : \"\", \"单元名称\" : \"Unit 3 Welcome to my house\", \"设置的题目数量\" : 5, \"级别\" : \"基础巩固\", \"学科\" : \"英语\", \"对应端类型\" : \"通用\"}"
"{\"年级\" : \"八年级\", \"关联题目数量\" : 5, \"版本\" : \"人教版\", \"册\" : \"下册\", \"题干集合\" : \"<p>What are they talking about?<\\/p>,<p>How many kinds of animals are they talking about?<\\/p>,<p>Where did David go last year?<\\/p>,<p>When did Chinese people first succeed in reaching the top of Qomolangma?<\\/p>,<p>How much does the elephant weigh?<\\/p>\", \"单元名称\" : \"Unit 7 What's the highest mountain in the world?\", \"设置的题目数量\" : 5, \"级别\" : \"听短对话选答案\", \"学科\" : \"英语\", \"对应端类型\" : \"通用\"}"
"{\"年级\" : \"四年级\", \"关联题目数量\" : 12, \"版本\" : \"湘鲁版\", \"册\" : \"上册\", \"题干集合\" : \",,,,,,,,,,,\", \"单元名称\" : \"Unit 5 What would you like?\", \"设置的题目数量\" : 5, \"级别\" : \"综合进阶\", \"学科\" : \"英语\", \"对应端类型\" : \"app\"}"
"{\"年级\" : \"六年级\", \"关联题目数量\" : \"\", \"版本\" : \"人教版（三起）\", \"册\" : \"下册\", \"题干集合\" : \"\", \"单元名称\" : \"期末复习\", \"设置的题目数量\" : 5, \"级别\" : \"难点突破\", \"学科\" : \"英语\", \"对应端类型\" : \"通用\"}"
"{\"年级\" : \"四年级\", \"关联题目数量\" : 10, \"版本\" : \"湘少版\", \"册\" : \"上册\", \"题干集合\" : \",,,,,,,,,\", \"单元名称\" : \"Unit 11 Where's the cat？\", \"设置的题目数量\" : 5, \"级别\" : \"难点突破\", \"学科\" : \"英语\", \"对应端类型\" : \"app\"}"
"{\"年级\" : \"四年级\", \"关联题目数量\" : 11, \"版本\" : \"湘少版\", \"册\" : \"下册\", \"题干集合\" : \",<p>跳<\\/p>,,,<p>可爱的<\\/p>,<p>|space<||>space| |space<||>space| |space<||>space| |space<||>space| |space<||>space| |space<||>space|<\\/p>,,<p>|space<||>space| |space<||>space| |space<||>space| |space<||>space| |space<||>space|<\\/p>,,,\", \"单元名称\" : \"Unit 2 Spring is warm\", \"设置的题目数量\" : 5, \"级别\" : \"难点突破\", \"学科\" : \"英语\", \"对应端类型\" : \"app\"}"
"{\"年级\" : \"五年级\", \"关联题目数量\" : 13, \"版本\" : \"湘少版\", \"册\" : \"下册\", \"题干集合\" : \",,,,,,,,,,,,\", \"单元名称\" : \"Unit 7 There's a post office near my school\", \"设置的题目数量\" : 5, \"级别\" : \"基础巩固\", \"学科\" : \"英语\", \"对应端类型\" : \"app\"}"
"{\"年级\" : \"四年级\", \"关联题目数量\" : \"\", \"版本\" : \"湘少版（2024审定）\", \"册\" : \"下册\", \"题干集合\" : \"\", \"单元名称\" : \"Units 7-10 测试卷\", \"设置的题目数量\" : 5, \"级别\" : \"基础巩固\", \"学科\" : \"英语\", \"对应端类型\" : \"通用\"}"
"{\"年级\" : \"三年级\", \"关联题目数量\" : 10, \"版本\" : \"湘鲁版\", \"册\" : \"下册\", \"题干集合\" : \"<p>cut<\\/p>,,<p>candy<\\/p>,,,<p>milk<\\/p>,,,<p>ice-cream<\\/p>,<p>box<\\/p>\", \"单元名称\" : \"Unit 5  Pass me the milk, please!\", \"设置的题目数量\" : 5, \"级别\" : \"基础巩固\", \"学科\" : \"英语\", \"对应端类型\" : \"app\"}"
"{\"年级\" : \"七年级\", \"关联题目数量\" : 5, \"版本\" : \"人教版\", \"册\" : \"下册\", \"题干集合\" : \"<p>How many hours does the animal sleep a day?<\\/p>,<p>Where does the lion come from?<\\/p>,<p>How many new tigers are there in Changsha Zoo?<\\/p>,<p>Why does Linda like giraffes?<\\/p>,<p>What kind of animal do they want to see first?<\\/p>\", \"单元名称\" : \"Unit 5 Why do you like pandas?\", \"设置的题目数量\" : 5, \"级别\" : \"听短对话选答案\", \"学科\" : \"英语\", \"对应端类型\" : \"通用\"}"
"{\"年级\" : \"五年级\", \"关联题目数量\" : 16, \"版本\" : \"湘少版\", \"册\" : \"下册\", \"题干集合\" : \",,,,,,,,,,,,,,,\", \"单元名称\" : \"Unit 11 Who was first？\", \"设置的题目数量\" : 5, \"级别\" : \"基础巩固\", \"学科\" : \"英语\", \"对应端类型\" : \"app\"}"
"{\"年级\" : \"八年级\", \"关联题目数量\" : \"\", \"版本\" : \"人教版\", \"册\" : \"下册\", \"题干集合\" : \"\", \"单元名称\" : \"期中复习\", \"设置的题目数量\" : 5, \"级别\" : \"基础巩固\", \"学科\" : \"英语\", \"对应端类型\" : \"通用\"}"
"{\"年级\" : \"三年级\", \"关联题目数量\" : 10, \"版本\" : \"湘少版（2024审定）\", \"册\" : \"下册\", \"题干集合\" : \"<p>Lucy在和Tom在玩说单词选卡片的游戏。听一听，根据听到的顺序给单词卡片排序。<\\/p>,<p>Amy和妹妹正在给人物卡片归类。听一听，选出与Amy所说单词相符的图片。<\\/p>,<p> Peter在教弟弟打招呼时会用到的词汇。听一听，判断下列词汇与录音内容是否相符。<\\/p><p>see<\\/p>,<p>Peter在教弟弟打招呼时会用到的词汇。听一听，判断下列词汇与录音内容是否相符。<\\/p><p>two<\\/p>,<p>Amy和妹妹正在给人物卡片归类。听一听，选出与Amy所说单词相符的图片。<\\/p>,<p>Amy和妹妹正在给人物卡片归类。听一听，选出与Amy所说单词相符的图片。<\\/p>,<p>Amy和妹妹正在给人物卡片归类。听一听，选出与Amy所说单词相符的图片。<\\/p>,<p>Peter在教弟弟打招呼时会用到的词汇。听一听，判断下列词汇与录音内容是否相符。<\\/p><p>glad<\\/p>,<p>Peter在教弟弟打招呼时会用到的词汇。听一听，判断下列词汇与录音内容是否相符。<\\/p><p>fine<\\/p>,<p>Amy和妹妹正在给人物卡片归类。听一听，选出与Amy所说单词相符的图片。<\\/p>\", \"单元名称\" : \"Unit 1 How are you?\", \"设置的题目数量\" : 5, \"级别\" : \"基础巩固\", \"学科\" : \"英语\", \"对应端类型\" : \"通用\"}"
"{\"年级\" : \"四年级\", \"关联题目数量\" : 15, \"版本\" : \"湘少版（2024审定）\", \"册\" : \"下册\", \"题干集合\" : \",,,,,,,<p>英语课上，老师在播放一段英语绕口令。听一听，绕口令中包含下面哪个单词？<\\/p>,,,,,,,<p>英语课上，老师在播放一段英语绕口令。听一听，绕口令中包含下面哪个单词？<\\/p>\", \"单元名称\" : \"Unit 6 What’s your favourite season?\", \"设置的题目数量\" : 5, \"级别\" : \"基础巩固\", \"学科\" : \"英语\", \"对应端类型\" : \"通用\"}"
"{\"年级\" : \"四年级\", \"关联题目数量\" : 10, \"版本\" : \"\", \"册\" : \"下册\", \"题干集合\" : \"<p>Lily在给妹妹讲绘本故事。听一听，故事里的动物们都在干什么呢？<\\/p>,,,<p>Henry第一次去动物园，对一切都很好奇。听一听，帮爸爸回答他的问题吧！<\\/p>,<p>Henry第一次去动物园，对一切都很好奇。听一听，帮爸爸回答他的问题吧！<\\/p>,<p>﻿The bears are catching fish.<\\/p>,,<p>The monkeys are eating bananas.<\\/p>,,\", \"单元名称\" : \"Unit 8 They are eating grass\", \"设置的题目数量\" : 10, \"级别\" : \"难点突破\", \"学科\" : \"英语\", \"对应端类型\" : \"通用\"}"
"{\"年级\" : \"六年级\", \"关联题目数量\" : 27, \"版本\" : \"人教版（三起）\", \"册\" : \"上册\", \"题干集合\" : \",,,,,,<p>must<\\/p>,,,,,,,,<p>attention<\\/p>,<p>feel<\\/p>,<p>﻿dance<\\/p>,,,,,<p>Alaska<\\/p>,,,,,\", \"单元名称\" : \"Unit 2 Ways to go to school\", \"设置的题目数量\" : 5, \"级别\" : \"基础巩固\", \"学科\" : \"英语\", \"对应端类型\" : \"app\"}"
"{\"年级\" : \"三年级\", \"关联题目数量\" : 10, \"版本\" : \"人教版（三起）（2024审定）\", \"册\" : \"下册\", \"题干集合\" : \"<p>妈妈在和Peter一起收拾房间，Peter发现他有些物品找不到了。听一听，判断物品的位置与他们的对话是否相符。<\\/p>,<p>Peter在调查班上同学有哪些旧物品。听一听，选出Jim的旧物品。<\\/p>,<p>妈妈在和Peter一起收拾房间，Peter发现他有些物品找不到了。听一听，判断物品的位置与他们的对话是否相符。<\\/p>,<p>课堂上，老师在请同学们回答问题。听一听老师的提问，选择恰当的答语<\\/p>,<p>妈妈在和Peter一起收拾房间，Peter发现他有些物品找不到了。听一听，判断物品的位置与他们的对话是否相符。<\\/p>,<p>Peter在调查班上同学有哪些旧物品。听一听，选出Anne的旧物品。<\\/p>,<p>课堂上，老师在请同学们回答问题。听一听老师的提问，选择恰当的答语。<\\/p>,<p>课堂上，老师在请同学们回答问题。听一听老师的提问，选择恰当的答语。<\\/p>,<p>Peter在收拾自己的旧物品。听一听Peter的陈述，给图片排序。<\\/p>,<p>Peter妹妹在描述房间内物品的位置。听一听，按照她的描述给下面的句子排序。<\\/p>\", \"单元名称\" : \"Unit 5 Old toys\", \"设置的题目数量\" : 5, \"级别\" : \"难点突破\", \"学科\" : \"英语\", \"对应端类型\" : \"通用\"}"
"{\"年级\" : \"七年级\", \"关联题目数量\" : 5, \"版本\" : \"人教版\", \"册\" : \"上册\", \"题干集合\" : \"<p>What's that?<\\/p>,<p>How is Tom?<\\/p>,<p>What is it?<\\/p>,<p>What color is the key?<\\/p>,<p>What's this in English?<\\/p>\", \"单元名称\" : \"Starter Units\", \"设置的题目数量\" : 5, \"级别\" : \"听短对话选答案\", \"学科\" : \"英语\", \"对应端类型\" : \"通用\"}"
"{\"年级\" : \"四年级\", \"关联题目数量\" : \"\", \"版本\" : \"教科版\", \"册\" : \"上册\", \"题干集合\" : \"\", \"单元名称\" : \"Unit 12 What's your father's job?\", \"设置的题目数量\" : 5, \"级别\" : \"综合进阶\", \"学科\" : \"英语\", \"对应端类型\" : \"通用\"}"
"{\"年级\" : \"三年级\", \"关联题目数量\" : \"\", \"版本\" : \"教科版（2024审定）\", \"册\" : \"下册\", \"题干集合\" : \"\", \"单元名称\" : \"U10\", \"设置的题目数量\" : 5, \"级别\" : \"难点突破\", \"学科\" : \"英语\", \"对应端类型\" : \"通用\"}"
"{\"年级\" : \"六年级\", \"关联题目数量\" : \"\", \"版本\" : \"人教版（三起）\", \"册\" : \"上册\", \"题干集合\" : \"\", \"单元名称\" : \"U11\", \"设置的题目数量\" : 5, \"级别\" : \"基础巩固\", \"学科\" : \"英语\", \"对应端类型\" : \"app\"}"
"{\"年级\" : \"四年级\", \"关联题目数量\" : 17, \"版本\" : \"湘少版\", \"册\" : \"下册\", \"题干集合\" : \",<p>more<\\/p>,,,,,,,,,,,,,,,<p>near<\\/p>\", \"单元名称\" : \"Unit 3 What can you see?\", \"设置的题目数量\" : 5, \"级别\" : \"基础巩固\", \"学科\" : \"英语\", \"对应端类型\" : \"app\"}"
"{\"年级\" : \"八年级\", \"关联题目数量\" : \"\", \"版本\" : \"人教版\", \"册\" : \"上册\", \"题干集合\" : \"\", \"单元名称\" : \"U11\", \"设置的题目数量\" : 5, \"级别\" : \"综合进阶\", \"学科\" : \"英语\", \"对应端类型\" : \"通用\"}"
"{\"年级\" : \"五年级\", \"关联题目数量\" : 16, \"版本\" : \"人教版（三起）\", \"册\" : \"上册\", \"题干集合\" : \",,,,,,,,,,,,,,,\", \"单元名称\" : \"Unit 1 What's he like?\", \"设置的题目数量\" : 5, \"级别\" : \"综合进阶\", \"学科\" : \"英语\", \"对应端类型\" : \"app\"}"
"{\"年级\" : \"三年级\", \"关联题目数量\" : \"\", \"版本\" : \"教科版（2024审定）\", \"册\" : \"上册\", \"题干集合\" : \"\", \"单元名称\" : \"期中复习\", \"设置的题目数量\" : 5, \"级别\" : \"难点突破\", \"学科\" : \"英语\", \"对应端类型\" : \"通用\"}"
"{\"年级\" : \"三年级\", \"关联题目数量\" : 10, \"版本\" : \"\", \"册\" : \"上册\", \"题干集合\" : \"<p>The boy wants a cat.<\\/p>,,,,,<p>The girl thinks (认为) cats are cute.<\\/p>,<p>Mary likes rabbits.<\\/p>,,,\", \"单元名称\" : \"Unit 7 Do you like birds?\", \"设置的题目数量\" : 5, \"级别\" : \"难点突破\", \"学科\" : \"英语\", \"对应端类型\" : \"通用\"}"
"{\"年级\" : \"六年级\", \"关联题目数量\" : \"\", \"版本\" : \"教科版\", \"册\" : \"上册\", \"题干集合\" : \"\", \"单元名称\" : \"Unit 2 A country life is a healthy life\", \"设置的题目数量\" : 5, \"级别\" : \"综合进阶\", \"学科\" : \"英语\", \"对应端类型\" : \"通用\"}"
"{\"年级\" : \"八年级\", \"关联题目数量\" : 1, \"版本\" : \"\", \"册\" : \"上册\", \"题干集合\" : \"\", \"单元名称\" : \"Unit 7 When Tomorrow Comes\", \"设置的题目数量\" : 1, \"级别\" : \"听独白选答案\", \"学科\" : \"英语\", \"对应端类型\" : \"通用\"}"
"{\"年级\" : \"三年级\", \"关联题目数量\" : \"\", \"版本\" : \"人教版（三起）\", \"册\" : \"上册\", \"题干集合\" : \"\", \"单元名称\" : \"Units 4-6 测试卷\", \"设置的题目数量\" : 5, \"级别\" : \"基础巩固\", \"学科\" : \"英语\", \"对应端类型\" : \"app\"}"
"{\"年级\" : \"四年级\", \"关联题目数量\" : 10, \"版本\" : \"湘鲁版\", \"册\" : \"下册\", \"题干集合\" : \",,<p>coat<\\/p>,,,<p>island<\\/p>,,,,<p>river <\\/p>\", \"单元名称\" : \"Unit 3  They are playing.\", \"设置的题目数量\" : 5, \"级别\" : \"基础巩固\", \"学科\" : \"英语\", \"对应端类型\" : \"app\"}"
"{\"年级\" : \"三年级\", \"关联题目数量\" : 10, \"版本\" : \"湘少版（2024审定）\", \"册\" : \"上册\", \"题干集合\" : \"<p>I love my |space<||>space|.<\\/p>,,,<p>You are |space<||>space|.<\\/p>,<p>Is this a |space<||>space|?<\\/p>,,,,<p>Touch your |space<||>space|.<\\/p>,<p>Raise your |space<||>space|.<\\/p>\", \"单元名称\" : \"Unit 6 Touch your head\", \"设置的题目数量\" : 5, \"级别\" : \"难点突破\", \"学科\" : \"英语\", \"对应端类型\" : \"通用\"}"
"{\"年级\" : \"五年级\", \"关联题目数量\" : 5, \"版本\" : \"湘少版\", \"册\" : \"下册\", \"题干集合\" : \",,,,\", \"单元名称\" : \"期中复习\", \"设置的题目数量\" : 5, \"级别\" : \"基础巩固\", \"学科\" : \"英语\", \"对应端类型\" : \"app\"}"
"{\"年级\" : \"三年级\", \"关联题目数量\" : \"\", \"版本\" : \"湘少版（2024审定）\", \"册\" : \"下册\", \"题干集合\" : \"\", \"单元名称\" : \"期末复习\", \"设置的题目数量\" : 5, \"级别\" : \"难点突破\", \"学科\" : \"英语\", \"对应端类型\" : \"通用\"}"
"{\"年级\" : \"三年级\", \"关联题目数量\" : \"\", \"版本\" : \"教科版（2024审定）\", \"册\" : \"上册\", \"题干集合\" : \"\", \"单元名称\" : \"U11\", \"设置的题目数量\" : 5, \"级别\" : \"综合进阶\", \"学科\" : \"英语\", \"对应端类型\" : \"通用\"}"
"{\"年级\" : \"三年级\", \"关联题目数量\" : 10, \"版本\" : \"人教版（三起）\", \"册\" : \"上册\", \"题干集合\" : \",,,,,,,,,\", \"单元名称\" : \"Unit 2 Colours\", \"设置的题目数量\" : 5, \"级别\" : \"难点突破\", \"学科\" : \"英语\", \"对应端类型\" : \"app\"}"
"{\"年级\" : \"三年级\", \"关联题目数量\" : 15, \"版本\" : \"\", \"册\" : \"下册\", \"题干集合\" : \"<p>课间，Anne和Linda在谈论同学们的运动爱好和计划。听一听，判断所给句子与她们的谈话内容是否相符。<\\/p><p>I play ping-pong with my sister on Friday.<\\/p>,<p>课间，Anne和Linda在谈论同学们的运动爱好和计划。听一听，判断所给句子与她们的谈话内容是否相符。<\\/p><p>She likes swimming.<\\/p>,<p>课间，Anne和Linda在谈论同学们的运动爱好和计划。听一听，判断所给句子与她们的谈话内容是否相符。<\\/p><p>What sports does Amy like?<\\/p>,<p>Anne在给今天学习的句子匹配释义。听一听，选择与句子相符的翻译。<\\/p>,<p>同学们在谈论自己的体育爱好。听一听，判断所给图片与Tom的爱好是否相符。<\\/p>,<p>Anne在给今天学习的句子匹配释义。听一听，选择与句子相符的翻译。<\\/p>,<p>Andy和Anne在操场上聊天。听一听，选出他们所说的句子。<\\/p>,<p>Andy和Anne在操场上聊天。听一听，选出他们所说的句子。<\\/p>,<p>同学们在谈论自己的体育爱好。听一听，选出与Anne的爱好相符的图片。<\\/p>,<p>同学们在谈论自己的体育爱好。听一听，选出与Lily的爱好相符的图片。<\\/p>,<p>同学们在谈论自己的体育爱好。听一听，判断所给图片与Andy的爱好是否相符。<\\/p>,<p>同学们在谈论自己的体育爱好。听一听，选出与Anna的爱好相符的图片。<\\/p>,<p>Andy和Anne在操场上聊天。听一听，选出他们所说的句子。<\\/p>,<p>同学们在谈论自己的体育爱好。听一听，判断所给图片与Mike的爱好是否相符。<\\/p>,<p>Andy和Anne在操场上聊天。听一听，选出他们所说的句子。<\\/p>\", \"单元名称\" : \"Unit 6 What sports do you like?\", \"设置的题目数量\" : 5, \"级别\" : \"综合进阶\", \"学科\" : \"英语\", \"对应端类型\" : \"通用\"}"
"{\"年级\" : \"三年级\", \"关联题目数量\" : 10, \"版本\" : \"湘少版\", \"册\" : \"下册\", \"题干集合\" : \",,,,,,,,,\", \"单元名称\" : \"Unit 3 What colour is this balloon?\", \"设置的题目数量\" : 5, \"级别\" : \"难点突破\", \"学科\" : \"英语\", \"对应端类型\" : \"app\"}"
"{\"年级\" : \"四年级\", \"关联题目数量\" : \"\", \"版本\" : \"人教版（三起）（2024审定）\", \"册\" : \"下册\", \"题干集合\" : \"\", \"单元名称\" : \"U7\", \"设置的题目数量\" : 5, \"级别\" : \"基础巩固\", \"学科\" : \"英语\", \"对应端类型\" : \"通用\"}"
"{\"年级\" : \"四年级\", \"关联题目数量\" : \"\", \"版本\" : \"湘少版（2024审定）\", \"册\" : \"下册\", \"题干集合\" : \"\", \"单元名称\" : \"期中复习\", \"设置的题目数量\" : 5, \"级别\" : \"综合进阶\", \"学科\" : \"英语\", \"对应端类型\" : \"通用\"}"
"{\"年级\" : \"四年级\", \"关联题目数量\" : 10, \"版本\" : \"教科版（2024审定）\", \"册\" : \"上册\", \"题干集合\" : \"<p>Anna在根据同学们的喜好挑选节日图片。听一听，她把图片选对了吗？<\\/p>,<p>Amy在询问丽丽一些关于中国传统节日的问题。听一听，帮丽丽回答她吧！<\\/p>,<p>Amy在询问丽丽一些关于中国传统节日的问题。听一听，帮丽丽回答她吧！<\\/p>,<p>同学们在分享自己喜欢的节日及习俗。听一听，他们是按什么顺序分享的？<\\/p>,<p>同学们在描述自己最喜欢的节日及习俗。听一听，Jack描述的是哪个节日？<\\/p>,<p>课堂上，同学们在介绍自己最喜欢的节日。听一听，他们介绍的顺序是怎样的呢？<\\/p>,<p>Anna在根据同学们的喜好挑选节日图片。听一听，她把图片选对了吗？<\\/p>,<p>Anna在根据同学们的喜好挑选节日图片。听一听，她把图片选对了吗？<\\/p>,<p>同学们在描述自己最喜欢的节日及习俗。听一听，Jack描述的是哪个节日？<\\/p>,<p>同学们在描述自己最喜欢的节日及习俗。听一听，Jack描述的是哪个节日？<\\/p>\", \"单元名称\" : \"Unit 8 Joy in the Air\", \"设置的题目数量\" : 5, \"级别\" : \"难点突破\", \"学科\" : \"英语\", \"对应端类型\" : \"通用\"}"
"{\"年级\" : \"三年级\", \"关联题目数量\" : 7, \"版本\" : \"湘鲁版\", \"册\" : \"上册\", \"题干集合\" : \",<p>Thanks.<\\/p>,,,,,\", \"单元名称\" : \"Unit 3 It has two big eyes.\", \"设置的题目数量\" : 5, \"级别\" : \"难点突破\", \"学科\" : \"英语\", \"对应端类型\" : \"app\"}"
"{\"年级\" : \"六年级\", \"关联题目数量\" : 10, \"版本\" : \"湘少版\", \"册\" : \"上册\", \"题干集合\" : \",<p>brother<\\/p>,<p>slow<\\/p>,NULL,<p>Mr<\\/p>,<p>himself<\\/p>,,,,<p>weak<\\/p>\", \"单元名称\" : \"Unit 7 What can I do?\", \"设置的题目数量\" : 5, \"级别\" : \"基础巩固\", \"学科\" : \"英语\", \"对应端类型\" : \"app\"}"
"{\"年级\" : \"五年级\", \"关联题目数量\" : 11, \"版本\" : \"湘少版\", \"册\" : \"上册\", \"题干集合\" : \",,,,,,,,,,\", \"单元名称\" : \"Unit 4 Can I use your pencil, please?\", \"设置的题目数量\" : 5, \"级别\" : \"综合进阶\", \"学科\" : \"英语\", \"对应端类型\" : \"app\"}"
"{\"年级\" : \"三年级\", \"关联题目数量\" : 16, \"版本\" : \"湘少版\", \"册\" : \"下册\", \"题干集合\" : \",,,,,,,,,,,,,,,\", \"单元名称\" : \"Unit 4 Look at the T-shirts\", \"设置的题目数量\" : 5, \"级别\" : \"综合进阶\", \"学科\" : \"英语\", \"对应端类型\" : \"app\"}"
"{\"年级\" : \"四年级\", \"关联题目数量\" : \"\", \"版本\" : \"教科版（2024审定）\", \"册\" : \"下册\", \"题干集合\" : \"\", \"单元名称\" : \"期末复习\", \"设置的题目数量\" : 5, \"级别\" : \"基础巩固\", \"学科\" : \"英语\", \"对应端类型\" : \"通用\"}"
"{\"年级\" : \"四年级\", \"关联题目数量\" : 7, \"版本\" : \"湘少版\", \"册\" : \"上册\", \"题干集合\" : \",,<p>You are policemen.<\\/p>,,,,<p>This is left.<\\/p>\", \"单元名称\" : \"Unit 6 Turn right!\", \"设置的题目数量\" : 5, \"级别\" : \"难点突破\", \"学科\" : \"英语\", \"对应端类型\" : \"app\"}"
"{\"年级\" : \"六年级\", \"关联题目数量\" : \"\", \"版本\" : \"人教版（三起）\", \"册\" : \"下册\", \"题干集合\" : \"\", \"单元名称\" : \"期末复习\", \"设置的题目数量\" : 5, \"级别\" : \"基础巩固\", \"学科\" : \"英语\", \"对应端类型\" : \"通用\"}"
"{\"年级\" : \"七年级\", \"关联题目数量\" : 1, \"版本\" : \"人教版\", \"册\" : \"上册\", \"题干集合\" : \"\", \"单元名称\" : \"Starter Units\", \"设置的题目数量\" : 1, \"级别\" : \"听短文完成题目\", \"学科\" : \"英语\", \"对应端类型\" : \"通用\"}"
"{\"年级\" : \"七年级\", \"关联题目数量\" : 1, \"版本\" : \"\", \"册\" : \"上册\", \"题干集合\" : \"\", \"单元名称\" : \"Unit 1 You and Me\", \"设置的题目数量\" : 1, \"级别\" : \"听独白选答案\", \"学科\" : \"英语\", \"对应端类型\" : \"通用\"}"
"{\"年级\" : \"四年级\", \"关联题目数量\" : 15, \"版本\" : \"教科版（2024审定）\", \"册\" : \"下册\", \"题干集合\" : \",,,,<p>How's the weather like today?<\\/p>,,,,,,<p>Winter is from June to August in Melbourne.<\\/p>,,,,\", \"单元名称\" : \"Unit 5 How's the Weather?\", \"设置的题目数量\" : 5, \"级别\" : \"综合进阶\", \"学科\" : \"英语\", \"对应端类型\" : \"通用\"}"
"{\"年级\" : \"四年级\", \"关联题目数量\" : \"\", \"版本\" : \"人教版（三起）（2024审定）\", \"册\" : \"下册\", \"题干集合\" : \"\", \"单元名称\" : \"U11\", \"设置的题目数量\" : 5, \"级别\" : \"难点突破\", \"学科\" : \"英语\", \"对应端类型\" : \"通用\"}"
"{\"年级\" : \"三年级\", \"关联题目数量\" : 10, \"版本\" : \"湘少版（2024审定）\", \"册\" : \"上册\", \"题干集合\" : \",,,,<p>Good |space<||>space|, Peter.<\\/p>,,<p>What's your |space<||>space|?<\\/p>,,<p>|space<||>space|, Beibei.<\\/p>,\", \"单元名称\" : \"Unit 2 What's your name?\", \"设置的题目数量\" : 5, \"级别\" : \"难点突破\", \"学科\" : \"英语\", \"对应端类型\" : \"通用\"}"
"{\"年级\" : \"四年级\", \"关联题目数量\" : 9, \"版本\" : \"湘少版\", \"册\" : \"上册\", \"题干集合\" : \",<p>Do you sing and dance?<\\/p>,,,<p>The bird can fly high.<\\/p>,<p>I can jump fast.<\\/p>,,<p>She can run fast.<\\/p>,\", \"单元名称\" : \"Unit 12 Peter can jump high\", \"设置的题目数量\" : 5, \"级别\" : \"难点突破\", \"学科\" : \"英语\", \"对应端类型\" : \"app\"}"
"{\"年级\" : \"七年级\", \"关联题目数量\" : 1, \"版本\" : \"人教版\", \"册\" : \"上册\", \"题干集合\" : \"\", \"单元名称\" : \"Unit 4 Where's my schoolbag?\", \"设置的题目数量\" : 1, \"级别\" : \"听长对话选答案\", \"学科\" : \"英语\", \"对应端类型\" : \"通用\"}"
"{\"年级\" : \"七年级\", \"关联题目数量\" : 1, \"版本\" : \"\", \"册\" : \"上册\", \"题干集合\" : \"\", \"单元名称\" : \"Starter Units\", \"设置的题目数量\" : 1, \"级别\" : \"听长对话选答案\", \"学科\" : \"英语\", \"对应端类型\" : \"通用\"}"
"{\"年级\" : \"六年级\", \"关联题目数量\" : 10, \"版本\" : \"湘鲁版\", \"册\" : \"下册\", \"题干集合\" : \",,,,,,,,,\", \"单元名称\" : \"Unit 7  Can you see the lightning?\", \"设置的题目数量\" : 5, \"级别\" : \"基础巩固\", \"学科\" : \"英语\", \"对应端类型\" : \"app\"}"
"{\"年级\" : \"七年级\", \"关联题目数量\" : 1, \"版本\" : \"\", \"册\" : \"下册\", \"题干集合\" : \"\", \"单元名称\" : \"Unit 6 Rain or Shine\", \"设置的题目数量\" : 1, \"级别\" : \"听独白选答案\", \"学科\" : \"英语\", \"对应端类型\" : \"通用\"}"
"{\"年级\" : \"八年级\", \"关联题目数量\" : 1, \"版本\" : \"人教版\", \"册\" : \"下册\", \"题干集合\" : \"\", \"单元名称\" : \"Unit 1 What's the matter?\", \"设置的题目数量\" : 1, \"级别\" : \"听独白选答案\", \"学科\" : \"英语\", \"对应端类型\" : \"通用\"}"
"{\"年级\" : \"五年级\", \"关联题目数量\" : 10, \"版本\" : \"湘鲁版\", \"册\" : \"上册\", \"题干集合\" : \"<p>|space<||>space| |space<||>space| |space<||>space| |space<||>space| |space<||>space|<\\/p>,,,,,<p>|space<||>space| |space<||>space| |space<||>space| |space<||>space| |space<||>space|<\\/p>,<p>|space<||>space| |space<||>space| |space<||>space| |space<||>space|<\\/p>,<p>|space<||>space| |space<||>space| |space<||>space| |space<||>space| |space<||>space| |space<||>space| |space<||>space| |space<||>space|<\\/p>,,<p>|space<||>space| |space<||>space| |space<||>space| |space<||>space| |space<||>space| |space<||>space|<\\/p>\", \"单元名称\" : \"Unit 5 What do you usually do?\", \"设置的题目数量\" : 5, \"级别\" : \"综合进阶\", \"学科\" : \"英语\", \"对应端类型\" : \"app\"}"
"{\"年级\" : \"四年级\", \"关联题目数量\" : \"\", \"版本\" : \"湘少版（2024审定）\", \"册\" : \"下册\", \"题干集合\" : \"\", \"单元名称\" : \"期中复习\", \"设置的题目数量\" : 5, \"级别\" : \"难点突破\", \"学科\" : \"英语\", \"对应端类型\" : \"通用\"}"
"{\"年级\" : \"五年级\", \"关联题目数量\" : \"\", \"版本\" : \"教科版\", \"册\" : \"上册\", \"题干集合\" : \"\", \"单元名称\" : \"Unit 8 Let's have both\", \"设置的题目数量\" : 5, \"级别\" : \"综合进阶\", \"学科\" : \"英语\", \"对应端类型\" : \"通用\"}"
"{\"年级\" : \"三年级\", \"关联题目数量\" : 15, \"版本\" : \"湘少版（2024审定）\", \"册\" : \"上册\", \"题干集合\" : \",,,<p>玩<\\/p>,,,<p><u>b<\\/u>ook<\\/p>,,,,<p>do<\\/p>,,<p>apple<\\/p>,,\", \"单元名称\" : \"Unit 9 I like apples\", \"设置的题目数量\" : 5, \"级别\" : \"基础巩固\", \"学科\" : \"英语\", \"对应端类型\" : \"通用\"}"
"{\"年级\" : \"七年级\", \"关联题目数量\" : 1, \"版本\" : \"人教版\", \"册\" : \"上册\", \"题干集合\" : \"\", \"单元名称\" : \"Unit 7 How much are these socks?\", \"设置的题目数量\" : 1, \"级别\" : \"听独白选答案\", \"学科\" : \"英语\", \"对应端类型\" : \"通用\"}"
"{\"年级\" : \"六年级\", \"关联题目数量\" : 11, \"版本\" : \"教科版\", \"册\" : \"上册\", \"题干集合\" : \"<p>同学们正在一座农场进行修学活动，他们对农场主人提出了很多问题。听一听，帮助农场主人选出合适的答语。<\\/p>,<p>Kevin结束农场的修学活动后回家和妈妈分享。听一听他们的对话，判断下列图片与录音内容是否相符。<\\/p>,<p>同学们正在一座农场进行修学活动。听一听，写出正确的单词补全同学们的话语。<\\/p><p>They feed |space<||>space|.<\\/p>,<p>Kevin结束农场的修学活动后回家和妈妈分享。听一听他们的对话，判断下列图片与录音内容是否相符。<\\/p>,<p>Kevin结束农场的修学活动后回家和妈妈分享。听一听他们的对话，判断下列图片与录音内容是否相符。<\\/p>,<p>同学们正在一座农场进行修学活动。听一听，写出正确的单词补全同学们的话语。<\\/p><p>They are cutting |space<||>space|.<\\/p>,<p>同学们正在一座农场进行修学活动。听一听，写出正确的单词补全同学们的话语。<\\/p><p>There are some |space<||>space|.<\\/p>,<p>同学们正在一座农场进行修学活动。听一听，写出正确的单词补全同学们的话语。<\\/p><p>Look! A few |space<||>space|!<\\/p>,<p>同学们正在一座农场进行修学活动，他们对农场主人提出了很多问题。听一听，帮助农场主人选出合适的答语。<\\/p>,<p>同学们正在一座农场进行修学活动，他们对农场主人提出了很多问题。听一听，帮助农场主人选出合适的答语。<\\/p>,<p>Kevin结束农场的修学活动后回家和妈妈分享。听一听他们的对话，判断下列图片与录音内容是否相符。<\\/p>\", \"单元名称\" : \"Unit 1 What are those farmers doing?\", \"设置的题目数量\" : 5, \"级别\" : \"难点突破\", \"学科\" : \"英语\", \"对应端类型\" : \"通用\"}"
"{\"年级\" : \"四年级\", \"关联题目数量\" : 6, \"版本\" : \"人教版（三起）\", \"册\" : \"上册\", \"题干集合\" : \"<p>|space<||>space| |space<||>space| |space<||>space| |space<||>space| |space<||>space|<\\/p>,,,,,<p>|space<||>space| |space<||>space| |space<||>space| |space<||>space| |space<||>space|<\\/p>\", \"单元名称\" : \"Unit 1 My classroom\", \"设置的题目数量\" : 5, \"级别\" : \"难点突破\", \"学科\" : \"英语\", \"对应端类型\" : \"app\"}"
"{\"年级\" : \"四年级\", \"关联题目数量\" : \"\", \"版本\" : \"湘鲁版\", \"册\" : \"下册\", \"题干集合\" : \"\", \"单元名称\" : \"期中复习\", \"设置的题目数量\" : 5, \"级别\" : \"综合进阶\", \"学科\" : \"英语\", \"对应端类型\" : \"app\"}"
"{\"年级\" : \"四年级\", \"关联题目数量\" : 10, \"版本\" : \"湘少版\", \"册\" : \"上册\", \"题干集合\" : \"<p>Good to see you!<\\/p>,<p>I'm in Class Two, Grade One.\\t<\\/p>,,,,<p>Good morning, Amy.<\\/p>,,,<p>Nice to meet you, too!<\\/p>,\", \"单元名称\" : \"Unit 1 Nice to meet you!\", \"设置的题目数量\" : 5, \"级别\" : \"难点突破\", \"学科\" : \"英语\", \"对应端类型\" : \"app\"}"
"{\"年级\" : \"三年级\", \"关联题目数量\" : 11, \"版本\" : \"湘少版\", \"册\" : \"上册\", \"题干集合\" : \"<p>f|space<||>space|v|space<||>space|<\\/p>,<p>your<\\/p>,<p>thr|space<||>space| |space<||>space|<\\/p>,,<p>three<\\/p>,<p>how<\\/p>,,<p>four <\\/p>,,<p>am<\\/p>,<p>one<\\/p>\", \"单元名称\" : \"Unit 4 How old are you?\", \"设置的题目数量\" : 5, \"级别\" : \"综合进阶\", \"学科\" : \"英语\", \"对应端类型\" : \"app\"}"
"{\"年级\" : \"四年级\", \"关联题目数量\" : 15, \"版本\" : \"\", \"册\" : \"上册\", \"题干集合\" : \"<p>Mike心情有点低落，John在和他聊天。听一听，请你来当小小翻译官吧！<\\/p>,<p>同学们在玩“猜猜这是谁”的游戏。听一听，他们描述的是谁呢？<\\/p>,<p>今天学校举行“三独”比赛，Jack在采访参赛选手们。听一听，图片与选手的描述相符吗？<\\/p>,<p>Andy今天是运动会小记者，他在采访参赛选手。听一听，他问了什么问题？<\\/p>,<p>Mike心情有点低落，John在和他聊天。听一听，请你来当小小翻译官吧！<\\/p>,<p>Andy今天是运动会小记者，他在采访参赛选手。听一听，他对选手说了什么？<\\/p>,<p>Tom在安慰情绪不佳的John。听一听，下面句子是他说的话吗？<\\/p><p>Don't be sad.<\\/p>,<p>Andy今天是运动会小记者，他在采访参赛选手。听一听，选手和他说了什么？<\\/p>,<p>今天学校举行“三独”比赛，Jack在采访参赛选手们。听一听，图片与选手的描述相符吗？<\\/p>,<p>Mike今天赢得比赛，Tom想夸奖他。听一听，下面句子是他说的话吗？<\\/p><p>Good job!<\\/p>,<p>今天学校举行“三独”比赛，Jack在采访参赛选手们。听一听，图片与选手的描述相符吗？<\\/p>,<p>Mike今天赢得比赛，Tom想夸奖他。听一听，下面句子是他说的话吗？<\\/p><p>We are proud of you.<\\/p>,<p>回家路上，同学们在描述自己的情绪感受。听一听，他们的情绪感受是怎样的呢？<\\/p>,<p>Andy今天是运动会小记者，他在采访参赛选手。听一听，他对选手说了什么？<\\/p>,<p>Mike心情很好，John在和他聊天。听一听，请你来当小小翻译官吧！<\\/p>\", \"单元名称\" : \"Unit 2 How do you feel?\", \"设置的题目数量\" : 5, \"级别\" : \"综合进阶\", \"学科\" : \"英语\", \"对应端类型\" : \"通用\"}"
"{\"年级\" : \"三年级\", \"关联题目数量\" : \"\", \"版本\" : \"\", \"册\" : \"下册\", \"题干集合\" : \"\", \"单元名称\" : \"U11\", \"设置的题目数量\" : 5, \"级别\" : \"基础巩固\", \"学科\" : \"英语\", \"对应端类型\" : \"通用\"}"
"{\"年级\" : \"三年级\", \"关联题目数量\" : \"\", \"版本\" : \"人教版（三起）（2024审定）\", \"册\" : \"下册\", \"题干集合\" : \"\", \"单元名称\" : \"U11\", \"设置的题目数量\" : 5, \"级别\" : \"综合进阶\", \"学科\" : \"英语\", \"对应端类型\" : \"通用\"}"
"{\"年级\" : \"六年级\", \"关联题目数量\" : \"\", \"版本\" : \"教科版\", \"册\" : \"上册\", \"题干集合\" : \"\", \"单元名称\" : \"Unit 8 A trip to Hong Kong\", \"设置的题目数量\" : 5, \"级别\" : \"难点突破\", \"学科\" : \"英语\", \"对应端类型\" : \"通用\"}"
"{\"年级\" : \"四年级\", \"关联题目数量\" : 15, \"版本\" : \"人教版（三起）（2024审定）\", \"册\" : \"上册\", \"题干集合\" : \"<p>学校组织了“我眼中的季节”主题绘画比赛。听一听，有哪些季节的作品？<\\/p>,<p>外教老师在线上课堂教单词。听一听，把单词翻译成中文吧！<\\/p>,<p>Mary和妈妈在整理衣柜。听一听，图片与她们整理的衣物相符吗？<\\/p>,<p>学校组织了“我眼中的季节”主题绘画比赛。听一听，有哪些季节的作品？<\\/p>,<p>Lily在描述季节的景象。听一听，她是怎么描述的？<\\/p>,<p>外教老师在线上课堂教单词。听一听，把单词翻译成中文吧！<\\/p>,<p>Mary和妈妈在整理衣柜。听一听，图片与她们整理的衣物相符吗？<\\/p>,<p>Mary在读自然拼读绘本。听一听，绘本中包含下面哪个单词？<\\/p>,<p>Mary和妈妈在整理衣柜。听一听，图片与她们整理的衣物相符吗？<\\/p>,<p>Lily在描述季节的景象。听一听，她是怎么描述的？<\\/p>,<p>学校组织了“我眼中的季节”主题绘画比赛。听一听，有哪些季节的作品？<\\/p>,<p>Mary在读自然拼读绘本。听一听，绘本中包含下面哪个单词？<\\/p>,<p>Mary和妈妈在整理衣柜。听一听，图片与她们整理的衣物相符吗？<\\/p>,<p>Lily在描述季节的景象。听一听，她是怎么描述的？<\\/p>,<p>学校组织了“我眼中的季节”主题绘画比赛。听一听，有哪些季节的作品？<\\/p>\", \"单元名称\" : \"Unit 6 Changing for the seasons\", \"设置的题目数量\" : 5, \"级别\" : \"基础巩固\", \"学科\" : \"英语\", \"对应端类型\" : \"通用\"}"
"{\"年级\" : \"六年级\", \"关联题目数量\" : 25, \"版本\" : \"湘鲁版\", \"册\" : \"上册\", \"题干集合\" : \",<p> A |space<||>space| |space<||>space| |space<||>space| |space<||>space| |space<||>space|<\\/p>,,,,,,,,,,,,,,,,,<p>|space<||>space| |space<||>space| |space<||>space| |space<||>space| |space<||>space| |space<||>space| |space<||>space| |space<||>space|<\\/p>,,,,,<p>|space<||>space| |space<||>space| |space<||>space| |space<||>space| |space<||>space|tant﻿<\\/p>,\", \"单元名称\" : \"Unit 10 What's your favourite month?\", \"设置的题目数量\" : 5, \"级别\" : \"难点突破\", \"学科\" : \"英语\", \"对应端类型\" : \"app\"}"
"{\"年级\" : \"三年级\", \"关联题目数量\" : 9, \"版本\" : \"湘少版\", \"册\" : \"上册\", \"题干集合\" : \"<p>hello<\\/p>,,<p>nice <\\/p>,<p>me<\\/p>,<p>h|space<||>space|ll|space<||>space|<\\/p>,,<p>M|space<||>space|ss<\\/p>,,\", \"单元名称\" : \"Unit 1 Hello!\", \"设置的题目数量\" : 5, \"级别\" : \"综合进阶\", \"学科\" : \"英语\", \"对应端类型\" : \"app\"}"
"{\"年级\" : \"四年级\", \"关联题目数量\" : 12, \"版本\" : \"湘鲁版\", \"册\" : \"上册\", \"题干集合\" : \",,<p>use<\\/p>,,<p>next year<\\/p>,,<p>谢谢<\\/p>,,,,,<p>ear<\\/p>\", \"单元名称\" : \"Unit 9 What are you doing?\", \"设置的题目数量\" : 5, \"级别\" : \"基础巩固\", \"学科\" : \"英语\", \"对应端类型\" : \"app\"}"
"{\"年级\" : \"四年级\", \"关联题目数量\" : 15, \"版本\" : \"教科版（2024审定）\", \"册\" : \"下册\", \"题干集合\" : \",,<p>How do you use \\\"a black sheep\\\"?<\\/p>,,,,,,<p>Sorry, I don't get it.<\\/p>,,,,,<p>\\\"A home bird\\\" means someone who likes to stay at home.<\\/p>,<p>Can you give me an example?<\\/p>\", \"单元名称\" : \"Unit 2 Busy as a Bee\", \"设置的题目数量\" : 15, \"级别\" : \"综合进阶\", \"学科\" : \"英语\", \"对应端类型\" : \"通用\"}"
"{\"年级\" : \"六年级\", \"关联题目数量\" : 10, \"版本\" : \"湘少版\", \"册\" : \"上册\", \"题干集合\" : \"NULL,NULL,<p>|space<||>space| |space<||>space|eatre<\\/p>,NULL,NULL,<p>日记<\\/p>,<p>|space<||>space| |space<||>space| |space<||>space| |space<||>space|<\\/p>,<p>剧院<\\/p>,<p>主意<\\/p>,<p>|space<||>space| |space<||>space| |space<||>space| |space<||>space|<\\/p>\", \"单元名称\" : \"Unit 11 Shall we go to the theatre?\", \"设置的题目数量\" : 5, \"级别\" : \"难点突破\", \"学科\" : \"英语\", \"对应端类型\" : \"app\"}"
"{\"年级\" : \"六年级\", \"关联题目数量\" : 11, \"版本\" : \"人教版（三起）\", \"册\" : \"下册\", \"题干集合\" : \"<p>Tom went to Sanya over the winter holiday.<\\/p>,<p>They won't be ready till August.<\\/p>,<p>You can see my photos from the National Day holiday.<\\/p>,,<p>take<\\/p>,<p>give <\\/p>,<p>I took lots of pictures, and I also went swimming.<\\/p>,<p>I fell off the tree and hurt my leg.<\\/p>,,,<p>went camping<\\/p>\", \"单元名称\" : \"Unit 3 Where did you go?\", \"设置的题目数量\" : 5, \"级别\" : \"综合进阶\", \"学科\" : \"英语\", \"对应端类型\" : \"通用\"}"
"{\"年级\" : \"四年级\", \"关联题目数量\" : 18, \"版本\" : \"湘少版（2024审定）\", \"册\" : \"下册\", \"题干集合\" : \",,<p>Mark和Jackson在玩猜数字游戏。听一听，他们猜的是哪个数字？<\\/p>,<p>Mark和Jackson在玩猜单词游戏。听一听，他们说的是哪个单词？<\\/p>,,<p>三班和四班进行了篮球比赛，结果如何？听一听，裁判提到了哪个单词？<\\/p>,,<p>Mark和Jackson在玩猜数字游戏。听一听，他们猜的是哪个数字？<\\/p>,<p>三班和四班进行了篮球比赛，结果如何？听一听，裁判提到了哪个单词？<\\/p>,,<p>三班和四班进行了篮球比赛，结果如何？听一听，裁判提到了哪个单词？<\\/p>,<p>Mark和Jackson在玩猜单词游戏。听一听，他们说的是哪个单词？<\\/p>,<p>英语课上，老师在播放一段英语绕口令。听一听，绕口令中包含下面哪个单词？<\\/p>,,<p>三班和四班进行了篮球比赛，结果如何？听一听，裁判提到了哪个单词？<\\/p>,<p>英语课上，老师在播放一段英语绕口令。听一听，绕口令中包含下面哪个单词？<\\/p>,,<p>Mark和Jackson在玩猜数字游戏。听一听，他们猜的是哪个数字？<\\/p>\", \"单元名称\" : \"Unit 4 Class One gets 54 points\", \"设置的题目数量\" : 5, \"级别\" : \"基础巩固\", \"学科\" : \"英语\", \"对应端类型\" : \"通用\"}"
"{\"年级\" : \"四年级\", \"关联题目数量\" : 15, \"版本\" : \"湘少版（2024审定）\", \"册\" : \"上册\", \"题干集合\" : \"<p>课堂上，Anne在介绍自己对运动技能的掌握情况。听一听，图片与她的表述是否相符呢？<\\/p>,<p>课堂上，Andy在介绍自己对运动技能的掌握情况。听一听，图片与他的表述是否相符呢？<\\/p>,<p>在国际儿童运动交流会上，你是小小翻译官。听一听，翻译句子吧！<\\/p>,<p>动物王国要举办运动会了，动物们都在积极展示着自己的技能。听一听，是哪个动物在发言呢？<\\/p>,<p>操场上，Benny想邀请Peter打篮球。听听Peter说了什么呢？<\\/p>,<p>在国际儿童运动交流会上，外国小朋友在讨论他人的运动能力。听一听，当一当翻译官吧！<\\/p>,<p>在国际儿童运动交流会上，外国小朋友想和你交流擅长的运动。听一听，当一当翻译官吧！<\\/p>,<p>Lily在向运动社团推荐新成员。听一听她的发言，找出对应的人吧！<\\/p>,<p>在森林运动会的报名处，小兔子在咨询运动项目。听听它说了什么呢？<\\/p>,<p>运动小精灵来到了教室，想找运动小达人。听听它说了什么呢？<\\/p>,<p>Lily在向运动社团推荐新成员。听一听她的发言，找出对应的人吧！<\\/p>,<p>操场上，Peter在看Benny打篮球。听听Benny说了什么呢？<\\/p>,<p>在国际儿童运动交流会上，你是小小翻译官。听一听，翻译句子吧！<\\/p>,<p>动物王国要举办运动会了，动物们都在积极展示着自己的技能。听一听，是哪个动物在发言呢？<\\/p>,<p>在国际儿童运动交流会上，外国小朋友在介绍自己的运动能力。听一听，当一当翻译官吧！<\\/p>\", \"单元名称\" : \"Unit 5 Can you play basketball?\", \"设置的题目数量\" : 5, \"级别\" : \"综合进阶\", \"学科\" : \"英语\", \"对应端类型\" : \"通用\"}"
"{\"年级\" : \"四年级\", \"关联题目数量\" : 15, \"版本\" : \"湘少版（2024审定）\", \"册\" : \"上册\", \"题干集合\" : \"<p>Mingming在失物招领处，有同学来找物品。听听Mingming说了什么呢？<\\/p>,<p>魔法学校里，魔法老师在失物招领处整理丢失的物品。听听他说了什么呢？<\\/p>,<p>在魔法世界的物品知识考试中，小精灵们在听句子选择中文释义！一起加入它们吧！<\\/p>,<p>在魔法世界的物品知识考试中，小精灵们在听句子选择中文释义！一起加入它们吧！<\\/p>,<p>在魔法世界的物品知识考试中，小精灵们在听句子选择中文释义！一起加入它们吧！<\\/p>,<p>在魔法世界的物品知识考试中，小精灵们在听句子选择中文释义！一起加入它们吧！<\\/p>,<p>学校物品展览上，Peter和Anne在讨论眼前的物品。听听他们讨论的物品与图片是否相符。<\\/p>,<p>在神秘的童话小镇，居民们的物品经常混淆。听听镇长的发言，选出对应的图片。<\\/p>,<p>Peter看到Anne背着一个开着口的书包。听听Peter说了什么呢？<\\/p>,<p>课间休息时，Tom在讲台上发现了一块手表。听一听，下列句子与Tom所说的内容相符吗？<\\/p><p>Whose watch is it?<\\/p>,<p>Tom想知道地上的物品是谁的。听一听，下列句子与Tom所说的内容相符吗？<\\/p><p>Whose pen is it?<\\/p>,<p>在教室里，同学们在讨论物品归属。听听说了什么呢？<\\/p>,<p>在神秘的童话小镇，居民们的物品经常混淆。听听镇长的发言，选出对应的图片。<\\/p>,<p>在魔法世界的物品知识考试中，小精灵们在听句子选择中文释义！一起加入它们吧！<\\/p>,<p>学校物品展览上，Peter和Anne在讨论眼前的物品。听听他们讨论的物品与图片是否相符。<\\/p>\", \"单元名称\" : \"Unit 7 Whose watch is this?\", \"设置的题目数量\" : 5, \"级别\" : \"综合进阶\", \"学科\" : \"英语\", \"对应端类型\" : \"通用\"}"
"{\"年级\" : \"五年级\", \"关联题目数量\" : 10, \"版本\" : \"湘鲁版\", \"册\" : \"上册\", \"题干集合\" : \",<p>|space<||>space| |space<||>space| |space<||>space| |space<||>space|<\\/p>,,<p>|space<||>space| |space<||>space| |space<||>space| |space<||>space| |space<||>space| |space<||>space|<\\/p>,<p>|space<||>space| |space<||>space| |space<||>space| |space<||>space| |space<||>space| |space<||>space|<\\/p>,<p>|space<||>space| |space<||>space| |space<||>space| |space<||>space| |space<||>space|<\\/p>,,,,\", \"单元名称\" : \"Unit 3 She has long hair.\", \"设置的题目数量\" : 5, \"级别\" : \"综合进阶\", \"学科\" : \"英语\", \"对应端类型\" : \"app\"}"
"{\"年级\" : \"三年级\", \"关联题目数量\" : \"\", \"版本\" : \"人教版（三起）（2024审定）\", \"册\" : \"上册\", \"题干集合\" : \"\", \"单元名称\" : \"Units 4-6 测试卷（A）\", \"设置的题目数量\" : 5, \"级别\" : \"基础巩固\", \"学科\" : \"英语\", \"对应端类型\" : \"通用\"}"
"{\"年级\" : \"六年级\", \"关联题目数量\" : 10, \"版本\" : \"教科版\", \"册\" : \"上册\", \"题干集合\" : \"<p>Mary的爷爷奶奶平日里要做很多农活。听一听，判断下列图片与你所听到的活动是否相符。<\\/p>,<p>Mary来到了乡下爷爷奶奶家。她看到了什么？听一听，选出Mary看到的事物。<\\/p>,<p>Mary的爷爷奶奶养了很多动物。听一听，选出Mary看到的动物。<\\/p>,<p>Mary来到了乡下爷爷奶奶家。她看到了什么？听一听，选出Mary看到的事物。<\\/p>,<p>Mary的爷爷奶奶养了很多动物。听一听，选出Mary看到的动物。<\\/p>,<p>Mary来到了乡下爷爷奶奶家。她看到了什么？听一听，选出Mary看到的事物。<\\/p>,<p>Mary的爷爷奶奶平日里要做很多农活。听一听，判断下列图片与你所听到的活动是否相符。<\\/p>,<p>Mary的爷爷奶奶养了很多动物。听一听，选出Mary看到的动物。<\\/p>,<p>Mary的爷爷奶奶平日里要做很多农活。听一听，判断下列图片与你所听到的活动是否相符。<\\/p>,<p>Mary的爷爷奶奶养了很多动物。听一听，选出Mary看到的动物。<\\/p>\", \"单元名称\" : \"Unit 1 What are those farmers doing?\", \"设置的题目数量\" : 5, \"级别\" : \"基础巩固\", \"学科\" : \"英语\", \"对应端类型\" : \"通用\"}"
"{\"年级\" : \"三年级\", \"关联题目数量\" : \"\", \"版本\" : \"\", \"册\" : \"下册\", \"题干集合\" : \"\", \"单元名称\" : \"期末复习\", \"设置的题目数量\" : 5, \"级别\" : \"难点突破\", \"学科\" : \"英语\", \"对应端类型\" : \"通用\"}"
"{\"年级\" : \"三年级\", \"关联题目数量\" : 15, \"版本\" : \"湘少版（2024审定）\", \"册\" : \"上册\", \"题干集合\" : \",<p>Have some pears.<\\/p>,<p>我喜欢水果。<\\/p>,,<p>谢谢。<\\/p>,,<p>I like watermelons.<\\/p>,,,,,,,<p>我可以吃吗？<\\/p>,<p>Is this a ball?<\\/p>\", \"单元名称\" : \"Unit 9 I like apples\", \"设置的题目数量\" : 5, \"级别\" : \"综合进阶\", \"学科\" : \"英语\", \"对应端类型\" : \"通用\"}"
"{\"年级\" : \"三年级\", \"关联题目数量\" : 10, \"版本\" : \"湘鲁版\", \"册\" : \"下册\", \"题干集合\" : \"<p>一袋<\\/p>,<p>a box of<\\/p>,,,<p>rice<\\/p>,,,,,<p>你最喜欢什么书？<\\/p>\", \"单元名称\" : \"Unit 4 What's your favourite food?\", \"设置的题目数量\" : 5, \"级别\" : \"综合进阶\", \"学科\" : \"英语\", \"对应端类型\" : \"app\"}"
"{\"年级\" : \"三年级\", \"关联题目数量\" : \"\", \"版本\" : \"人教版（三起）（2024审定）\", \"册\" : \"上册\", \"题干集合\" : \"\", \"单元名称\" : \"Units 4-6 举一反三训练（A）\", \"设置的题目数量\" : 5, \"级别\" : \"基础巩固\", \"学科\" : \"英语\", \"对应端类型\" : \"通用\"}"
"{\"年级\" : \"四年级\", \"关联题目数量\" : 10, \"版本\" : \"人教版（三起）（2024审定）\", \"册\" : \"下册\", \"题干集合\" : \",,<p>Mark正在介绍在学校要做的事情。听一听，他介绍的顺序是怎样的？<\\/p>,,<p>Mark can clean the desks.<\\/p>,,<p>They are talking about the classroom.<\\/p>,,<p>放学了，值日的同学们在打扫教室。听一听，匹配人物和所做的事情。<\\/p><p>Mark|space<||>space|<\\/p><p>Jackson|space<||>space|<\\/p><p>Amy|space<||>space|<\\/p><p>Chenchen|space<||>space|<\\/p><p>Jingjing|space<||>space|<\\/p>,\", \"单元名称\" : \"Unit 1 Class rules\", \"设置的题目数量\" : 5, \"级别\" : \"难点突破\", \"学科\" : \"英语\", \"对应端类型\" : \"通用\"}"
"{\"年级\" : \"七年级\", \"关联题目数量\" : \"\", \"版本\" : \"\", \"册\" : \"下册\", \"题干集合\" : \"\", \"单元名称\" : \"U10\", \"设置的题目数量\" : 5, \"级别\" : \"综合进阶\", \"学科\" : \"英语\", \"对应端类型\" : \"通用\"}"
"{\"年级\" : \"七年级\", \"关联题目数量\" : 1, \"版本\" : \"人教版\", \"册\" : \"上册\", \"题干集合\" : \"<p>1. |space<||>space|<\\/p><p>2. |space<||>space|<\\/p><p>3. |space<||>space|<\\/p><p>4. |space<||>space|<\\/p><p>5. |space<||>space|<\\/p>\", \"单元名称\" : \"Unit 9 My favorite subject is science.\", \"设置的题目数量\" : 1, \"级别\" : \"听短文完成题目\", \"学科\" : \"英语\", \"对应端类型\" : \"通用\"}"
"{\"年级\" : \"六年级\", \"关联题目数量\" : \"\", \"版本\" : \"人教版（三起）\", \"册\" : \"上册\", \"题干集合\" : \"\", \"单元名称\" : \"期中复习\", \"设置的题目数量\" : 5, \"级别\" : \"基础巩固\", \"学科\" : \"英语\", \"对应端类型\" : \"app\"}"
"{\"年级\" : \"四年级\", \"关联题目数量\" : \"\", \"版本\" : \"教科版（2024审定）\", \"册\" : \"上册\", \"题干集合\" : \"\", \"单元名称\" : \"期末复习\", \"设置的题目数量\" : 5, \"级别\" : \"综合进阶\", \"学科\" : \"英语\", \"对应端类型\" : \"通用\"}"
"{\"年级\" : \"八年级\", \"关联题目数量\" : 5, \"版本\" : \"\", \"册\" : \"上册\", \"题干集合\" : \"<p>What does Dad cook for Thanksgiving?<\\/p>,<p>What will Tom have for lunch?<\\/p>,<p>What should the man do with apples?<\\/p>,<p>What will the woman do with the potatoes?<\\/p>,<p>What do they need to make pancakes now?<\\/p>\", \"单元名称\" : \"Unit 5 What a Delicious Meal!\", \"设置的题目数量\" : 5, \"级别\" : \"听短对话选答案\", \"学科\" : \"英语\", \"对应端类型\" : \"通用\"}"
"{\"年级\" : \"四年级\", \"关联题目数量\" : 11, \"版本\" : \"湘少版\", \"册\" : \"下册\", \"题干集合\" : \",,,,,,,,,,\", \"单元名称\" : \"Unit 2 Spring is warm\", \"设置的题目数量\" : 5, \"级别\" : \"综合进阶\", \"学科\" : \"英语\", \"对应端类型\" : \"app\"}"
"{\"年级\" : \"五年级\", \"关联题目数量\" : 11, \"版本\" : \"湘少版\", \"册\" : \"上册\", \"题干集合\" : \"<p>|space<||>space| |space<||>space| |space<||>space| |space<||>space| |space<||>space|<\\/p>,<p>狮子<\\/p>,<p>见面<\\/p>,<p>|space<||>space| |space<||>space| |space<||>space| |space<||>space|<\\/p>,,<p>在这张照片里，我坐在我父母中间。<\\/p>,<p>给……浇水<\\/p>,<p>扫；打扫<\\/p>,<p>|space<||>space| |space<||>space| |space<||>space| |space<||>space|<\\/p>,<p>|space<||>space| |space<||>space| |space<||>space| |space<||>space| |space<||>space| |space<||>space|<\\/p>,<p>整理（床铺等）<\\/p>\", \"单元名称\" : \"Unit 8 Lingling helps her parents\", \"设置的题目数量\" : 5, \"级别\" : \"难点突破\", \"学科\" : \"英语\", \"对应端类型\" : \"app\"}"
"{\"年级\" : \"四年级\", \"关联题目数量\" : 15, \"版本\" : \"教科版（2024审定）\", \"册\" : \"上册\", \"题干集合\" : \"<p>Alice正在将课间发生的事情画在美术本上。听一听，她画对了吗？<\\/p>,<p>Jack在调查同学们的友善行为。听一听，Peter是怎么做的呢？<\\/p>,<p>丽丽的外国朋友给她写了一封信。听一听，请你帮她翻译一下吧！<\\/p>,<p>Sarah在记录同学们的友善行为。听一听，她记录对了吗？<\\/p><p>I think Alice is so kind.<\\/p>,<p>Alice正在将课间发生的事情画在美术本上。听一听，她画对了吗？<\\/p>,<p>Jack在调查同学们的友善行为。听一听，Mary是怎么做的呢？<\\/p>,<p>丽丽的外国朋友给她写了一封信。听一听，请你帮她翻译一下吧！<\\/p>,<p>丽丽的外国朋友给她写了一封信。听一听，请你帮她翻译一下吧！<\\/p>,<p>Amy在收集大家对好朋友的评价。听一听，Mary是怎么评价好朋友的呢？<\\/p>,<p>Sarah在记录同学们的友善行为。听一听，她记录对了吗？<\\/p><p>She always uses nice words.<\\/p>,<p>Amy在收集大家对好朋友的评价。听一听，Linda是怎么评价好朋友的呢？<\\/p>,<p>Jack在调查同学们的友善行为。听一听，John是怎么做的呢？<\\/p>,<p>Amy在收集大家对好朋友的评价。听一听，Jane是怎么评价好朋友的呢？<\\/p>,<p> Sarah在记录同学们的友善行为。听一听，她记录对了吗？<\\/p><p>She is always ready to give a helping hand.<\\/p>,<p>Alice正在将课间发生的事情画在美术本上。听一听，她画对了吗？<\\/p>\", \"单元名称\" : \"Unit 5 She Helps Me a Lot\", \"设置的题目数量\" : 5, \"级别\" : \"综合进阶\", \"学科\" : \"英语\", \"对应端类型\" : \"通用\"}"
"{\"年级\" : \"六年级\", \"关联题目数量\" : 16, \"版本\" : \"湘少版\", \"册\" : \"下册\", \"题干集合\" : \",,<p>keep <\\/p>,,,,,,,,,,,,,\", \"单元名称\" : \"Unit 3 We should learn to take care of ourselves\", \"设置的题目数量\" : 5, \"级别\" : \"基础巩固\", \"学科\" : \"英语\", \"对应端类型\" : \"app\"}"
"{\"年级\" : \"三年级\", \"关联题目数量\" : 10, \"版本\" : \"湘鲁版\", \"册\" : \"上册\", \"题干集合\" : \",<p>He likes dogs.<\\/p>,<p>It's cute.<\\/p>,,,<p>That is my fish.<\\/p>,,<p>Is that your cat?<\\/p>,,<p>It's cool!<\\/p>\", \"单元名称\" : \"Unit 9 This is my fish.\", \"设置的题目数量\" : 5, \"级别\" : \"难点突破\", \"学科\" : \"英语\", \"对应端类型\" : \"app\"}"
"{\"年级\" : \"五年级\", \"关联题目数量\" : \"\", \"版本\" : \"人教版（三起）\", \"册\" : \"下册\", \"题干集合\" : \"\", \"单元名称\" : \"U11\", \"设置的题目数量\" : 5, \"级别\" : \"基础巩固\", \"学科\" : \"英语\", \"对应端类型\" : \"app\"}"
"{\"年级\" : \"三年级\", \"关联题目数量\" : 10, \"版本\" : \"人教版（三起）\", \"册\" : \"下册\", \"题干集合\" : \",<p>sister<\\/p>,<p>mother<\\/p>,,,,<p>family<\\/p>,<p>grandpa<\\/p>,<p>man<\\/p>,\", \"单元名称\" : \"Unit 2 My family\", \"设置的题目数量\" : 10, \"级别\" : \"综合进阶\", \"学科\" : \"英语\", \"对应端类型\" : \"通用\"}"
"{\"年级\" : \"三年级\", \"关联题目数量\" : \"\", \"版本\" : \"人教版（三起）\", \"册\" : \"上册\", \"题干集合\" : \"\", \"单元名称\" : \"期中复习\", \"设置的题目数量\" : 5, \"级别\" : \"综合进阶\", \"学科\" : \"英语\", \"对应端类型\" : \"app\"}"
"{\"年级\" : \"三年级\", \"关联题目数量\" : 15, \"版本\" : \"人教版（三起）（2024审定）\", \"册\" : \"上册\", \"题干集合\" : \",,,,,,,,<p>M|space<||>space|ss<\\/p>,,,,,,\", \"单元名称\" : \"Unit 3 Our animal friends\", \"设置的题目数量\" : 5, \"级别\" : \"基础巩固\", \"学科\" : \"英语\", \"对应端类型\" : \"通用\"}"
"{\"年级\" : \"三年级\", \"关联题目数量\" : \"\", \"版本\" : \"人教版（三起）\", \"册\" : \"上册\", \"题干集合\" : \"\", \"单元名称\" : \"期中复习\", \"设置的题目数量\" : 5, \"级别\" : \"基础巩固\", \"学科\" : \"英语\", \"对应端类型\" : \"app\"}"
"{\"年级\" : \"六年级\", \"关联题目数量\" : 11, \"版本\" : \"湘少版\", \"册\" : \"下册\", \"题干集合\" : \",<p>|space<||>space| |space<||>space| |space<||>space| |space<||>space| |space<||>space| |space<||>space| |space<||>space| |space<||>space|<\\/p>,,<p>|space<||>space| |space<||>space| |space<||>space|<\\/p>,,,,<p>|space<||>space| |space<||>space| |space<||>space| |space<||>space|<\\/p>,,,<p>|space<||>space| |space<||>space| |space<||>space| |space<||>space| |space<||>space| |space<||>space| |space<||>space|<\\/p>\", \"单元名称\" : \"Unit 3 We should learn to take care of ourselves\", \"设置的题目数量\" : 5, \"级别\" : \"综合进阶\", \"学科\" : \"英语\", \"对应端类型\" : \"app\"}"
"{\"年级\" : \"三年级\", \"关联题目数量\" : 12, \"版本\" : \"湘少版\", \"册\" : \"上册\", \"题干集合\" : \",,,,<p>d|space<||>space| |space<||>space|n<\\/p>,,,<p>pl|space<||>space| |space<||>space|se<\\/p>,,,<p>s|space<||>space|t<\\/p>,<p>who<\\/p>\", \"单元名称\" : \"Unit 3 What's your name?\", \"设置的题目数量\" : 5, \"级别\" : \"综合进阶\", \"学科\" : \"英语\", \"对应端类型\" : \"app\"}"
"{\"年级\" : \"六年级\", \"关联题目数量\" : 12, \"版本\" : \"人教版（三起）\", \"册\" : \"下册\", \"题干集合\" : \",,<p>Ted is ____ than Sam.<\\/p>,,<p>The grey shoes are bigger than the green shoes.<\\/p>,,<p>Tim is ____ than John.<\\/p>,<p>Tom is ____ kilograms.<\\/p>,<p>Henry is smarter than Tom.<\\/p>,<p>Jack is shorter than Tom.<\\/p>,<p>Lucy's shoes are size ____.<\\/p>,<p>Lily is ____ than Li Ming.<\\/p>\", \"单元名称\" : \"Unit 1 How tall are you?\", \"设置的题目数量\" : 5, \"级别\" : \"难点突破\", \"学科\" : \"英语\", \"对应端类型\" : \"通用\"}"
"{\"年级\" : \"四年级\", \"关联题目数量\" : 10, \"版本\" : \"\", \"册\" : \"下册\", \"题干集合\" : \",,,,,,<p>The policeman is helping the whale go back to the sea.<\\/p>,,<p>﻿The farmers are working in the field.<\\/p>,\", \"单元名称\" : \"Unit 9 We get milk from cows\", \"设置的题目数量\" : 10, \"级别\" : \"难点突破\", \"学科\" : \"英语\", \"对应端类型\" : \"通用\"}"
"{\"年级\" : \"七年级\", \"关联题目数量\" : 1, \"版本\" : \"人教版\", \"册\" : \"下册\", \"题干集合\" : \"\", \"单元名称\" : \"Unit 9 What does he look like?\", \"设置的题目数量\" : 1, \"级别\" : \"听长对话选答案\", \"学科\" : \"英语\", \"对应端类型\" : \"通用\"}"
"{\"年级\" : \"四年级\", \"关联题目数量\" : 15, \"版本\" : \"\", \"册\" : \"上册\", \"题干集合\" : \"<p>老师在给同学们进行单词听写。听一听，听写了哪个单词呢？<\\/p>,<p>老师在给同学们进行单词听写。听一听，听写了哪个单词呢？<\\/p>,<p>天气预报员正在播报天气。听一听，图中天气与播报的相符吗？<\\/p>,<p>科学课上，老师在讲解天气现象与活动。听一听，老师讲到了什么活动？<\\/p>,<p>天气预报员正在播报天气。听一听，图中天气与播报的相符吗？<\\/p>,<p>Lily在带弟弟读英语故事。听一听，故事中包含下面哪个单词？<\\/p>,<p>科学课上，老师在讲解天气现象与活动。听一听，每种天气有什么现象呢？<\\/p>,<p>科学课上，老师在讲解天气现象与活动。听一听，每种天气有什么现象呢？<\\/p>,<p>Lily在带弟弟读英语故事。听一听，故事中包含下面哪个单词？<\\/p>,<p>天气预报员正在播报天气。听一听，图中天气与播报的相符吗？<\\/p>,<p><span style=\\\"color: rgb(0, 0, 0);\\\">老师在给同学们进行单词听写。听一听，听写了哪个单词呢？<\\/span><\\/p>,<p>天气预报员正在播报天气。听一听，图中天气与播报的相符吗？<\\/p>,<p>Lucy站在窗前大声朗读单词。听一听，选出单词的释义吧！<\\/p>,<p>Tom站在窗前大声朗读单词。听一听，选出单词的释义吧！<\\/p>,<p>天气预报员正在播报天气。听一听，图中天气与播报的相符吗？<\\/p>\", \"单元名称\" : \"Unit 7 What's the weather like?\", \"设置的题目数量\" : 5, \"级别\" : \"基础巩固\", \"学科\" : \"英语\", \"对应端类型\" : \"通用\"}"
"{\"年级\" : \"五年级\", \"关联题目数量\" : \"\", \"版本\" : \"教科版\", \"册\" : \"上册\", \"题干集合\" : \"\", \"单元名称\" : \"Unit 3 I can swim very fast\", \"设置的题目数量\" : 5, \"级别\" : \"基础巩固\", \"学科\" : \"英语\", \"对应端类型\" : \"通用\"}"
"{\"年级\" : \"六年级\", \"关联题目数量\" : 10, \"版本\" : \"人教版（三起）\", \"册\" : \"下册\", \"题干集合\" : \",<p>|space<||>space| |space<||>space| |space<||>space| |space<||>space|<\\/p>,,<p>|space<||>space| |space<||>space| |space<||>space| |space<||>space| |space<||>space|<\\/p>,,,<p>|space<||>space| |space<||>space| |space<||>space|<\\/p>,<p>|space<||>space| |space<||>space| |space<||>space| |space<||>space|<\\/p>,,\", \"单元名称\" : \"Unit 2 Last weekend\", \"设置的题目数量\" : 5, \"级别\" : \"综合进阶\", \"学科\" : \"英语\", \"对应端类型\" : \"通用\"}"
"{\"年级\" : \"五年级\", \"关联题目数量\" : 9, \"版本\" : \"湘鲁版\", \"册\" : \"上册\", \"题干集合\" : \",,,,,,,,\", \"单元名称\" : \"Unit 3 She has long hair.\", \"设置的题目数量\" : 5, \"级别\" : \"难点突破\", \"学科\" : \"英语\", \"对应端类型\" : \"app\"}"
"{\"年级\" : \"八年级\", \"关联题目数量\" : 1, \"版本\" : \"\", \"册\" : \"上册\", \"题干集合\" : \"\", \"单元名称\" : \"Unit 8 Let's Communicate!\", \"设置的题目数量\" : 1, \"级别\" : \"听长对话选答案\", \"学科\" : \"英语\", \"对应端类型\" : \"通用\"}"
"{\"年级\" : \"四年级\", \"关联题目数量\" : 10, \"版本\" : \"教科版（2024审定）\", \"册\" : \"上册\", \"题干集合\" : \"<p>Lily爷爷要生日了，大家在给她出主意。听一听，图片与大家的对话相符吗？<\\/p>,<p>Aiwen在日记中记录为奶奶准备的生日礼物。听一听，她依次记录了哪些礼物？<\\/p>,<p>Mary在帮忙记录大家对Sarah爷爷生日的建议。听一听，她记录对了吗？<\\/p><p>Sarah can draw a nice picture for her grandpa.<\\/p>,<p>Mary在帮忙记录大家对Sarah爷爷生日的建议。听一听，她记录对了吗？<\\/p><p>Sarah's grandpa likes cake.<\\/p>,<p>朋友们把给Anna的建议都写在了纸条上。听一听，她依次打开了哪些纸条？<\\/p>,<p>同学们在分享自己为家人准备的礼物。听一听，他们准备了什么礼物呢？<\\/p>,<p>Lily爷爷要生日了，大家在给她出主意。听一听，图片与大家的对话相符吗？<\\/p>,<p>为了提供恰当的建议，Peter在询问Jim一些信息。听一听，帮Jim回答他吧！<\\/p>,<p>Jim在寻求一些建议。听一听他的提问，请帮帮他吧！<\\/p>,<p>Anne为了给好朋友出主意问了很多问题。听一听，她依次问了哪些问题呢？<\\/p>\", \"单元名称\" : \"Unit 6 I Love My Family\", \"设置的题目数量\" : 5, \"级别\" : \"难点突破\", \"学科\" : \"英语\", \"对应端类型\" : \"通用\"}"
"{\"年级\" : \"五年级\", \"关联题目数量\" : 10, \"版本\" : \"湘少版\", \"册\" : \"上册\", \"题干集合\" : \"<p>|space<||>space| |space<||>space| |space<||>space| |space<||>space| |space<||>space|<\\/p>,<p>|space<||>space| |space<||>space| |space<||>space| |space<||>space| |space<||>space|<\\/p>,<p>短裤<\\/p>,,<p>|space<||>space| |space<||>space| |space<||>space| |space<||>space|<\\/p>,,,<p>英语<\\/p>,<p>信息<\\/p>,\", \"单元名称\" : \"Unit 1 What does she look like?\", \"设置的题目数量\" : 5, \"级别\" : \"难点突破\", \"学科\" : \"英语\", \"对应端类型\" : \"app\"}"
"{\"年级\" : \"六年级\", \"关联题目数量\" : 10, \"版本\" : \"湘鲁版\", \"册\" : \"下册\", \"题干集合\" : \",<p>What about the ____ in the south?<\\/p>,,<p>____ is my favourite season.<\\/p>,,,,,<p>Its weather is ____ and hot.<\\/p>,<p>What ____ is it?<\\/p>\", \"单元名称\" : \"Unit 1  There are four seasons in a year.\", \"设置的题目数量\" : 5, \"级别\" : \"综合进阶\", \"学科\" : \"英语\", \"对应端类型\" : \"app\"}"
"{\"年级\" : \"六年级\", \"关联题目数量\" : \"\", \"版本\" : \"湘鲁版\", \"册\" : \"上册\", \"题干集合\" : \"\", \"单元名称\" : \"期末复习\", \"设置的题目数量\" : 5, \"级别\" : \"综合进阶\", \"学科\" : \"英语\", \"对应端类型\" : \"app\"}"
"{\"年级\" : \"四年级\", \"关联题目数量\" : \"\", \"版本\" : \"教科版\", \"册\" : \"上册\", \"题干集合\" : \"\", \"单元名称\" : \"Unit 9 Look at this T-shirt\", \"设置的题目数量\" : 5, \"级别\" : \"基础巩固\", \"学科\" : \"英语\", \"对应端类型\" : \"通用\"}"
"{\"年级\" : \"三年级\", \"关联题目数量\" : \"\", \"版本\" : \"人教版（三起）\", \"册\" : \"上册\", \"题干集合\" : \"\", \"单元名称\" : \"U11\", \"设置的题目数量\" : 5, \"级别\" : \"基础巩固\", \"学科\" : \"英语\", \"对应端类型\" : \"app\"}"
"{\"年级\" : \"五年级\", \"关联题目数量\" : \"\", \"版本\" : \"湘鲁版\", \"册\" : \"上册\", \"题干集合\" : \"\", \"单元名称\" : \"Units 6-10 测试卷\", \"设置的题目数量\" : 5, \"级别\" : \"基础巩固\", \"学科\" : \"英语\", \"对应端类型\" : \"app\"}"
"{\"年级\" : \"四年级\", \"关联题目数量\" : \"\", \"版本\" : \"人教版（三起）（2024审定）\", \"册\" : \"下册\", \"题干集合\" : \"\", \"单元名称\" : \"Units 5-6 测试卷\", \"设置的题目数量\" : 5, \"级别\" : \"基础巩固\", \"学科\" : \"英语\", \"对应端类型\" : \"通用\"}"
"{\"年级\" : \"八年级\", \"关联题目数量\" : \"\", \"版本\" : \"人教版\", \"册\" : \"下册\", \"题干集合\" : \"\", \"单元名称\" : \"期末复习\", \"设置的题目数量\" : 5, \"级别\" : \"基础巩固\", \"学科\" : \"英语\", \"对应端类型\" : \"通用\"}"
"{\"年级\" : \"七年级\", \"关联题目数量\" : \"\", \"版本\" : \"\", \"册\" : \"下册\", \"题干集合\" : \"\", \"单元名称\" : \"U11\", \"设置的题目数量\" : 5, \"级别\" : \"基础巩固\", \"学科\" : \"英语\", \"对应端类型\" : \"通用\"}"
"{\"年级\" : \"三年级\", \"关联题目数量\" : 11, \"版本\" : \"湘少版\", \"册\" : \"上册\", \"题干集合\" : \",,<p>What's your name?<\\/p>,,<p>Stand up, please.<\\/p>,,<p>Your name is Anne.<\\/p>,,<p>Sit down, please.<\\/p>,<p>My name is Anne.<\\/p>,\", \"单元名称\" : \"Unit 3 What's your name?\", \"设置的题目数量\" : 5, \"级别\" : \"难点突破\", \"学科\" : \"英语\", \"对应端类型\" : \"app\"}"
"{\"年级\" : \"五年级\", \"关联题目数量\" : \"\", \"版本\" : \"教科版\", \"册\" : \"上册\", \"题干集合\" : \"\", \"单元名称\" : \"Unit 5 Where is Ben?\", \"设置的题目数量\" : 5, \"级别\" : \"难点突破\", \"学科\" : \"英语\", \"对应端类型\" : \"通用\"}"
"{\"年级\" : \"四年级\", \"关联题目数量\" : 15, \"版本\" : \"\", \"册\" : \"下册\", \"题干集合\" : \"<p>What is he like?<\\/p>,<p>Peter和同学们在进行期末互评。听一听，他是怎么评价Helen的呢？<\\/p>,,<p>Sometimes I help her with Chinese.<\\/p>,<p>Milly在和妈妈分享活动照片。听一听，妈妈问了什么问题呢？<\\/p>,<p>Peter和同学们在进行期末互评。听一听，他是怎么评价Mike的呢？<\\/p>,,,,,,<p>He is active.<\\/p>,<p>Peter和同学们在进行期末互评。听一听，他是怎么评价Mary的呢？<\\/p>,<p>Milly在和妈妈分享活动照片。听一听，妈妈问了什么问题呢？<\\/p>,<p>Milly在和妈妈分享活动照片。听一听，她是怎么评价好朋友的呢？<\\/p>\", \"单元名称\" : \"Unit 4 She is a helpful girl\", \"设置的题目数量\" : 15, \"级别\" : \"综合进阶\", \"学科\" : \"英语\", \"对应端类型\" : \"通用\"}"
"{\"年级\" : \"五年级\", \"关联题目数量\" : 10, \"版本\" : \"湘鲁版\", \"册\" : \"上册\", \"题干集合\" : \"<p>|space<||>space| |space<||>space| |space<||>space| |space<||>space| |space<||>space| |space<||>space|<\\/p>,,<p>|space<||>space| |space<||>space| |space<||>space| |space<||>space| |space<||>space|<\\/p>,<p>|space<||>space| |space<||>space| |space<||>space| |space<||>space| |space<||>space|<\\/p>,<p>|space<||>space| |space<||>space| |space<||>space| |space<||>space| |space<||>space|<\\/p>,,,<p>|space<||>space| |space<||>space| |space<||>space| |space<||>space| |space<||>space|<\\/p>,<p>into<\\/p>,\", \"单元名称\" : \"Unit 9 Christmas\", \"设置的题目数量\" : 5, \"级别\" : \"综合进阶\", \"学科\" : \"英语\", \"对应端类型\" : \"app\"}"
"{\"年级\" : \"三年级\", \"关联题目数量\" : \"\", \"版本\" : \"\", \"册\" : \"上册\", \"题干集合\" : \"\", \"单元名称\" : \"U12\", \"设置的题目数量\" : 5, \"级别\" : \"综合进阶\", \"学科\" : \"英语\", \"对应端类型\" : \"通用\"}"
"{\"年级\" : \"三年级\", \"关联题目数量\" : 10, \"版本\" : \"湘少版\", \"册\" : \"上册\", \"题干集合\" : \"<p>b|space<||>space| |space<||>space| |space<||>space|tiful<\\/p>,<p>sch|space<||>space| |space<||>space|lbag<\\/p>,,,,,,,,\", \"单元名称\" : \"Unit 8 What's this?\", \"设置的题目数量\" : 5, \"级别\" : \"综合进阶\", \"学科\" : \"英语\", \"对应端类型\" : \"app\"}"
"{\"年级\" : \"三年级\", \"关联题目数量\" : \"\", \"版本\" : \"\", \"册\" : \"上册\", \"题干集合\" : \"\", \"单元名称\" : \"U10\", \"设置的题目数量\" : 5, \"级别\" : \"基础巩固\", \"学科\" : \"英语\", \"对应端类型\" : \"通用\"}"
"{\"年级\" : \"五年级\", \"关联题目数量\" : \"\", \"版本\" : \"人教版（三起）\", \"册\" : \"下册\", \"题干集合\" : \"\", \"单元名称\" : \"U12\", \"设置的题目数量\" : 5, \"级别\" : \"基础巩固\", \"学科\" : \"英语\", \"对应端类型\" : \"app\"}"
"{\"年级\" : \"七年级\", \"关联题目数量\" : 1, \"版本\" : \"人教版\", \"册\" : \"上册\", \"题干集合\" : \"\", \"单元名称\" : \"Unit 6 Do you like bananas?\", \"设置的题目数量\" : 1, \"级别\" : \"听独白选答案\", \"学科\" : \"英语\", \"对应端类型\" : \"通用\"}"
"{\"年级\" : \"五年级\", \"关联题目数量\" : 12, \"版本\" : \"湘少版\", \"册\" : \"下册\", \"题干集合\" : \",,,,,,,,,,,\", \"单元名称\" : \"Unit 1 We're going to read stories\", \"设置的题目数量\" : 5, \"级别\" : \"基础巩固\", \"学科\" : \"英语\", \"对应端类型\" : \"app\"}"
"{\"年级\" : \"三年级\", \"关联题目数量\" : 10, \"版本\" : \"\", \"册\" : \"下册\", \"题干集合\" : \"<p>Tom在询问爸爸本周的家庭运动计划。听一听他们的对话，判断Tom妹妹的陈述与对话内容是否相符。<\\/p><p>We do Tai Chi on Sunday.<\\/p>,<p>Tom在邀请Andy一起去运动。听一听，帮助Tom选择合适的答语。<\\/p>,<p>教室里，同学们在讨论自己的运动计划。听一听他们的发言，按照听到的顺序，给句子排序。<\\/p>,<p>同学们在向体育老师询问本周的运动计划。听一听他们的对话，选出与对话内容相符的图片。<\\/p>,<p>Tom在邀请Andy一起去运动。听一听，帮助Tom选择合适的答语。<\\/p>,<p>同学们在向体育老师询问本周的运动计划。听一听他们的对话，判断下面图片与对话内容是否相符。<\\/p>,<p>Tom在询问爸爸本周的家庭运动计划。听一听他们的对话，判断Tom妹妹的陈述与对话内容是否相符。<\\/p><p>We play ping-pong on Wednesday.<\\/p>,<p>周一早晨，爸爸在宣布本周的家庭运动计划。听一听爸爸的描述，将星期与运动连线。<\\/p>,<p>同学们在向体育老师询问本周的运动计划。听一听他们的对话，判断下面图片与对话内容是否相符。<\\/p>,<p>同学们在向体育老师询问本周的运动计划。听一听他们的对话，选出与对话内容相符的图片。<\\/p>\", \"单元名称\" : \"Unit 5 We play basketball on Monday\", \"设置的题目数量\" : 5, \"级别\" : \"难点突破\", \"学科\" : \"英语\", \"对应端类型\" : \"通用\"}"
"{\"年级\" : \"五年级\", \"关联题目数量\" : \"\", \"版本\" : \"湘鲁版\", \"册\" : \"下册\", \"题干集合\" : \"\", \"单元名称\" : \"期中复习\", \"设置的题目数量\" : 5, \"级别\" : \"难点突破\", \"学科\" : \"英语\", \"对应端类型\" : \"app\"}"
"{\"年级\" : \"八年级\", \"关联题目数量\" : 1, \"版本\" : \"人教版\", \"册\" : \"上册\", \"题干集合\" : \"\", \"单元名称\" : \"Unit 8 How do you make a banana milk shake?\", \"设置的题目数量\" : 1, \"级别\" : \"听长对话选答案\", \"学科\" : \"英语\", \"对应端类型\" : \"通用\"}"
"{\"年级\" : \"八年级\", \"关联题目数量\" : 1, \"版本\" : \"\", \"册\" : \"上册\", \"题干集合\" : \"\", \"单元名称\" : \"Unit 2 Home Sweet Home\", \"设置的题目数量\" : 1, \"级别\" : \"听长对话选答案\", \"学科\" : \"英语\", \"对应端类型\" : \"通用\"}"
"{\"年级\" : \"八年级\", \"关联题目数量\" : 1, \"版本\" : \"人教版\", \"册\" : \"上册\", \"题干集合\" : \"\", \"单元名称\" : \"Unit 2 How often do you exercise?\", \"设置的题目数量\" : 1, \"级别\" : \"听长对话选答案\", \"学科\" : \"英语\", \"对应端类型\" : \"通用\"}"
"{\"年级\" : \"六年级\", \"关联题目数量\" : 10, \"版本\" : \"湘鲁版\", \"册\" : \"下册\", \"题干集合\" : \",,,,,,,,,\", \"单元名称\" : \"Unit 2  Is she your mum's favourite singer?\", \"设置的题目数量\" : 5, \"级别\" : \"基础巩固\", \"学科\" : \"英语\", \"对应端类型\" : \"app\"}"
"{\"年级\" : \"三年级\", \"关联题目数量\" : 10, \"版本\" : \"湘少版（2024审定）\", \"册\" : \"下册\", \"题干集合\" : \"<p>上周天气变化莫测，Lily记录下了她对天气的感受。听录音，选出与录音内容相符的图片。<\\/p>,<p>Amy在看天气预报，天气预报里出现了哪些天气？听一听，判断所听单词与所给图片是否相符。<\\/p>,<p>Amy在看天气预报，天气预报里出现了哪些天气？听一听，判断所听单词与所给图片是否相符。<\\/p>,<p>Amy在看天气预报，天气预报里出现了哪些天气？听一听，判断所听单词与所给图片是否相符。<\\/p>,<p>上周天气变化莫测，Lily记录下了她对天气的感受。听录音，选出与录音内容相符的图片。<\\/p>,<p>Amy在看天气预报，天气预报里出现了哪些天气？听一听，判断所听单词与所给图片是否相符。<\\/p>,<p>上周天气变化莫测，Lily记录下了她对天气的感受。听录音，选出与录音内容相符的图片。<\\/p>,<p>Lingling正在朗读单词。听一听，选出Lingling正在读的单词。<\\/p>,<p>Lingling正在朗读单词。听一听，选出Lingling正在读的单词。<\\/p>,<p>Amy在看天气预报，天气预报里出现了哪些天气？听一听，判断所听单词与所给图片是否相符。<\\/p>\", \"单元名称\" : \"Unit 3 What's the weather like?\", \"设置的题目数量\" : 5, \"级别\" : \"基础巩固\", \"学科\" : \"英语\", \"对应端类型\" : \"通用\"}"
"{\"年级\" : \"七年级\", \"关联题目数量\" : 1, \"版本\" : \"人教版\", \"册\" : \"上册\", \"题干集合\" : \"\", \"单元名称\" : \"Unit 9 My favorite subject is science.\", \"设置的题目数量\" : 1, \"级别\" : \"听长对话选答案\", \"学科\" : \"英语\", \"对应端类型\" : \"通用\"}"
"{\"年级\" : \"四年级\", \"关联题目数量\" : 10, \"版本\" : \"人教版（三起）\", \"册\" : \"上册\", \"题干集合\" : \",,,,,,,,,\", \"单元名称\" : \"Unit 1 My classroom\", \"设置的题目数量\" : 5, \"级别\" : \"基础巩固\", \"学科\" : \"英语\", \"对应端类型\" : \"app\"}"
"{\"年级\" : \"五年级\", \"关联题目数量\" : 11, \"版本\" : \"湘少版\", \"册\" : \"下册\", \"题干集合\" : \",,,,,,,,,,<p>最喜欢的<\\/p>\", \"单元名称\" : \"Unit 6 I'll make a beautiful card\", \"设置的题目数量\" : 5, \"级别\" : \"基础巩固\", \"学科\" : \"英语\", \"对应端类型\" : \"app\"}"
"{\"年级\" : \"六年级\", \"关联题目数量\" : \"\", \"版本\" : \"教科版\", \"册\" : \"上册\", \"题干集合\" : \"\", \"单元名称\" : \"Unit 12 Other festivals in China\", \"设置的题目数量\" : 5, \"级别\" : \"难点突破\", \"学科\" : \"英语\", \"对应端类型\" : \"通用\"}"
"{\"年级\" : \"三年级\", \"关联题目数量\" : \"\", \"版本\" : \"\", \"册\" : \"下册\", \"题干集合\" : \"\", \"单元名称\" : \"U12\", \"设置的题目数量\" : 5, \"级别\" : \"基础巩固\", \"学科\" : \"英语\", \"对应端类型\" : \"通用\"}"
"{\"年级\" : \"三年级\", \"关联题目数量\" : 13, \"版本\" : \"湘少版（2024审定）\", \"册\" : \"上册\", \"题干集合\" : \",,,,,,,,,,<p>Alice is Amy's grandmother.<\\/p>,<p>Ben is Linda's brother.<\\/p>,\", \"单元名称\" : \"Unit 4 This is my family\", \"设置的题目数量\" : 5, \"级别\" : \"难点突破\", \"学科\" : \"英语\", \"对应端类型\" : \"通用\"}"
"{\"年级\" : \"四年级\", \"关联题目数量\" : 10, \"版本\" : \"湘少版\", \"册\" : \"上册\", \"题干集合\" : \"<p>|space<||>space| |space<||>space|t<\\/p>,<p>br|space<||>space| |space<||>space|d<\\/p>,<p>b|space<||>space|sc|space<||>space| |space<||>space|t<\\/p>,,,,,,,<p>h|space<||>space| |space<||>space|gry<\\/p>\", \"单元名称\" : \"Unit 5 I like noodles\", \"设置的题目数量\" : 5, \"级别\" : \"综合进阶\", \"学科\" : \"英语\", \"对应端类型\" : \"app\"}"
"{\"年级\" : \"六年级\", \"关联题目数量\" : 10, \"版本\" : \"湘少版\", \"册\" : \"上册\", \"题干集合\" : \"<p>blouse <\\/p>,<p>clever<\\/p>,,,<p>decide<\\/p>,,<p>than<\\/p>,,,NULL\", \"单元名称\" : \"Unit 9 This bird is bigger than the first one\", \"设置的题目数量\" : 5, \"级别\" : \"基础巩固\", \"学科\" : \"英语\", \"对应端类型\" : \"app\"}"
"{\"年级\" : \"六年级\", \"关联题目数量\" : 10, \"版本\" : \"湘鲁版\", \"册\" : \"下册\", \"题干集合\" : \"<p>He saved many people's |space<||>space|.<\\/p>,<p>Chairman Mao was a great |space<||>space|.<\\/p>,<p>她是谁？<\\/p>,<p>He wrote many great |space<||>space|.<\\/p>,<p>她现在是一位伟大的科学家。<\\/p>,<p>他是一位英雄。<\\/p>,<p>She was a |space<||>space| woman.<\\/p>,<p>Einstein was born in |space<||>space|.<\\/p>,<p>他住在德国。<\\/p>,<p>很多人向她学习。<\\/p>\", \"单元名称\" : \"Unit 3  Who was she?\", \"设置的题目数量\" : 5, \"级别\" : \"难点突破\", \"学科\" : \"英语\", \"对应端类型\" : \"app\"}"
"{\"年级\" : \"四年级\", \"关联题目数量\" : \"\", \"版本\" : \"湘鲁版\", \"册\" : \"下册\", \"题干集合\" : \"\", \"单元名称\" : \"U10\", \"设置的题目数量\" : 5, \"级别\" : \"难点突破\", \"学科\" : \"英语\", \"对应端类型\" : \"app\"}"
"{\"年级\" : \"五年级\", \"关联题目数量\" : 10, \"版本\" : \"人教版（三起）\", \"册\" : \"下册\", \"题干集合\" : \",,,,,,,,,\", \"单元名称\" : \"Unit 3 My school calendar\", \"设置的题目数量\" : 5, \"级别\" : \"基础巩固\", \"学科\" : \"英语\", \"对应端类型\" : \"app\"}"
"{\"年级\" : \"七年级\", \"关联题目数量\" : 1, \"版本\" : \"人教版\", \"册\" : \"下册\", \"题干集合\" : \"<p>1.|space<||>space|<\\/p><p>2.|space<||>space|<\\/p><p>3.|space<||>space|<\\/p><p>4.|space<||>space|<\\/p><p>5.|space<||>space|<\\/p>\", \"单元名称\" : \"Unit 11 How was your school trip?\", \"设置的题目数量\" : 1, \"级别\" : \"听短文完成题目\", \"学科\" : \"英语\", \"对应端类型\" : \"通用\"}"
"{\"年级\" : \"四年级\", \"关联题目数量\" : \"\", \"版本\" : \"\", \"册\" : \"下册\", \"题干集合\" : \"\", \"单元名称\" : \"Units 7-9 测试卷\", \"设置的题目数量\" : 5, \"级别\" : \"基础巩固\", \"学科\" : \"英语\", \"对应端类型\" : \"通用\"}"
"{\"年级\" : \"四年级\", \"关联题目数量\" : \"\", \"版本\" : \"教科版（2024审定）\", \"册\" : \"上册\", \"题干集合\" : \"\", \"单元名称\" : \"期中复习\", \"设置的题目数量\" : 5, \"级别\" : \"难点突破\", \"学科\" : \"英语\", \"对应端类型\" : \"通用\"}"
"{\"年级\" : \"三年级\", \"关联题目数量\" : 10, \"版本\" : \"湘少版（2024审定）\", \"册\" : \"下册\", \"题干集合\" : \"<p>早上，妈妈看到Cindy还没起床。妈妈和Cindy会说些什么？听一听，选出你所听到的句子。<\\/p>,<p>Tim制定了一份时间表，正在给Dino介绍呢。听录音，选出与所听内容相符的图片。<\\/p>,<p>课堂上，老师正在教大家认识钟表。听录音，判断下列图片与所听内容是否相符。<\\/p>,<p>早上，妈妈看到Cindy还没起床。妈妈和Cindy会说些什么？听一听，选出你所听到的句子。<\\/p>,<p>课堂上，老师正在教大家认识钟表。听录音，判断下列图片与所听内容是否相符。<\\/p>,<p>早上，妈妈看到Cindy还没起床。妈妈和Cindy会说些什么？听一听，选出你所听到的句子。<\\/p>,<p>Tim正在做手工，他做了什么？听录音，选出与所听内容相符的图片。<\\/p>,<p>早上，妈妈看到Cindy还没起床。妈妈和Cindy会说些什么？听一听，选出你所听到的句子。<\\/p>,<p>Tim制定了一份时间表，正在给Dino介绍呢。听录音，选出与所听内容相符的图片。<\\/p>,<p>Tim制定了一份时间表，正在给Dino介绍呢。听录音，选出与所听内容相符的图片。<\\/p>\", \"单元名称\" : \"Unit 2 What time is it?\", \"设置的题目数量\" : 5, \"级别\" : \"综合进阶\", \"学科\" : \"英语\", \"对应端类型\" : \"通用\"}"
"{\"年级\" : \"三年级\", \"关联题目数量\" : 10, \"版本\" : \"\", \"册\" : \"下册\", \"题干集合\" : \"<p>Amy放学回到家，她和妈妈会聊些什么呢？听一听，帮Amy选择合适的答语。<\\/p>,<p>Amy制定了一份时间表。听一听，选出与时间相符的活动。<\\/p>,<p>Amy放学回到家，她和妈妈会聊些什么呢？听一听，帮妈妈选择合适的答语。<\\/p>,<p>Amy制定了一份时间表。听一听，选出与时间相符的活动。<\\/p>,<p>听一听Amy和Anna在教室的对话，判断下面图片与对话内容是否相符。<\\/p>,<p>听一听Amy和Anna在教室的对话，判断下面图片与对话内容是否相符。<\\/p>,<p>Amy在整理自己的活动时间，听一听Amy和妈妈的对话，判断Amy的陈述与对话是否相符。<\\/p><p>I get up at 7 o'clock.<\\/p>,<p>Anna和好朋友们在谈论今天的日程。听一听，根据描述，将人物与活动连线。<\\/p>,<p>Amy在整理自己的活动时间，听一听Amy和妈妈的对话，判断Amy的陈述与对话是否相符。<\\/p><p>I have lunch at 12 o'clock.<\\/p>,<p>Amy想把日程表的时间打乱做成手账。听一听，按照听到的顺序，给句子排序。<\\/p>\", \"单元名称\" : \"Unit 1 It's time to go to school\", \"设置的题目数量\" : 5, \"级别\" : \"难点突破\", \"学科\" : \"英语\", \"对应端类型\" : \"通用\"}"
"{\"年级\" : \"六年级\", \"关联题目数量\" : 14, \"版本\" : \"人教版（三起）\", \"册\" : \"上册\", \"题干集合\" : \",,,,,,,,,,,,,\", \"单元名称\" : \"Unit 6 How do you feel?\", \"设置的题目数量\" : 5, \"级别\" : \"综合进阶\", \"学科\" : \"英语\", \"对应端类型\" : \"app\"}"
"{\"年级\" : \"六年级\", \"关联题目数量\" : \"\", \"版本\" : \"人教版（三起）\", \"册\" : \"下册\", \"题干集合\" : \"\", \"单元名称\" : \"U8\", \"设置的题目数量\" : 5, \"级别\" : \"综合进阶\", \"学科\" : \"英语\", \"对应端类型\" : \"通用\"}"
"{\"年级\" : \"三年级\", \"关联题目数量\" : \"\", \"版本\" : \"\", \"册\" : \"上册\", \"题干集合\" : \"\", \"单元名称\" : \"期末复习\", \"设置的题目数量\" : 5, \"级别\" : \"基础巩固\", \"学科\" : \"英语\", \"对应端类型\" : \"通用\"}"
"{\"年级\" : \"六年级\", \"关联题目数量\" : 16, \"版本\" : \"湘少版\", \"册\" : \"上册\", \"题干集合\" : \",NULL,NULL,,,,,<p>save <\\/p>,,,<p>clothes<\\/p>,,<p>shouldn't<\\/p>,<p>little<\\/p>,,NULL\", \"单元名称\" : \"Unit 8 We shouldn't waste water\", \"设置的题目数量\" : 5, \"级别\" : \"基础巩固\", \"学科\" : \"英语\", \"对应端类型\" : \"app\"}"
"{\"年级\" : \"三年级\", \"关联题目数量\" : 10, \"版本\" : \"湘鲁版\", \"册\" : \"下册\", \"题干集合\" : \",,,,,,<p>在学校 <\\/p>,,,\", \"单元名称\" : \"Unit 7  Where are you?\", \"设置的题目数量\" : 5, \"级别\" : \"综合进阶\", \"学科\" : \"英语\", \"对应端类型\" : \"app\"}"
"{\"年级\" : \"四年级\", \"关联题目数量\" : \"\", \"版本\" : \"人教版（三起）（2024审定）\", \"册\" : \"下册\", \"题干集合\" : \"\", \"单元名称\" : \"Units 5-6 测试卷\", \"设置的题目数量\" : 5, \"级别\" : \"难点突破\", \"学科\" : \"英语\", \"对应端类型\" : \"通用\"}"
"{\"年级\" : \"四年级\", \"关联题目数量\" : \"\", \"版本\" : \"教科版（2024审定）\", \"册\" : \"上册\", \"题干集合\" : \"\", \"单元名称\" : \"期末复习\", \"设置的题目数量\" : 5, \"级别\" : \"难点突破\", \"学科\" : \"英语\", \"对应端类型\" : \"通用\"}"
"{\"年级\" : \"五年级\", \"关联题目数量\" : 10, \"版本\" : \"湘鲁版\", \"册\" : \"下册\", \"题干集合\" : \",,,,,,,,,\", \"单元名称\" : \"Unit 8  I will study the moon.\", \"设置的题目数量\" : 5, \"级别\" : \"基础巩固\", \"学科\" : \"英语\", \"对应端类型\" : \"app\"}"
"{\"年级\" : \"三年级\", \"关联题目数量\" : 10, \"版本\" : \"人教版（三起）\", \"册\" : \"下册\", \"题干集合\" : \",,,,,,,,,\", \"单元名称\" : \"Unit 3 At the zoo\", \"设置的题目数量\" : 5, \"级别\" : \"基础巩固\", \"学科\" : \"英语\", \"对应端类型\" : \"通用\"}"
"{\"年级\" : \"四年级\", \"关联题目数量\" : \"\", \"版本\" : \"湘少版\", \"册\" : \"上册\", \"题干集合\" : \"\", \"单元名称\" : \"期末复习\", \"设置的题目数量\" : 5, \"级别\" : \"综合进阶\", \"学科\" : \"英语\", \"对应端类型\" : \"app\"}"
"{\"年级\" : \"五年级\", \"关联题目数量\" : 10, \"版本\" : \"湘少版\", \"册\" : \"下册\", \"题干集合\" : \",,,,,<p>|space<||>space| |space<||>space| |space<||>space| |space<||>space| |space<||>space| |space<||>space|<\\/p>,,,,\", \"单元名称\" : \"Unit 12 Where did you go？\", \"设置的题目数量\" : 5, \"级别\" : \"难点突破\", \"学科\" : \"英语\", \"对应端类型\" : \"app\"}"
"{\"年级\" : \"三年级\", \"关联题目数量\" : \"\", \"版本\" : \"\", \"册\" : \"上册\", \"题干集合\" : \"\", \"单元名称\" : \"期中复习\", \"设置的题目数量\" : 5, \"级别\" : \"基础巩固\", \"学科\" : \"英语\", \"对应端类型\" : \"通用\"}"
"{\"年级\" : \"七年级\", \"关联题目数量\" : \"\", \"版本\" : \"人教版\", \"册\" : \"上册\", \"题干集合\" : \"\", \"单元名称\" : \"Starter Unit 3 What color is it?\", \"设置的题目数量\" : 5, \"级别\" : \"基础巩固\", \"学科\" : \"英语\", \"对应端类型\" : \"通用\"}"
"{\"年级\" : \"五年级\", \"关联题目数量\" : 8, \"版本\" : \"湘少版\", \"册\" : \"上册\", \"题干集合\" : \",,,,,,,\", \"单元名称\" : \"Unit 8 Lingling helps her parents\", \"设置的题目数量\" : 5, \"级别\" : \"综合进阶\", \"学科\" : \"英语\", \"对应端类型\" : \"app\"}"
"{\"年级\" : \"三年级\", \"关联题目数量\" : 10, \"版本\" : \"人教版（三起）\", \"册\" : \"下册\", \"题干集合\" : \",,,,,,,,,\", \"单元名称\" : \"Unit 2 My family\", \"设置的题目数量\" : 10, \"级别\" : \"基础巩固\", \"学科\" : \"英语\", \"对应端类型\" : \"通用\"}"
"{\"年级\" : \"五年级\", \"关联题目数量\" : 15, \"版本\" : \"湘少版\", \"册\" : \"下册\", \"题干集合\" : \",<p>|space<||>space| |space<||>space| |space<||>space| |space<||>space|<\\/p>,,,<p>|space<||>space| |space<||>space| |space<||>space|<\\/p>,,<p>|space<||>space| |space<||>space| |space<||>space| |space<||>space| |space<||>space|<\\/p>,,,,,,,,\", \"单元名称\" : \"Unit 3 Let's make a kite\", \"设置的题目数量\" : 5, \"级别\" : \"难点突破\", \"学科\" : \"英语\", \"对应端类型\" : \"app\"}"
"{\"年级\" : \"三年级\", \"关联题目数量\" : 10, \"版本\" : \"湘鲁版\", \"册\" : \"下册\", \"题干集合\" : \",<p>鸭子<\\/p>,<p>动物<\\/p>,<p>绵羊<\\/p>,,,,,<p>蛇<\\/p>,\", \"单元名称\" : \"Unit 8  Do you have a pet?\", \"设置的题目数量\" : 5, \"级别\" : \"综合进阶\", \"学科\" : \"英语\", \"对应端类型\" : \"app\"}"
"{\"年级\" : \"三年级\", \"关联题目数量\" : 10, \"版本\" : \"人教版（三起）\", \"册\" : \"上册\", \"题干集合\" : \",,,,,,,,,\", \"单元名称\" : \"Unit 6 Happy birthday!\", \"设置的题目数量\" : 5, \"级别\" : \"基础巩固\", \"学科\" : \"英语\", \"对应端类型\" : \"app\"}"
"{\"年级\" : \"七年级\", \"关联题目数量\" : 1, \"版本\" : \"\", \"册\" : \"下册\", \"题干集合\" : \"\", \"单元名称\" : \"Unit 2 No Rules, No Order\", \"设置的题目数量\" : 1, \"级别\" : \"听独白选答案\", \"学科\" : \"英语\", \"对应端类型\" : \"通用\"}"
"{\"年级\" : \"四年级\", \"关联题目数量\" : \"\", \"版本\" : \"\", \"册\" : \"下册\", \"题干集合\" : \"\", \"单元名称\" : \"U12\", \"设置的题目数量\" : 5, \"级别\" : \"难点突破\", \"学科\" : \"英语\", \"对应端类型\" : \"通用\"}"
"{\"年级\" : \"三年级\", \"关联题目数量\" : \"\", \"版本\" : \"人教版（三起）（2024审定）\", \"册\" : \"上册\", \"题干集合\" : \"\", \"单元名称\" : \"U10\", \"设置的题目数量\" : 5, \"级别\" : \"难点突破\", \"学科\" : \"英语\", \"对应端类型\" : \"通用\"}"
"{\"年级\" : \"四年级\", \"关联题目数量\" : \"\", \"版本\" : \"\", \"册\" : \"下册\", \"题干集合\" : \"\", \"单元名称\" : \"U12\", \"设置的题目数量\" : 5, \"级别\" : \"基础巩固\", \"学科\" : \"英语\", \"对应端类型\" : \"通用\"}"
"{\"年级\" : \"四年级\", \"关联题目数量\" : 12, \"版本\" : \"\", \"册\" : \"下册\", \"题干集合\" : \"<p>John在带妹妹认识动物。听一听，他们在认识哪种动物呢？<\\/p>,<p>John在带妹妹认识动物。听一听，他们认识的是哪个场所的动物呢？<\\/p>,<p>John在带妹妹认识动物。听一听，他们在认识哪种动物呢？<\\/p>,,,,,,,,,\", \"单元名称\" : \"Unit 9 We get milk from cows\", \"设置的题目数量\" : 15, \"级别\" : \"基础巩固\", \"学科\" : \"英语\", \"对应端类型\" : \"通用\"}"
"{\"年级\" : \"四年级\", \"关联题目数量\" : 10, \"版本\" : \"湘鲁版\", \"册\" : \"上册\", \"题干集合\" : \",,,,,,,,,\", \"单元名称\" : \"Unit 3 I can run fast!\", \"设置的题目数量\" : 5, \"级别\" : \"综合进阶\", \"学科\" : \"英语\", \"对应端类型\" : \"app\"}"
"{\"年级\" : \"四年级\", \"关联题目数量\" : 15, \"版本\" : \"教科版（2024审定）\", \"册\" : \"上册\", \"题干集合\" : \"<p>Andy在朗读教材上的句子。听一听，下面句子是他所读的吗？<\\/p><p>Let me show you around.<\\/p>,<p>Peter去Jack家做客。听一听，Jack对他说了什么呢？<\\/p>,<p>妈妈在教Anna一些招待客人的礼貌用语。听一听，妈妈教了什么礼貌用语呢？<\\/p>,<p>Peter去Jack家做客。听一听，Jack对他说了什么呢？<\\/p>,<p>周六，Linda去看望爷爷奶奶。听一听，图片与爷爷说的话相符吗？<\\/p>,<p>Peter去Jack家做客。听一听，Peter对Jack说了什么呢？<\\/p>,<p>周六，Linda去看望爷爷奶奶。听一听，图片与她对爷爷说的话相符吗？<\\/p>,<p>妈妈在教Anna一些做客的礼貌用语。听一听，礼貌用语包含哪个场所呢？<\\/p>,<p>Tom在做翻译练习。请你听一听，和他一起找到句子的翻译吧！<\\/p>,<p>周六，Linda去看望爷爷奶奶。听一听，图片与爷爷说的话相符吗？<\\/p>,<p>Tom在做翻译练习。请你听一听，和他一起找到句子的翻译吧！<\\/p>,<p>Andy在朗读教材上的句子。听一听，下面句子是他所读的吗？<\\/p><p>May I have a look?<\\/p>,<p>妈妈在教Anna一些做客的礼貌用语。听一听，妈妈教了什么礼貌用语呢？<\\/p>,<p>Andy在朗读教材上的句子。听一听，下面句子是他所读的吗？<\\/p><p>Water is fine.<\\/p>,<p>Peter去Jack家做客。听一听，Jack对他说了什么呢？<\\/p>\", \"单元名称\" : \"Unit 1 Come on In!\", \"设置的题目数量\" : 5, \"级别\" : \"综合进阶\", \"学科\" : \"英语\", \"对应端类型\" : \"通用\"}"
"{\"年级\" : \"五年级\", \"关联题目数量\" : 10, \"版本\" : \"人教版（三起）\", \"册\" : \"下册\", \"题干集合\" : \"<p>I can |space<||>space| you the English books.<\\/p>,,<p>She's |space<||>space| to music in the classroom.<\\/p>,,,,<p>In China, we should keep to the |space<||>space|.<\\/p>,,<p>We can take |space<||>space| to use the crayons.<\\/p>,<p>Can I have a |space<||>space| at your storybook?<\\/p>\", \"单元名称\" : \"Unit 6 Work quietly!\", \"设置的题目数量\" : 5, \"级别\" : \"难点突破\", \"学科\" : \"英语\", \"对应端类型\" : \"app\"}"
"{\"年级\" : \"六年级\", \"关联题目数量\" : \"\", \"版本\" : \"湘鲁版\", \"册\" : \"上册\", \"题干集合\" : \"\", \"单元名称\" : \"期中复习\", \"设置的题目数量\" : 5, \"级别\" : \"综合进阶\", \"学科\" : \"英语\", \"对应端类型\" : \"app\"}"
"{\"年级\" : \"八年级\", \"关联题目数量\" : 1, \"版本\" : \"人教版\", \"册\" : \"下册\", \"题干集合\" : \"\", \"单元名称\" : \"Unit 3 Could you please clean your room?\", \"设置的题目数量\" : 1, \"级别\" : \"听独白选答案\", \"学科\" : \"英语\", \"对应端类型\" : \"通用\"}"
"{\"年级\" : \"三年级\", \"关联题目数量\" : 11, \"版本\" : \"教科版（2024审定）\", \"册\" : \"下册\", \"题干集合\" : \"<p>课堂上，Miss White在向同学们讲解校规。听一听，选出与Miss White所说内容相符的释义。<\\/p>,<p>课堂上，Miss White在向同学们讲解校规。听一听，选出与Miss White所说内容相符的释义。<\\/p>,<p>课堂上，同学们在玩“传声筒”游戏。听一听，判断他们所说内容与所给图片是否相符。<\\/p>,,<p> Sam正在读课程表。听一听，选出Sam所读的科目。<\\/p>,<p>课堂上，Miss White在向同学们讲解校规。听一听，选出与Miss White所说内容相符的释义。<\\/p>,<p> Sam正在读课程表。听一听，选出Sam所读的科目。<\\/p>,<p>课堂上，同学们在玩“传声筒”游戏。听一听，判断他们所说内容与所给图片是否相符。<\\/p>,<p>课堂上，同学们在玩“传声筒”游戏。听一听，判断他们所说内容与所给图片是否相符。<\\/p>,<p>Sam看到了哪些规则标识？听一听他的分享，给图片排序。<\\/p>,<p>课堂上，Miss White在向同学们讲解校规。听一听，选出与Miss White所说内容相符的释义。<\\/p>\", \"单元名称\" : \"Unit 7 School Rules\", \"设置的题目数量\" : 5, \"级别\" : \"基础巩固\", \"学科\" : \"英语\", \"对应端类型\" : \"通用\"}"
"{\"年级\" : \"三年级\", \"关联题目数量\" : \"\", \"版本\" : \"教科版（2024审定）\", \"册\" : \"上册\", \"题干集合\" : \"\", \"单元名称\" : \"U12\", \"设置的题目数量\" : 5, \"级别\" : \"难点突破\", \"学科\" : \"英语\", \"对应端类型\" : \"通用\"}"
"{\"年级\" : \"三年级\", \"关联题目数量\" : \"\", \"版本\" : \"湘少版（2024审定）\", \"册\" : \"下册\", \"题干集合\" : \"\", \"单元名称\" : \"期末复习\", \"设置的题目数量\" : 5, \"级别\" : \"综合进阶\", \"学科\" : \"英语\", \"对应端类型\" : \"通用\"}"
"{\"年级\" : \"四年级\", \"关联题目数量\" : 10, \"版本\" : \"\", \"册\" : \"下册\", \"题干集合\" : \",,<p>Tommy在记录朋友们想要的上课时间。听一听，他记录对了吗？<\\/p><p>Mike wants to have the music lesson on Saturday.<\\/p>,,,<p>老师在询问Jack的社团意向。听一听，他想加入哪个社团呢？<\\/p>,,<p>Tommy在记录朋友们想加入的社团名称。听一听，他记录对了吗？<\\/p><p>﻿Bob wants to join the Basketball Club.<\\/p>,,<p>课间，同学们在谈论学校的社团。听一听，他们分别想加入哪个社团呢？<\\/p>\", \"单元名称\" : \"Unit 3 What club do you want to join?\", \"设置的题目数量\" : 10, \"级别\" : \"难点突破\", \"学科\" : \"英语\", \"对应端类型\" : \"通用\"}"
"{\"年级\" : \"四年级\", \"关联题目数量\" : \"\", \"版本\" : \"\", \"册\" : \"下册\", \"题干集合\" : \"\", \"单元名称\" : \"U10\", \"设置的题目数量\" : 5, \"级别\" : \"综合进阶\", \"学科\" : \"英语\", \"对应端类型\" : \"通用\"}"
"{\"年级\" : \"五年级\", \"关联题目数量\" : 19, \"版本\" : \"人教版（三起）\", \"册\" : \"上册\", \"题干集合\" : \",,,,,,,,,,,,,,,,,,\", \"单元名称\" : \"Unit 4 What can you do?\", \"设置的题目数量\" : 5, \"级别\" : \"综合进阶\", \"学科\" : \"英语\", \"对应端类型\" : \"app\"}"
"{\"年级\" : \"六年级\", \"关联题目数量\" : \"\", \"版本\" : \"湘鲁版\", \"册\" : \"下册\", \"题干集合\" : \"\", \"单元名称\" : \"期中复习\", \"设置的题目数量\" : 5, \"级别\" : \"基础巩固\", \"学科\" : \"英语\", \"对应端类型\" : \"app\"}"
"{\"年级\" : \"四年级\", \"关联题目数量\" : 11, \"版本\" : \"湘鲁版\", \"册\" : \"下册\", \"题干集合\" : \"<p>hot<\\/p>,,,<p>windy<\\/p>,<p>snow<\\/p>,,,<p>cloud<\\/p>,,<p>sun<\\/p>,<p>fog<\\/p>\", \"单元名称\" : \"Unit 4  What's the weather like?\", \"设置的题目数量\" : 5, \"级别\" : \"基础巩固\", \"学科\" : \"英语\", \"对应端类型\" : \"app\"}"
"{\"年级\" : \"六年级\", \"关联题目数量\" : \"\", \"版本\" : \"人教版（三起）\", \"册\" : \"上册\", \"题干集合\" : \"\", \"单元名称\" : \"U12\", \"设置的题目数量\" : 5, \"级别\" : \"难点突破\", \"学科\" : \"英语\", \"对应端类型\" : \"app\"}"
"{\"年级\" : \"四年级\", \"关联题目数量\" : 16, \"版本\" : \"湘鲁版\", \"册\" : \"上册\", \"题干集合\" : \",,,,,,<p>应该<\\/p>,,<p>但是<\\/p>,,<p>黑板擦<\\/p>,<p>熊猫<\\/p>,,<p>汽车<\\/p>,,<p>电视机<\\/p>\", \"单元名称\" : \"Unit 1 What can you see?\", \"设置的题目数量\" : 5, \"级别\" : \"综合进阶\", \"学科\" : \"英语\", \"对应端类型\" : \"app\"}"
"{\"年级\" : \"五年级\", \"关联题目数量\" : \"\", \"版本\" : \"教科版\", \"册\" : \"上册\", \"题干集合\" : \"\", \"单元名称\" : \"Unit 5 Where is Ben?\", \"设置的题目数量\" : 5, \"级别\" : \"综合进阶\", \"学科\" : \"英语\", \"对应端类型\" : \"通用\"}"
"{\"年级\" : \"七年级\", \"关联题目数量\" : 1, \"版本\" : \"人教版\", \"册\" : \"下册\", \"题干集合\" : \"\", \"单元名称\" : \"Unit 8 Is there a post office near here?\", \"设置的题目数量\" : 1, \"级别\" : \"听独白选答案\", \"学科\" : \"英语\", \"对应端类型\" : \"通用\"}"
"{\"年级\" : \"五年级\", \"关联题目数量\" : 16, \"版本\" : \"湘少版\", \"册\" : \"上册\", \"题干集合\" : \"<p>short <\\/p>,<p>computer<\\/p>,,,<p>driver<\\/p>,,,,,,,,<p>till<\\/p>,,,\", \"单元名称\" : \"Unit 7 What time do you get up?\", \"设置的题目数量\" : 5, \"级别\" : \"基础巩固\", \"学科\" : \"英语\", \"对应端类型\" : \"app\"}"
"{\"年级\" : \"四年级\", \"关联题目数量\" : \"\", \"版本\" : \"\", \"册\" : \"上册\", \"题干集合\" : \"\", \"单元名称\" : \"Units 1-3 测试卷\", \"设置的题目数量\" : 5, \"级别\" : \"综合进阶\", \"学科\" : \"英语\", \"对应端类型\" : \"通用\"}"
"{\"年级\" : \"七年级\", \"关联题目数量\" : \"\", \"版本\" : \"人教版\", \"册\" : \"上册\", \"题干集合\" : \"\", \"单元名称\" : \"Starter Unit 1 Good morning!\", \"设置的题目数量\" : 5, \"级别\" : \"基础巩固\", \"学科\" : \"英语\", \"对应端类型\" : \"通用\"}"
"{\"年级\" : \"六年级\", \"关联题目数量\" : 20, \"版本\" : \"人教版（三起）\", \"册\" : \"上册\", \"题干集合\" : \",,,<p>hungry<\\/p>,<p>chase   <\\/p>,,,,,,,,<p>（使）受伤<\\/p>,,<p>有病；不舒服<\\/p>,,<p>sad <\\/p>,<p>see a doctor<\\/p>,,\", \"单元名称\" : \"Unit 6 How do you feel?\", \"设置的题目数量\" : 5, \"级别\" : \"基础巩固\", \"学科\" : \"英语\", \"对应端类型\" : \"app\"}"
"{\"年级\" : \"六年级\", \"关联题目数量\" : \"\", \"版本\" : \"人教版（三起）\", \"册\" : \"上册\", \"题干集合\" : \"\", \"单元名称\" : \"期末测试卷\", \"设置的题目数量\" : 5, \"级别\" : \"基础巩固\", \"学科\" : \"英语\", \"对应端类型\" : \"app\"}"
"{\"年级\" : \"四年级\", \"关联题目数量\" : \"\", \"版本\" : \"教科版\", \"册\" : \"上册\", \"题干集合\" : \"\", \"单元名称\" : \"Unit 4 I live in a big house\", \"设置的题目数量\" : 5, \"级别\" : \"基础巩固\", \"学科\" : \"英语\", \"对应端类型\" : \"通用\"}"
"{\"年级\" : \"三年级\", \"关联题目数量\" : \"\", \"版本\" : \"湘少版\", \"册\" : \"下册\", \"题干集合\" : \"\", \"单元名称\" : \"期末复习\", \"设置的题目数量\" : 5, \"级别\" : \"综合进阶\", \"学科\" : \"英语\", \"对应端类型\" : \"app\"}"
"{\"年级\" : \"四年级\", \"关联题目数量\" : \"\", \"版本\" : \"人教版（三起）（2024审定）\", \"册\" : \"下册\", \"题干集合\" : \"\", \"单元名称\" : \"U12\", \"设置的题目数量\" : 5, \"级别\" : \"综合进阶\", \"学科\" : \"英语\", \"对应端类型\" : \"通用\"}"
"{\"年级\" : \"四年级\", \"关联题目数量\" : 10, \"版本\" : \"人教版（三起）（2024审定）\", \"册\" : \"下册\", \"题干集合\" : \"<p>同学们在玩“猜一猜”的游戏。听一听，他们猜的是什么蔬菜呢？<\\/p>,,,<p>Mike去参观Mr Wang的农场，他在询问农场动物的数量。听一听，在数量上方填入正确的动物图片。<\\/p><p>|space<||>space|<\\/p><p>|space<||>space|<\\/p><p>|space<||>space|<\\/p><p>|space<||>space|<\\/p><p>|space<||>space|<\\/p>,<p>What colour are the tomatoes?<\\/p>,,,<p>同学们在玩“猜一猜”的游戏。听一听，他们猜的是什么动物呢？<\\/p>,<p>How many horses are there?<\\/p>,\", \"单元名称\" : \"Unit 5 Farms and us\", \"设置的题目数量\" : 5, \"级别\" : \"难点突破\", \"学科\" : \"英语\", \"对应端类型\" : \"通用\"}"
"{\"年级\" : \"七年级\", \"关联题目数量\" : 1, \"版本\" : \"人教版\", \"册\" : \"上册\", \"题干集合\" : \"\", \"单元名称\" : \"Unit 6 Do you like bananas?\", \"设置的题目数量\" : 1, \"级别\" : \"听长对话选答案\", \"学科\" : \"英语\", \"对应端类型\" : \"通用\"}"
"{\"年级\" : \"六年级\", \"关联题目数量\" : 23, \"版本\" : \"人教版（三起）\", \"册\" : \"上册\", \"题干集合\" : \"<p>fisherman<\\/p>,,,,,,,,,,<p>use<\\/p>,,,,,,,,<p>camp<\\/p>,,,,\", \"单元名称\" : \"Unit 5 What does he do?\", \"设置的题目数量\" : 5, \"级别\" : \"基础巩固\", \"学科\" : \"英语\", \"对应端类型\" : \"app\"}"
"{\"年级\" : \"八年级\", \"关联题目数量\" : \"\", \"版本\" : \"人教版\", \"册\" : \"上册\", \"题干集合\" : \"\", \"单元名称\" : \"U12\", \"设置的题目数量\" : 5, \"级别\" : \"难点突破\", \"学科\" : \"英语\", \"对应端类型\" : \"通用\"}"
"{\"年级\" : \"六年级\", \"关联题目数量\" : \"\", \"版本\" : \"人教版（三起）\", \"册\" : \"上册\", \"题干集合\" : \"\", \"单元名称\" : \"期中复习\", \"设置的题目数量\" : 5, \"级别\" : \"难点突破\", \"学科\" : \"英语\", \"对应端类型\" : \"app\"}"
"{\"年级\" : \"四年级\", \"关联题目数量\" : 15, \"版本\" : \"人教版（三起）（2024审定）\", \"册\" : \"下册\", \"题干集合\" : \",,,,,<p>英语课上，老师在播放一段英语绕口令。听一听，绕口令中包含下面哪个单词？<\\/p>,,<p>英语课上，老师在播放一段英语绕口令。听一听，绕口令中包含下面哪个单词？<\\/p>,,,,,,,\", \"单元名称\" : \"Unit 4 Going shopping\", \"设置的题目数量\" : 5, \"级别\" : \"基础巩固\", \"学科\" : \"英语\", \"对应端类型\" : \"通用\"}"
"{\"年级\" : \"五年级\", \"关联题目数量\" : \"\", \"版本\" : \"人教版（三起）\", \"册\" : \"下册\", \"题干集合\" : \"\", \"单元名称\" : \"U10\", \"设置的题目数量\" : 5, \"级别\" : \"基础巩固\", \"学科\" : \"英语\", \"对应端类型\" : \"app\"}"
"{\"年级\" : \"四年级\", \"关联题目数量\" : \"\", \"版本\" : \"人教版（三起）\", \"册\" : \"上册\", \"题干集合\" : \"\", \"单元名称\" : \"Units 1-3 测试卷\", \"设置的题目数量\" : 5, \"级别\" : \"难点突破\", \"学科\" : \"英语\", \"对应端类型\" : \"app\"}"
"{\"年级\" : \"六年级\", \"关联题目数量\" : \"\", \"版本\" : \"湘少版\", \"册\" : \"下册\", \"题干集合\" : \"\", \"单元名称\" : \"期末复习\", \"设置的题目数量\" : 5, \"级别\" : \"难点突破\", \"学科\" : \"英语\", \"对应端类型\" : \"app\"}"
"{\"年级\" : \"四年级\", \"关联题目数量\" : 15, \"版本\" : \"教科版（2024审定）\", \"册\" : \"上册\", \"题干集合\" : \"<p>John和爸爸妈妈在吃饭。听一听，下面句子是他说的话吗？<\\/p><p>Could you please pass me the tissues?<\\/p>,<p>Anna和妈妈在吃午餐。听一听，妈妈对Anna说了什么呢？<\\/p>,<p>Lily去Lucy家做客。听一听，Lily做了什么动作呢？<\\/p>,<p>Andy在爷爷家吃晚餐。听一听，图片是Andy提及的食物吗？<\\/p>,<p>Tom在餐厅点餐。听一听，图片是服务员提及的食物吗？<\\/p>,<p>Lily去Lucy家做客。听一听，Lucy提到了哪种食物呢？<\\/p>,<p>Mike在学习餐桌用语。听一听，请你帮他翻译一下吧！<\\/p>,<p>Lily和Lucy一起吃晚餐。听一听，Lily说了什么呢？<\\/p>,<p>午餐时间，John和好朋友在食堂排队。听一听，下面句子是他说的吗？<\\/p><p>Would you like some tofu?<\\/p>,<p>Andy在爷爷家吃晚餐。听一听，图片是爷爷提及的物品吗？<\\/p>,<p>Anna和妈妈在吃午餐。听一听，Anna对妈妈说了什么呢？<\\/p>,<p>John在夸奖爸爸做的晚餐，爸爸在回应他。听一听，下面句子是爸爸说的吗？<\\/p><p>I'm glad you like it.<\\/p>,<p>Anna邀请好朋友来家里吃饭。听一听，Anna对朋友说了什么呢？<\\/p>,<p>Anna和妈妈在吃午餐。听一听，妈妈对Anna说了什么呢？<\\/p>,<p>Mike在学习餐桌用语。听一听，请你帮他翻译一下吧！<\\/p>\", \"单元名称\" : \"Unit 2 Help Yourself\", \"设置的题目数量\" : 5, \"级别\" : \"综合进阶\", \"学科\" : \"英语\", \"对应端类型\" : \"通用\"}"
"{\"年级\" : \"五年级\", \"关联题目数量\" : 8, \"版本\" : \"湘鲁版\", \"册\" : \"上册\", \"题干集合\" : \",<p>Go straight and then turn right.<\\/p>,,<p>The bookshop is on the third floor.<\\/p>,,,,\", \"单元名称\" : \"Unit 2 Where is the library?\", \"设置的题目数量\" : 5, \"级别\" : \"难点突破\", \"学科\" : \"英语\", \"对应端类型\" : \"app\"}"
"{\"年级\" : \"三年级\", \"关联题目数量\" : 10, \"版本\" : \"人教版（三起）\", \"册\" : \"下册\", \"题干集合\" : \",,,,,,,,,\", \"单元名称\" : \"Unit 1 Welcome back to school!\", \"设置的题目数量\" : 5, \"级别\" : \"基础巩固\", \"学科\" : \"英语\", \"对应端类型\" : \"通用\"}"
"{\"年级\" : \"三年级\", \"关联题目数量\" : \"\", \"版本\" : \"教科版（2024审定）\", \"册\" : \"下册\", \"题干集合\" : \"\", \"单元名称\" : \"U11\", \"设置的题目数量\" : 5, \"级别\" : \"综合进阶\", \"学科\" : \"英语\", \"对应端类型\" : \"通用\"}"
"{\"年级\" : \"四年级\", \"关联题目数量\" : 15, \"版本\" : \"教科版（2024审定）\", \"册\" : \"下册\", \"题干集合\" : \",,,,,,,,,,,,,,\", \"单元名称\" : \"Unit 7 Let's Make a Call!\", \"设置的题目数量\" : 5, \"级别\" : \"基础巩固\", \"学科\" : \"英语\", \"对应端类型\" : \"通用\"}"
"{\"年级\" : \"六年级\", \"关联题目数量\" : \"\", \"版本\" : \"人教版（三起）\", \"册\" : \"下册\", \"题干集合\" : \"\", \"单元名称\" : \"U11\", \"设置的题目数量\" : 5, \"级别\" : \"难点突破\", \"学科\" : \"英语\", \"对应端类型\" : \"通用\"}"
"{\"年级\" : \"三年级\", \"关联题目数量\" : \"\", \"版本\" : \"人教版（三起）（2024审定）\", \"册\" : \"上册\", \"题干集合\" : \"\", \"单元名称\" : \"U12\", \"设置的题目数量\" : 5, \"级别\" : \"基础巩固\", \"学科\" : \"英语\", \"对应端类型\" : \"通用\"}"
"{\"年级\" : \"三年级\", \"关联题目数量\" : 15, \"版本\" : \"人教版（三起）（2024审定）\", \"册\" : \"下册\", \"题干集合\" : \"<p>小猪在用五官感受生活的乐趣。听一听，判断下面图片与小猪所用的感官是否相符。<\\/p>,<p>Lily在教弟弟认识新单词。听一听，选出Lily所教的单词。<\\/p>,<p>Lily对今天学习的几个单词不太熟悉。听一听，帮Lily选出单词的释义。<\\/p>,<p>Lily在教弟弟读英语绕口令。听一听，选出包含Lily所读音标对应的单词<\\/p>,<p>Lily在整理学习用品。听一听，选出Lily整理的物品。<\\/p>,<p>小猪在用五官感受生活的乐趣。听一听，判断下面图片与小猪所用的感官是否相符。<\\/p>,<p>小猪在用五官感受生活的乐趣。听一听，判断下面图片与小猪所用的感官是否相符。<\\/p>,<p>Lily在整理学习用品。听一听，选出Lily整理的物品。<\\/p>,<p>Lily对今天学习的几个单词不太熟悉。听一听，帮Lily选出单词的释义。<\\/p>,<p>小猪在用五官感受生活的乐趣。听一听，判断下面图片与小猪所用的感官是否相符。<\\/p>,<p>Lily在整理学习用品。听一听，选出Lily整理的物品。<\\/p>,<p>Lily在教弟弟认识新单词。听一听，选出Lily所教的单词。<\\/p>,<p>Lily对今天学习的几个单词不太熟悉。听一听，帮Lily选出单词的释义。<\\/p>,<p>Lily在教弟弟读英语绕口令。听一听，选出包含Lily所读音标对应的单词。<\\/p>,<p>Lily在教弟弟认识新单词。听一听，选出Lily所教的单词。<\\/p>\", \"单元名称\" : \"Unit 3 Learning better\", \"设置的题目数量\" : 5, \"级别\" : \"基础巩固\", \"学科\" : \"英语\", \"对应端类型\" : \"通用\"}"
"{\"年级\" : \"四年级\", \"关联题目数量\" : 10, \"版本\" : \"教科版（2024审定）\", \"册\" : \"下册\", \"题干集合\" : \"<p>Lucy needs the pink shirt.<\\/p>,,,<p>What does Tom need?<\\/p>,<p>Where do they start?<\\/p>,,,,,<p>They only need the shoes for spring.<\\/p>\", \"单元名称\" : \"Unit 6 Tidy Up My Closet\", \"设置的题目数量\" : 5, \"级别\" : \"难点突破\", \"学科\" : \"英语\", \"对应端类型\" : \"通用\"}"
"{\"年级\" : \"五年级\", \"关联题目数量\" : 10, \"版本\" : \"湘鲁版\", \"册\" : \"下册\", \"题干集合\" : \",<p>d|space<||>space|ff|space<||>space|cult<\\/p>,<p>sc|space<||>space| |space<||>space|nce<\\/p>,,,,,<p>t|space<||>space|met|space<||>space|ble<\\/p>,<p>|space<||>space|m|space<||>space|r|space<||>space|c|space<||>space|n<\\/p>,<p>S|space<||>space|c|space<||>space| |space<||>space|l St|space<||>space|dies<\\/p>\", \"单元名称\" : \"Unit 1  What subjects do you study?\", \"设置的题目数量\" : 5, \"级别\" : \"综合进阶\", \"学科\" : \"英语\", \"对应端类型\" : \"app\"}"
"{\"年级\" : \"四年级\", \"关联题目数量\" : \"\", \"版本\" : \"教科版（2024审定）\", \"册\" : \"上册\", \"题干集合\" : \"\", \"单元名称\" : \"U12\", \"设置的题目数量\" : 5, \"级别\" : \"综合进阶\", \"学科\" : \"英语\", \"对应端类型\" : \"通用\"}"
"{\"年级\" : \"六年级\", \"关联题目数量\" : \"\", \"版本\" : \"教科版\", \"册\" : \"上册\", \"题干集合\" : \"\", \"单元名称\" : \"Unit 7 What did you do yesterday?\", \"设置的题目数量\" : 5, \"级别\" : \"综合进阶\", \"学科\" : \"英语\", \"对应端类型\" : \"通用\"}"
"{\"年级\" : \"三年级\", \"关联题目数量\" : 10, \"版本\" : \"\", \"册\" : \"上册\", \"题干集合\" : \"<p>____ name is Helen.<\\/p>,,,<p>|space<||>space| |space<||>space| |space<||>space| |space<||>space| 's your name?<\\/p>,<p>Hello, I ____ Peter.<\\/p>,,,,<p>____, Linda.<\\/p>,\", \"单元名称\" : \"Unit 1 Hello!\", \"设置的题目数量\" : 5, \"级别\" : \"难点突破\", \"学科\" : \"英语\", \"对应端类型\" : \"通用\"}"
"{\"年级\" : \"三年级\", \"关联题目数量\" : 10, \"版本\" : \"人教版（三起）（2024审定）\", \"册\" : \"上册\", \"题干集合\" : \",,,,,,,,,\", \"单元名称\" : \"Unit 2 Different families\", \"设置的题目数量\" : 5, \"级别\" : \"难点突破\", \"学科\" : \"英语\", \"对应端类型\" : \"通用\"}"
"{\"年级\" : \"四年级\", \"关联题目数量\" : \"\", \"版本\" : \"湘少版（2024审定）\", \"册\" : \"上册\", \"题干集合\" : \"\", \"单元名称\" : \"期末复习\", \"设置的题目数量\" : 5, \"级别\" : \"难点突破\", \"学科\" : \"英语\", \"对应端类型\" : \"通用\"}"
"{\"年级\" : \"四年级\", \"关联题目数量\" : 15, \"版本\" : \"\", \"册\" : \"上册\", \"题干集合\" : \"<p>春天到了，Anne在分享自己想做的活动。听一听，图中是她想做的活动吗？<\\/p>,<p>课堂上，同学们在分享自己周末想做的活动。听一听，是哪位同学在分享呢？<\\/p>,<p>在魔法世界的知识考试中，小精灵们在听句子选择中文释义！一起加入它们吧！<\\/p>,<p>Tom在分享不同的天气下自己想做的活动。听一听，图中是他想做的活动吗？<\\/p>,<p>周末，Andy和家人出门游玩。听一听，他们在说什么呢？<\\/p>,<p>学校组织户外活动，老师在询问同学们的想法。听一听，是哪位同学在发言呢？<\\/p>,<p>课堂上，同学们在分享自己周末想做的活动。听一听，是哪位同学在分享呢？<\\/p>,<p>周末，Andy和家人打算出门游玩。听一听，他们在说什么呢？<\\/p>,<p>在魔法世界的知识考试中，小精灵们在听句子选择中文释义！一起加入它们吧！<\\/p>,<p>冬天到了，Andy在分享自己想做的活动。听一听，图中是他想做的活动吗？<\\/p>,<p>在魔法世界的知识考试中，小精灵们在听句子选择中文释义！一起加入它们吧！<\\/p>,<p>Tom在分享不同的天气下自己想做的活动。听一听，图中是他想做的活动吗？<\\/p>,<p>在魔法世界的知识考试中，小精灵们在听句子选择中文释义！一起加入它们吧！<\\/p>,<p>周末，Andy和家人出门游玩。听一听，他们在说什么呢？<\\/p>,<p>学校组织户外活动，老师在询问同学们的想法。听一听，是哪位同学在发言呢？<\\/p>\", \"单元名称\" : \"Unit 8 What do you want to do on sunny days?\", \"设置的题目数量\" : 5, \"级别\" : \"综合进阶\", \"学科\" : \"英语\", \"对应端类型\" : \"通用\"}"
"{\"年级\" : \"三年级\", \"关联题目数量\" : \"\", \"版本\" : \"人教版（三起）\", \"册\" : \"上册\", \"题干集合\" : \"\", \"单元名称\" : \"Units 1-3 测试卷\", \"设置的题目数量\" : 5, \"级别\" : \"基础巩固\", \"学科\" : \"英语\", \"对应端类型\" : \"app\"}"
"{\"年级\" : \"五年级\", \"关联题目数量\" : 10, \"版本\" : \"湘鲁版\", \"册\" : \"下册\", \"题干集合\" : \"<p>wa|space<||>space| |space<||>space|<\\/p>,,,,<p>thr|space<||>space| |space<||>space|<\\/p>,<p>s|space<||>space|d|space<||>space|<\\/p>,,,<p>l|space<||>space|t|space<||>space|<\\/p>,<p>sh|space<||>space| |space<||>space|t<\\/p>\", \"单元名称\" : \"Unit 5  You must come to school on time.\", \"设置的题目数量\" : 5, \"级别\" : \"综合进阶\", \"学科\" : \"英语\", \"对应端类型\" : \"app\"}"
"{\"年级\" : \"五年级\", \"关联题目数量\" : 10, \"版本\" : \"湘鲁版\", \"册\" : \"上册\", \"题干集合\" : \",,<p>去钓鱼<\\/p>,,<p>洗衣服<\\/p>,,,,<p>打扫房间<\\/p>,\", \"单元名称\" : \"Unit 5 What do you usually do?\", \"设置的题目数量\" : 5, \"级别\" : \"基础巩固\", \"学科\" : \"英语\", \"对应端类型\" : \"app\"}"
"{\"年级\" : \"五年级\", \"关联题目数量\" : \"\", \"版本\" : \"教科版\", \"册\" : \"上册\", \"题干集合\" : \"\", \"单元名称\" : \"Unit 11 What's the weather like today?\", \"设置的题目数量\" : 5, \"级别\" : \"综合进阶\", \"学科\" : \"英语\", \"对应端类型\" : \"通用\"}"
"{\"年级\" : \"四年级\", \"关联题目数量\" : \"\", \"版本\" : \"人教版（三起）\", \"册\" : \"上册\", \"题干集合\" : \"\", \"单元名称\" : \"期末测试卷\", \"设置的题目数量\" : 5, \"级别\" : \"综合进阶\", \"学科\" : \"英语\", \"对应端类型\" : \"app\"}"
"{\"年级\" : \"八年级\", \"关联题目数量\" : 1, \"版本\" : \"人教版\", \"册\" : \"上册\", \"题干集合\" : \"<p>1. |space<||>space|<\\/p><p>2. |space<||>space|<\\/p><p>3. |space<||>space|<\\/p><p>4. |space<||>space|<\\/p><p>5. |space<||>space|<\\/p>\", \"单元名称\" : \"Unit 6 I'm going to study computer science.\", \"设置的题目数量\" : 1, \"级别\" : \"听短文完成题目\", \"学科\" : \"英语\", \"对应端类型\" : \"通用\"}"
"{\"年级\" : \"六年级\", \"关联题目数量\" : \"\", \"版本\" : \"湘少版\", \"册\" : \"上册\", \"题干集合\" : \"\", \"单元名称\" : \"期中复习\", \"设置的题目数量\" : 5, \"级别\" : \"难点突破\", \"学科\" : \"英语\", \"对应端类型\" : \"app\"}"
"{\"年级\" : \"三年级\", \"关联题目数量\" : 13, \"版本\" : \"湘少版\", \"册\" : \"上册\", \"题干集合\" : \"<p>come to<\\/p>,<p>panda<\\/p>,<p>all right<\\/p>,<p>lion<\\/p>,,<p>that<\\/p>,<p>b|space<||>space| |space<||>space|d<\\/p>,<p>body<\\/p>,<p>tiger<\\/p>,,,,\", \"单元名称\" : \"Unit 11 I like the bird\", \"设置的题目数量\" : 5, \"级别\" : \"综合进阶\", \"学科\" : \"英语\", \"对应端类型\" : \"app\"}"
"{\"年级\" : \"五年级\", \"关联题目数量\" : \"\", \"版本\" : \"人教版（三起）\", \"册\" : \"上册\", \"题干集合\" : \"\", \"单元名称\" : \"U7\", \"设置的题目数量\" : 5, \"级别\" : \"难点突破\", \"学科\" : \"英语\", \"对应端类型\" : \"app\"}"
"{\"年级\" : \"六年级\", \"关联题目数量\" : 15, \"版本\" : \"人教版（三起）\", \"册\" : \"下册\", \"题干集合\" : \",,,<p>晚餐时间<\\/p>,,,,,,,,,,,\", \"单元名称\" : \"Unit 4 Then and now\", \"设置的题目数量\" : 5, \"级别\" : \"基础巩固\", \"学科\" : \"英语\", \"对应端类型\" : \"通用\"}"
"{\"年级\" : \"七年级\", \"关联题目数量\" : 1, \"版本\" : \"\", \"册\" : \"上册\", \"题干集合\" : \"\", \"单元名称\" : \"Unit 4 My Favourite Subject\", \"设置的题目数量\" : 1, \"级别\" : \"听独白选答案\", \"学科\" : \"英语\", \"对应端类型\" : \"通用\"}"
"{\"年级\" : \"四年级\", \"关联题目数量\" : \"\", \"版本\" : \"湘鲁版\", \"册\" : \"上册\", \"题干集合\" : \"\", \"单元名称\" : \"期末复习\", \"设置的题目数量\" : 5, \"级别\" : \"综合进阶\", \"学科\" : \"英语\", \"对应端类型\" : \"app\"}"
"{\"年级\" : \"八年级\", \"关联题目数量\" : \"\", \"版本\" : \"\", \"册\" : \"上册\", \"题干集合\" : \"\", \"单元名称\" : \"期末复习\", \"设置的题目数量\" : 5, \"级别\" : \"基础巩固\", \"学科\" : \"英语\", \"对应端类型\" : \"通用\"}"
"{\"年级\" : \"五年级\", \"关联题目数量\" : \"\", \"版本\" : \"湘鲁版\", \"册\" : \"下册\", \"题干集合\" : \"\", \"单元名称\" : \"U12\", \"设置的题目数量\" : 5, \"级别\" : \"难点突破\", \"学科\" : \"英语\", \"对应端类型\" : \"app\"}"
"{\"年级\" : \"四年级\", \"关联题目数量\" : 13, \"版本\" : \"湘少版\", \"册\" : \"上册\", \"题干集合\" : \"<p>s|space<||>space| |space<||>space|<\\/p>,<p>mouse<\\/p>,,,<p>str|space<||>space| |space<||>space| |space<||>space|<\\/p>,<p>arm<\\/p>,,,,,<p>say<\\/p>,<p>too<\\/p>,<p>funny<\\/p>\", \"单元名称\" : \"Unit 3 Look at this elephant\", \"设置的题目数量\" : 5, \"级别\" : \"综合进阶\", \"学科\" : \"英语\", \"对应端类型\" : \"app\"}"
"{\"年级\" : \"四年级\", \"关联题目数量\" : \"\", \"版本\" : \"人教版（三起）（2024审定）\", \"册\" : \"下册\", \"题干集合\" : \"\", \"单元名称\" : \"期中复习\", \"设置的题目数量\" : 5, \"级别\" : \"难点突破\", \"学科\" : \"英语\", \"对应端类型\" : \"通用\"}"
"{\"年级\" : \"七年级\", \"关联题目数量\" : 1, \"版本\" : \"人教版\", \"册\" : \"下册\", \"题干集合\" : \"<p>1.|space<||>space|<\\/p><p>2.|space<||>space|<\\/p><p>3.|space<||>space|<\\/p><p>4.|space<||>space|<\\/p><p>5.|space<||>space|<\\/p>\", \"单元名称\" : \"Unit 3 How do you get to school?\", \"设置的题目数量\" : 1, \"级别\" : \"听短文完成题目\", \"学科\" : \"英语\", \"对应端类型\" : \"通用\"}"
"{\"年级\" : \"三年级\", \"关联题目数量\" : 10, \"版本\" : \"湘鲁版\", \"册\" : \"下册\", \"题干集合\" : \",,,,,,,,,\", \"单元名称\" : \"Unit 5  Pass me the milk, please!\", \"设置的题目数量\" : 5, \"级别\" : \"难点突破\", \"学科\" : \"英语\", \"对应端类型\" : \"app\"}"
"{\"年级\" : \"八年级\", \"关联题目数量\" : 5, \"版本\" : \"\", \"册\" : \"上册\", \"题干集合\" : \"<p>Where did Emma go on vacation?<\\/p>,<p>What did Mike do during his holiday?<\\/p>,<p>Why didn't Jack enjoy his holiday?<\\/p>,<p>How long did Lily stay in Shanghai?<\\/p>,<p>How was Peter's holiday?<\\/p>\", \"单元名称\" : \"Unit 1 Happy Holiday\", \"设置的题目数量\" : 5, \"级别\" : \"听短对话选答案\", \"学科\" : \"英语\", \"对应端类型\" : \"通用\"}"
"{\"年级\" : \"四年级\", \"关联题目数量\" : 10, \"版本\" : \"人教版（三起）\", \"册\" : \"下册\", \"题干集合\" : \"<p>art room<\\/p>,,,,<p>first floor<\\/p>,,,<p>next time<\\/p>,,<p>teacher's desk<\\/p>\", \"单元名称\" : \"Unit 1 My school\", \"设置的题目数量\" : 5, \"级别\" : \"综合进阶\", \"学科\" : \"英语\", \"对应端类型\" : \"app\"}"
"{\"年级\" : \"五年级\", \"关联题目数量\" : \"\", \"版本\" : \"人教版（三起）\", \"册\" : \"上册\", \"题干集合\" : \"\", \"单元名称\" : \"U8\", \"设置的题目数量\" : 5, \"级别\" : \"基础巩固\", \"学科\" : \"英语\", \"对应端类型\" : \"app\"}"
"{\"年级\" : \"三年级\", \"关联题目数量\" : 15, \"版本\" : \"湘少版（2024审定）\", \"册\" : \"上册\", \"题干集合\" : \",<p>Good morning, Peter.<\\/p>,<p>Let's put the balls back.<\\/p>,,,,,,,,<p>I'm Benny.<\\/p>,<p>What's your name?<\\/p>,,,\", \"单元名称\" : \"Unit 2 What's your name?\", \"设置的题目数量\" : 5, \"级别\" : \"综合进阶\", \"学科\" : \"英语\", \"对应端类型\" : \"通用\"}"
"{\"年级\" : \"四年级\", \"关联题目数量\" : 10, \"版本\" : \"人教版（三起）（2024审定）\", \"册\" : \"上册\", \"题干集合\" : \"<p>在“我身边的职业”主题绘画比赛中，Linda正在介绍自己的作品。听一听，她的介绍与作品相符吗？<\\/p>,<p>在“我身边的职业”主题绘画比赛中，Tom正在介绍自己的作品。听一听，哪幅是他的作品呢？<\\/p>,<p>同学们在职业科普馆看到了很多职业介绍。听一听，下面句子与他们的对话相符吗？<\\/p><p>Jack cleans the community.<\\/p>,<p>Anna在和哥哥谈论邻居的工作。听一听，帮哥哥回答Anna的话吧！<\\/p>,<p>同学们今天去敬老院探望老人。听一听，他们分别为老人做了什么呢？<\\/p>,<p>在“我身边的职业”主题绘画比赛中，Mary正在介绍自己的作品。听一听，她的介绍与作品相符吗？<\\/p>,<p>同学们在职业科普馆看到了很多职业介绍。听一听，下面句子与他们的对话相符吗？<\\/p><p>Anna's father cooks nice food.<\\/p>,<p>Jack正在复习今天学习的句子。听一听，他复习的顺序是怎样的呢？<\\/p>,<p>在“我身边的职业”主题绘画比赛中，Leo正在介绍自己的作品。听一听，哪幅是他的作品呢？<\\/p>,<p>Sarah看到同学们在参加社区活动。听一听，她依次看到了哪些同学在参加活动？<\\/p>\", \"单元名称\" : \"Unit 4 Helping in the community\", \"设置的题目数量\" : 5, \"级别\" : \"难点突破\", \"学科\" : \"英语\", \"对应端类型\" : \"通用\"}"
"{\"年级\" : \"三年级\", \"关联题目数量\" : \"\", \"版本\" : \"湘少版（2024审定）\", \"册\" : \"上册\", \"题干集合\" : \"\", \"单元名称\" : \"期末复习\", \"设置的题目数量\" : 5, \"级别\" : \"难点突破\", \"学科\" : \"英语\", \"对应端类型\" : \"通用\"}"
"{\"年级\" : \"六年级\", \"关联题目数量\" : 13, \"版本\" : \"湘少版\", \"册\" : \"下册\", \"题干集合\" : \"<p>|space<||>space| |space<||>space| |space<||>space| |space<||>space| |space<||>space|<\\/p>,,<p>|space<||>space| |space<||>space| |space<||>space| |space<||>space| |space<||>space|<\\/p>,,,,,,<p>|space<||>space| |space<||>space| |space<||>space| |space<||>space|<\\/p>,<p>|space<||>space| |space<||>space| |space<||>space| |space<||>space|<\\/p>,,,\", \"单元名称\" : \"Unit 6 Anne wanted to dance\", \"设置的题目数量\" : 5, \"级别\" : \"综合进阶\", \"学科\" : \"英语\", \"对应端类型\" : \"app\"}"
"{\"年级\" : \"四年级\", \"关联题目数量\" : \"\", \"版本\" : \"人教版（三起）\", \"册\" : \"下册\", \"题干集合\" : \"\", \"单元名称\" : \"期末复习\", \"设置的题目数量\" : 5, \"级别\" : \"难点突破\", \"学科\" : \"英语\", \"对应端类型\" : \"app\"}"
"{\"年级\" : \"五年级\", \"关联题目数量\" : \"\", \"版本\" : \"教科版\", \"册\" : \"上册\", \"题干集合\" : \"\", \"单元名称\" : \"Unit 6 At the weekend\", \"设置的题目数量\" : 5, \"级别\" : \"综合进阶\", \"学科\" : \"英语\", \"对应端类型\" : \"通用\"}"
"{\"年级\" : \"四年级\", \"关联题目数量\" : 15, \"版本\" : \"\", \"册\" : \"上册\", \"题干集合\" : \"<p>英语课上，老师在播放一段英语绕口令。听一听，绕口令中包含哪个单词？<\\/p>,<p>明天是Mary的生日，同学们为她准备了礼物。听一听，图片是同学们准备的礼物吗？<\\/p>,<p>英语课上，老师在领读单词。听一听，老师领读的是哪个单词？<\\/p>,<p>明天是Mary的生日，同学们想给她准备一个惊喜。听一听，图片是同学们准备的惊喜吗？<\\/p>,<p>明天是Mary的生日，同学们为她准备了礼物。听一听，图片是同学们准备的礼物吗？<\\/p>,<p>明天是Mary的生日，同学们为她准备了礼物。听一听，图片是同学们准备的礼物吗？<\\/p>,<p>Andy在带弟弟读《我的情绪》绘本。听一听，绘本上介绍了哪些情绪？<\\/p>,<p>Andy在带弟弟读《我的情绪》绘本。听一听，绘本上介绍了哪些情绪？<\\/p>,<p>英语课上，老师在播放一段英语绕口令。听一听，绕口令中包含哪个单词？<\\/p>,<p>英语课上，老师在领读单词。听一听，老师领读的是哪个单词？<\\/p>,<p>Anna在复习今天学过的单词。听一听，帮她找到单词对应的释义吧！<\\/p>,<p>英语课上，老师在领读单词。听一听，老师领读的是哪个单词？<\\/p>,<p>Andy在带弟弟读《我的情绪》绘本。听一听，绘本上介绍了哪些情绪？<\\/p>,<p>Anna在复习今天学过的单词。听一听，帮她找到单词对应的释义吧！<\\/p>,<p>Anna在复习今天学过的单词。听一听，帮她找到单词对应的释义吧！<\\/p>\", \"单元名称\" : \"Unit 1 You look excited\", \"设置的题目数量\" : 5, \"级别\" : \"基础巩固\", \"学科\" : \"英语\", \"对应端类型\" : \"通用\"}"
"{\"年级\" : \"四年级\", \"关联题目数量\" : 10, \"版本\" : \"教科版（2024审定）\", \"册\" : \"下册\", \"题干集合\" : \",,,,,,<p>Lucy is called \\\"a home bird\\\" because she loves staying at home.<\\/p>,<p>What can we call Sam in this story?<\\/p>,<p>What can we call Jack?<\\/p>,\", \"单元名称\" : \"Unit 2 Busy as a Bee\", \"设置的题目数量\" : 10, \"级别\" : \"难点突破\", \"学科\" : \"英语\", \"对应端类型\" : \"通用\"}"
"{\"年级\" : \"三年级\", \"关联题目数量\" : \"\", \"版本\" : \"人教版（三起）（2024审定）\", \"册\" : \"上册\", \"题干集合\" : \"\", \"单元名称\" : \"Units 4-6 举一反三训练（A）\", \"设置的题目数量\" : 5, \"级别\" : \"综合进阶\", \"学科\" : \"英语\", \"对应端类型\" : \"通用\"}"
"{\"年级\" : \"四年级\", \"关联题目数量\" : 11, \"版本\" : \"湘鲁版\", \"册\" : \"上册\", \"题干集合\" : \",,,,,,,,,,\", \"单元名称\" : \"Unit 4 Let's have some fruit.\", \"设置的题目数量\" : 5, \"级别\" : \"综合进阶\", \"学科\" : \"英语\", \"对应端类型\" : \"app\"}"
"{\"年级\" : \"三年级\", \"关联题目数量\" : 15, \"版本\" : \"湘少版（2024审定）\", \"册\" : \"上册\", \"题干集合\" : \"<p>Happy birthday!<\\/p>,,,,,<p>Here is a birthday cake for you.<\\/p>,<p>I like it very much.<\\/p>,<p>微笑！<\\/p>,,,,<p>这是一本绿色的书。<\\/p>,,<p>给你的长寿面。<\\/p>,<p>这是给你的照片。<\\/p>\", \"单元名称\" : \"Unit 10 Happy birthday!\", \"设置的题目数量\" : 5, \"级别\" : \"综合进阶\", \"学科\" : \"英语\", \"对应端类型\" : \"通用\"}"
"{\"年级\" : \"五年级\", \"关联题目数量\" : 10, \"版本\" : \"人教版（三起）\", \"册\" : \"下册\", \"题干集合\" : \",,<p>We will have a party after the sports |space<||>space|.<\\/p>,,,<p>We will have a school trip in |space<||>space|.<\\/p>,<p>The singing contest is in |space<||>space|.<\\/p>,<p>It's in |space<||>space|.<\\/p>,,<p>That's very |space<||>space| of you.<\\/p>\", \"单元名称\" : \"Unit 3 My school calendar\", \"设置的题目数量\" : 5, \"级别\" : \"难点突破\", \"学科\" : \"英语\", \"对应端类型\" : \"app\"}"
"{\"年级\" : \"四年级\", \"关联题目数量\" : 10, \"版本\" : \"湘鲁版\", \"册\" : \"下册\", \"题干集合\" : \"<p>sch|space<||>space| |space<||>space|lb|space<||>space|g<\\/p>,<p>dr|space<||>space|nk<\\/p>,,,,<p>sh|space<||>space| |space<||>space|ts<\\/p>,<p>bl|space<||>space| |space<||>space|se<\\/p>,,,\", \"单元名称\" : \"Unit 8  How much is it?\", \"设置的题目数量\" : 5, \"级别\" : \"综合进阶\", \"学科\" : \"英语\", \"对应端类型\" : \"app\"}"
"{\"年级\" : \"四年级\", \"关联题目数量\" : 13, \"版本\" : \"湘鲁版\", \"册\" : \"上册\", \"题干集合\" : \",,,,<p>Canada<\\/p>,,,,,,,<p>日本的<\\/p>,<p>please<\\/p>\", \"单元名称\" : \"Unit 8 Where are you from?\", \"设置的题目数量\" : 5, \"级别\" : \"基础巩固\", \"学科\" : \"英语\", \"对应端类型\" : \"app\"}"
"{\"年级\" : \"三年级\", \"关联题目数量\" : \"\", \"版本\" : \"湘少版（2024审定）\", \"册\" : \"下册\", \"题干集合\" : \"\", \"单元名称\" : \"U12\", \"设置的题目数量\" : 5, \"级别\" : \"基础巩固\", \"学科\" : \"英语\", \"对应端类型\" : \"通用\"}"
"{\"年级\" : \"三年级\", \"关联题目数量\" : 10, \"版本\" : \"湘少版\", \"册\" : \"上册\", \"题干集合\" : \",<p>|space<||>space| |space<||>space|ther<\\/p>,<p>s|space<||>space|st|space<||>space|r<\\/p>,,,,<p>|space<||>space| |space<||>space|ther<\\/p>,<p>|space<||>space| |space<||>space| |space<||>space|ther<\\/p>,,<p>f|space<||>space|m|space<||>space|ly<\\/p>\", \"单元名称\" : \"Unit 5 This is my family\", \"设置的题目数量\" : 5, \"级别\" : \"基础巩固\", \"学科\" : \"英语\", \"对应端类型\" : \"app\"}"
"{\"年级\" : \"四年级\", \"关联题目数量\" : \"\", \"版本\" : \"\", \"册\" : \"上册\", \"题干集合\" : \"\", \"单元名称\" : \"Units 7-9 测试卷\", \"设置的题目数量\" : 5, \"级别\" : \"难点突破\", \"学科\" : \"英语\", \"对应端类型\" : \"通用\"}"
"{\"年级\" : \"四年级\", \"关联题目数量\" : 10, \"版本\" : \"\", \"册\" : \"下册\", \"题干集合\" : \",<p>﻿Mary is playing ping-pong.<\\/p>,,,,,,,,<p>Sarah is good at singing.<\\/p>\", \"单元名称\" : \"Unit 2 She is good at singing and dancing\", \"设置的题目数量\" : 10, \"级别\" : \"难点突破\", \"学科\" : \"英语\", \"对应端类型\" : \"通用\"}"
"{\"年级\" : \"三年级\", \"关联题目数量\" : \"\", \"版本\" : \"\", \"册\" : \"下册\", \"题干集合\" : \"\", \"单元名称\" : \"期末复习\", \"设置的题目数量\" : 5, \"级别\" : \"基础巩固\", \"学科\" : \"英语\", \"对应端类型\" : \"通用\"}"
"{\"年级\" : \"六年级\", \"关联题目数量\" : \"\", \"版本\" : \"人教版（三起）\", \"册\" : \"下册\", \"题干集合\" : \"\", \"单元名称\" : \"期中复习\", \"设置的题目数量\" : 5, \"级别\" : \"综合进阶\", \"学科\" : \"英语\", \"对应端类型\" : \"通用\"}"
"{\"年级\" : \"四年级\", \"关联题目数量\" : \"\", \"版本\" : \"人教版（三起）\", \"册\" : \"下册\", \"题干集合\" : \"\", \"单元名称\" : \"期中复习\", \"设置的题目数量\" : 5, \"级别\" : \"难点突破\", \"学科\" : \"英语\", \"对应端类型\" : \"app\"}"
"{\"年级\" : \"三年级\", \"关联题目数量\" : 10, \"版本\" : \"湘鲁版\", \"册\" : \"上册\", \"题干集合\" : \"<p>c|space<||>space|t|space<||>space|<\\/p>,<p>d|space<||>space|g<\\/p>,<p>c|space<||>space| |space<||>space|l<\\/p>,<p>fi|space<||>space| |space<||>space|<\\/p>,<p>five<\\/p>,<p>cake<\\/p>,<p>cute<\\/p>,<p>c|space<||>space|t<\\/p>,<p>card<\\/p>,<p>ugly<\\/p>\", \"单元名称\" : \"Unit 9 This is my fish.\", \"设置的题目数量\" : 5, \"级别\" : \"综合进阶\", \"学科\" : \"英语\", \"对应端类型\" : \"app\"}"
"{\"年级\" : \"三年级\", \"关联题目数量\" : \"\", \"版本\" : \"人教版（三起）\", \"册\" : \"下册\", \"题干集合\" : \"\", \"单元名称\" : \"期末复习\", \"设置的题目数量\" : 5, \"级别\" : \"难点突破\", \"学科\" : \"英语\", \"对应端类型\" : \"通用\"}"
"{\"年级\" : \"四年级\", \"关联题目数量\" : \"\", \"版本\" : \"人教版（三起）（2024审定）\", \"册\" : \"下册\", \"题干集合\" : \"\", \"单元名称\" : \"U8\", \"设置的题目数量\" : 5, \"级别\" : \"基础巩固\", \"学科\" : \"英语\", \"对应端类型\" : \"通用\"}"
"{\"年级\" : \"四年级\", \"关联题目数量\" : 11, \"版本\" : \"湘鲁版\", \"册\" : \"上册\", \"题干集合\" : \",,,,<p>sit<\\/p>,,,,,,\", \"单元名称\" : \"Unit 4 Let's have some fruit.\", \"设置的题目数量\" : 5, \"级别\" : \"基础巩固\", \"学科\" : \"英语\", \"对应端类型\" : \"app\"}"
"{\"年级\" : \"四年级\", \"关联题目数量\" : 10, \"版本\" : \"湘少版\", \"册\" : \"上册\", \"题干集合\" : \",,,,,,,,,\", \"单元名称\" : \"Unit 8 She wears a white and black sweater\", \"设置的题目数量\" : 5, \"级别\" : \"基础巩固\", \"学科\" : \"英语\", \"对应端类型\" : \"app\"}"
"{\"年级\" : \"五年级\", \"关联题目数量\" : 10, \"版本\" : \"湘鲁版\", \"册\" : \"下册\", \"题干集合\" : \"<p>My uncle is a ____. He is very busy.<\\/p>,<p>My mother is ____ at cooking.<\\/p>,<p>Office workers in the supermarket must be ____.<\\/p>,<p>Let's go to the bus |space<||>space|.<\\/p>,<p>There is a police |space<||>space| in our town.<\\/p>,<p>We had fun at home last ____.<\\/p>,<p>Traffic policemen are always helpful and |space<||>space|.<\\/p>,<p>Ms Wang ____ vegetables and fruit.<\\/p>,<p>Farmers grow plants and |space<||>space| animals.<\\/p>,<p>Mr Smith is a |space<||>space|. He cleans our street.<\\/p>\", \"单元名称\" : \"Unit 7  Everyone has something to do.\", \"设置的题目数量\" : 5, \"级别\" : \"难点突破\", \"学科\" : \"英语\", \"对应端类型\" : \"app\"}"
"{\"年级\" : \"三年级\", \"关联题目数量\" : \"\", \"版本\" : \"人教版（三起）（2024审定）\", \"册\" : \"上册\", \"题干集合\" : \"\", \"单元名称\" : \"U9\", \"设置的题目数量\" : 5, \"级别\" : \"基础巩固\", \"学科\" : \"英语\", \"对应端类型\" : \"通用\"}"
"{\"年级\" : \"五年级\", \"关联题目数量\" : \"\", \"版本\" : \"人教版（三起）\", \"册\" : \"下册\", \"题干集合\" : \"\", \"单元名称\" : \"期中复习\", \"设置的题目数量\" : 5, \"级别\" : \"基础巩固\", \"学科\" : \"英语\", \"对应端类型\" : \"app\"}"
"{\"年级\" : \"四年级\", \"关联题目数量\" : 10, \"版本\" : \"\", \"册\" : \"上册\", \"题干集合\" : \"<p> Leo今天和妈妈一起外出。听一听，图片与他们聊的交通规则相符吗？<\\/p>,<p>“交通安全”主题班会上，同学们在谈论交通规则。听一听，他们谈论了哪个规则？<\\/p>,<p>Jack妈妈今天在当安全劝导员。听一听，帮路人回答她吧！<\\/p>,<p>“交通安全”主题班会上，同学们在谈论交通规则。听一听，他们谈论了哪个规则？<\\/p>,<p>Jack妈妈今天在当安全劝导员。听一听，帮路人回答她吧！<\\/p>,<p>Andy在绘制交通安全漫画。听一听，他是按照什么顺序画的？<\\/p>,<p>校园广播在宣传交通安全知识。听一听，依次宣传了哪些安全知识呢？<\\/p>,<p>Jack妈妈今天在当安全劝导员。听一听，帮路人回答她吧！<\\/p>,<p>Jack妈妈今天在当安全劝导员。听一听，帮路人回答她吧！<\\/p>,<p>Leo今天和妈妈一起外出。听一听，图片与他们聊的交通规则相符吗？<\\/p>\", \"单元名称\" : \"Unit 6 We should wait for the green light\", \"设置的题目数量\" : 5, \"级别\" : \"难点突破\", \"学科\" : \"英语\", \"对应端类型\" : \"通用\"}"
"{\"年级\" : \"六年级\", \"关联题目数量\" : \"\", \"版本\" : \"教科版\", \"册\" : \"上册\", \"题干集合\" : \"\", \"单元名称\" : \"Unit 3 Where are you from?\", \"设置的题目数量\" : 5, \"级别\" : \"基础巩固\", \"学科\" : \"英语\", \"对应端类型\" : \"通用\"}"
"{\"年级\" : \"三年级\", \"关联题目数量\" : 12, \"版本\" : \"\", \"册\" : \"上册\", \"题干集合\" : \",,<p>Let's draw.<\\/p>,,,,,,<p>我很好，你呢？<\\/p>,<p>I'm good.<\\/p>,,\", \"单元名称\" : \"Unit 3 How are you today?\", \"设置的题目数量\" : 5, \"级别\" : \"综合进阶\", \"学科\" : \"英语\", \"对应端类型\" : \"通用\"}"
"{\"年级\" : \"四年级\", \"关联题目数量\" : 18, \"版本\" : \"湘少版\", \"册\" : \"下册\", \"题干集合\" : \",,,,,,,,,<p>shop<\\/p>,,,,,,,,<p>ball<\\/p>\", \"单元名称\" : \"Unit 9 How much is it？\", \"设置的题目数量\" : 5, \"级别\" : \"基础巩固\", \"学科\" : \"英语\", \"对应端类型\" : \"app\"}"
"{\"年级\" : \"五年级\", \"关联题目数量\" : 17, \"版本\" : \"湘少版\", \"册\" : \"下册\", \"题干集合\" : \",<p>|space<||>space| |space<||>space| |space<||>space| |space<||>space| |space<||>space|<\\/p>,,,,,,,<p>|space<||>space| |space<||>space| |space<||>space| |space<||>space| |space<||>space|<\\/p>,,,,,,<p>|space<||>space| |space<||>space| |space<||>space| |space<||>space| |space<||>space| |space<||>space| |space<||>space|<\\/p>,<p>|space<||>space| |space<||>space| |space<||>space| |space<||>space|<\\/p>,\", \"单元名称\" : \"Unit 4 Don't talk here\", \"设置的题目数量\" : 5, \"级别\" : \"难点突破\", \"学科\" : \"英语\", \"对应端类型\" : \"app\"}"
"{\"年级\" : \"三年级\", \"关联题目数量\" : \"\", \"版本\" : \"湘少版\", \"册\" : \"下册\", \"题干集合\" : \"\", \"单元名称\" : \"期中复习\", \"设置的题目数量\" : 5, \"级别\" : \"综合进阶\", \"学科\" : \"英语\", \"对应端类型\" : \"app\"}"
"{\"年级\" : \"三年级\", \"关联题目数量\" : 10, \"版本\" : \"湘少版（2024审定）\", \"册\" : \"下册\", \"题干集合\" : \"<p>Anne在准备儿童节的开场白。听一听，选出你所听到的词汇。<\\/p>,<p>E宝在用图画记录今天的开心生活。听录音，选出与录音内容相符的图片。<\\/p>,<p>课间，同学们在分享自己的周末。听一听，判断他们所说的活动与所给图片是否相符。<\\/p>,<p>E宝在用图画记录今天的开心生活。听录音，选出与录音内容相符的图片。<\\/p>,<p>课间，同学们在分享自己的周末。听一听，判断他们所说的活动与所给图片是否相符。<\\/p>,<p>课间，同学们在分享自己的周末。听一听，判断他们所说的活动与所给图片是否相符。<\\/p>,<p>E宝在用图画记录今天的开心生活。听录音，选出与录音内容相符的图片。<\\/p>,<p>课间，同学们在分享自己的周末。听一听，判断他们所说的活动与所给图片是否相符。<\\/p>,<p>课间，同学们在分享自己的周末。听一听，判断他们所说的活动与所给图片是否相符。<\\/p>,<p>Anne在准备儿童节的开场白。听一听，选出你所听到的词汇。<\\/p>\", \"单元名称\" : \"Unit 8 Children's Day\", \"设置的题目数量\" : 5, \"级别\" : \"基础巩固\", \"学科\" : \"英语\", \"对应端类型\" : \"通用\"}"
"{\"年级\" : \"四年级\", \"关联题目数量\" : \"\", \"版本\" : \"教科版\", \"册\" : \"上册\", \"题干集合\" : \"\", \"单元名称\" : \"Unit 5 Let me show you our new school\", \"设置的题目数量\" : 5, \"级别\" : \"难点突破\", \"学科\" : \"英语\", \"对应端类型\" : \"通用\"}"
"{\"年级\" : \"五年级\", \"关联题目数量\" : 10, \"版本\" : \"湘少版\", \"册\" : \"下册\", \"题干集合\" : \",,,,,,,,,\", \"单元名称\" : \"Unit 9 He's kind to children\", \"设置的题目数量\" : 5, \"级别\" : \"综合进阶\", \"学科\" : \"英语\", \"对应端类型\" : \"app\"}"
"{\"年级\" : \"三年级\", \"关联题目数量\" : 14, \"版本\" : \"湘少版\", \"册\" : \"下册\", \"题干集合\" : \",,,,,,,,,,,,,\", \"单元名称\" : \"Unit 7 Is this an orange?\", \"设置的题目数量\" : 5, \"级别\" : \"综合进阶\", \"学科\" : \"英语\", \"对应端类型\" : \"app\"}"
"{\"年级\" : \"六年级\", \"关联题目数量\" : \"\", \"版本\" : \"教科版\", \"册\" : \"上册\", \"题干集合\" : \"\", \"单元名称\" : \"期末复习\", \"设置的题目数量\" : 5, \"级别\" : \"难点突破\", \"学科\" : \"英语\", \"对应端类型\" : \"通用\"}"
"{\"年级\" : \"六年级\", \"关联题目数量\" : 10, \"版本\" : \"湘少版\", \"册\" : \"上册\", \"题干集合\" : \"<p>有时<\\/p>,<p>w|space<||>space| |space<||>space|t<\\/p>,<p>伤害<\\/p>,<p>|space<||>space| |space<||>space| |space<||>space| ly<\\/p>,<p>有时<\\/p>,<p>week|space<||>space| |space<||>space| |space<||>space|<\\/p>,<p>ret|space<||>space| |space<||>space| n<\\/p>,NULL,,NULL\", \"单元名称\" : \"Unit 2 Katie always gets up early\", \"设置的题目数量\" : 5, \"级别\" : \"难点突破\", \"学科\" : \"英语\", \"对应端类型\" : \"app\"}"
"{\"年级\" : \"四年级\", \"关联题目数量\" : \"\", \"版本\" : \"\", \"册\" : \"上册\", \"题干集合\" : \"\", \"单元名称\" : \"U11\", \"设置的题目数量\" : 5, \"级别\" : \"难点突破\", \"学科\" : \"英语\", \"对应端类型\" : \"通用\"}"
"{\"年级\" : \"四年级\", \"关联题目数量\" : \"\", \"版本\" : \"教科版\", \"册\" : \"上册\", \"题干集合\" : \"\", \"单元名称\" : \"Unit 8 l like English best\", \"设置的题目数量\" : 5, \"级别\" : \"基础巩固\", \"学科\" : \"英语\", \"对应端类型\" : \"通用\"}"
"{\"年级\" : \"四年级\", \"关联题目数量\" : \"\", \"版本\" : \"人教版（三起）（2024审定）\", \"册\" : \"下册\", \"题干集合\" : \"\", \"单元名称\" : \"期末复习\", \"设置的题目数量\" : 5, \"级别\" : \"综合进阶\", \"学科\" : \"英语\", \"对应端类型\" : \"通用\"}"
"{\"年级\" : \"三年级\", \"关联题目数量\" : \"\", \"版本\" : \"\", \"册\" : \"下册\", \"题干集合\" : \"\", \"单元名称\" : \"U10\", \"设置的题目数量\" : 5, \"级别\" : \"基础巩固\", \"学科\" : \"英语\", \"对应端类型\" : \"通用\"}"
"{\"年级\" : \"四年级\", \"关联题目数量\" : \"\", \"版本\" : \"教科版（2024审定）\", \"册\" : \"上册\", \"题干集合\" : \"\", \"单元名称\" : \"U11\", \"设置的题目数量\" : 5, \"级别\" : \"基础巩固\", \"学科\" : \"英语\", \"对应端类型\" : \"通用\"}"
"{\"年级\" : \"三年级\", \"关联题目数量\" : 10, \"版本\" : \"湘少版（2024审定）\", \"册\" : \"下册\", \"题干集合\" : \"<p>放学后，Mingming和同学在复习钟表的知识。听一听，判断下列图片与所听内容是否相符。<\\/p>,<p>Lulu在问妹妹时间。听一听，判断下列图片与所听内容是否相符。<\\/p>,<p>Lulu在问妹妹时间。听一听，判断下列图片与所听内容是否相符。<\\/p>,<p>夜深了，该睡觉了。Anna和妈妈会说些什么？听一听，选择合适的答语。<\\/p>,<p>夜深了，该睡觉了。Anna和妈妈会说些什么？听一听，选择合适的答语。<\\/p>,<p>Mike和爸爸一起制作时间表。听录音，选出与所听内容相符的图片。<\\/p>,<p>今天是Lucy的生日，同学们去参加她的生日派对。听录音，选出与所听内容相符的图片。<\\/p>,<p>Mike和爸爸一起制作时间表。听录音，选出与所听内容相符的图片。<\\/p>,,<p>今天是Lucy的生日，同学们去参加她的生日派对。听录音，选出与所听内容相符的图片。<\\/p>\", \"单元名称\" : \"Unit 2 What time is it?\", \"设置的题目数量\" : 5, \"级别\" : \"难点突破\", \"学科\" : \"英语\", \"对应端类型\" : \"通用\"}"
"{\"年级\" : \"四年级\", \"关联题目数量\" : \"\", \"版本\" : \"教科版\", \"册\" : \"上册\", \"题干集合\" : \"\", \"单元名称\" : \"Unit 2 They're near the window\", \"设置的题目数量\" : 5, \"级别\" : \"难点突破\", \"学科\" : \"英语\", \"对应端类型\" : \"通用\"}"
"{\"年级\" : \"六年级\", \"关联题目数量\" : 11, \"版本\" : \"湘少版\", \"册\" : \"下册\", \"题干集合\" : \",,,,,,,,,,\", \"单元名称\" : \"Unit 9 Look at these beautiful places in the world\", \"设置的题目数量\" : 5, \"级别\" : \"难点突破\", \"学科\" : \"英语\", \"对应端类型\" : \"app\"}"
"{\"年级\" : \"三年级\", \"关联题目数量\" : 10, \"版本\" : \"湘少版（2024审定）\", \"册\" : \"上册\", \"题干集合\" : \",,,,,<p>|space<||>space| welcome.<\\/p>,,<p>|space<||>space|, I'm Peter.<\\/p>,<p>Good |space<||>space|, Miss Li.<\\/p>,\", \"单元名称\" : \"Unit 1 Hello!\", \"设置的题目数量\" : 5, \"级别\" : \"难点突破\", \"学科\" : \"英语\", \"对应端类型\" : \"通用\"}"
"{\"年级\" : \"七年级\", \"关联题目数量\" : 1, \"版本\" : \"\", \"册\" : \"下册\", \"题干集合\" : \"\", \"单元名称\" : \"Unit 8 Once upon a Time\", \"设置的题目数量\" : 1, \"级别\" : \"听长对话选答案\", \"学科\" : \"英语\", \"对应端类型\" : \"通用\"}"
"{\"年级\" : \"七年级\", \"关联题目数量\" : 5, \"版本\" : \"人教版\", \"册\" : \"上册\", \"题干集合\" : \"<p>When is the art festival?<\\/p>,<p>When is Mike's birthday?<\\/p>,<p>Is Linda's birthday on October 5th?<\\/p>,<p>When is Alice's father's birthday?<\\/p>,<p>When is the girl's birthday party?<\\/p>\", \"单元名称\" : \"Unit 8 When is your birthday?\", \"设置的题目数量\" : 5, \"级别\" : \"听短对话选答案\", \"学科\" : \"英语\", \"对应端类型\" : \"通用\"}"
"{\"年级\" : \"四年级\", \"关联题目数量\" : 11, \"版本\" : \"湘鲁版\", \"册\" : \"下册\", \"题干集合\" : \",,,,,,<p>May I help you? <\\/p>,,<p>I'll take it. <\\/p>,,<p>How many footballs? <\\/p>\", \"单元名称\" : \"Unit 8  How much is it?\", \"设置的题目数量\" : 5, \"级别\" : \"难点突破\", \"学科\" : \"英语\", \"对应端类型\" : \"app\"}"
"{\"年级\" : \"三年级\", \"关联题目数量\" : 9, \"版本\" : \"教科版（2024审定）\", \"册\" : \"下册\", \"题干集合\" : \"<p>Lily在调查同学们最喜欢的班规。听一听，判断所给图片与他们的对话是否相符。<\\/p>,<p>Lucy在给新班规画海报。听一听，按照Lucy所说的顺序给下面的句子排序。<\\/p>,<p>Lily在调查同学们最喜欢的班规。听一听，判断Lily的记录与对话是否相符。<\\/p><p><br><\\/p><p>Jack likes \\\"listen carefully\\\".<\\/p>,<p>Linda和Lily在谈论新班规。听一听，帮助Linda选择恰当的答语。<\\/p>,<p>Lily在调查同学们最喜欢的班规。听一听，判断Lily的记录与对话是否相符。<\\/p><p><br><\\/p><p>Tom likes \\\"wait your turn\\\".<\\/p>,<p>Lily在调查同学们最喜欢的班规。听一听，判断Lily的记录与对话是否相符。<\\/p><p><br><\\/p><p>Lucy likes \\\"do your best\\\".<\\/p>,<p>Anne在给新班规画海报。听一听，按照Anne所说的顺序给下面的句子排序。<\\/p>,<p>Lily在调查同学们最喜欢的班规。听一听，判断所给图片与他们的对话是否相符。<\\/p>,<p>Linda和Lily在谈论新班规。听一听，帮助Lily选择恰当的答语。<\\/p>\", \"单元名称\" : \"Unit 5 Our Classroom, Our Call\", \"设置的题目数量\" : 5, \"级别\" : \"难点突破\", \"学科\" : \"英语\", \"对应端类型\" : \"通用\"}"
"{\"年级\" : \"五年级\", \"关联题目数量\" : 10, \"版本\" : \"湘鲁版\", \"册\" : \"下册\", \"题干集合\" : \",,<p>The bank is over ____.<\\/p>,<p>Sanya is a good ____ to live in.<\\/p>,<p>That's a TV ____.<\\/p>,,,<p>There were no ____ after the earthquake.<\\/p>,,<p>The monster is ____.<\\/p>\", \"单元名称\" : \"Unit 6  Is this a shopping centre?\", \"设置的题目数量\" : 5, \"级别\" : \"综合进阶\", \"学科\" : \"英语\", \"对应端类型\" : \"app\"}"
"{\"年级\" : \"三年级\", \"关联题目数量\" : \"\", \"版本\" : \"湘鲁版\", \"册\" : \"下册\", \"题干集合\" : \"\", \"单元名称\" : \"U10\", \"设置的题目数量\" : 5, \"级别\" : \"难点突破\", \"学科\" : \"英语\", \"对应端类型\" : \"app\"}"
"{\"年级\" : \"三年级\", \"关联题目数量\" : 10, \"版本\" : \"湘少版（2024审定）\", \"册\" : \"下册\", \"题干集合\" : \"<p>几个小朋友在谈论自己今天的状态。听录音，判断所听内容和所给图片是否相符。<\\/p>,<p>新学期第一天，同学们在校门口相遇了。听一听，选出你所听到的句子。<\\/p>,<p>Amy的妹妹正在将路过的行人进行分类。听录音，选出与Amy妹妹所说内容相符的图片。<\\/p>,<p>新学期第一天，同学们在校门口相遇了。听一听，选出你所听到的句子。<\\/p>,<p>几个小朋友在谈论自己今天的状态。听录音，判断所听内容和所给图片是否相符。<\\/p>,<p>新学期第一天，同学们在校门口相遇了。听一听，选出你所听到的句子。<\\/p>,<p>Amy的妹妹正在将路过的行人进行分类。听录音，选出与Amy妹妹所说内容相符的图片。<\\/p>,<p>新学期第一天，同学们在校门口相遇了。听一听，选出你所听到的句子。<\\/p>,<p>Amy的妹妹正在将路过的行人进行分类。听录音，选出与Amy妹妹所说内容相符的图片。<\\/p>,<p>几个小朋友在谈论自己今天的状态。听录音，判断所听内容和所给图片是否相符。<\\/p>\", \"单元名称\" : \"Unit 1 How are you?\", \"设置的题目数量\" : 5, \"级别\" : \"综合进阶\", \"学科\" : \"英语\", \"对应端类型\" : \"通用\"}"
"{\"年级\" : \"四年级\", \"关联题目数量\" : 10, \"版本\" : \"湘鲁版\", \"册\" : \"下册\", \"题干集合\" : \"<p>离开<\\/p>,<p>trousers<\\/p>,,<p>shirt<\\/p>,<p>Mother's Day<\\/p>,,,,,<p>what<\\/p>\", \"单元名称\" : \"Unit 7  Does she like toys?\", \"设置的题目数量\" : 5, \"级别\" : \"基础巩固\", \"学科\" : \"英语\", \"对应端类型\" : \"app\"}"
"{\"年级\" : \"六年级\", \"关联题目数量\" : 14, \"版本\" : \"湘鲁版\", \"册\" : \"上册\", \"题干集合\" : \",,,,<p>make a list<\\/p>,,,,,,,,,<p>参加聚会<\\/p>\", \"单元名称\" : \"Unit 9 When is your birthday?\", \"设置的题目数量\" : 5, \"级别\" : \"基础巩固\", \"学科\" : \"英语\", \"对应端类型\" : \"app\"}"
"{\"年级\" : \"四年级\", \"关联题目数量\" : 10, \"版本\" : \"湘少版\", \"册\" : \"下册\", \"题干集合\" : \",,,,,,,,,\", \"单元名称\" : \"Unit 3 What can you see?\", \"设置的题目数量\" : 5, \"级别\" : \"综合进阶\", \"学科\" : \"英语\", \"对应端类型\" : \"app\"}"
"{\"年级\" : \"五年级\", \"关联题目数量\" : 11, \"版本\" : \"湘鲁版\", \"册\" : \"上册\", \"题干集合\" : \",<p>左转<\\/p>,,,,,,,,,\", \"单元名称\" : \"Unit 2 Where is the library?\", \"设置的题目数量\" : 5, \"级别\" : \"基础巩固\", \"学科\" : \"英语\", \"对应端类型\" : \"app\"}"
"{\"年级\" : \"五年级\", \"关联题目数量\" : \"\", \"版本\" : \"人教版（三起）\", \"册\" : \"上册\", \"题干集合\" : \"\", \"单元名称\" : \"期中复习\", \"设置的题目数量\" : 5, \"级别\" : \"综合进阶\", \"学科\" : \"英语\", \"对应端类型\" : \"app\"}"
"{\"年级\" : \"五年级\", \"关联题目数量\" : 10, \"版本\" : \"湘少版\", \"册\" : \"上册\", \"题干集合\" : \",,<p>|space<||>space| |space<||>space| |space<||>space| |space<||>space| |space<||>space|<\\/p>,<p>|space<||>space| |space<||>space| |space<||>space| |space<||>space|<\\/p>,<p>汉堡包<\\/p>,,<p>|space<||>space| |space<||>space| |space<||>space| |space<||>space| |space<||>space| |space<||>space| |space<||>space| |space<||>space| |space<||>space|<\\/p>,<p>关于；对于<\\/p>,<p>|space<||>space| |space<||>space| |space<||>space| |space<||>space| |space<||>space| |space<||>space| |space<||>space| |space<||>space| |space<||>space|<\\/p>,<p>乱七八糟<\\/p>\", \"单元名称\" : \"Unit 2 I'd like a hamburger\", \"设置的题目数量\" : 5, \"级别\" : \"难点突破\", \"学科\" : \"英语\", \"对应端类型\" : \"app\"}"
"{\"年级\" : \"六年级\", \"关联题目数量\" : 15, \"版本\" : \"湘鲁版\", \"册\" : \"上册\", \"题干集合\" : \",,,,,,,,,,,,,,\", \"单元名称\" : \"Unit 4 It's like an English salad.\", \"设置的题目数量\" : 5, \"级别\" : \"综合进阶\", \"学科\" : \"英语\", \"对应端类型\" : \"app\"}"
"{\"年级\" : \"四年级\", \"关联题目数量\" : \"\", \"版本\" : \"湘鲁版\", \"册\" : \"下册\", \"题干集合\" : \"\", \"单元名称\" : \"U11\", \"设置的题目数量\" : 5, \"级别\" : \"综合进阶\", \"学科\" : \"英语\", \"对应端类型\" : \"app\"}"
"{\"年级\" : \"七年级\", \"关联题目数量\" : 1, \"版本\" : \"\", \"册\" : \"上册\", \"题干集合\" : \"\", \"单元名称\" : \"Unit 6 A Day in the Life\", \"设置的题目数量\" : 1, \"级别\" : \"听独白选答案\", \"学科\" : \"英语\", \"对应端类型\" : \"通用\"}"
"{\"年级\" : \"四年级\", \"关联题目数量\" : 10, \"版本\" : \"教科版（2024审定）\", \"册\" : \"上册\", \"题干集合\" : \"<p>Amy一家在吃晚餐，他们有说有笑。听一听，帮妈妈回答Amy的话吧！<\\/p>,<p>Yiming在做餐桌礼仪海报。听一听他的配文，他的海报应该包括哪个礼仪？<\\/p>,<p>Yiming在回忆今天去Nikki家做客的场景。听一听，他依次回忆了哪些场景？<\\/p>,<p>Amy一家在吃晚餐，他们有说有笑。听一听，帮妈妈回答Amy的话吧！<\\/p>,<p>Anna在画餐桌礼仪小漫画。听一听Anna的配文，图片与配文相符吗？<\\/p>,<p>Anna在画餐桌礼仪小漫画。听一听Anna的配文，图片与配文相符吗？<\\/p>,<p>Yiming在做餐桌礼仪海报。听一听他的配文，他的海报应该包括哪个礼仪？<\\/p><p><br><\\/p>,<p>Anna在画餐桌礼仪小漫画。听一听Anna的配文，图片与配文相符吗？<\\/p>,<p>Alice在记录自己知道的餐桌礼貌用语。听一听，她依次记录了哪些内容呢？<\\/p><p><br><\\/p>,<p>Amy一家在吃晚餐，他们有说有笑。听一听，帮Amy回答妈妈的话吧！<\\/p>\", \"单元名称\" : \"Unit 2 Help Yourself\", \"设置的题目数量\" : 5, \"级别\" : \"难点突破\", \"学科\" : \"英语\", \"对应端类型\" : \"通用\"}"
"{\"年级\" : \"四年级\", \"关联题目数量\" : \"\", \"版本\" : \"湘鲁版\", \"册\" : \"上册\", \"题干集合\" : \"\", \"单元名称\" : \"Units 1-3 测试卷\", \"设置的题目数量\" : 5, \"级别\" : \"难点突破\", \"学科\" : \"英语\", \"对应端类型\" : \"app\"}"
"{\"年级\" : \"六年级\", \"关联题目数量\" : \"\", \"版本\" : \"教科版\", \"册\" : \"上册\", \"题干集合\" : \"\", \"单元名称\" : \"Unit 8 A trip to Hong Kong\", \"设置的题目数量\" : 5, \"级别\" : \"综合进阶\", \"学科\" : \"英语\", \"对应端类型\" : \"通用\"}"
"{\"年级\" : \"四年级\", \"关联题目数量\" : 10, \"版本\" : \"湘少版\", \"册\" : \"上册\", \"题干集合\" : \",,,,,,,,,\", \"单元名称\" : \"Unit 7 Whose is this?\", \"设置的题目数量\" : 5, \"级别\" : \"难点突破\", \"学科\" : \"英语\", \"对应端类型\" : \"app\"}"
"{\"年级\" : \"四年级\", \"关联题目数量\" : \"\", \"版本\" : \"人教版（三起）（2024审定）\", \"册\" : \"下册\", \"题干集合\" : \"\", \"单元名称\" : \"U7\", \"设置的题目数量\" : 5, \"级别\" : \"难点突破\", \"学科\" : \"英语\", \"对应端类型\" : \"通用\"}"
"{\"年级\" : \"四年级\", \"关联题目数量\" : 14, \"版本\" : \"湘少版\", \"册\" : \"下册\", \"题干集合\" : \",,,,<p>|space<||>space| |space<||>space| |space<||>space| |space<||>space| |space<||>space|<\\/p>,,,<p>|space<||>space| |space<||>space| |space<||>space| |space<||>space|<\\/p>,<p>|space<||>space| |space<||>space| |space<||>space| |space<||>space|<\\/p>,<p>|space<||>space| |space<||>space| |space<||>space| |space<||>space| |space<||>space|<\\/p>,<p>圆形<\\/p>,,,\", \"单元名称\" : \"Unit 9 How much is it？\", \"设置的题目数量\" : 5, \"级别\" : \"难点突破\", \"学科\" : \"英语\", \"对应端类型\" : \"app\"}"
"{\"年级\" : \"四年级\", \"关联题目数量\" : 11, \"版本\" : \"湘少版\", \"册\" : \"下册\", \"题干集合\" : \",,,,,,,,,,\", \"单元名称\" : \"Unit 5 Peter is writing\", \"设置的题目数量\" : 5, \"级别\" : \"综合进阶\", \"学科\" : \"英语\", \"对应端类型\" : \"app\"}"
"{\"年级\" : \"三年级\", \"关联题目数量\" : 15, \"版本\" : \"人教版（三起）（2024审定）\", \"册\" : \"下册\", \"题干集合\" : \"<p>Peter在询问新同学Andy一些信息。听一听，选出你所听到的句子。<\\/p>,<p>Tom在公园里碰到了新同学Amy一家。听一听Tom的提问，选出正确的选项补全句子。<\\/p><p>Who's that ____?<\\/p>,<p>社团新成员Tom在做自我介绍。听一听，选出Tom所说句子的翻译。<\\/p>,<p>Amy在向Tom介绍站在树下的那个女孩。听一听她的介绍，选出正确的选项补全句子。<\\/p><p>That's my new ____, Anna.<\\/p>,<p>社团新成员Tom在做自我介绍。听一听，选出Tom所说句子的翻译。<\\/p>,<p>Tom在小区门口碰到了骑自行车摔倒的Amy。听一听，选出Tom所说句子的翻译。<\\/p>,<p>听一听新同学Tina的自我介绍，选出对应的图片。<\\/p>,<p>新学期班里来了一位新同学。听一听Tom的提问，选出句子的翻译。<\\/p>,<p>Peter在询问新同学Andy一些信息。听一听，选出你所听到的句子。<\\/p>,<p>听一听新同学Linda的自我介绍，选出正确的选项补全句子。<\\/p><p>My name is Linda. I'm from ____.<\\/p>,<p>课前，Miss Li在介绍新来的同学。听一听，选出你所听到的句子。<\\/p>,<p>新来的学生Amy在介绍自己。听一听，选出你所听到的句子。<\\/p>,<p>听一听新同学Mingming的自我介绍，选出对应的图片。<\\/p>,<p>听一听新同学Alice的自我介绍，选出对应的图片。<\\/p>,<p>Tom和同学Amy在餐厅门口遇到了。听一听Tom所说的内容，选出正确的选项补全句子。<\\/p><p>____ you!<\\/p>\", \"单元名称\" : \"Unit 1 Meeting new people\", \"设置的题目数量\" : 5, \"级别\" : \"综合进阶\", \"学科\" : \"英语\", \"对应端类型\" : \"通用\"}"
"{\"年级\" : \"六年级\", \"关联题目数量\" : 9, \"版本\" : \"湘少版\", \"册\" : \"上册\", \"题干集合\" : \",,NULL,,NULL,NULL,,,NULL\", \"单元名称\" : \"Unit 6 I will bring a big bottle of orange juice\", \"设置的题目数量\" : 5, \"级别\" : \"综合进阶\", \"学科\" : \"英语\", \"对应端类型\" : \"app\"}"
"{\"年级\" : \"四年级\", \"关联题目数量\" : 10, \"版本\" : \"教科版（2024审定）\", \"册\" : \"下册\", \"题干集合\" : \"<p>What does Lily need to eat?<\\/p>,,,<p>Drinking milk and eating vegetables can help Amy grow taller.<\\/p>,,<p>Does Mike have enough sleep?<\\/p>,,,,\", \"单元名称\" : \"Unit 3 Grow Taller\", \"设置的题目数量\" : 10, \"级别\" : \"难点突破\", \"学科\" : \"英语\", \"对应端类型\" : \"通用\"}"
"{\"年级\" : \"七年级\", \"关联题目数量\" : \"\", \"版本\" : \"\", \"册\" : \"下册\", \"题干集合\" : \"\", \"单元名称\" : \"期中复习\", \"设置的题目数量\" : 5, \"级别\" : \"综合进阶\", \"学科\" : \"英语\", \"对应端类型\" : \"通用\"}"
"{\"年级\" : \"四年级\", \"关联题目数量\" : 15, \"版本\" : \"湘少版（2024审定）\", \"册\" : \"上册\", \"题干集合\" : \"<p>在魔法世界的知识考试中，小精灵们在听句子选择中文释义！快来一起加入他们吧！<\\/p>,<p>学校开展“家庭职业树”活动，同学们用照片介绍家人职业。听听他们都说了什么？<\\/p>,<p>学校举办“未来职业展”，同学们在讲述自己的理想职业。听句子，图片与她们的讲述相符吗？<\\/p>,<p>Amy和Peter在学校走廊里讨论墙上的人物职业。听听他们说了什么呢？<\\/p>,<p>职业启蒙课上，老师在用动画介绍职业名称。听一听，下列句子与老师的介绍相符吗？<\\/p><p>I want to be a scientist.<\\/p>,<p>在魔法世界的知识考试中，小精灵们在听句子选择中文释义！快来帮帮他们吧！<\\/p>,<p>职业启蒙课上，老师在用动画介绍职业名称。听一听，下列句子与老师的介绍相符吗？<\\/p><p>What's his job?<\\/p>,<p>Amy和Peter在讨论班级里展示的“我的家人”海报。听听他们都说了什么呢？<\\/p>,<p>学校举办“家长职业日”，Anne在讨论自己家人的工作。听一听，Anne的家人是什么职业呢？<\\/p>,<p>学校举办“家长职业日”，大家都在讨论职业。听一听，Tom的理想职业是什么呢？<\\/p>,<p>在魔法世界的知识考试中，小精灵们在听句子选择中文释义！快来帮帮他们吧！<\\/p>,<p>职业体验馆里，小朋友们在扮演不同的角色。听听他们都说了什么？<\\/p>,<p>在魔法世界的职业知识考试中，小精灵们在听句子选择中文释义！快来一起加入他们吧！<\\/p>,<p>学校举办“家长职业日”，Peter在讨论自己家人的工作。听一听，Peter的家人是什么职业呢？<\\/p>,<p>学校举办“未来职业展”，讲解员向同学们介绍各种职业。听句子，图片与讲解员的介绍相符吗？<\\/p>\", \"单元名称\" : \"Unit 10 What’s her job?\", \"设置的题目数量\" : 5, \"级别\" : \"综合进阶\", \"学科\" : \"英语\", \"对应端类型\" : \"通用\"}"
"{\"年级\" : \"三年级\", \"关联题目数量\" : 15, \"版本\" : \"\", \"册\" : \"下册\", \"题干集合\" : \"<p> Anna和妹妹在讨论绘本里的单词。听一听，选出与她们所说单词相符的释义。<\\/p>,<p>Anna在教妹妹四个季节的单词。听一听，选出与Anna所教单词相符的图片。<\\/p>,<p>Anna在教妹妹四个季节的单词。听一听，选出与Anna所教单词相符的图片。<\\/p>,<p> Anna在教妹妹四个季节的单词。听一听，选出与Anna所教单词相符的图片。<\\/p>,<p>Anna在教妹妹四个季节的单词。听一听，选出与Anna所教单词相符的图片。<\\/p>,<p>Anna在读英语绕口令，听一听，选出Anna所读单词中包含的字母组合。<\\/p>,<p>Anna在日记中描述自己对今天天气的感受。听一听，判断所给图片与描述是否相符。<\\/p>,<p>Anna和妹妹在讨论绘本里的单词。听一听，选出与她们所说单词相符的释义。<\\/p>,<p>Anna在读单词。听一听，选出她所读的单词。<\\/p>,<p>Anna在日记中描述自己对今天天气的感受。听一听，判断所给图片与描述是否相符。<\\/p>,<p>Anna在读英语绕口令，听一听，选出Anna所读单词中包含的字母组合。<\\/p>,<p>Anna和妹妹在讨论绘本里的单词。听一听，选出与她们所说单词相符的释义。<\\/p>,<p>Anna在读单词。听一听，选出她所读的单词。<\\/p>,<p>Anna在日记中描述自己对今天天气的感受。听一听，判断所给图片与描述是否相符。<\\/p>,<p>Anna在读单词。听一听，选出她所读的单词。<\\/p>\", \"单元名称\" : \"Unit 7 What's your favourite season?\", \"设置的题目数量\" : 5, \"级别\" : \"基础巩固\", \"学科\" : \"英语\", \"对应端类型\" : \"通用\"}"
"{\"年级\" : \"四年级\", \"关联题目数量\" : 15, \"版本\" : \"\", \"册\" : \"上册\", \"题干集合\" : \"<p>Mary在阅读“交通安全”绘本。听一听，图片与她书上的内容相符吗？<\\/p>,<p>同学们在玩“传声筒”的游戏。听一听，他们说的是哪个单词呢？<\\/p>,<p>Mary在阅读“交通安全”绘本。听一听，图片与她书上的内容相符吗？<\\/p>,<p>同学们在玩“传声筒”的游戏。听一听，他们说的是哪个单词呢？<\\/p>,<p>Mary在读自然拼读绘本。听一听，绘本中包含下面哪个单词？<\\/p>,<p>Mary在读自然拼读绘本。听一听，绘本中包含下面哪个单词？<\\/p>,<p>外教老师在线上课堂教单词。听一听，把单词翻译成中文吧！<\\/p>,<p>Tom在带弟弟认识身边的事物。听一听，他们在认识什么事物呢？<\\/p>,<p>同学们在玩“传声筒”的游戏。听一听，他们说的是哪个单词呢？<\\/p>,<p>Tom在带弟弟认识身边的事物。听一听，他们在认识什么事物呢？<\\/p>,<p>Tom在带弟弟认识身边的事物。听一听，他们在认识什么事物呢？<\\/p>,<p>外教老师在线上课堂教单词。听一听，把单词翻译成中文吧！<\\/p>,<p>Mary在阅读“交通安全”绘本。听一听，图片与她书上的内容相符吗？<\\/p>,<p>Tom在带弟弟认识身边的事物。听一听，他们在认识什么事物呢？<\\/p>,<p>外教老师在线上课堂教单词。听一听，把单词翻译成中文吧！<\\/p>\", \"单元名称\" : \"Unit 6 We should wait for the green light\", \"设置的题目数量\" : 5, \"级别\" : \"基础巩固\", \"学科\" : \"英语\", \"对应端类型\" : \"通用\"}"
"{\"年级\" : \"四年级\", \"关联题目数量\" : \"\", \"版本\" : \"湘少版（2024审定）\", \"册\" : \"下册\", \"题干集合\" : \"\", \"单元名称\" : \"U11\", \"设置的题目数量\" : 5, \"级别\" : \"综合进阶\", \"学科\" : \"英语\", \"对应端类型\" : \"通用\"}"
"{\"年级\" : \"四年级\", \"关联题目数量\" : 11, \"版本\" : \"湘鲁版\", \"册\" : \"上册\", \"题干集合\" : \",<p>|space<||>space| |space<||>space| |space<||>space|<\\/p>,<p>|space<||>space| |space<||>space| |space<||>space| |space<||>space|<\\/p>,<p>Sorry, I don't have any scissors.<\\/p>,<p>|space<||>space| |space<||>space| |space<||>space| |space<||>space| |space<||>space|<\\/p>,<p>|space<||>space| |space<||>space| |space<||>space| |space<||>space| |space<||>space|<\\/p>,<p>May I use your pen?<\\/p>,,<p>|space<||>space| |space<||>space| |space<||>space| |space<||>space| |space<||>space|<\\/p>,<p>Let's write a story.<\\/p>,<p>|space<||>space| |space<||>space| |space<||>space| |space<||>space|<\\/p>\", \"单元名称\" : \"Unit 2 May I use your crayon?\", \"设置的题目数量\" : 5, \"级别\" : \"难点突破\", \"学科\" : \"英语\", \"对应端类型\" : \"app\"}"
"{\"年级\" : \"三年级\", \"关联题目数量\" : \"\", \"版本\" : \"教科版（2024审定）\", \"册\" : \"下册\", \"题干集合\" : \"\", \"单元名称\" : \"期末复习\", \"设置的题目数量\" : 5, \"级别\" : \"综合进阶\", \"学科\" : \"英语\", \"对应端类型\" : \"通用\"}"
"{\"年级\" : \"五年级\", \"关联题目数量\" : \"\", \"版本\" : \"人教版（三起）\", \"册\" : \"上册\", \"题干集合\" : \"\", \"单元名称\" : \"U9\", \"设置的题目数量\" : 5, \"级别\" : \"基础巩固\", \"学科\" : \"英语\", \"对应端类型\" : \"app\"}"
"{\"年级\" : \"三年级\", \"关联题目数量\" : \"\", \"版本\" : \"教科版（2024审定）\", \"册\" : \"上册\", \"题干集合\" : \"\", \"单元名称\" : \"U10\", \"设置的题目数量\" : 5, \"级别\" : \"综合进阶\", \"学科\" : \"英语\", \"对应端类型\" : \"通用\"}"
"{\"年级\" : \"六年级\", \"关联题目数量\" : 10, \"版本\" : \"湘少版\", \"册\" : \"上册\", \"题干集合\" : \",,,NULL,NULL,,,,,\", \"单元名称\" : \"Unit 11 Shall we go to the theatre?\", \"设置的题目数量\" : 5, \"级别\" : \"综合进阶\", \"学科\" : \"英语\", \"对应端类型\" : \"app\"}"
"{\"年级\" : \"五年级\", \"关联题目数量\" : 21, \"版本\" : \"人教版（三起）\", \"册\" : \"上册\", \"题干集合\" : \",,,,,<p>his<\\/p>,<p>working<\\/p>,<p>young<\\/p>,<p>我们<\\/p>,,,,,,<p>sometimes<\\/p>,<p>show<\\/p>,,,,,\", \"单元名称\" : \"Unit 1 What's he like?\", \"设置的题目数量\" : 5, \"级别\" : \"基础巩固\", \"学科\" : \"英语\", \"对应端类型\" : \"app\"}"
"{\"年级\" : \"三年级\", \"关联题目数量\" : 10, \"版本\" : \"人教版（三起）\", \"册\" : \"下册\", \"题干集合\" : \"<p>We are ____.<\\/p>,,<p>I'm from the ____.<\\/p>,,<p>Welcome ____!<\\/p>,<p>Nice to ____ you again.<\\/p>,<p>He is a ____.<\\/p>,,,\", \"单元名称\" : \"Unit 1 Welcome back to school!\", \"设置的题目数量\" : 5, \"级别\" : \"难点突破\", \"学科\" : \"英语\", \"对应端类型\" : \"通用\"}"
"{\"年级\" : \"五年级\", \"关联题目数量\" : \"\", \"版本\" : \"湘鲁版\", \"册\" : \"下册\", \"题干集合\" : \"\", \"单元名称\" : \"期末复习\", \"设置的题目数量\" : 5, \"级别\" : \"基础巩固\", \"学科\" : \"英语\", \"对应端类型\" : \"app\"}"
"{\"年级\" : \"三年级\", \"关联题目数量\" : 10, \"版本\" : \"湘少版（2024审定）\", \"册\" : \"下册\", \"题干集合\" : \"<p>同学们约定明天去图书馆。听一听，选出你所听到的句子。<\\/p>,<p>Lucy和好朋友在谈论自己上学的交通方式。听录音，选出与录音内容相符的图片。<\\/p>,<p>同学们在谈论暑假出行计划。听一听，判断所听内容与所给图片是否相符。<\\/p>,<p>Lucy和好朋友谈论自己上学的交通方式。听录音，选出与录音内容相符的图片。<\\/p>,<p>同学们在谈论暑假出行计划。听一听，判断所听内容与所给图片是否相符。<\\/p>,<p>同学们约定去图书馆，大家在谈论乘坐哪种交通工具？听一听，选出你所听到的句子。<\\/p>,<p>同学们约定去图书馆，大家在谈论乘坐哪种交通工具？听一听，选出你所听到的句子。<\\/p>,<p>同学们在谈论暑假出行计划。听一听，判断所听内容与所给图片是否相符。<\\/p>,<p>同学们在谈论暑假出行计划。听一听，判断所听内容与所给图片是否相符。<\\/p>,<p>同学们约定去图书馆，大家在谈论乘坐哪种交通工具？听一听，选出你所听到的句子。<\\/p>\", \"单元名称\" : \"Unit 9 I go there by bus\", \"设置的题目数量\" : 5, \"级别\" : \"综合进阶\", \"学科\" : \"英语\", \"对应端类型\" : \"通用\"}"
"{\"年级\" : \"四年级\", \"关联题目数量\" : 10, \"版本\" : \"教科版（2024审定）\", \"册\" : \"上册\", \"题干集合\" : \"<p>妈妈在和刚放学回家的Amy说话。听一听，帮Amy回答妈妈吧！<\\/p>,<p>Tom邀请Jim参观爷爷的农场。听一听，帮Tom回答Jim吧！<\\/p>,<p>Alice去Yiming家做客。听一听，哪幅图是他们对话的场景呢？<\\/p>,<p>Alice去Yiming家做客。听一听，哪幅图是他们对话的场景呢？<\\/p>,<p>Aiwen去Sam家做客，Sam热情地接待了她。听一听，图片与他们所说的内容相符吗？<\\/p>,<p>同学们在分享做客会用到的礼貌用语。听一听，他们是按什么顺序分享的？<\\/p>,<p>Jim想参观一下Tom爷爷的花园。听一听，帮Tom爷爷回答Jim吧！<\\/p>,<p>Aiwen去Sam家做客，Sam热情地接待了她。听一听，哪幅图是他们对话的场景呢？<\\/p>,<p>Aiwen去Sam家做客，Sam热情地接待了她。听一听，图片与他们所说的内容相符吗？<\\/p>,<p>Aiwen去Sam家做客，Sam热情地接待了她。听一听，图片与他们所说的内容相符吗？<\\/p>\", \"单元名称\" : \"Unit 1 Come on In!\", \"设置的题目数量\" : 5, \"级别\" : \"难点突破\", \"学科\" : \"英语\", \"对应端类型\" : \"通用\"}"
"{\"年级\" : \"四年级\", \"关联题目数量\" : \"\", \"版本\" : \"人教版（三起）\", \"册\" : \"上册\", \"题干集合\" : \"\", \"单元名称\" : \"U12\", \"设置的题目数量\" : 5, \"级别\" : \"综合进阶\", \"学科\" : \"英语\", \"对应端类型\" : \"app\"}"
"{\"年级\" : \"四年级\", \"关联题目数量\" : \"\", \"版本\" : \"教科版（2024审定）\", \"册\" : \"下册\", \"题干集合\" : \"\", \"单元名称\" : \"U11\", \"设置的题目数量\" : 5, \"级别\" : \"综合进阶\", \"学科\" : \"英语\", \"对应端类型\" : \"通用\"}"
"{\"年级\" : \"八年级\", \"关联题目数量\" : 1, \"版本\" : \"人教版\", \"册\" : \"上册\", \"题干集合\" : \"\", \"单元名称\" : \"Unit 8 How do you make a banana milk shake?\", \"设置的题目数量\" : 1, \"级别\" : \"听独白选答案\", \"学科\" : \"英语\", \"对应端类型\" : \"通用\"}"
"{\"年级\" : \"四年级\", \"关联题目数量\" : \"\", \"版本\" : \"教科版\", \"册\" : \"上册\", \"题干集合\" : \"\", \"单元名称\" : \"Unit 11 I want to be a painter\", \"设置的题目数量\" : 5, \"级别\" : \"综合进阶\", \"学科\" : \"英语\", \"对应端类型\" : \"通用\"}"
"{\"年级\" : \"三年级\", \"关联题目数量\" : 15, \"版本\" : \"\", \"册\" : \"上册\", \"题干集合\" : \",,,,,,,,,,<p>短的<\\/p>,,<p>|space<||>space|mall<\\/p>,,\", \"单元名称\" : \"Unit 6 His hair is short\", \"设置的题目数量\" : 5, \"级别\" : \"基础巩固\", \"学科\" : \"英语\", \"对应端类型\" : \"通用\"}"
"{\"年级\" : \"三年级\", \"关联题目数量\" : 10, \"版本\" : \"湘少版\", \"册\" : \"上册\", \"题干集合\" : \"<p>Good morning to you.<\\/p>,,<p>Let me see.<\\/p>,,,<p>Who are you?<\\/p>,,<p>Good afternoon.<\\/p>,<p>Bye, Miss Li.<\\/p>,\", \"单元名称\" : \"Unit 2 Good morning\", \"设置的题目数量\" : 5, \"级别\" : \"难点突破\", \"学科\" : \"英语\", \"对应端类型\" : \"app\"}"
"{\"年级\" : \"六年级\", \"关联题目数量\" : 10, \"版本\" : \"湘少版\", \"册\" : \"上册\", \"题干集合\" : \"<p>see<\\/p>,,,,,,NULL,<p>near<\\/p>,NULL,\", \"单元名称\" : \"Unit 4 The Mid-Autumn Festival is coming\", \"设置的题目数量\" : 5, \"级别\" : \"基础巩固\", \"学科\" : \"英语\", \"对应端类型\" : \"app\"}"
"{\"年级\" : \"四年级\", \"关联题目数量\" : 15, \"版本\" : \"人教版（三起）（2024审定）\", \"册\" : \"下册\", \"题干集合\" : \",<p>Those are green beans and potatoes.<\\/p>,<p>Andy在参观爷爷的农场。听一听，图片与爷爷的介绍相符吗？<\\/p>,,,<p>Andy在参观爷爷的农场。听一听，图片与爷爷的介绍相符吗？<\\/p>,,<p>Andy在参观爷爷的农场。听一听，图片与爷爷的介绍相符吗？<\\/p>,,,,,,<p>Farm animals give us many things.<\\/p>,<p>Andy在参观爷爷的农场。听一听，图片与爷爷的介绍相符吗？<\\/p>\", \"单元名称\" : \"Unit 5 Farms and us\", \"设置的题目数量\" : 5, \"级别\" : \"综合进阶\", \"学科\" : \"英语\", \"对应端类型\" : \"通用\"}"
"{\"年级\" : \"四年级\", \"关联题目数量\" : 11, \"版本\" : \"湘鲁版\", \"册\" : \"上册\", \"题干集合\" : \",,,,,,,,,,\", \"单元名称\" : \"Unit 7 What time is it?\", \"设置的题目数量\" : 5, \"级别\" : \"综合进阶\", \"学科\" : \"英语\", \"对应端类型\" : \"app\"}"
"{\"年级\" : \"四年级\", \"关联题目数量\" : \"\", \"版本\" : \"教科版（2024审定）\", \"册\" : \"上册\", \"题干集合\" : \"\", \"单元名称\" : \"U9\", \"设置的题目数量\" : 5, \"级别\" : \"基础巩固\", \"学科\" : \"英语\", \"对应端类型\" : \"通用\"}"
"{\"年级\" : \"三年级\", \"关联题目数量\" : 10, \"版本\" : \"湘少版\", \"册\" : \"下册\", \"题干集合\" : \",,,,,,,,,\", \"单元名称\" : \"Unit 1 How are you?\", \"设置的题目数量\" : 5, \"级别\" : \"难点突破\", \"学科\" : \"英语\", \"对应端类型\" : \"app\"}"
"{\"年级\" : \"四年级\", \"关联题目数量\" : 14, \"版本\" : \"湘少版\", \"册\" : \"上册\", \"题干集合\" : \",,,,,,<p>turn<\\/p>,<p>leg<\\/p>,,,,,,\", \"单元名称\" : \"Unit 6 Turn right!\", \"设置的题目数量\" : 5, \"级别\" : \"基础巩固\", \"学科\" : \"英语\", \"对应端类型\" : \"app\"}"
"{\"年级\" : \"七年级\", \"关联题目数量\" : 5, \"版本\" : \"\", \"册\" : \"上册\", \"题干集合\" : \"<p>How many people are there in the girl's family?<\\/p>,<p>Who is Kate?<\\/p>,<p>Is Lucy Kevin's mother?<\\/p>,<p>How many brothers does Penny have?<\\/p>,<p>Whose cap is it?<\\/p>\", \"单元名称\" : \"Unit 2 We're Family!\", \"设置的题目数量\" : 5, \"级别\" : \"听短对话选答案\", \"学科\" : \"英语\", \"对应端类型\" : \"通用\"}"
"{\"年级\" : \"三年级\", \"关联题目数量\" : 10, \"版本\" : \"湘鲁版\", \"册\" : \"上册\", \"题干集合\" : \"<p>ch|space<||>space| |space<||>space| |space<||>space|<\\/p>,<p>the<\\/p>,<p>book<\\/p>,<p>on<\\/p>,,<p>red<\\/p>,,,<p>|space<||>space| |space<||>space|ue<\\/p>,<p>t|space<||>space|bl|space<||>space|<\\/p>\", \"单元名称\" : \"Unit 5 Where is your book?\", \"设置的题目数量\" : 5, \"级别\" : \"综合进阶\", \"学科\" : \"英语\", \"对应端类型\" : \"app\"}"
"{\"年级\" : \"五年级\", \"关联题目数量\" : \"\", \"版本\" : \"教科版\", \"册\" : \"上册\", \"题干集合\" : \"\", \"单元名称\" : \"Unit 9 It smells delicious\", \"设置的题目数量\" : 5, \"级别\" : \"综合进阶\", \"学科\" : \"英语\", \"对应端类型\" : \"通用\"}"
"{\"年级\" : \"四年级\", \"关联题目数量\" : \"\", \"版本\" : \"教科版（2024审定）\", \"册\" : \"上册\", \"题干集合\" : \"\", \"单元名称\" : \"U9\", \"设置的题目数量\" : 5, \"级别\" : \"难点突破\", \"学科\" : \"英语\", \"对应端类型\" : \"通用\"}"
"{\"年级\" : \"四年级\", \"关联题目数量\" : \"\", \"版本\" : \"\", \"册\" : \"下册\", \"题干集合\" : \"\", \"单元名称\" : \"Units 1-3 测试卷\", \"设置的题目数量\" : 5, \"级别\" : \"基础巩固\", \"学科\" : \"英语\", \"对应端类型\" : \"通用\"}"
"{\"年级\" : \"四年级\", \"关联题目数量\" : 10, \"版本\" : \"湘鲁版\", \"册\" : \"下册\", \"题干集合\" : \",<p>f|space<||>space| |space<||>space|m<\\/p>,,<p>v|space<||>space|ll|space<||>space|ge<\\/p>,,<p>gr|space<||>space|ndp|space<||>space|<\\/p>,,<p>b|space<||>space| |space<||>space|ld|space<||>space|ng<\\/p>,<p>|space<||>space| |space<||>space|nt<\\/p>,\", \"单元名称\" : \"Unit 9  What are you going to do this summer?\", \"设置的题目数量\" : 5, \"级别\" : \"综合进阶\", \"学科\" : \"英语\", \"对应端类型\" : \"app\"}"
"{\"年级\" : \"三年级\", \"关联题目数量\" : 11, \"版本\" : \"湘少版\", \"册\" : \"上册\", \"题干集合\" : \",,<p>t|space<||>space|d|space<||>space| |space<||>space|<\\/p>,,<p>c|space<||>space|k|space<||>space|<\\/p>,<p>p|space<||>space|ct|space<||>space|re<\\/p>,,<p>l|space<||>space|ttl|space<||>space|<\\/p>,<p>h|space<||>space|r|space<||>space|<\\/p>,,\", \"单元名称\" : \"Unit 12 Happy birthday!\", \"设置的题目数量\" : 5, \"级别\" : \"综合进阶\", \"学科\" : \"英语\", \"对应端类型\" : \"app\"}"
"{\"年级\" : \"三年级\", \"关联题目数量\" : 10, \"版本\" : \"教科版（2024审定）\", \"册\" : \"上册\", \"题干集合\" : \"<p>Helen在面对不同的情况时，会拨打不同的电话求助。听一听，判断下列号码与所听内容是否相符。相符的选“T”，不相符的选“F”。<\\/p><p>12306<\\/p>,<p>Peter找到了一些生活中与数字有关的图片。听一听，判断图片与所听内容是否相符。<\\/p>,<p>Peter找到了一些生活中与数字有关的图片。听一听，判断图片与所听内容是否相符。<\\/p>,<p>Helen在面对不同的情况时，会拨打不同的电话求助。听一听，判断图片与所听内容是否相符。<\\/p>,<p>Helen在面对不同的情况时，会拨打不同的电话求助。听录音，选择对应的图片。<\\/p>,<p>Peter找到了一些生活中与数字有关的图片。听录音，选择对应的图片。<\\/p>,<p>Helen在面对不同的情况时，会拨打不同的电话求助。听一听，判断图片与所听内容是否相符。<\\/p>,<p>Peter找到了一些生活中与数字有关的图片。听一听，判断图片与所听内容是否相符。<\\/p>,<p>Peter找到了一些生活中与数字有关的图片。听录音，选择对应的图片。<\\/p>,<p>Peter找到了一些生活中与数字有关的图片。听一听，判断图片与所听内容是否相符。<\\/p>\", \"单元名称\" : \"Unit 5 Set a Password\", \"设置的题目数量\" : 5, \"级别\" : \"基础巩固\", \"学科\" : \"英语\", \"对应端类型\" : \"通用\"}"
"{\"年级\" : \"五年级\", \"关联题目数量\" : \"\", \"版本\" : \"人教版（三起）\", \"册\" : \"上册\", \"题干集合\" : \"\", \"单元名称\" : \"期中复习\", \"设置的题目数量\" : 5, \"级别\" : \"基础巩固\", \"学科\" : \"英语\", \"对应端类型\" : \"app\"}"
"{\"年级\" : \"三年级\", \"关联题目数量\" : \"\", \"版本\" : \"\", \"册\" : \"下册\", \"题干集合\" : \"\", \"单元名称\" : \"期中复习\", \"设置的题目数量\" : 5, \"级别\" : \"综合进阶\", \"学科\" : \"英语\", \"对应端类型\" : \"通用\"}"
"{\"年级\" : \"四年级\", \"关联题目数量\" : \"\", \"版本\" : \"人教版（三起）（2024审定）\", \"册\" : \"下册\", \"题干集合\" : \"\", \"单元名称\" : \"U10\", \"设置的题目数量\" : 5, \"级别\" : \"基础巩固\", \"学科\" : \"英语\", \"对应端类型\" : \"通用\"}"
"{\"年级\" : \"四年级\", \"关联题目数量\" : \"\", \"版本\" : \"人教版（三起）（2024审定）\", \"册\" : \"上册\", \"题干集合\" : \"\", \"单元名称\" : \"Units 1-2 测试卷\", \"设置的题目数量\" : 5, \"级别\" : \"基础巩固\", \"学科\" : \"英语\", \"对应端类型\" : \"通用\"}"
"{\"年级\" : \"四年级\", \"关联题目数量\" : \"\", \"版本\" : \"人教版（三起）\", \"册\" : \"下册\", \"题干集合\" : \"\", \"单元名称\" : \"U12\", \"设置的题目数量\" : 5, \"级别\" : \"难点突破\", \"学科\" : \"英语\", \"对应端类型\" : \"app\"}"
"{\"年级\" : \"三年级\", \"关联题目数量\" : \"\", \"版本\" : \"湘少版（2024审定）\", \"册\" : \"上册\", \"题干集合\" : \"\", \"单元名称\" : \"期中复习\", \"设置的题目数量\" : 5, \"级别\" : \"综合进阶\", \"学科\" : \"英语\", \"对应端类型\" : \"通用\"}"
"{\"年级\" : \"七年级\", \"关联题目数量\" : 1, \"版本\" : \"人教版\", \"册\" : \"上册\", \"题干集合\" : \"\", \"单元名称\" : \"Unit 3 Is this your pencil?\", \"设置的题目数量\" : 1, \"级别\" : \"听长对话选答案\", \"学科\" : \"英语\", \"对应端类型\" : \"通用\"}"
"{\"年级\" : \"四年级\", \"关联题目数量\" : 10, \"版本\" : \"人教版（三起）\", \"册\" : \"下册\", \"题干集合\" : \",,,,,,,,,\", \"单元名称\" : \"Unit 6 Shopping\", \"设置的题目数量\" : 5, \"级别\" : \"综合进阶\", \"学科\" : \"英语\", \"对应端类型\" : \"app\"}"
"{\"年级\" : \"六年级\", \"关联题目数量\" : 10, \"版本\" : \"湘鲁版\", \"册\" : \"下册\", \"题干集合\" : \"<p>你们有期末考试吗？<\\/p>,<p>Here are some good study |space<||>space|.<\\/p>,<p>We will do our |space<||>space| to pass the exams.<\\/p>,<p>We will |space<||>space| Grade 6 soon.<\\/p>,<p>我很害怕。<\\/p>,<p>We will get our |space<||>space| around June 20th.<\\/p>,<p>We will have the |space<||>space| exams in June.<\\/p>,<p>我们什么时候可以知道成绩？<\\/p>,<p>我已经上完六年级了。<\\/p>,<p>我们大约将会在 6 月 20 日拿到成绩。<\\/p>\", \"单元名称\" : \"Unit 8  We will be in a junior middle school.\", \"设置的题目数量\" : 5, \"级别\" : \"难点突破\", \"学科\" : \"英语\", \"对应端类型\" : \"app\"}"
"{\"年级\" : \"三年级\", \"关联题目数量\" : \"\", \"版本\" : \"教科版（2024审定）\", \"册\" : \"上册\", \"题干集合\" : \"\", \"单元名称\" : \"U11\", \"设置的题目数量\" : 5, \"级别\" : \"基础巩固\", \"学科\" : \"英语\", \"对应端类型\" : \"通用\"}"
"{\"年级\" : \"八年级\", \"关联题目数量\" : \"\", \"版本\" : \"人教版\", \"册\" : \"下册\", \"题干集合\" : \"\", \"单元名称\" : \"U11\", \"设置的题目数量\" : 5, \"级别\" : \"综合进阶\", \"学科\" : \"英语\", \"对应端类型\" : \"通用\"}"
"{\"年级\" : \"三年级\", \"关联题目数量\" : \"\", \"版本\" : \"湘鲁版\", \"册\" : \"下册\", \"题干集合\" : \"\", \"单元名称\" : \"U12\", \"设置的题目数量\" : 5, \"级别\" : \"基础巩固\", \"学科\" : \"英语\", \"对应端类型\" : \"app\"}"
"{\"年级\" : \"四年级\", \"关联题目数量\" : \"\", \"版本\" : \"\", \"册\" : \"下册\", \"题干集合\" : \"\", \"单元名称\" : \"Units 4-6 测试卷\", \"设置的题目数量\" : 5, \"级别\" : \"难点突破\", \"学科\" : \"英语\", \"对应端类型\" : \"通用\"}"
"{\"年级\" : \"四年级\", \"关联题目数量\" : 10, \"版本\" : \"\", \"册\" : \"上册\", \"题干集合\" : \"<p>Lily在给自己的日记画情绪插画。听一听，她是按什么顺序画的呢？<\\/p>,<p>课间，Anna在和Lily聊天。听一听，帮Lily回复Anna吧！<\\/p>,<p>Jane在记录Anne的情绪感受。听一听，她的记录与对话内容相符吗？<\\/p><p>Anne can't find her pencil. She is worried.<\\/p>,<p>Mike在陈述自己不同情况的情绪感受。听一听，他的情绪感受是怎样的呢？<\\/p>,<p>课间，Mary在和Lily聊天。听一听，帮Lily回应Mary吧！<\\/p>,<p>妈妈在和Sarah说话。听一听，图片与她们的所说的内容相符吗？<\\/p>,<p>Jane在记录Amy的情绪感受。听一听，她的记录与对话内容相符吗？<\\/p><p>It's time to go swimming. Amy is worried.<\\/p>,<p>妈妈在和Tom聊天。听一听，图片与他们的聊天内容相符吗？<\\/p>,<p>Mike在陈述自己不同情况的情绪感受。听一听，他的情绪感受是怎样的呢？<\\/p>,<p>课堂上，Tony在描述同学们的情绪感受。听一听，他依次描述了哪些同学的情绪呢？<\\/p>\", \"单元名称\" : \"Unit 1 You look excited\", \"设置的题目数量\" : 5, \"级别\" : \"难点突破\", \"学科\" : \"英语\", \"对应端类型\" : \"通用\"}"
"{\"年级\" : \"三年级\", \"关联题目数量\" : 10, \"版本\" : \"湘少版（2024审定）\", \"册\" : \"下册\", \"题干集合\" : \"<p>Jane在教妹妹认识交通工具。听一听，判断所听单词与所给图片是否相符。<\\/p>,<p>Linda在做假期计划。听一听，选出你所听到的词汇。<\\/p>,<p>Linda在做假期计划。听一听，选出你所听到的词汇。<\\/p>,<p>上学路上，Jane看到了很多不同的交通工具。听录音，选出她看到的交通工具。<\\/p>,<p>Linda在做假期计划。听一听，选出你所听到的词汇。<\\/p>,<p>上学路上，Jane看到了很多不同的交通工具。听录音，选出她看到的交通工具。<\\/p>,<p>上学路上，Jane看到了很多不同的交通工具。听录音，选出她看到的交通工具。<\\/p>,<p>Jane在教妹妹认识交通工具。听一听，判断所听单词与所给图片是否相符。<\\/p>,<p>Jane在教妹妹认识交通工具。听一听，判断所听单词与所给图片是否相符。<\\/p>,<p>Jane在教妹妹认识交通工具。听一听，判断所听单词与所给图片是否相符。<\\/p>\", \"单元名称\" : \"Unit 9 I go there by bus\", \"设置的题目数量\" : 5, \"级别\" : \"基础巩固\", \"学科\" : \"英语\", \"对应端类型\" : \"通用\"}"
"{\"年级\" : \"三年级\", \"关联题目数量\" : 10, \"版本\" : \"人教版（三起）\", \"册\" : \"上册\", \"题干集合\" : \",,,<p>我们的<\\/p>,,,,,<p>钢笔  <\\/p>,\", \"单元名称\" : \"Unit 1 Hello!\", \"设置的题目数量\" : 5, \"级别\" : \"基础巩固\", \"学科\" : \"英语\", \"对应端类型\" : \"app\"}"
"{\"年级\" : \"六年级\", \"关联题目数量\" : 15, \"版本\" : \"湘鲁版\", \"册\" : \"上册\", \"题干集合\" : \",<p>|space<||>space| |space<||>space| |space<||>space| |space<||>space|<\\/p>,,<p>|space<||>space| |space<||>space| |space<||>space| |space<||>space| |space<||>space| |space<||>space| |space<||>space| |space<||>space| |space<||>space|<\\/p>,<p>|space<||>space| |space<||>space| |space<||>space| |space<||>space| |space<||>space|<\\/p>,<p>|space<||>space| |space<||>space| |space<||>space| |space<||>space|<\\/p>,<p>|space<||>space| |space<||>space| |space<||>space| |space<||>space| |space<||>space| |space<||>space| |space<||>space|<\\/p>,<p>|space<||>space| |space<||>space| |space<||>space| |space<||>space| |space<||>space| |space<||>space|<\\/p>,<p>|space<||>space| |space<||>space| |space<||>space| |space<||>space| |space<||>space|<\\/p>,,<p>|space<||>space| |space<||>space| |space<||>space| |space<||>space| |space<||>space|<\\/p>,,,,\", \"单元名称\" : \"Unit 2 We are in the east of the city.\", \"设置的题目数量\" : 5, \"级别\" : \"难点突破\", \"学科\" : \"英语\", \"对应端类型\" : \"app\"}"
"{\"年级\" : \"三年级\", \"关联题目数量\" : 10, \"版本\" : \"教科版（2024审定）\", \"册\" : \"上册\", \"题干集合\" : \"<p>同学们仿照五禽戏，自创了健身操。听录音，选择与录音内容相符的图片。<\\/p><p><br><\\/p>,<p>艾雯向爷爷学习五禽戏，正在练习相关动作。听录音，填入正确的单词补全句子。<\\/p><p>Let's walk like |space<||>space|.<\\/p>,<p>艾雯向爷爷学习五禽戏，正在练习相关动作。听录音，填入正确的单词补全句子。<\\/p><p>Let's jump like |space<||>space|.<\\/p>,<p>艾雯向爷爷学习五禽戏，正在练习相关动作。听录音，填入正确的单词补全句子。<\\/p><p>Let's run like |space<||>space|.<\\/p>,<p>艾雯向爷爷学习五禽戏，正在练习相关动作。听录音，填入正确的单词补全句子。<\\/p><p>Move your |space<||>space|.<\\/p>,<p>艾雯向爷爷学习五禽戏，正在练习相关动作。听录音，填入正确的单词补全句子。<\\/p><p>Let's play like |space<||>space|.<\\/p>,<p>艾雯向爷爷学习五禽戏，正在练习相关动作。听录音，填入正确的单词补全句子。<\\/p><p>Let's fly like |space<||>space|.<\\/p>,<p>同学们仿照五禽戏，自创了健身操。听录音，选择与录音内容相符的图片。<\\/p>,<p>艾雯成为了自创操的领操员，开始喊口号领导同学们跳操。听录音，给句子排序。<\\/p>,<p>艾雯发现五名同学跳操很棒，呼吁大家模仿他们的动作。听录音，将人物与相应动作连线。<\\/p>\", \"单元名称\" : \"Unit 8 It's Time to Exercise!\", \"设置的题目数量\" : 5, \"级别\" : \"难点突破\", \"学科\" : \"英语\", \"对应端类型\" : \"通用\"}"
"{\"年级\" : \"七年级\", \"关联题目数量\" : \"\", \"版本\" : \"人教版\", \"册\" : \"上册\", \"题干集合\" : \"\", \"单元名称\" : \"Starter Unit 1 Good morning!\", \"设置的题目数量\" : 5, \"级别\" : \"综合进阶\", \"学科\" : \"英语\", \"对应端类型\" : \"通用\"}"
"{\"年级\" : \"三年级\", \"关联题目数量\" : 9, \"版本\" : \"湘少版\", \"册\" : \"上册\", \"题干集合\" : \",,,,,,,,\", \"单元名称\" : \"Unit 5 This is my family\", \"设置的题目数量\" : 5, \"级别\" : \"难点突破\", \"学科\" : \"英语\", \"对应端类型\" : \"app\"}"
"{\"年级\" : \"三年级\", \"关联题目数量\" : \"\", \"版本\" : \"人教版（三起）（2024审定）\", \"册\" : \"上册\", \"题干集合\" : \"\", \"单元名称\" : \"U8\", \"设置的题目数量\" : 5, \"级别\" : \"难点突破\", \"学科\" : \"英语\", \"对应端类型\" : \"通用\"}"
"{\"年级\" : \"七年级\", \"关联题目数量\" : 1, \"版本\" : \"\", \"册\" : \"上册\", \"题干集合\" : \"\", \"单元名称\" : \"Starter Units\", \"设置的题目数量\" : 1, \"级别\" : \"听独白选答案\", \"学科\" : \"英语\", \"对应端类型\" : \"通用\"}"
"{\"年级\" : \"五年级\", \"关联题目数量\" : \"\", \"版本\" : \"人教版（三起）\", \"册\" : \"下册\", \"题干集合\" : \"\", \"单元名称\" : \"期末复习\", \"设置的题目数量\" : 5, \"级别\" : \"难点突破\", \"学科\" : \"英语\", \"对应端类型\" : \"app\"}"
"{\"年级\" : \"三年级\", \"关联题目数量\" : \"\", \"版本\" : \"湘鲁版\", \"册\" : \"下册\", \"题干集合\" : \"\", \"单元名称\" : \"U11\", \"设置的题目数量\" : 5, \"级别\" : \"基础巩固\", \"学科\" : \"英语\", \"对应端类型\" : \"app\"}"
"{\"年级\" : \"八年级\", \"关联题目数量\" : 1, \"版本\" : \"人教版\", \"册\" : \"上册\", \"题干集合\" : \"\", \"单元名称\" : \"Unit 4 What's the best movie theater?\", \"设置的题目数量\" : 1, \"级别\" : \"听长对话选答案\", \"学科\" : \"英语\", \"对应端类型\" : \"通用\"}"
"{\"年级\" : \"四年级\", \"关联题目数量\" : 12, \"版本\" : \"湘鲁版\", \"册\" : \"上册\", \"题干集合\" : \",,,,,,,,,,,\", \"单元名称\" : \"Unit 8 Where are you from?\", \"设置的题目数量\" : 5, \"级别\" : \"难点突破\", \"学科\" : \"英语\", \"对应端类型\" : \"app\"}"
"{\"年级\" : \"八年级\", \"关联题目数量\" : 1, \"版本\" : \"人教版\", \"册\" : \"下册\", \"题干集合\" : \"<p>1. David had a |space<||>space|, and he couldn't sleep.<\\/p><p>2. Mrs. Green often told David not to eat too much |space<||>space|. <\\/p><p>3. The dentist's office opens at |space<||>space|.<\\/p><p>4. David took some |space<||>space| and felt a little better.<\\/p><p>5. David thought his mother was |space<||>space|.<\\/p>\", \"单元名称\" : \"Unit 1 What's the matter?\", \"设置的题目数量\" : 1, \"级别\" : \"听短文完成题目\", \"学科\" : \"英语\", \"对应端类型\" : \"通用\"}"
"{\"年级\" : \"七年级\", \"关联题目数量\" : 5, \"版本\" : \"\", \"册\" : \"下册\", \"题干集合\" : \"<p>How was Steve's weekend?<\\/p>,<p>When did the girl visit her grandparents?<\\/p>,<p>What did Mary play yesterday?<\\/p>,<p>Where was Aunt Wang yesterday?<\\/p>,<p>Who did Tim go to the movies with?<\\/p>\", \"单元名称\" : \"Unit 7 A Day to Remember\", \"设置的题目数量\" : 5, \"级别\" : \"听短对话选答案\", \"学科\" : \"英语\", \"对应端类型\" : \"通用\"}"
"{\"年级\" : \"六年级\", \"关联题目数量\" : 10, \"版本\" : \"湘少版\", \"册\" : \"上册\", \"题干集合\" : \"<p>中秋节<\\/p>,<p>|space<||>space| |space<||>space| |space<||>space| |space<||>space|<\\/p>,NULL,<p>中心<\\/p>,NULL,NULL,<p>br|space<||>space| |space<||>space| |space<||>space|t<\\/p>,<p>月亮<\\/p>,<p>m|space<||>space| |space<||>space|ncake<\\/p>,<p>|space<||>space| |space<||>space| |space<||>space| |space<||>space|<\\/p>\", \"单元名称\" : \"Unit 4 The Mid-Autumn Festival is coming\", \"设置的题目数量\" : 5, \"级别\" : \"难点突破\", \"学科\" : \"英语\", \"对应端类型\" : \"app\"}"
"{\"年级\" : \"六年级\", \"关联题目数量\" : \"\", \"版本\" : \"湘少版\", \"册\" : \"下册\", \"题干集合\" : \"\", \"单元名称\" : \"期末复习\", \"设置的题目数量\" : 5, \"级别\" : \"基础巩固\", \"学科\" : \"英语\", \"对应端类型\" : \"app\"}"
"{\"年级\" : \"四年级\", \"关联题目数量\" : 12, \"版本\" : \"湘少版\", \"册\" : \"上册\", \"题干集合\" : \",,,,,<p>notebook<\\/p>,<p>grade<\\/p>,<p>age<\\/p>,<p>milk<\\/p>,,<p>sun<\\/p>,<p>我们<\\/p>\", \"单元名称\" : \"Unit 1 Nice to meet you!\", \"设置的题目数量\" : 5, \"级别\" : \"基础巩固\", \"学科\" : \"英语\", \"对应端类型\" : \"app\"}"
"{\"年级\" : \"四年级\", \"关联题目数量\" : \"\", \"版本\" : \"教科版\", \"册\" : \"上册\", \"题干集合\" : \"\", \"单元名称\" : \"期末复习\", \"设置的题目数量\" : 5, \"级别\" : \"综合进阶\", \"学科\" : \"英语\", \"对应端类型\" : \"通用\"}"
"{\"年级\" : \"三年级\", \"关联题目数量\" : \"\", \"版本\" : \"湘少版（2024审定）\", \"册\" : \"下册\", \"题干集合\" : \"\", \"单元名称\" : \"U11\", \"设置的题目数量\" : 5, \"级别\" : \"难点突破\", \"学科\" : \"英语\", \"对应端类型\" : \"通用\"}"
"{\"年级\" : \"四年级\", \"关联题目数量\" : 10, \"版本\" : \"人教版（三起）（2024审定）\", \"册\" : \"上册\", \"题干集合\" : \"<p>Mary在和Amy互相介绍自己的好朋友。听一听，Mary的好朋友是谁呢？<\\/p>,<p>友谊分享会上，Jane在做记录员。听一听，她的记录与同学们的分享相符吗？<\\/p><p>Tom's friend is Andy Black.<\\/p>,<p>在“好朋友大揭秘”活动中，主持人正在提问Amy。听一听，帮Amy回答问题吧！<\\/p>,<p>在“我的好朋友”主题绘画比赛中，同学们在介绍自己的作品。听一听，他们介绍的顺序是怎样的呢？<\\/p>,<p>在校园广播的“友谊之声”栏目中，John在讲述和好朋友之间的故事。听一听，他依次讲了哪些内容？<\\/p>,<p>在“好朋友大揭秘”活动中，主持人正在提问Amy。听一听，帮Amy回答问题吧！<\\/p>,<p>妈妈在询问Amy与她好朋友的故事。听一听，找出Amy的好朋友吧！<\\/p>,<p>好朋友风采展上，主持人正在提问Peter。听一听，图中是Peter的好朋友吗？<\\/p>,<p>好朋友风采展上，主持人正在提问Linda。听一听，图中是Linda的好朋友吗？<\\/p>,<p>“友谊分享会”上，Jack在做记录员。听一听，他的记录与同学们的分享相符吗？<\\/p><p>Sarah's best friend is Anne Miller.<\\/p>\", \"单元名称\" : \"Unit 2 My friends\", \"设置的题目数量\" : 5, \"级别\" : \"难点突破\", \"学科\" : \"英语\", \"对应端类型\" : \"通用\"}"
"{\"年级\" : \"四年级\", \"关联题目数量\" : 10, \"版本\" : \"湘少版\", \"册\" : \"上册\", \"题干集合\" : \"<p>sq|space<||>space| |space<||>space| |space<||>space| |space<||>space|<\\/p>,<p>d|space<||>space|t<\\/p>,,<p>fl|space<||>space|g<\\/p>,<p>c|space<||>space| |space<||>space|cle<\\/p>,,<p>dr|space<||>space| |space<||>space|<\\/p>,,,<p>l|space<||>space|n|space<||>space|<\\/p>\", \"单元名称\" : \"Unit 2 It's a circle\", \"设置的题目数量\" : 5, \"级别\" : \"综合进阶\", \"学科\" : \"英语\", \"对应端类型\" : \"app\"}"
"{\"年级\" : \"三年级\", \"关联题目数量\" : 15, \"版本\" : \"\", \"册\" : \"下册\", \"题干集合\" : \"<p>Peter和同学们在谈论本周的运动。听一听，选出他们所说的句子。<\\/p>,<p>Peter和妹妹在制定本周的运动计划。听一听，判断下面图片与他们的计划是否相符。<\\/p>,<p>Peter和同学们在谈论本周的运动。听一听，选出他们所说的句子。<\\/p>,<p>Peter和妹妹在制定本周的运动计划。听一听，判断下面图片与他们的计划是否相符。<\\/p>,<p>Peter在和妈妈讲述自己本周的运动计划。听一听，判断下面句子与Peter所说内容是否相符。<\\/p><p>I play football on Monday.<\\/p>,<p>早晨，妹妹叫Peter起床，她会和Peter说些什么呢？听一听，选出与妹妹所说句子相符的图片。<\\/p>,<p>Peter在和妈妈讲述自己本周的运动计划。听一听，判断下面句子与Peter所说内容是否相符。<\\/p><p>I do Tai Chi on on Tuesday.<\\/p>,<p>Peter和同学们在谈论本周的运动。听一听，选出他们所说的句子。<\\/p>,<p>Peter和妹妹在制定本周的运动计划。听一听，判断下面图片与他们的计划是否相符。<\\/p>,<p>早晨，妹妹叫Peter起床，她会和Peter说些什么呢？听一听，选出与妹妹所说句子相符的图片。<\\/p>,<p>Peter和妹妹在制定本周的运动计划。听一听，判断下面图片与他们的计划是否相符。<\\/p>,<p>Peter和同学们在谈论本周的运动。听一听，选出他们所说的句子。<\\/p>,<p>Peter和妹妹在制定本周的运动计划。听一听，判断下面图片与他们的计划是否相符。<\\/p>,<p>早晨，妹妹叫Peter起床，她会和Peter说些什么呢？听一听，选出与妹妹所说句子相符的图片。<\\/p>,<p>Peter在和妈妈讲述自己本周的运动计划。听一听，判断下面句子与Peter所说内容是否相符。<\\/p><p>I play ping-pong on Friday.<\\/p>\", \"单元名称\" : \"Unit 5 We play basketball on Monday\", \"设置的题目数量\" : 5, \"级别\" : \"综合进阶\", \"学科\" : \"英语\", \"对应端类型\" : \"通用\"}"
"{\"年级\" : \"七年级\", \"关联题目数量\" : 5, \"版本\" : \"\", \"册\" : \"下册\", \"题干集合\" : \"<p>What is the story about?<\\/p>,<p>Which story did Tom read?<\\/p>,<p>What kind of books does Linda like?<\\/p>,<p>What does Lucy think of the story?<\\/p>,<p>Who is the woman standing there?<\\/p>\", \"单元名称\" : \"Unit 8 Once upon a Time\", \"设置的题目数量\" : 5, \"级别\" : \"听短对话选答案\", \"学科\" : \"英语\", \"对应端类型\" : \"通用\"}"
"{\"年级\" : \"六年级\", \"关联题目数量\" : 25, \"版本\" : \"人教版（三起）\", \"册\" : \"上册\", \"题干集合\" : \",<p>sir<\\/p>,,,,,<p>比萨饼<\\/p>,<p>post office<\\/p>,<p>到达<\\/p>,,,<p>fast<\\/p>,,,,,<p>turn  <\\/p>,<p>bookshop<\\/p>,<p>右  <\\/p>,<p>interesting<\\/p>,,,,,\", \"单元名称\" : \"Unit 1 How can I get there?\", \"设置的题目数量\" : 5, \"级别\" : \"基础巩固\", \"学科\" : \"英语\", \"对应端类型\" : \"app\"}"
"{\"年级\" : \"四年级\", \"关联题目数量\" : 13, \"版本\" : \"湘少版\", \"册\" : \"上册\", \"题干集合\" : \"<p>circle<\\/p>,,,,<p>dog<\\/p>,<p>like<\\/p>,<p>square<\\/p>,,,<p>fine<\\/p>,,,\", \"单元名称\" : \"Unit 2 It's a circle\", \"设置的题目数量\" : 5, \"级别\" : \"基础巩固\", \"学科\" : \"英语\", \"对应端类型\" : \"app\"}"
"{\"年级\" : \"三年级\", \"关联题目数量\" : \"\", \"版本\" : \"\", \"册\" : \"下册\", \"题干集合\" : \"\", \"单元名称\" : \"期中复习\", \"设置的题目数量\" : 5, \"级别\" : \"难点突破\", \"学科\" : \"英语\", \"对应端类型\" : \"通用\"}"
"{\"年级\" : \"六年级\", \"关联题目数量\" : \"\", \"版本\" : \"教科版\", \"册\" : \"上册\", \"题干集合\" : \"\", \"单元名称\" : \"Unit 12 Other festivals in China\", \"设置的题目数量\" : 5, \"级别\" : \"基础巩固\", \"学科\" : \"英语\", \"对应端类型\" : \"通用\"}"
"{\"年级\" : \"三年级\", \"关联题目数量\" : 15, \"版本\" : \"\", \"册\" : \"上册\", \"题干集合\" : \",,<p>You are a sister.<\\/p>,,,<p>Who is he?<\\/p>,<p>他是做什么的？<\\/p>,,,<p>你是个大哥哥。<\\/p>,<p>They are my sister and brother.<\\/p>,<p>This is my father.<\\/p>,,,\", \"单元名称\" : \"Unit 4 She is my grandmother\", \"设置的题目数量\" : 5, \"级别\" : \"综合进阶\", \"学科\" : \"英语\", \"对应端类型\" : \"通用\"}"
"{\"年级\" : \"三年级\", \"关联题目数量\" : 11, \"版本\" : \"湘鲁版\", \"册\" : \"上册\", \"题干集合\" : \",<p>What's your name?<\\/p>,<p>Nice to meet you, too!<\\/p>,,,,,<p>What's it?<\\/p>,,,\", \"单元名称\" : \"Unit 1 Nice to meet you!\", \"设置的题目数量\" : 5, \"级别\" : \"难点突破\", \"学科\" : \"英语\", \"对应端类型\" : \"app\"}"
"{\"年级\" : \"四年级\", \"关联题目数量\" : \"\", \"版本\" : \"人教版（三起）\", \"册\" : \"上册\", \"题干集合\" : \"\", \"单元名称\" : \"Units 1-3 测试卷\", \"设置的题目数量\" : 5, \"级别\" : \"综合进阶\", \"学科\" : \"英语\", \"对应端类型\" : \"app\"}"
"{\"年级\" : \"四年级\", \"关联题目数量\" : 15, \"版本\" : \"湘少版（2024审定）\", \"册\" : \"下册\", \"题干集合\" : \",,,,,,,,,,,,,,\", \"单元名称\" : \"Unit 8 He is cleaning the window\", \"设置的题目数量\" : 5, \"级别\" : \"综合进阶\", \"学科\" : \"英语\", \"对应端类型\" : \"通用\"}"
"{\"年级\" : \"三年级\", \"关联题目数量\" : 10, \"版本\" : \"教科版（2024审定）\", \"册\" : \"上册\", \"题干集合\" : \"<p>Linda收集了很多成为好的倾听者的建议，她也想分享给朋友们。听一听，选择与录音内容相符的翻译。<\\/p>,<p>课堂上，老师正在带大家玩游戏。听一听老师的指令，判断同学们的反应是否正确。<\\/p>,<p>Linda想做一个好的倾听者，于是她向大家收集建议。听一听，选出你所听到的句子。<\\/p>,<p>Linda想做一个好的倾听者，于是她向大家收集建议。听一听，选出你所听到的句子。<\\/p>,<p> Linda收集了很多成为好的倾听者的建议，她也想分享给朋友们。听一听，选择与录音内容相符的翻译。<\\/p>,<p>课堂上，老师正在带大家玩游戏。听一听老师的指令，判断同学们的反应是否正确。<\\/p>,<p>课堂上，老师正在带大家玩游戏。听一听老师的指令，判断同学们的反应是否正确。<\\/p>,<p>Linda收集了很多成为好的倾听者的建议，她也想分享给朋友们。听一听，选择与录音内容相符的翻译。<\\/p>,<p>Linda想做一个好的倾听者，于是她向大家收集建议。听一听，选出你所听到的句子。<\\/p>,<p>课堂上，老师正在带大家玩游戏。听一听老师的指令，判断同学们的反应是否正确。<\\/p>\", \"单元名称\" : \"Unit 7 Be a Good Listener\", \"设置的题目数量\" : 5, \"级别\" : \"综合进阶\", \"学科\" : \"英语\", \"对应端类型\" : \"通用\"}"
"{\"年级\" : \"六年级\", \"关联题目数量\" : \"\", \"版本\" : \"湘鲁版\", \"册\" : \"下册\", \"题干集合\" : \"\", \"单元名称\" : \"U12\", \"设置的题目数量\" : 5, \"级别\" : \"基础巩固\", \"学科\" : \"英语\", \"对应端类型\" : \"app\"}"
"{\"年级\" : \"五年级\", \"关联题目数量\" : 10, \"版本\" : \"湘鲁版\", \"册\" : \"上册\", \"题干集合\" : \"<p>I like the ____ garden.<\\/p>,<p>This is a ____ of our new school.<\\/p>,<p>There is a big ____.<\\/p>,<p>There is a ____ in our school.<\\/p>,<p>|space<||>space| |space<||>space| |space<||>space| |space<||>space|<\\/p>,<p>|space<||>space| |space<||>space| |space<||>space| |space<||>space|<\\/p>,<p>|space<||>space| |space<||>space| |space<||>space| |space<||>space| |space<||>space|<\\/p>,<p>There is a garden ____ the playground.<\\/p>,<p>|space<||>space| |space<||>space| |space<||>space| |space<||>space| |space<||>space| |space<||>space|<\\/p>,<p>|space<||>space| |space<||>space| |space<||>space|<\\/p>\", \"单元名称\" : \"Unit 1 There is a big music room.\", \"设置的题目数量\" : 5, \"级别\" : \"综合进阶\", \"学科\" : \"英语\", \"对应端类型\" : \"app\"}"
"{\"年级\" : \"三年级\", \"关联题目数量\" : \"\", \"版本\" : \"人教版（三起）（2024审定）\", \"册\" : \"上册\", \"题干集合\" : \"\", \"单元名称\" : \"U12\", \"设置的题目数量\" : 5, \"级别\" : \"难点突破\", \"学科\" : \"英语\", \"对应端类型\" : \"通用\"}"
"{\"年级\" : \"八年级\", \"关联题目数量\" : 1, \"版本\" : \"\", \"册\" : \"上册\", \"题干集合\" : \"<p>1. |space<||>space|<\\/p><p>2. |space<||>space|<\\/p><p>3. |space<||>space|<\\/p><p>4. |space<||>space| |space<||>space| |space<||>space|<\\/p><p>5. |space<||>space| |space<||>space| |space<||>space|<\\/p>\", \"单元名称\" : \"Unit 2 Home Sweet Home\", \"设置的题目数量\" : 1, \"级别\" : \"听短文完成题目\", \"学科\" : \"英语\", \"对应端类型\" : \"通用\"}"
"{\"年级\" : \"七年级\", \"关联题目数量\" : 5, \"版本\" : \"人教版\", \"册\" : \"上册\", \"题干集合\" : \"<p>Nick is the boy's ____.<\\/p>,<p>Is Lucy Kevin's mother?<\\/p>,<p>How many brothers does Penny have?<\\/p>,<p>How many people are there in the girl's family?<\\/p>,<p>Who is Kate?<\\/p>\", \"单元名称\" : \"Unit 2 This is my sister.\", \"设置的题目数量\" : 5, \"级别\" : \"听短对话选答案\", \"学科\" : \"英语\", \"对应端类型\" : \"通用\"}"
"{\"年级\" : \"七年级\", \"关联题目数量\" : 1, \"版本\" : \"\", \"册\" : \"上册\", \"题干集合\" : \"\", \"单元名称\" : \"Unit 3 My School\", \"设置的题目数量\" : 1, \"级别\" : \"听短文完成题目\", \"学科\" : \"英语\", \"对应端类型\" : \"通用\"}"
"{\"年级\" : \"三年级\", \"关联题目数量\" : 15, \"版本\" : \"湘少版（2024审定）\", \"册\" : \"上册\", \"题干集合\" : \",,,,,,,,<p>horse<\\/p>,,<p>猫<\\/p>,,<p>dog<\\/p>,,\", \"单元名称\" : \"Unit 8 What's this?\", \"设置的题目数量\" : 5, \"级别\" : \"基础巩固\", \"学科\" : \"英语\", \"对应端类型\" : \"通用\"}"
"{\"年级\" : \"六年级\", \"关联题目数量\" : 10, \"版本\" : \"湘少版\", \"册\" : \"上册\", \"题干集合\" : \",NULL,,<p>em|space<||>space| |space<||>space|l<\\/p>,<p>发现；弄清（信息等）<\\/p>,,<p>gr|space<||>space| |space<||>space|ting<\\/p>,<p>w|space<||>space| |space<||>space|ld<\\/p>,NULL,<p>邮件<\\/p>\", \"单元名称\" : \"Unit 3 I like my computer\", \"设置的题目数量\" : 5, \"级别\" : \"难点突破\", \"学科\" : \"英语\", \"对应端类型\" : \"app\"}"
"{\"年级\" : \"三年级\", \"关联题目数量\" : 8, \"版本\" : \"湘少版\", \"册\" : \"上册\", \"题干集合\" : \",,,,,,,\", \"单元名称\" : \"Unit 7 It's a dog\", \"设置的题目数量\" : 5, \"级别\" : \"难点突破\", \"学科\" : \"英语\", \"对应端类型\" : \"app\"}"
"{\"年级\" : \"三年级\", \"关联题目数量\" : 10, \"版本\" : \"教科版（2024审定）\", \"册\" : \"上册\", \"题干集合\" : \"<p>Mulan正在认读生活中的单词。听录音，选择与录音相符的图片。<\\/p>,<p>Mulan正在认读英文缩略词。听录音，判断所听内容与所给内容是否相符。相符的选“T”，不相符的选“F”。<\\/p><p>you are<\\/p>,<p>Mulan正在认读英文缩略词。听录音，判断所听内容与所给内容是否相符。相符的选“T”，不相符的选“F”。<\\/p><p>I'm<\\/p>,<p>Mulan和妈妈正在确认高铁座位号。听录音，判断所听句子与所给图片是否相符。相符的选“T”，不相符的选“F”。<\\/p>,<p>Mulan和妈妈正在确认高铁座位号。听录音，判断所听句子与所给图片是否相符。相符的选“T”，不相符的选“F”。<\\/p>,<p>Mulan正在认读生活中的单词。听录音，选择与录音相符的图片。<\\/p>,<p>高铁上，Mulan正在和邻座的小朋友交谈。听录音，给所听句子选择合适的图片。<\\/p>,<p>高铁上，Mulan正在和邻座的小朋友交谈。听录音，给所听句子选择合适的图片。<\\/p>,<p>游乐园里，一个女孩和Mulan打招呼。听录音，给所听句子选择合适的图片。<\\/p>,<p>高铁上，Mulan正在和邻座的小朋友交谈。听录音，给所听句子选择合适的图片。<\\/p>\", \"单元名称\" : \"Unit 1 Letters in Our Life\", \"设置的题目数量\" : 5, \"级别\" : \"综合进阶\", \"学科\" : \"英语\", \"对应端类型\" : \"通用\"}"
"{\"年级\" : \"四年级\", \"关联题目数量\" : 18, \"版本\" : \"湘鲁版\", \"册\" : \"上册\", \"题干集合\" : \",,<p>|space<||>space| |space<||>space| |space<||>space| |space<||>space| |space<||>space| |space<||>space|<\\/p>,<p>|space<||>space| |space<||>space| |space<||>space| |space<||>space|<\\/p>,<p>|space<||>space| |space<||>space| |space<||>space| |space<||>space| |space<||>space|<\\/p>,,<p>|space<||>space| |space<||>space| |space<||>space| |space<||>space| |space<||>space| |space<||>space|<\\/p>,,,<p>|space<||>space| |space<||>space| |space<||>space| |space<||>space| |space<||>space| |space<||>space| |space<||>space|<\\/p>,<p>|space<||>space| |space<||>space| |space<||>space| |space<||>space| |space<||>space|<\\/p>,<p>|space<||>space| |space<||>space| |space<||>space| |space<||>space|<\\/p>,,,,,,\", \"单元名称\" : \"Unit 6 May I help you?\", \"设置的题目数量\" : 5, \"级别\" : \"难点突破\", \"学科\" : \"英语\", \"对应端类型\" : \"app\"}"
"{\"年级\" : \"四年级\", \"关联题目数量\" : \"\", \"版本\" : \"人教版（三起）（2024审定）\", \"册\" : \"上册\", \"题干集合\" : \"\", \"单元名称\" : \"Units 3-4 测试卷\", \"设置的题目数量\" : 5, \"级别\" : \"基础巩固\", \"学科\" : \"英语\", \"对应端类型\" : \"通用\"}"
"{\"年级\" : \"七年级\", \"关联题目数量\" : \"\", \"版本\" : \"\", \"册\" : \"下册\", \"题干集合\" : \"\", \"单元名称\" : \"期末复习\", \"设置的题目数量\" : 5, \"级别\" : \"基础巩固\", \"学科\" : \"英语\", \"对应端类型\" : \"通用\"}"
"{\"年级\" : \"五年级\", \"关联题目数量\" : \"\", \"版本\" : \"湘少版\", \"册\" : \"下册\", \"题干集合\" : \"\", \"单元名称\" : \"期末复习\", \"设置的题目数量\" : 5, \"级别\" : \"基础巩固\", \"学科\" : \"英语\", \"对应端类型\" : \"app\"}"
"{\"年级\" : \"三年级\", \"关联题目数量\" : 17, \"版本\" : \"湘少版\", \"册\" : \"下册\", \"题干集合\" : \",<p>短裤<\\/p>,,,,,,,,,,,,,,<p>look<\\/p>,\", \"单元名称\" : \"Unit 4 Look at the T-shirts\", \"设置的题目数量\" : 5, \"级别\" : \"基础巩固\", \"学科\" : \"英语\", \"对应端类型\" : \"app\"}"
"{\"年级\" : \"四年级\", \"关联题目数量\" : 15, \"版本\" : \"人教版（三起）（2024审定）\", \"册\" : \"上册\", \"题干集合\" : \"<p>课间，同学们在评论邻居职业的贡献。听一听，他们是怎么评价的呢？<\\/p>,<p>Andy在记录同学们去敬老院所做的事情。听一听，他的记录对吗？<\\/p><p>They are cleaning the room.<\\/p>,<p>Andy在记录同学们去敬老院所做的事情。听一听，他的记录对吗？<\\/p><p>He is telling a funny story.<\\/p>,<p>Andy在记录同学们去敬老院所做的事情。听一听，他的记录对吗？<\\/p><p>She is singing old songs.<\\/p>,<p>Benny在描述同学们正在做的事情。听一听，同学们都在做什么呢？<\\/p>,<p>校园广播中正在介绍“感动中国”人物。听一听，把关键内容翻译成中文吧！<\\/p>,<p>课间，同学们在评论邻居职业的贡献。听一听，他们是怎么评价的呢？<\\/p>,<p>课间，同学们在讨论邻居的职业。听一听，他们的邻居是什么职业呢？<\\/p>,<p>校园广播中正在介绍“感动中国”人物。听一听，把关键内容翻译成中文吧！<\\/p>,<p>在“职业认知”活动中，老师介绍了不同职业。听一听，图片职业与老师介绍的一致吗？<\\/p>,<p>课间，同学们在讨论邻居的职业。听一听，他们的邻居是什么职业呢？<\\/p>,<p>在“职业认知”活动中，老师介绍了不同职业。听一听，图片职业与老师介绍的一致吗？<\\/p>,<p>Benny在描述同学们正在做的事情。听一听，同学们都在做什么呢？<\\/p>,<p>在“职业认知”活动中，老师介绍了不同职业。听一听，图片职业与老师介绍的一致吗？<\\/p>,<p>Benny在描述同学们正在做的事情。听一听，同学们都在做什么呢？<\\/p>\", \"单元名称\" : \"Unit 4 Helping in the community\", \"设置的题目数量\" : 5, \"级别\" : \"综合进阶\", \"学科\" : \"英语\", \"对应端类型\" : \"通用\"}"
"{\"年级\" : \"三年级\", \"关联题目数量\" : 10, \"版本\" : \"湘少版（2024审定）\", \"册\" : \"下册\", \"题干集合\" : \"<p>早晨，妈妈叫Jim起床上学。听一听，选出你所听到的句子。<\\/p>,<p>早晨，妈妈叫Jim起床上学。听一听，选出你所听到的句子。<\\/p>,<p>Tom放学回到家，他会和妈妈说些什么？听录音，判断所给图片与所听内容是否相符。<\\/p>,<p>早晨，妈妈叫Jim起床上学。听一听，选出你所听到的句子。<\\/p>,<p>小猪在和Dino分享自己睡前的日程。听录音，选出与所听内容相符的图片。<\\/p>,<p>小猪在和Dino分享自己睡前的日程。听录音，选出与所听内容相符的图片。<\\/p>,<p>小猪在和Dino分享自己睡前的日程。听录音，选出与所听内容相符的图片。<\\/p>,<p>Tom放学回到家，他会和妈妈说些什么？听录音，判断所给图片与所听内容是否相符。<\\/p>,<p>早晨，妈妈叫Jim起床上学。听一听，选出你所听到的句子。<\\/p>,<p>Tom放学回到家，他会和妈妈说些什么？听录音，判断所给图片与所听内容是否相符。<\\/p>\", \"单元名称\" : \"Unit 7 Wash your hands\", \"设置的题目数量\" : 5, \"级别\" : \"综合进阶\", \"学科\" : \"英语\", \"对应端类型\" : \"通用\"}"
"{\"年级\" : \"八年级\", \"关联题目数量\" : \"\", \"版本\" : \"人教版\", \"册\" : \"上册\", \"题干集合\" : \"\", \"单元名称\" : \"期中复习\", \"设置的题目数量\" : 5, \"级别\" : \"综合进阶\", \"学科\" : \"英语\", \"对应端类型\" : \"通用\"}"
"{\"年级\" : \"五年级\", \"关联题目数量\" : 10, \"版本\" : \"湘鲁版\", \"册\" : \"上册\", \"题干集合\" : \"<p>公司<\\/p>,,,<p>一般，普通地<\\/p>,,,,,,<p>分钟<\\/p>\", \"单元名称\" : \"Unit 8 What does your father do?\", \"设置的题目数量\" : 5, \"级别\" : \"基础巩固\", \"学科\" : \"英语\", \"对应端类型\" : \"app\"}"
"{\"年级\" : \"六年级\", \"关联题目数量\" : \"\", \"版本\" : \"湘少版\", \"册\" : \"下册\", \"题干集合\" : \"\", \"单元名称\" : \"U11\", \"设置的题目数量\" : 5, \"级别\" : \"基础巩固\", \"学科\" : \"英语\", \"对应端类型\" : \"app\"}"
"{\"年级\" : \"五年级\", \"关联题目数量\" : \"\", \"版本\" : \"教科版\", \"册\" : \"上册\", \"题干集合\" : \"\", \"单元名称\" : \"Unit 4 Can you do my homework?\", \"设置的题目数量\" : 5, \"级别\" : \"难点突破\", \"学科\" : \"英语\", \"对应端类型\" : \"通用\"}"
"{\"年级\" : \"三年级\", \"关联题目数量\" : \"\", \"版本\" : \"湘少版\", \"册\" : \"上册\", \"题干集合\" : \"\", \"单元名称\" : \"期末复习\", \"设置的题目数量\" : 5, \"级别\" : \"难点突破\", \"学科\" : \"英语\", \"对应端类型\" : \"app\"}"
"{\"年级\" : \"四年级\", \"关联题目数量\" : 20, \"版本\" : \"湘少版（2024审定）\", \"册\" : \"下册\", \"题干集合\" : \",<p>Mark和Jackson在讨论课程安排。听一听，下面的句子和他们说的一样吗？<\\/p><p>What do you have this morning?<\\/p>,<p>课间，Linda和Luke在谈论课程。听一听，他们是怎么说的？<\\/p>,<p>同学们在讨论课程安排。听一听，他们说的和课程表中一样吗？<\\/p>,<p>Mark和Jackson在讨论课程安排。听一听，下面的句子和他们说的一样吗？<\\/p><p>I have art and maths.<\\/p>,,<p>课间，Linda和Luke在谈论课程。听一听，他们是怎么说的？<\\/p>,,<p>课间，Linda和Luke在谈论课程。听一听，他们是怎么说的？<\\/p>,<p>Mark和Jackson在讨论课程安排。听一听，下面的句子和他们说的一样吗？<\\/p><p>I like all the subjects.<\\/p>,,,<p>课间，Linda和Luke在谈论课程。听一听，他们是怎么说的？<\\/p>,<p>同学们在讨论课程安排。听一听，他们说的和课程表中一样吗？<\\/p>,<p>Mark和Jackson在讨论课程安排。听一听，下面的句子和他们说的一样吗？<\\/p><p>What subjects do you have?<\\/p>,<p>Mark和Jackson在讨论课程安排。听一听，下面的句子和他们说的一样吗？<\\/p><p>I have English, music and PE today.<\\/p>,<p>课间，Linda和Luke在谈论课程。听一听，他们是怎么说的？<\\/p>,<p>同学们在讨论课程安排。听一听，他们说的和课程表中一样吗？<\\/p>,<p>同学们在讨论课程安排。听一听，他们说的和课程表中一样吗？<\\/p>,<p>同学们在讨论课程安排。听一听，他们说的和课程表中一样吗？<\\/p>\", \"单元名称\" : \"Unit 2 What classes do you have this morning?\", \"设置的题目数量\" : 5, \"级别\" : \"综合进阶\", \"学科\" : \"英语\", \"对应端类型\" : \"通用\"}"
"{\"年级\" : \"四年级\", \"关联题目数量\" : 10, \"版本\" : \"湘鲁版\", \"册\" : \"下册\", \"题干集合\" : \",,,,,<p>tr|space<||>space| |space<||>space|sers<\\/p>,<p>sk|space<||>space| |space<||>space|t<\\/p>,,<p>sc|space<||>space| |space<||>space|f<\\/p>,\", \"单元名称\" : \"Unit 7  Does she like toys?\", \"设置的题目数量\" : 5, \"级别\" : \"难点突破\", \"学科\" : \"英语\", \"对应端类型\" : \"app\"}"
"{\"年级\" : \"五年级\", \"关联题目数量\" : 13, \"版本\" : \"湘少版\", \"册\" : \"下册\", \"题干集合\" : \",,,,,,,,,,,<p>|space<||>space| |space<||>space| |space<||>space| |space<||>space| |space<||>space| |space<||>space| |space<||>space| |space<||>space|<\\/p>,\", \"单元名称\" : \"Unit 8 Can you show me the way to the Xinhua Hotel?\", \"设置的题目数量\" : 5, \"级别\" : \"难点突破\", \"学科\" : \"英语\", \"对应端类型\" : \"app\"}"
"{\"年级\" : \"三年级\", \"关联题目数量\" : \"\", \"版本\" : \"教科版（2024审定）\", \"册\" : \"下册\", \"题干集合\" : \"\", \"单元名称\" : \"期中复习\", \"设置的题目数量\" : 5, \"级别\" : \"综合进阶\", \"学科\" : \"英语\", \"对应端类型\" : \"通用\"}"
"{\"年级\" : \"四年级\", \"关联题目数量\" : \"\", \"版本\" : \"人教版（三起）\", \"册\" : \"下册\", \"题干集合\" : \"\", \"单元名称\" : \"期中复习\", \"设置的题目数量\" : 5, \"级别\" : \"综合进阶\", \"学科\" : \"英语\", \"对应端类型\" : \"app\"}"
"{\"年级\" : \"三年级\", \"关联题目数量\" : \"\", \"版本\" : \"人教版（三起）（2024审定）\", \"册\" : \"下册\", \"题干集合\" : \"\", \"单元名称\" : \"期末复习\", \"设置的题目数量\" : 5, \"级别\" : \"难点突破\", \"学科\" : \"英语\", \"对应端类型\" : \"通用\"}"
"{\"年级\" : \"四年级\", \"关联题目数量\" : 5, \"版本\" : \"湘少版\", \"册\" : \"下册\", \"题干集合\" : \",,,,\", \"单元名称\" : \"期中复习\", \"设置的题目数量\" : 5, \"级别\" : \"基础巩固\", \"学科\" : \"英语\", \"对应端类型\" : \"app\"}"
"{\"年级\" : \"三年级\", \"关联题目数量\" : \"\", \"版本\" : \"湘少版（2024审定）\", \"册\" : \"上册\", \"题干集合\" : \"\", \"单元名称\" : \"期末复习\", \"设置的题目数量\" : 5, \"级别\" : \"基础巩固\", \"学科\" : \"英语\", \"对应端类型\" : \"通用\"}"
"{\"年级\" : \"四年级\", \"关联题目数量\" : 10, \"版本\" : \"湘鲁版\", \"册\" : \"下册\", \"题干集合\" : \",,,,,,,,,<p class=\\\"ql-indent-1\\\"><br><\\/p>\", \"单元名称\" : \"Unit 5  What do you do on Saturdays?\", \"设置的题目数量\" : 5, \"级别\" : \"基础巩固\", \"学科\" : \"英语\", \"对应端类型\" : \"app\"}"
"{\"年级\" : \"三年级\", \"关联题目数量\" : 11, \"版本\" : \"湘鲁版\", \"册\" : \"上册\", \"题干集合\" : \"<p>book<\\/p>,<p>n|space<||>space|se<\\/p>,<p>|space<||>space| |space<||>space| |space<||>space|<\\/p>,<p>mouth<\\/p>,,<p>l|space<||>space| |space<||>space|k<\\/p>,<p>nose<\\/p>,<p>touch<\\/p>,<p>t|space<||>space| |space<||>space|ch<\\/p>,<p>eye<\\/p>,<p>|space<||>space| |space<||>space| |space<||>space|<\\/p>\", \"单元名称\" : \"Unit 2 Let's play a game!\", \"设置的题目数量\" : 5, \"级别\" : \"综合进阶\", \"学科\" : \"英语\", \"对应端类型\" : \"app\"}"
"{\"年级\" : \"六年级\", \"关联题目数量\" : 11, \"版本\" : \"湘少版\", \"册\" : \"下册\", \"题干集合\" : \",,,,,,,,,,\", \"单元名称\" : \"Unit 8 International Children's Day\", \"设置的题目数量\" : 5, \"级别\" : \"基础巩固\", \"学科\" : \"英语\", \"对应端类型\" : \"app\"}"
"{\"年级\" : \"五年级\", \"关联题目数量\" : \"\", \"版本\" : \"教科版\", \"册\" : \"上册\", \"题干集合\" : \"\", \"单元名称\" : \"Unit 12 Four seasons in one day\", \"设置的题目数量\" : 5, \"级别\" : \"综合进阶\", \"学科\" : \"英语\", \"对应端类型\" : \"通用\"}"
"{\"年级\" : \"四年级\", \"关联题目数量\" : 23, \"版本\" : \"湘少版\", \"册\" : \"下册\", \"题干集合\" : \"<p>busy<\\/p>,,<p>sing<\\/p>,<p>可能<\\/p>,,<p>fun<\\/p>,<p>paint<\\/p>,,<p>just<\\/p>,,,,<p>English<\\/p>,<p>down<\\/p>,,,,<p>draw<\\/p>,,,,,\", \"单元名称\" : \"Unit 4 Can you write in English？\", \"设置的题目数量\" : 5, \"级别\" : \"基础巩固\", \"学科\" : \"英语\", \"对应端类型\" : \"app\"}"
"{\"年级\" : \"八年级\", \"关联题目数量\" : 1, \"版本\" : \"人教版\", \"册\" : \"上册\", \"题干集合\" : \"<p>1. Anna's birthday party was in the classroom of Class |space<||>space|, Grade Nine.<\\/p><p>2. The party was at 3 o'clock last |space<||>space| afternoon.<\\/p><p>3. All the classmates and Anna's |space<||>space| were invited to the party.<\\/p><p>4. We bought a birthday cake, some snacks and |space<||>space|.<\\/p><p>5. Anna got some birthday gifts. She was |space<||>space| and happy.<\\/p>\", \"单元名称\" : \"Unit 9 Can you come to my party?\", \"设置的题目数量\" : 1, \"级别\" : \"听短文完成题目\", \"学科\" : \"英语\", \"对应端类型\" : \"通用\"}"
"{\"年级\" : \"六年级\", \"关联题目数量\" : \"\", \"版本\" : \"湘鲁版\", \"册\" : \"上册\", \"题干集合\" : \"\", \"单元名称\" : \"Units 1-5 测试卷\", \"设置的题目数量\" : 5, \"级别\" : \"基础巩固\", \"学科\" : \"英语\", \"对应端类型\" : \"app\"}"
"{\"年级\" : \"三年级\", \"关联题目数量\" : \"\", \"版本\" : \"\", \"册\" : \"上册\", \"题干集合\" : \"\", \"单元名称\" : \"U12\", \"设置的题目数量\" : 5, \"级别\" : \"基础巩固\", \"学科\" : \"英语\", \"对应端类型\" : \"通用\"}"
"{\"年级\" : \"三年级\", \"关联题目数量\" : \"\", \"版本\" : \"\", \"册\" : \"上册\", \"题干集合\" : \"\", \"单元名称\" : \"期中复习\", \"设置的题目数量\" : 5, \"级别\" : \"综合进阶\", \"学科\" : \"英语\", \"对应端类型\" : \"通用\"}"
"{\"年级\" : \"四年级\", \"关联题目数量\" : 15, \"版本\" : \"教科版（2024审定）\", \"册\" : \"下册\", \"题干集合\" : \",,,,,,,,,,,,,,\", \"单元名称\" : \"Unit 2 Busy as a Bee\", \"设置的题目数量\" : 15, \"级别\" : \"基础巩固\", \"学科\" : \"英语\", \"对应端类型\" : \"通用\"}"
"{\"年级\" : \"四年级\", \"关联题目数量\" : 10, \"版本\" : \"湘鲁版\", \"册\" : \"上册\", \"题干集合\" : \",,,,,,,,,\", \"单元名称\" : \"Unit 2 May I use your crayon?\", \"设置的题目数量\" : 5, \"级别\" : \"基础巩固\", \"学科\" : \"英语\", \"对应端类型\" : \"app\"}"
"{\"年级\" : \"三年级\", \"关联题目数量\" : 9, \"版本\" : \"湘少版\", \"册\" : \"上册\", \"题干集合\" : \",,,,,,,,\", \"单元名称\" : \"Unit 9 It's a mouth\", \"设置的题目数量\" : 5, \"级别\" : \"难点突破\", \"学科\" : \"英语\", \"对应端类型\" : \"app\"}"
"{\"年级\" : \"七年级\", \"关联题目数量\" : \"\", \"版本\" : \"\", \"册\" : \"下册\", \"题干集合\" : \"\", \"单元名称\" : \"期中复习\", \"设置的题目数量\" : 5, \"级别\" : \"难点突破\", \"学科\" : \"英语\", \"对应端类型\" : \"通用\"}"
"{\"年级\" : \"五年级\", \"关联题目数量\" : \"\", \"版本\" : \"人教版（三起）\", \"册\" : \"下册\", \"题干集合\" : \"\", \"单元名称\" : \"U8\", \"设置的题目数量\" : 5, \"级别\" : \"基础巩固\", \"学科\" : \"英语\", \"对应端类型\" : \"app\"}"
"{\"年级\" : \"六年级\", \"关联题目数量\" : 10, \"版本\" : \"湘鲁版\", \"册\" : \"下册\", \"题干集合\" : \"<p>我们学到了蚂蚁是益虫。<\\/p>,<p>你在学习什么？<\\/p>,<p>我们学到了蜜蜂会酿造蜂蜜。<\\/p>,<p>Snakes sleep in a(n) |space<||>space| in winter.<\\/p>,<p>Zhong Nanshan is a(n) |space<||>space| doctor.<\\/p>,<p>我们上周进行了一次科学考察。<\\/p>,<p> Bees can make |space<||>space|.<\\/p>,<p>蝴蝶的幼虫会吐丝。<\\/p>,<p>Silkworms can |space<||>space| very long silk threads.<\\/p>,<p>We learned that a baby |space<||>space| can make silk.<\\/p>\", \"单元名称\" : \"Unit 4  We went on a science field trip.\", \"设置的题目数量\" : 5, \"级别\" : \"难点突破\", \"学科\" : \"英语\", \"对应端类型\" : \"app\"}"
"{\"年级\" : \"五年级\", \"关联题目数量\" : 13, \"版本\" : \"人教版（三起）\", \"册\" : \"下册\", \"题干集合\" : \",,,,,,,<p>take turns<\\/p>,,,,,\", \"单元名称\" : \"Unit 6 Work quietly!\", \"设置的题目数量\" : 5, \"级别\" : \"基础巩固\", \"学科\" : \"英语\", \"对应端类型\" : \"app\"}"
"{\"年级\" : \"四年级\", \"关联题目数量\" : \"\", \"版本\" : \"人教版（三起）（2024审定）\", \"册\" : \"上册\", \"题干集合\" : \"\", \"单元名称\" : \"期末复习\", \"设置的题目数量\" : 5, \"级别\" : \"基础巩固\", \"学科\" : \"英语\", \"对应端类型\" : \"通用\"}"
"{\"年级\" : \"七年级\", \"关联题目数量\" : \"\", \"版本\" : \"人教版\", \"册\" : \"下册\", \"题干集合\" : \"\", \"单元名称\" : \"期末复习\", \"设置的题目数量\" : 5, \"级别\" : \"综合进阶\", \"学科\" : \"英语\", \"对应端类型\" : \"通用\"}"
"{\"年级\" : \"五年级\", \"关联题目数量\" : \"\", \"版本\" : \"教科版\", \"册\" : \"上册\", \"题干集合\" : \"\", \"单元名称\" : \"Unit 2 His hobby is drawing\", \"设置的题目数量\" : 5, \"级别\" : \"基础巩固\", \"学科\" : \"英语\", \"对应端类型\" : \"通用\"}"
"{\"年级\" : \"三年级\", \"关联题目数量\" : 9, \"版本\" : \"\", \"册\" : \"上册\", \"题干集合\" : \",,,<p>There are five rabbits.<\\/p>,<p>There are five birds.<\\/p>,,,,\", \"单元名称\" : \"Unit 8 How many dogs are there?\", \"设置的题目数量\" : 5, \"级别\" : \"难点突破\", \"学科\" : \"英语\", \"对应端类型\" : \"通用\"}"
"{\"年级\" : \"八年级\", \"关联题目数量\" : \"\", \"版本\" : \"人教版\", \"册\" : \"下册\", \"题干集合\" : \"\", \"单元名称\" : \"U12\", \"设置的题目数量\" : 5, \"级别\" : \"基础巩固\", \"学科\" : \"英语\", \"对应端类型\" : \"通用\"}"
"{\"年级\" : \"三年级\", \"关联题目数量\" : 10, \"版本\" : \"教科版（2024审定）\", \"册\" : \"下册\", \"题干集合\" : \"<p>Linda在收集大家对新班规的建议。听一听，选出你所听到的句子。<\\/p>,<p>Linda收集了很多新班规的建议，她准备在班会上公布。听一听，选择与Linda所说内容相符的翻译。<\\/p>,<p>课堂上，老师正在带大家熟悉新班规。听一听，判断下面句子与老师所说内容是否相符。<\\/p><p><br><\\/p><p>﻿Face the speaker.<\\/p>,<p>Linda收集了很多新班规的建议，她准备在班会上公布。听一听，选择与Linda所说内容相符的翻译。<\\/p>,<p>Linda在收集大家对新班规的建议。听一听，选出你所听到的句子。<\\/p>,<p>Linda在收集大家对新班规的建议。听一听，选出你所听到的句子。<\\/p>,<p>课堂上，老师正在带大家熟悉新班规。听一听，判断所给图片与老师所说内容是否相符。<\\/p>,<p>课堂上，老师正在带大家熟悉新班规。听一听，判断下面句子与老师所说内容是否相符。<\\/p><p><br><\\/p><p>Do your best.<\\/p>,<p>Linda收集了很多新班规的建议，她准备在班会上公布。听一听，选择与Linda所说内容相符的翻译。<\\/p>,<p>课堂上，老师正在带大家熟悉新班规。听一听，判断所给图片与老师所说内容是否相符。<\\/p>\", \"单元名称\" : \"Unit 5 Our Classroom, Our Call\", \"设置的题目数量\" : 5, \"级别\" : \"综合进阶\", \"学科\" : \"英语\", \"对应端类型\" : \"通用\"}"
"{\"年级\" : \"五年级\", \"关联题目数量\" : \"\", \"版本\" : \"人教版（三起）\", \"册\" : \"上册\", \"题干集合\" : \"\", \"单元名称\" : \"U9\", \"设置的题目数量\" : 5, \"级别\" : \"难点突破\", \"学科\" : \"英语\", \"对应端类型\" : \"app\"}"
"{\"年级\" : \"四年级\", \"关联题目数量\" : \"\", \"版本\" : \"教科版\", \"册\" : \"上册\", \"题干集合\" : \"\", \"单元名称\" : \"Unit 8 l like English best\", \"设置的题目数量\" : 5, \"级别\" : \"综合进阶\", \"学科\" : \"英语\", \"对应端类型\" : \"通用\"}"
"{\"年级\" : \"八年级\", \"关联题目数量\" : \"\", \"版本\" : \"\", \"册\" : \"上册\", \"题干集合\" : \"\", \"单元名称\" : \"U11\", \"设置的题目数量\" : 5, \"级别\" : \"基础巩固\", \"学科\" : \"英语\", \"对应端类型\" : \"通用\"}"
"{\"年级\" : \"七年级\", \"关联题目数量\" : 1, \"版本\" : \"\", \"册\" : \"上册\", \"题干集合\" : \"\", \"单元名称\" : \"Unit 6 A Day in the Life\", \"设置的题目数量\" : 1, \"级别\" : \"听长对话选答案\", \"学科\" : \"英语\", \"对应端类型\" : \"通用\"}"
"{\"年级\" : \"三年级\", \"关联题目数量\" : \"\", \"版本\" : \"教科版（2024审定）\", \"册\" : \"上册\", \"题干集合\" : \"\", \"单元名称\" : \"期末复习\", \"设置的题目数量\" : 5, \"级别\" : \"综合进阶\", \"学科\" : \"英语\", \"对应端类型\" : \"通用\"}"
"{\"年级\" : \"五年级\", \"关联题目数量\" : \"\", \"版本\" : \"教科版\", \"册\" : \"上册\", \"题干集合\" : \"\", \"单元名称\" : \"Unit 4 Can you do my homework?\", \"设置的题目数量\" : 5, \"级别\" : \"基础巩固\", \"学科\" : \"英语\", \"对应端类型\" : \"通用\"}"
"{\"年级\" : \"五年级\", \"关联题目数量\" : \"\", \"版本\" : \"湘鲁版\", \"册\" : \"上册\", \"题干集合\" : \"\", \"单元名称\" : \"期末复习\", \"设置的题目数量\" : 5, \"级别\" : \"基础巩固\", \"学科\" : \"英语\", \"对应端类型\" : \"app\"}"
"{\"年级\" : \"八年级\", \"关联题目数量\" : \"\", \"版本\" : \"\", \"册\" : \"上册\", \"题干集合\" : \"\", \"单元名称\" : \"U10\", \"设置的题目数量\" : 5, \"级别\" : \"基础巩固\", \"学科\" : \"英语\", \"对应端类型\" : \"通用\"}"
"{\"年级\" : \"四年级\", \"关联题目数量\" : \"\", \"版本\" : \"\", \"册\" : \"下册\", \"题干集合\" : \"\", \"单元名称\" : \"U11\", \"设置的题目数量\" : 5, \"级别\" : \"综合进阶\", \"学科\" : \"英语\", \"对应端类型\" : \"通用\"}"
"{\"年级\" : \"四年级\", \"关联题目数量\" : 14, \"版本\" : \"\", \"册\" : \"下册\", \"题干集合\" : \"<p>Amy在教弟弟读英语绕口令。听一听，绕口令中包含哪个单词？<\\/p>,,,,,<p>Mike在向弟弟介绍学校的场所。听一听，他介绍的是哪个场所呢？<\\/p>,,,,<p>Mike在向新邻居介绍附近的场所。听一听，他介绍的是哪个场所呢？<\\/p>,<p>Amy在教弟弟读英语绕口令。听一听，绕口令中包含哪个单词？<\\/p>,,<p>Mike在向弟弟介绍学校的场所。听一听，他介绍的是哪个场所呢？<\\/p>,\", \"单元名称\" : \"Unit 3 What club do you want to join?\", \"设置的题目数量\" : 15, \"级别\" : \"基础巩固\", \"学科\" : \"英语\", \"对应端类型\" : \"通用\"}"
"{\"年级\" : \"四年级\", \"关联题目数量\" : 15, \"版本\" : \"教科版（2024审定）\", \"册\" : \"下册\", \"题干集合\" : \",,,,<p>What about this sweater?<\\/p>,,,,,,<p>How about this pink dress?<\\/p>,,,,<p>First, put your clothes into groups.<\\/p>\", \"单元名称\" : \"Unit 6 Tidy Up My Closet\", \"设置的题目数量\" : 5, \"级别\" : \"综合进阶\", \"学科\" : \"英语\", \"对应端类型\" : \"通用\"}"
"{\"年级\" : \"六年级\", \"关联题目数量\" : 21, \"版本\" : \"人教版（三起）\", \"册\" : \"上册\", \"题干集合\" : \",,,,,,,,,,,,,,,,,,,,\", \"单元名称\" : \"Unit 3 My weekend plan\", \"设置的题目数量\" : 5, \"级别\" : \"综合进阶\", \"学科\" : \"英语\", \"对应端类型\" : \"app\"}"
"{\"年级\" : \"六年级\", \"关联题目数量\" : \"\", \"版本\" : \"湘鲁版\", \"册\" : \"下册\", \"题干集合\" : \"\", \"单元名称\" : \"期中复习\", \"设置的题目数量\" : 5, \"级别\" : \"难点突破\", \"学科\" : \"英语\", \"对应端类型\" : \"app\"}"
"{\"年级\" : \"七年级\", \"关联题目数量\" : 1, \"版本\" : \"人教版\", \"册\" : \"上册\", \"题干集合\" : \"\", \"单元名称\" : \"Unit 2 This is my sister.\", \"设置的题目数量\" : 1, \"级别\" : \"听长对话选答案\", \"学科\" : \"英语\", \"对应端类型\" : \"通用\"}"
"{\"年级\" : \"五年级\", \"关联题目数量\" : 13, \"版本\" : \"人教版（三起）\", \"册\" : \"上册\", \"题干集合\" : \",<p>|space<||>space| |space<||>space| |space<||>space| |space<||>space| |space<||>space|<\\/p>,<p>be |space<||>space| |space<||>space| |space<||>space| |space<||>space| |space<||>space|<\\/p>,,<p>|space<||>space| |space<||>space| |space<||>space| |space<||>space| |space<||>space| |space<||>space|<\\/p>,,,,,<p>|space<||>space| |space<||>space| |space<||>space| |space<||>space| |space<||>space|<\\/p>,<p>|space<||>space| |space<||>space| |space<||>space| |space<||>space| |space<||>space| |space<||>space|<\\/p>,<p>|space<||>space| |space<||>space| |space<||>space| |space<||>space| |space<||>space|<\\/p>,\", \"单元名称\" : \"Unit 5 There is a big bed\", \"设置的题目数量\" : 5, \"级别\" : \"难点突破\", \"学科\" : \"英语\", \"对应端类型\" : \"app\"}"
"{\"年级\" : \"三年级\", \"关联题目数量\" : \"\", \"版本\" : \"人教版（三起）\", \"册\" : \"下册\", \"题干集合\" : \"\", \"单元名称\" : \"U10\", \"设置的题目数量\" : 5, \"级别\" : \"综合进阶\", \"学科\" : \"英语\", \"对应端类型\" : \"通用\"}"
"{\"年级\" : \"三年级\", \"关联题目数量\" : 14, \"版本\" : \"\", \"册\" : \"上册\", \"题干集合\" : \",,,,,<p>si|space<||>space|<\\/p>,,,,,,,,\", \"单元名称\" : \"Unit 8 How many dogs are there?\", \"设置的题目数量\" : 5, \"级别\" : \"基础巩固\", \"学科\" : \"英语\", \"对应端类型\" : \"通用\"}"
"{\"年级\" : \"五年级\", \"关联题目数量\" : \"\", \"版本\" : \"湘鲁版\", \"册\" : \"上册\", \"题干集合\" : \"\", \"单元名称\" : \"期中复习\", \"设置的题目数量\" : 5, \"级别\" : \"难点突破\", \"学科\" : \"英语\", \"对应端类型\" : \"app\"}"
"{\"年级\" : \"四年级\", \"关联题目数量\" : 11, \"版本\" : \"湘少版\", \"册\" : \"上册\", \"题干集合\" : \"<p>f|space<||>space| |space<||>space|<\\/p>,<p>h|space<||>space| |space<||>space| |space<||>space|<\\/p>,<p>r|space<||>space| |space<||>space|<\\/p>,,,,<p>f|space<||>space| |space<||>space|<\\/p>,,,,\", \"单元名称\" : \"Unit 12 Peter can jump high\", \"设置的题目数量\" : 5, \"级别\" : \"综合进阶\", \"学科\" : \"英语\", \"对应端类型\" : \"app\"}"
"{\"年级\" : \"七年级\", \"关联题目数量\" : 1, \"版本\" : \"\", \"册\" : \"下册\", \"题干集合\" : \"\", \"单元名称\" : \"Unit 4 Eat Well\", \"设置的题目数量\" : 1, \"级别\" : \"听长对话选答案\", \"学科\" : \"英语\", \"对应端类型\" : \"通用\"}"
"{\"年级\" : \"五年级\", \"关联题目数量\" : \"\", \"版本\" : \"教科版\", \"册\" : \"上册\", \"题干集合\" : \"\", \"单元名称\" : \"Unit 6 At the weekend\", \"设置的题目数量\" : 5, \"级别\" : \"难点突破\", \"学科\" : \"英语\", \"对应端类型\" : \"通用\"}"
"{\"年级\" : \"六年级\", \"关联题目数量\" : \"\", \"版本\" : \"教科版\", \"册\" : \"上册\", \"题干集合\" : \"\", \"单元名称\" : \"Unit 9 Was I a good girl back then?\", \"设置的题目数量\" : 5, \"级别\" : \"基础巩固\", \"学科\" : \"英语\", \"对应端类型\" : \"通用\"}"
"{\"年级\" : \"四年级\", \"关联题目数量\" : \"\", \"版本\" : \"人教版（三起）（2024审定）\", \"册\" : \"上册\", \"题干集合\" : \"\", \"单元名称\" : \"U9\", \"设置的题目数量\" : 5, \"级别\" : \"综合进阶\", \"学科\" : \"英语\", \"对应端类型\" : \"通用\"}"
"{\"年级\" : \"七年级\", \"关联题目数量\" : 5, \"版本\" : \"\", \"册\" : \"下册\", \"题干集合\" : \"<p>What's in the chicken soup?<\\/p>,<p>What kind of noodles does the man like?<\\/p>,<p>What kind of drink does Bob like?<\\/p>,<p>What would Lucy like?<\\/p>,<p>What does Tom usually have for breakfast? <\\/p>\", \"单元名称\" : \"Unit 4 Eat Well\", \"设置的题目数量\" : 5, \"级别\" : \"听短对话选答案\", \"学科\" : \"英语\", \"对应端类型\" : \"通用\"}"
"{\"年级\" : \"三年级\", \"关联题目数量\" : \"\", \"版本\" : \"人教版（三起）\", \"册\" : \"下册\", \"题干集合\" : \"\", \"单元名称\" : \"U11\", \"设置的题目数量\" : 5, \"级别\" : \"难点突破\", \"学科\" : \"英语\", \"对应端类型\" : \"通用\"}"
"{\"年级\" : \"四年级\", \"关联题目数量\" : \"\", \"版本\" : \"\", \"册\" : \"上册\", \"题干集合\" : \"\", \"单元名称\" : \"Units 4-6 测试卷\", \"设置的题目数量\" : 5, \"级别\" : \"基础巩固\", \"学科\" : \"英语\", \"对应端类型\" : \"通用\"}"
"{\"年级\" : \"三年级\", \"关联题目数量\" : \"\", \"版本\" : \"湘鲁版\", \"册\" : \"下册\", \"题干集合\" : \"\", \"单元名称\" : \"U11\", \"设置的题目数量\" : 5, \"级别\" : \"综合进阶\", \"学科\" : \"英语\", \"对应端类型\" : \"app\"}"
"{\"年级\" : \"三年级\", \"关联题目数量\" : 10, \"版本\" : \"湘鲁版\", \"册\" : \"下册\", \"题干集合\" : \",,,<p>跑<\\/p>,,<p>做，干<\\/p>,,<p>watch TV<\\/p>,<p>看书<\\/p>,\", \"单元名称\" : \"Unit 3  I like running.\", \"设置的题目数量\" : 5, \"级别\" : \"综合进阶\", \"学科\" : \"英语\", \"对应端类型\" : \"app\"}"
"{\"年级\" : \"四年级\", \"关联题目数量\" : 15, \"版本\" : \"湘少版（2024审定）\", \"册\" : \"下册\", \"题干集合\" : \"<p>Mark邀请Jackson来家里玩，Jackson在参观他的房间。听一听，他们提到了什么？<\\/p>,,,<p>Mark向Jackson提议玩游戏。听一听，他提到了什么？<\\/p>,<p>英语课上，老师在播放一段英语绕口令。听一听，绕口令中包含下面哪个单词？<\\/p>,<p>Jackson准备去打篮球，他的运动装备在哪里？听一听，选择正确的位置。<\\/p>,<p>Jackson没有收拾好自己的东西，现在找不到了。听一听，他说到了哪个单词？<\\/p>,<p>Jackson准备去打篮球，但他找不到一件必需品了。听一听，选择Jackson提及的物品。<\\/p>,<p>Mark邀请Jackson来家里玩，他事先整理了房间。听一听，Jackson会怎样评价Mark的房间？<\\/p>,<p>Mark邀请Jackson来家里玩，Jackson在参观他的房间。听一听，他们提到了什么？<\\/p>,<p>英语课上，老师在播放一段英语绕口令。听一听，绕口令中包含下面哪个单词？<\\/p>,<p>Jackson准备去打篮球，他的运动装备在哪里？听一听，选择正确的位置。<\\/p>,<p>Jackson没有收拾好自己的东西，现在找不到了。听一听，他说到了哪个单词？<\\/p>,<p>Mark邀请Jackson来家里玩，Jackson在参观他的房间。听一听，他们提到了什么？<\\/p>,<p>Jackson没有收拾好自己的东西，现在找不到了。听一听，他说到了哪个单词？<\\/p>\", \"单元名称\" : \"Unit 1 It’s on your head\", \"设置的题目数量\" : 5, \"级别\" : \"基础巩固\", \"学科\" : \"英语\", \"对应端类型\" : \"通用\"}"
"{\"年级\" : \"六年级\", \"关联题目数量\" : 29, \"版本\" : \"湘鲁版\", \"册\" : \"上册\", \"题干集合\" : \",<p>kill<\\/p>,<p>Thanksgiving Day<\\/p>,,,<p>hello<\\/p>,<p>light <\\/p>,,,,,<p>fail<\\/p>,<p>欢迎<\\/p>,<p>开始<\\/p>,,<p>November<\\/p>,,,,,<p>mouth<\\/p>,<p>look for<\\/p>,,,,,,,\", \"单元名称\" : \"Unit 10 What's your favourite month?\", \"设置的题目数量\" : 5, \"级别\" : \"基础巩固\", \"学科\" : \"英语\", \"对应端类型\" : \"app\"}"
"{\"年级\" : \"三年级\", \"关联题目数量\" : 10, \"版本\" : \"\", \"册\" : \"上册\", \"题干集合\" : \",,<p>She is my |space<||>space| |space<||>space| |space<||>space| |space<||>space| |space<||>space| |space<||>space|.<\\/p>,<p>听一听海伦的介绍，按照她介绍的顺序给她的家人排序。<\\/p>,,,,,<p>|space<||>space| |space<||>space| |space<||>space| is he?<\\/p>,<p>They are my father and |space<||>space| |space<||>space| |space<||>space| |space<||>space| |space<||>space| |space<||>space|.<\\/p>\", \"单元名称\" : \"Unit 4 She is my grandmother\", \"设置的题目数量\" : 5, \"级别\" : \"难点突破\", \"学科\" : \"英语\", \"对应端类型\" : \"通用\"}"
"{\"年级\" : \"三年级\", \"关联题目数量\" : \"\", \"版本\" : \"湘鲁版\", \"册\" : \"下册\", \"题干集合\" : \"\", \"单元名称\" : \"U11\", \"设置的题目数量\" : 5, \"级别\" : \"难点突破\", \"学科\" : \"英语\", \"对应端类型\" : \"app\"}"
"{\"年级\" : \"四年级\", \"关联题目数量\" : 10, \"版本\" : \"教科版（2024审定）\", \"册\" : \"上册\", \"题干集合\" : \"<p>Sam去Jim家做客，看到了Jim家的全家福。听一听，他们会聊些什么呢？<\\/p>,<p>Andy和Sam在互相分享全家福。听一听，图片与他们的聊天内容相符吗？<\\/p>,<p>Sarah在介绍家人的职业。听一听，她先后介绍了哪些家人的职业呢？<\\/p>,<p> Sam去Jim家做客，看到了Jim家的全家福。听一听，他们会聊些什么呢？<\\/p>,<p>Sam去Jim家做客，看到了Jim家的全家福。听一听，他们会聊些什么呢？<\\/p>,<p>Tom在询问Jim家人的情况。听一听，帮Jim回答他吧！<\\/p>,<p>Judy在记录家人们的时间安排。听一听，他们是怎么安排的呢？<\\/p>,<p>Andy和Sam在互相分享全家福。听一听，图片与他们的聊天内容相符吗？<\\/p>,<p>Tom在询问Jim家人的情况。听一听，帮Jim回答他吧！<\\/p>,<p>Andy和Sam在互相分享全家福。听一听，图片与他们的聊天内容相符吗？<\\/p>\", \"单元名称\" : \"Unit 7 Family Time\", \"设置的题目数量\" : 5, \"级别\" : \"难点突破\", \"学科\" : \"英语\", \"对应端类型\" : \"通用\"}"
"{\"年级\" : \"三年级\", \"关联题目数量\" : 10, \"版本\" : \"湘少版\", \"册\" : \"下册\", \"题干集合\" : \",,,,,,,,,\", \"单元名称\" : \"Unit 5 What time is it？\", \"设置的题目数量\" : 5, \"级别\" : \"综合进阶\", \"学科\" : \"英语\", \"对应端类型\" : \"app\"}"
"{\"年级\" : \"三年级\", \"关联题目数量\" : \"\", \"版本\" : \"人教版（三起）（2024审定）\", \"册\" : \"下册\", \"题干集合\" : \"\", \"单元名称\" : \"U8\", \"设置的题目数量\" : 5, \"级别\" : \"综合进阶\", \"学科\" : \"英语\", \"对应端类型\" : \"通用\"}"
"{\"年级\" : \"三年级\", \"关联题目数量\" : 15, \"版本\" : \"人教版（三起）（2024审定）\", \"册\" : \"上册\", \"题干集合\" : \",,,,<p>I have ten yuan.<\\/p>,,<p>One, two, three, four. Four oranges!<\\/p>,,,,,,<p>What colour is the orange?<\\/p>,,\", \"单元名称\" : \"Unit 6 Useful numbers\", \"设置的题目数量\" : 5, \"级别\" : \"综合进阶\", \"学科\" : \"英语\", \"对应端类型\" : \"通用\"}"
"{\"年级\" : \"三年级\", \"关联题目数量\" : 12, \"版本\" : \"湘少版\", \"册\" : \"下册\", \"题干集合\" : \",,,,<p>|space<||>space| |space<||>space| |space<||>space|<\\/p>,,,<p><em>adv. <\\/em>也 |space<||>space| |space<||>space| |space<||>space|<\\/p>,,,,<p>|space<||>space| |space<||>space| |space<||>space| |space<||>space|<\\/p>\", \"单元名称\" : \"Unit 1 How are you?\", \"设置的题目数量\" : 5, \"级别\" : \"综合进阶\", \"学科\" : \"英语\", \"对应端类型\" : \"app\"}"
"{\"年级\" : \"四年级\", \"关联题目数量\" : 10, \"版本\" : \"湘少版（2024审定）\", \"册\" : \"下册\", \"题干集合\" : \"<p>朋友们上午有些什么课？E宝正在做调查。听一听，图中的课程是他们提到的吗？<\\/p>,,<p>What class does Jackson have in the morning?<\\/p>,,,<p>朋友们上午有些什么课？E宝正在做调查。听一听，图中的课程是他们提到的吗？<\\/p>,<p>Mark|space<||>space|<\\/p><p>Jackson|space<||>space|<\\/p><p>Luke|space<||>space|<\\/p><p>Linda|space<||>space|<\\/p><p>Sam|space<||>space|<\\/p>,<p>Does Jackson like art?<\\/p>,<p>朋友们上午有些什么课？E宝正在做调查。听一听，图中的课程是他们提到的吗？<\\/p>,<p>Mark正在介绍他今天的课程和活动。听一听，他介绍的顺序是怎样的？<\\/p>\", \"单元名称\" : \"Unit 2 What classes do you have this morning?\", \"设置的题目数量\" : 5, \"级别\" : \"难点突破\", \"学科\" : \"英语\", \"对应端类型\" : \"通用\"}"
"{\"年级\" : \"三年级\", \"关联题目数量\" : 10, \"版本\" : \"湘鲁版\", \"册\" : \"下册\", \"题干集合\" : \",,,,,,,,,\", \"单元名称\" : \"Unit 4 What's your favourite food?\", \"设置的题目数量\" : 5, \"级别\" : \"难点突破\", \"学科\" : \"英语\", \"对应端类型\" : \"app\"}"
"{\"年级\" : \"三年级\", \"关联题目数量\" : 10, \"版本\" : \"湘鲁版\", \"册\" : \"下册\", \"题干集合\" : \",,,,,,,,,\", \"单元名称\" : \"Unit 4 What's your favourite food?\", \"设置的题目数量\" : 5, \"级别\" : \"基础巩固\", \"学科\" : \"英语\", \"对应端类型\" : \"app\"}"
"{\"年级\" : \"七年级\", \"关联题目数量\" : 1, \"版本\" : \"\", \"册\" : \"下册\", \"题干集合\" : \"<p>1. |space<||>space|<\\/p><p>2. |space<||>space|<\\/p><p>3. |space<||>space|<\\/p><p>4. |space<||>space|<\\/p><p>5. |space<||>space|<\\/p>\", \"单元名称\" : \"Unit 1 Animal Friends\", \"设置的题目数量\" : 1, \"级别\" : \"听短文完成题目\", \"学科\" : \"英语\", \"对应端类型\" : \"通用\"}"
"{\"年级\" : \"三年级\", \"关联题目数量\" : \"\", \"版本\" : \"人教版（三起）（2024审定）\", \"册\" : \"下册\", \"题干集合\" : \"\", \"单元名称\" : \"U12\", \"设置的题目数量\" : 5, \"级别\" : \"基础巩固\", \"学科\" : \"英语\", \"对应端类型\" : \"通用\"}"
"{\"年级\" : \"三年级\", \"关联题目数量\" : 15, \"版本\" : \"\", \"册\" : \"上册\", \"题干集合\" : \",,<p>His mouth is big.<\\/p>,<p>He is funny.<\\/p>,,<p>His ____ is short.<\\/p>,<p>His ____ are big.<\\/p>,,,<p>Her ____ is small.<\\/p>,,<p>Her nose is big.<\\/p>,,,\", \"单元名称\" : \"Unit 6 His hair is short\", \"设置的题目数量\" : 5, \"级别\" : \"综合进阶\", \"学科\" : \"英语\", \"对应端类型\" : \"通用\"}"
"{\"年级\" : \"八年级\", \"关联题目数量\" : 1, \"版本\" : \"人教版\", \"册\" : \"上册\", \"题干集合\" : \"\", \"单元名称\" : \"Unit 9 Can you come to my party?\", \"设置的题目数量\" : 1, \"级别\" : \"听独白选答案\", \"学科\" : \"英语\", \"对应端类型\" : \"通用\"}"
"{\"年级\" : \"七年级\", \"关联题目数量\" : \"\", \"版本\" : \"\", \"册\" : \"下册\", \"题干集合\" : \"\", \"单元名称\" : \"U11\", \"设置的题目数量\" : 5, \"级别\" : \"综合进阶\", \"学科\" : \"英语\", \"对应端类型\" : \"通用\"}"
"{\"年级\" : \"六年级\", \"关联题目数量\" : 25, \"版本\" : \"湘鲁版\", \"册\" : \"上册\", \"题干集合\" : \",,,,,,,<p>need<\\/p>,<p>dear<\\/p>,,,,<p>cake<\\/p>,<p>美术<\\/p>,,,,,,<p>你怎么了？<\\/p>,,,,,\", \"单元名称\" : \"Unit 5 I hurt my knee.\", \"设置的题目数量\" : 5, \"级别\" : \"基础巩固\", \"学科\" : \"英语\", \"对应端类型\" : \"app\"}"
"{\"年级\" : \"三年级\", \"关联题目数量\" : \"\", \"版本\" : \"湘鲁版\", \"册\" : \"下册\", \"题干集合\" : \"\", \"单元名称\" : \"期末复习\", \"设置的题目数量\" : 5, \"级别\" : \"难点突破\", \"学科\" : \"英语\", \"对应端类型\" : \"app\"}"
"{\"年级\" : \"三年级\", \"关联题目数量\" : 15, \"版本\" : \"人教版（三起）（2024审定）\", \"册\" : \"下册\", \"题干集合\" : \"<p>Mary去Linda家做客，Linda妈妈在和Mary聊天。听一听，选出Linda妈妈所说的句子。<\\/p>,<p>Lucy和妈妈在吃早餐。听一听，选择与Lucy所说内容相符的翻译。<\\/p>,<p>Linda今天在Lily家吃晚饭。听一听，选出与Lily所说句子相符的图片。<\\/p>,<p>Linda今天在Lily家吃晚饭。听一听，选出与Lily所说句子相符的图片。<\\/p>,<p>Linda今天在Lily家吃晚饭。听一听，选出与Lily所说句子相符的图片。<\\/p>,<p>Linda和Lily在吃自助早餐。听一听，选出与Linda所说句子相符的图片。<\\/p>,<p>Lucy和妈妈在吃早餐。听一听，选择与妈妈所说内容相符的翻译。<\\/p>,<p> Mary去Linda家做客，Linda妈妈在和Mary聊天。听一听，选出Linda妈妈所说的句子。<\\/p>,<p>午餐时间到了，同学们在点餐。听一听，判断图片与Peter所说的内容是否相符。<\\/p>,<p>午餐时间到了，同学们在点餐。听一听，判断图片与Linda所说的内容是否相符。<\\/p>,<p>Mary去Linda家做客，Linda妈妈在和Mary聊天。听一听，选出Linda妈妈所说的句子。<\\/p>,<p>Lucy和妈妈在吃早餐。听一听，选择与妈妈所说内容相符的翻译。<\\/p>,<p>午餐时间到了，同学们在点餐。听一听，判断图片与Mary所说的内容是否相符。<\\/p>,<p>Mary去Linda家做客，Linda妈妈在和Mary聊天。听一听，选出Mary所说的句子。<\\/p>,<p>午餐时间到了，同学们在点餐。听一听，判断图片与Tom所说的内容是否相符。<\\/p>\", \"单元名称\" : \"Unit 4 Healthy food\", \"设置的题目数量\" : 5, \"级别\" : \"综合进阶\", \"学科\" : \"英语\", \"对应端类型\" : \"通用\"}"
"{\"年级\" : \"八年级\", \"关联题目数量\" : 5, \"版本\" : \"人教版\", \"册\" : \"上册\", \"题干集合\" : \"<p>Whose birthday is it tomorrow?<\\/p>,<p>Why can't Sarah come to the party this Saturday?<\\/p>,<p>How will Jim spend his holiday?<\\/p>,<p>What's Linda going to do this afternoon?<\\/p>,<p>What day is it today?<\\/p>\", \"单元名称\" : \"Unit 9 Can you come to my party?\", \"设置的题目数量\" : 5, \"级别\" : \"听短对话选答案\", \"学科\" : \"英语\", \"对应端类型\" : \"通用\"}"
"{\"年级\" : \"三年级\", \"关联题目数量\" : 10, \"版本\" : \"湘鲁版\", \"册\" : \"下册\", \"题干集合\" : \",,,,,,,,,\", \"单元名称\" : \"Unit 3  I like running.\", \"设置的题目数量\" : 5, \"级别\" : \"难点突破\", \"学科\" : \"英语\", \"对应端类型\" : \"app\"}"
"{\"年级\" : \"七年级\", \"关联题目数量\" : \"\", \"版本\" : \"人教版\", \"册\" : \"上册\", \"题干集合\" : \"\", \"单元名称\" : \"Starter Unit 3 What color is it?\", \"设置的题目数量\" : 5, \"级别\" : \"难点突破\", \"学科\" : \"英语\", \"对应端类型\" : \"通用\"}"
"{\"年级\" : \"六年级\", \"关联题目数量\" : \"\", \"版本\" : \"人教版（三起）\", \"册\" : \"下册\", \"题干集合\" : \"\", \"单元名称\" : \"期末复习\", \"设置的题目数量\" : 5, \"级别\" : \"综合进阶\", \"学科\" : \"英语\", \"对应端类型\" : \"通用\"}"
"{\"年级\" : \"八年级\", \"关联题目数量\" : 1, \"版本\" : \"\", \"册\" : \"上册\", \"题干集合\" : \"\", \"单元名称\" : \"Unit 6 Plan for Yourself\", \"设置的题目数量\" : 1, \"级别\" : \"听长对话选答案\", \"学科\" : \"英语\", \"对应端类型\" : \"通用\"}"
"{\"年级\" : \"四年级\", \"关联题目数量\" : \"\", \"版本\" : \"教科版（2024审定）\", \"册\" : \"上册\", \"题干集合\" : \"\", \"单元名称\" : \"U10\", \"设置的题目数量\" : 5, \"级别\" : \"综合进阶\", \"学科\" : \"英语\", \"对应端类型\" : \"通用\"}"
"{\"年级\" : \"六年级\", \"关联题目数量\" : \"\", \"版本\" : \"湘鲁版\", \"册\" : \"上册\", \"题干集合\" : \"\", \"单元名称\" : \"期末复习\", \"设置的题目数量\" : 5, \"级别\" : \"基础巩固\", \"学科\" : \"英语\", \"对应端类型\" : \"app\"}"
"{\"年级\" : \"四年级\", \"关联题目数量\" : \"\", \"版本\" : \"教科版\", \"册\" : \"上册\", \"题干集合\" : \"\", \"单元名称\" : \"Unit 9 Look at this T-shirt\", \"设置的题目数量\" : 5, \"级别\" : \"难点突破\", \"学科\" : \"英语\", \"对应端类型\" : \"通用\"}"
"{\"年级\" : \"三年级\", \"关联题目数量\" : 10, \"版本\" : \"湘少版（2024审定）\", \"册\" : \"下册\", \"题干集合\" : \"<p>Andy正在给大家描述各地的天气。听一听，选出正确的单词补全他的发言。<\\/p><p>It's |space<||>space|.<\\/p>,<p>Andy正在给大家描述各地的天气。听一听，选出正确的单词补全他的发言。<\\/p><p>It's|space<||>space|.<\\/p>,<p>Lucy和好朋友们在谈论自己喜欢的天气。听一听，根据描述，将人物与喜欢的天气连线。<\\/p>,<p>Lily正在给同学们播报天气。听一听，判断下列图片与所听内容是否相符。 <\\/p>,<p>Lily正在给同学们播报天气。听一听，判断下列图片与所听内容是否相符。<\\/p>,<p>早晨，Jack向妈妈询问今天的天气。听一听，选择合适的答语。<\\/p>,<p>Andy正在给大家描述各地的天气。听一听，选出正确的单词补全他的发言。<\\/p><p>It's |space<||>space|.<\\/p>,<p>Lily正在给同学们播报天气。听一听，判断下列图片与所听内容是否相符。 <\\/p>,<p>Jack向妈妈表示感谢。听一听，选择合适的答语。<\\/p>,<p>Andy正在给大家描述各地的天气。听一听，选出正确的单词补全他的发言。<\\/p><p>It's |space<||>space|.<\\/p>\", \"单元名称\" : \"Unit 3 What's the weather like?\", \"设置的题目数量\" : 5, \"级别\" : \"难点突破\", \"学科\" : \"英语\", \"对应端类型\" : \"通用\"}"
"{\"年级\" : \"三年级\", \"关联题目数量\" : 13, \"版本\" : \"湘少版\", \"册\" : \"上册\", \"题干集合\" : \",,<p>五<\\/p>,,<p>猫叫声<\\/p>,,,,,,,,\", \"单元名称\" : \"Unit 4 How old are you?\", \"设置的题目数量\" : 5, \"级别\" : \"基础巩固\", \"学科\" : \"英语\", \"对应端类型\" : \"app\"}"
"{\"年级\" : \"三年级\", \"关联题目数量\" : 10, \"版本\" : \"湘少版（2024审定）\", \"册\" : \"下册\", \"题干集合\" : \"<p>Mike和好朋友在职业体验馆。听录音，判断所听内容与他们所体验的职业是否相符。<\\/p>,<p>Mike和好朋友在书上看到一些职业。听录音，选出他们看到的职业。<\\/p>,<p>Mike和好朋友在职业体验馆。听录音，判断所听内容与他们所体验的职业是否相符。<\\/p>,<p>Mike和好朋友在书上看到一些职业。听录音，选出他们看到的职业。<\\/p>,<p>Mike和好朋友在职业体验馆。听录音，判断所听内容与他们所体验的职业是否相符。<\\/p>,<p>Mike在复习学过的单词。听一听，选出你所听到的词汇。<\\/p>,<p>Mike在复习学过的单词。听一听，选出你所听到的词汇。<\\/p>,<p>Mike和好朋友在职业体验馆。听录音，判断所听内容与他们所体验的职业是否相符。<\\/p>,<p>Mike在复习学过的单词。听一听，选出你所听到的词汇。<\\/p>,<p>Mike和好朋友在书上看到一些职业。听录音，选出他们看到的职业。<\\/p>\", \"单元名称\" : \"Unit 10 Is she a driver?\", \"设置的题目数量\" : 5, \"级别\" : \"基础巩固\", \"学科\" : \"英语\", \"对应端类型\" : \"通用\"}"
"{\"年级\" : \"四年级\", \"关联题目数量\" : 14, \"版本\" : \"人教版（三起）（2024审定）\", \"册\" : \"上册\", \"题干集合\" : \"<p>Linda在介绍自己的好朋友。听一听，她是怎么介绍的？<\\/p>,<p>Peter在规划放学后的活动。听一听，他规划了哪些活动？<\\/p>,<p>体育课上，Mike在分享自己喜欢的运动。听一听，Mike喜欢哪种运动？<\\/p>,<p>Linda在介绍自己的好朋友。听一听，她是怎么介绍的？<\\/p>,<p>课间，Anna在描述自己家人的特征。听一听，图中特征与她的描述相符吗？<\\/p>,<p>课间，Amy在描述自己好朋友的特征。听一听，图中特征与她的描述相符吗？<\\/p>,<p>Peter在复习英语绕口令。听一听，绕口令中包含下面哪个单词？<\\/p>,<p>英语课上，Amy遇到了一些不认识的单词。听一听，帮Amy给单词找到释义吧！<\\/p>,<p>Peter在规划放学后的活动。听一听，他规划了哪些活动？<\\/p>,<p>体育课上，John在分享自己喜欢的运动。听一听，John喜欢哪种运动？<\\/p>,<p>英语课上，Amy遇到了一些不认识的单词。听一听，帮Amy给单词找到释义吧！<\\/p>,<p>英语课上，Amy遇到了一些不认识的单词。听一听，帮Amy给单词找到释义吧！<\\/p>,<p>Peter在复习英语绕口令。听一听，绕口令中包含下面哪个单词？<\\/p>,<p>课间，Andy在描述自己好朋友的特征。听一听，图中特征与他的描述相符吗？<\\/p>\", \"单元名称\" : \"Unit 2 My friends\", \"设置的题目数量\" : 5, \"级别\" : \"基础巩固\", \"学科\" : \"英语\", \"对应端类型\" : \"通用\"}"
"{\"年级\" : \"五年级\", \"关联题目数量\" : 12, \"版本\" : \"湘少版\", \"册\" : \"上册\", \"题干集合\" : \"<p>噪音<\\/p>,,<p>|space<||>space| |space<||>space| |space<||>space| |space<||>space| |space<||>space| |space<||>space|<\\/p>,<p>|space<||>space| |space<||>space| |space<||>space| |space<||>space| |space<||>space|<\\/p>,<p>|space<||>space| |space<||>space| |space<||>space| |space<||>space| |space<||>space| |space<||>space|<\\/p>,,<p>|space<||>space| |space<||>space| |space<||>space| |space<||>space| |space<||>space|<\\/p>,<p>|space<||>space| |space<||>space| |space<||>space| |space<||>space| |space<||>space| |space<||>space| |space<||>space|<\\/p>,<p>洗衣机<\\/p>,,<p>|space<||>space| |space<||>space| |space<||>space| |space<||>space| |space<||>space|<\\/p>,\", \"单元名称\" : \"Unit 11 I'm sorry\", \"设置的题目数量\" : 5, \"级别\" : \"难点突破\", \"学科\" : \"英语\", \"对应端类型\" : \"app\"}"
"{\"年级\" : \"五年级\", \"关联题目数量\" : \"\", \"版本\" : \"教科版\", \"册\" : \"上册\", \"题干集合\" : \"\", \"单元名称\" : \"期中复习\", \"设置的题目数量\" : 5, \"级别\" : \"基础巩固\", \"学科\" : \"英语\", \"对应端类型\" : \"通用\"}"
"{\"年级\" : \"四年级\", \"关联题目数量\" : \"\", \"版本\" : \"人教版（三起）（2024审定）\", \"册\" : \"上册\", \"题干集合\" : \"\", \"单元名称\" : \"U12\", \"设置的题目数量\" : 5, \"级别\" : \"难点突破\", \"学科\" : \"英语\", \"对应端类型\" : \"通用\"}"
"{\"年级\" : \"三年级\", \"关联题目数量\" : 10, \"版本\" : \"教科版（2024审定）\", \"册\" : \"下册\", \"题干集合\" : \"<p>Andy在调查同学们对班级小帮手的想法。听一听，判断Andy的记录与对话是否相符。<\\/p><p><br><\\/p><p>Linda wants to be a book helper.<\\/p>,<p>Sam和Yafei在谈论自己对班级小帮手的想法。听一听，判断所给图片与他们的对话是否相符。<\\/p>,<p>Anne在登记小组成员对班级小帮手的意向。听一听，按照Anne所说的顺序给下面的句子排序。<\\/p>,<p>班会上，老师提问Bob对班级小帮手的想法。听一听，帮助Bob选择恰当的答语。<\\/p>,<p>Andy在调查同学们对班级小帮手的想法。听一听，判断Andy的记录与对话是否相符。<\\/p><p><br><\\/p><p>Sarah wants to be a light helper.<\\/p>,<p>Andy在调查同学们对班级小帮手的想法。听一听，判断Andy的记录与对话是否相符。<\\/p><p><br><\\/p><p>Tom wants to hand out books.<\\/p>,<p>Sam和Yafei在谈论自己对班级小帮手的想法。听一听，判断所给图片与他们的对话是否相符。<\\/p>,<p>Andy在调查同学们对班级小帮手的想法。听一听，判断Andy的记录与对话是否相符。<\\/p><p><br><\\/p><p>Jack wants to carry food boxes.<\\/p>,<p>Anne在登记小组成员对班级小帮手的意向。听一听，按照Anne所说的顺序给下面的句子排序。<\\/p>,<p>班会上，老师提问Jim对班级小帮手的想法。听一听，帮助Jim选择恰当的答语。<\\/p>\", \"单元名称\" : \"Unit 6 I'm on Duty\", \"设置的题目数量\" : 5, \"级别\" : \"难点突破\", \"学科\" : \"英语\", \"对应端类型\" : \"通用\"}"
"{\"年级\" : \"四年级\", \"关联题目数量\" : 15, \"版本\" : \"教科版（2024审定）\", \"册\" : \"下册\", \"题干集合\" : \",,,,,,,,,,<p>What plants do you want to grow?<\\/p>,<p>I like carrots because they can help make a fresh salad.<\\/p>,,,\", \"单元名称\" : \"Unit 1 The School Garden\", \"设置的题目数量\" : 15, \"级别\" : \"综合进阶\", \"学科\" : \"英语\", \"对应端类型\" : \"通用\"}"
"{\"年级\" : \"五年级\", \"关联题目数量\" : \"\", \"版本\" : \"教科版\", \"册\" : \"上册\", \"题干集合\" : \"\", \"单元名称\" : \"Unit 8 Let's have both\", \"设置的题目数量\" : 5, \"级别\" : \"基础巩固\", \"学科\" : \"英语\", \"对应端类型\" : \"通用\"}"
"{\"年级\" : \"四年级\", \"关联题目数量\" : \"\", \"版本\" : \"湘鲁版\", \"册\" : \"下册\", \"题干集合\" : \"\", \"单元名称\" : \"U10\", \"设置的题目数量\" : 5, \"级别\" : \"综合进阶\", \"学科\" : \"英语\", \"对应端类型\" : \"app\"}"
"{\"年级\" : \"七年级\", \"关联题目数量\" : 5, \"版本\" : \"\", \"册\" : \"下册\", \"题干集合\" : \"<p>How often does Peter play football?<\\/p>,<p>What does Alan usually do on weekends?<\\/p>,<p>Whose basketball is it?<\\/p>,<p>Where is Lucy's running shoes?<\\/p>,<p>How many times does Andy go to the swimming club in a week?<\\/p>\", \"单元名称\" : \"Unit 3 Keep Fit\", \"设置的题目数量\" : 5, \"级别\" : \"听短对话选答案\", \"学科\" : \"英语\", \"对应端类型\" : \"通用\"}"
"{\"年级\" : \"五年级\", \"关联题目数量\" : 10, \"版本\" : \"湘鲁版\", \"册\" : \"上册\", \"题干集合\" : \"<p>玩具熊<\\/p>,,,<p>整理，收拾<\\/p>,<p>许多<\\/p>,,,,,\", \"单元名称\" : \"Unit 4 Whose toy is this?\", \"设置的题目数量\" : 5, \"级别\" : \"基础巩固\", \"学科\" : \"英语\", \"对应端类型\" : \"app\"}"
"{\"年级\" : \"三年级\", \"关联题目数量\" : 8, \"版本\" : \"人教版（三起）\", \"册\" : \"上册\", \"题干集合\" : \",,,,,,,\", \"单元名称\" : \"Unit 4 We love animals\", \"设置的题目数量\" : 5, \"级别\" : \"难点突破\", \"学科\" : \"英语\", \"对应端类型\" : \"app\"}"
"{\"年级\" : \"三年级\", \"关联题目数量\" : \"\", \"版本\" : \"湘鲁版\", \"册\" : \"下册\", \"题干集合\" : \"\", \"单元名称\" : \"U10\", \"设置的题目数量\" : 5, \"级别\" : \"综合进阶\", \"学科\" : \"英语\", \"对应端类型\" : \"app\"}"
"{\"年级\" : \"五年级\", \"关联题目数量\" : \"\", \"版本\" : \"湘少版\", \"册\" : \"上册\", \"题干集合\" : \"\", \"单元名称\" : \"期中复习\", \"设置的题目数量\" : 5, \"级别\" : \"难点突破\", \"学科\" : \"英语\", \"对应端类型\" : \"app\"}"
"{\"年级\" : \"四年级\", \"关联题目数量\" : 17, \"版本\" : \"湘鲁版\", \"册\" : \"上册\", \"题干集合\" : \"<p>|space<||>space| |space<||>space| |space<||>space| |space<||>space| |space<||>space|<\\/p>,<p>|space<||>space| |space<||>space| |space<||>space| |space<||>space| |space<||>space|<\\/p>,,,,,,,<p>|space<||>space| |space<||>space| |space<||>space| |space<||>space| |space<||>space| |space<||>space|<\\/p>,,<p>|space<||>space| |space<||>space| |space<||>space| |space<||>space| |space<||>space| |space<||>space| |space<||>space|<\\/p>,,,,,<p>|space<||>space| |space<||>space| |space<||>space| |space<||>space| |space<||>space| |space<||>space|<\\/p>,<p>|space<||>space| |space<||>space| |space<||>space| |space<||>space| |space<||>space| |space<||>space| |space<||>space| |space<||>space| |space<||>space|<\\/p>\", \"单元名称\" : \"Unit 5 What would you like?\", \"设置的题目数量\" : 5, \"级别\" : \"难点突破\", \"学科\" : \"英语\", \"对应端类型\" : \"app\"}"
"{\"年级\" : \"四年级\", \"关联题目数量\" : \"\", \"版本\" : \"人教版（三起）\", \"册\" : \"上册\", \"题干集合\" : \"\", \"单元名称\" : \"Units 1-3 测试卷\", \"设置的题目数量\" : 5, \"级别\" : \"基础巩固\", \"学科\" : \"英语\", \"对应端类型\" : \"app\"}"
"{\"年级\" : \"四年级\", \"关联题目数量\" : 13, \"版本\" : \"湘鲁版\", \"册\" : \"上册\", \"题干集合\" : \",,,,,,,,,,,,\", \"单元名称\" : \"Unit 9 What are you doing?\", \"设置的题目数量\" : 5, \"级别\" : \"难点突破\", \"学科\" : \"英语\", \"对应端类型\" : \"app\"}"
"{\"年级\" : \"四年级\", \"关联题目数量\" : 11, \"版本\" : \"教科版\", \"册\" : \"上册\", \"题干集合\" : \"<p>美术老师开始点评同学们的画作。请根据老师的描述，找出同学们临摹的对象。<\\/p>,<p>美术老师开始点评同学们的画作。请根据老师的描述，找出同学们临摹的对象。<\\/p>,<p>美术老师开始点评同学们的画作。请根据老师的描述，找出同学们临摹的对象。<\\/p>,<p>美术老师开始点评同学们的画作。请根据老师的描述，找出同学们临摹的对象。<\\/p>,<p>美术课上，老师要求同学们画自己的卧室。听一听，选出与老师的要求相符的句子。<\\/p>,<p>美术课上，同学们正在互相介绍自己的画作。听一听，选出与同学们描述相符的句子。<\\/p>,<p>美术课上，同学们正在互相介绍自己的画作。听一听，选出与同学们描述相符的句子。<\\/p>,<p>美术课上，同学们正在互相介绍自己的画作。听一听，选出与同学们描述相符的句子。<\\/p>,<p>美术课上，同学们正在互相介绍自己的画作。听一听，选出与同学们描述相符的句子。<\\/p>,<p>美术老师开始点评同学们的画作。请根据老师的描述，找出同学们临摹的对象。<\\/p>,<p>美术课上，同学们正在互相介绍自己的画作。听一听，选出与同学们描述相符的句子。<\\/p>\", \"单元名称\" : \"Unit 1 What's in your room?\", \"设置的题目数量\" : 5, \"级别\" : \"综合进阶\", \"学科\" : \"英语\", \"对应端类型\" : \"通用\"}"
"{\"年级\" : \"四年级\", \"关联题目数量\" : \"\", \"版本\" : \"人教版（三起）（2024审定）\", \"册\" : \"上册\", \"题干集合\" : \"\", \"单元名称\" : \"Units 1-2 测试卷\", \"设置的题目数量\" : 5, \"级别\" : \"难点突破\", \"学科\" : \"英语\", \"对应端类型\" : \"通用\"}"
"{\"年级\" : \"四年级\", \"关联题目数量\" : \"\", \"版本\" : \"人教版（三起）\", \"册\" : \"下册\", \"题干集合\" : \"\", \"单元名称\" : \"U7\", \"设置的题目数量\" : 5, \"级别\" : \"综合进阶\", \"学科\" : \"英语\", \"对应端类型\" : \"app\"}"
"{\"年级\" : \"七年级\", \"关联题目数量\" : 5, \"版本\" : \"人教版\", \"册\" : \"上册\", \"题干集合\" : \"<p>What's the girl's last name?<\\/p>,<p>What's the boy's name?<\\/p>,<p>What's Tom's phone number?<\\/p>,<p>What color is Eric's pen?<\\/p>,<p>What's the girl's name?<\\/p>\", \"单元名称\" : \"Unit 1 My name's Gina.\", \"设置的题目数量\" : 5, \"级别\" : \"听短对话选答案\", \"学科\" : \"英语\", \"对应端类型\" : \"通用\"}"
"{\"年级\" : \"六年级\", \"关联题目数量\" : \"\", \"版本\" : \"人教版（三起）\", \"册\" : \"上册\", \"题干集合\" : \"\", \"单元名称\" : \"期中测试卷\", \"设置的题目数量\" : 5, \"级别\" : \"综合进阶\", \"学科\" : \"英语\", \"对应端类型\" : \"app\"}"
"{\"年级\" : \"三年级\", \"关联题目数量\" : \"\", \"版本\" : \"湘少版（2024审定）\", \"册\" : \"上册\", \"题干集合\" : \"\", \"单元名称\" : \"期中复习\", \"设置的题目数量\" : 5, \"级别\" : \"基础巩固\", \"学科\" : \"英语\", \"对应端类型\" : \"通用\"}"
"{\"年级\" : \"四年级\", \"关联题目数量\" : \"\", \"版本\" : \"\", \"册\" : \"上册\", \"题干集合\" : \"\", \"单元名称\" : \"期中复习\", \"设置的题目数量\" : 5, \"级别\" : \"基础巩固\", \"学科\" : \"英语\", \"对应端类型\" : \"通用\"}"
"{\"年级\" : \"三年级\", \"关联题目数量\" : \"\", \"版本\" : \"湘鲁版\", \"册\" : \"上册\", \"题干集合\" : \"\", \"单元名称\" : \"Units 1-3 测试卷\", \"设置的题目数量\" : 5, \"级别\" : \"难点突破\", \"学科\" : \"英语\", \"对应端类型\" : \"app\"}"
"{\"年级\" : \"三年级\", \"关联题目数量\" : 11, \"版本\" : \"湘少版\", \"册\" : \"下册\", \"题干集合\" : \",,,,,,,,,,\", \"单元名称\" : \"Unit 12 I go to school by bus\", \"设置的题目数量\" : 5, \"级别\" : \"综合进阶\", \"学科\" : \"英语\", \"对应端类型\" : \"app\"}"
"{\"年级\" : \"四年级\", \"关联题目数量\" : 13, \"版本\" : \"\", \"册\" : \"下册\", \"题干集合\" : \"<p>Lily在带弟弟读英语故事。听一听，故事中包含下面哪个单词？<\\/p>,,,,,<p>Lily在带弟弟读英语故事。听一听，故事中包含下面哪个单词？<\\/p>,,,,,,,\", \"单元名称\" : \"Unit 5 How do you help each other?\", \"设置的题目数量\" : 15, \"级别\" : \"基础巩固\", \"学科\" : \"英语\", \"对应端类型\" : \"通用\"}"
"{\"年级\" : \"四年级\", \"关联题目数量\" : \"\", \"版本\" : \"湘鲁版\", \"册\" : \"上册\", \"题干集合\" : \"\", \"单元名称\" : \"Units 7-9 测试卷\", \"设置的题目数量\" : 5, \"级别\" : \"综合进阶\", \"学科\" : \"英语\", \"对应端类型\" : \"app\"}"
"{\"年级\" : \"八年级\", \"关联题目数量\" : \"\", \"版本\" : \"人教版\", \"册\" : \"上册\", \"题干集合\" : \"\", \"单元名称\" : \"U11\", \"设置的题目数量\" : 5, \"级别\" : \"基础巩固\", \"学科\" : \"英语\", \"对应端类型\" : \"通用\"}"
"{\"年级\" : \"四年级\", \"关联题目数量\" : 15, \"版本\" : \"教科版（2024审定）\", \"册\" : \"上册\", \"题干集合\" : \"<p>Jenny在描述和好朋友之间的故事。听一听，她提到了哪个单词呢？<\\/p>,<p>Jenny在描述和好朋友之间的故事。听一听，她提到了哪个单词呢？<\\/p>,<p>Bob在总结与人相处的好行为。听一听，图片是他说的行为吗？<\\/p>,<p>妈妈在给Peter听写单词。听一听，他写对了吗？<\\/p><p>open <\\/p>,<p>妈妈在给Peter听写单词。听一听，他写对了吗？<\\/p><p>cheer<\\/p>,<p>Jenny在描述和好朋友之间的故事。听一听，她提到了哪个单词呢？<\\/p>,<p>Lucy和妹妹正在读绘本。听一听，她们讲的是哪个图片？<\\/p>,<p>同学们在玩传声筒的游戏。听一听，他们现在传的是哪个单词呢？<\\/p>,<p>同学们在玩传声筒的游戏。听一听，他们现在传的是哪个单词呢？<\\/p>,<p>Lucy和妹妹正在读绘本。听一听，她们讲的是哪个图片？<\\/p>,<p>同学们在玩传声筒的游戏。听一听，他们现在传的是哪个单词呢？<\\/p>,<p>Lucy和妹妹正在读绘本。听一听，她们讲的是哪个图片？<\\/p>,<p>妈妈在给Peter听写单词。听一听，他写对了吗？<\\/p><p>else<\\/p>,<p>Bob在总结与人相处的好行为。听一听，图片是他说的行为吗？<\\/p>,<p>Bob在总结与人相处的好行为。听一听，图片是他说的行为吗？<\\/p>\", \"单元名称\" : \"Unit 5 She Helps Me a Lot\", \"设置的题目数量\" : 5, \"级别\" : \"基础巩固\", \"学科\" : \"英语\", \"对应端类型\" : \"通用\"}"
"{\"年级\" : \"四年级\", \"关联题目数量\" : 10, \"版本\" : \"人教版（三起）（2024审定）\", \"册\" : \"上册\", \"题干集合\" : \"<p>John在给Mike打电话。听一听，帮Mike回复他吧！<\\/p>,<p>Peter一家在查看天气预报并制订出行计划。听一听，图片与实际的天气相符吗？<\\/p>,<p>同学们在介绍自己的“美好周末”摄影作品。听一听，介绍的顺序是怎样的？<\\/p>,<p>课间，同学们在查询世界各地的天气。听一听，悉尼今天的天气怎么样？<\\/p>,<p>课间，同学们在查询世界各地的天气。听一听，伦敦今天的天气怎么样？<\\/p>,<p>同学们在分享假期旅游目的地的天气。听一听，他们分享的顺序是怎样呢？<\\/p>,<p>Peter一家在查看天气预报并制订出行计划。听一听，图片与实际的天气相符吗？<\\/p>,<p>John在给Mike打电话。听一听，帮Mike回答他的提问吧！<\\/p>,<p>Peter一家在查看天气预报并制订出行计划。听一听，图片与实际的天气相符吗？<\\/p>,<p>John在给Mike打电话。听一听，帮Mike回答他的提问吧！<\\/p>\", \"单元名称\" : \"Unit 5 The weather and us\", \"设置的题目数量\" : 5, \"级别\" : \"难点突破\", \"学科\" : \"英语\", \"对应端类型\" : \"通用\"}"
"{\"年级\" : \"六年级\", \"关联题目数量\" : \"\", \"版本\" : \"人教版（三起）\", \"册\" : \"上册\", \"题干集合\" : \"\", \"单元名称\" : \"Units 1-3 测试卷\", \"设置的题目数量\" : 5, \"级别\" : \"难点突破\", \"学科\" : \"英语\", \"对应端类型\" : \"app\"}"
"{\"年级\" : \"三年级\", \"关联题目数量\" : \"\", \"版本\" : \"湘少版（2024审定）\", \"册\" : \"下册\", \"题干集合\" : \"\", \"单元名称\" : \"U12\", \"设置的题目数量\" : 5, \"级别\" : \"难点突破\", \"学科\" : \"英语\", \"对应端类型\" : \"通用\"}"
"{\"年级\" : \"三年级\", \"关联题目数量\" : 10, \"版本\" : \"教科版（2024审定）\", \"册\" : \"上册\", \"题干集合\" : \"<p>Mary正在教自己的妹妹认识五官。听一听，选出与Mary所说单词相符的图片。<\\/p>,<p>Mary正在教自己的妹妹认识五官。听一听，选出与Mary所说单词相符的图片。<\\/p>,<p>Mary正在教自己的妹妹认识五官。听一听，判断下列词汇与录音内容是否相符。<\\/p><p>Miss<\\/p>,<p>Mary正在教自己的妹妹认识五官。听一听，判断下列词汇与录音内容是否相符。<\\/p><p>face<\\/p>,<p>美术课上，同学们画出了各种各样的动物。听一听，判断录音内容与所给图片是否相符。<\\/p>,<p>Mary正在教自己的妹妹认识五官。听一听，选出与Mary所说单词相符的图片。<\\/p>,<p>美术课上，同学们画出了各种各样的动物。听一听，判断录音内容与所给图片是否相符。<\\/p>,<p>美术课上，同学们设计出了各种各样的小怪兽。听一听，判断录音内容与所给图片是否相符。<\\/p>,<p>美术课上，同学们设计出了各种各样的小怪兽。听一听，判断录音内容与所给图片是否相符。<\\/p>,<p>美术课上，同学们设计出了各种各样的小怪兽。听一听，判断录音内容与所给图片是否相符。<\\/p>\", \"单元名称\" : \"Unit 6 I Can Draw\", \"设置的题目数量\" : 5, \"级别\" : \"基础巩固\", \"学科\" : \"英语\", \"对应端类型\" : \"通用\"}"
"{\"年级\" : \"四年级\", \"关联题目数量\" : 15, \"版本\" : \"人教版（三起）（2024审定）\", \"册\" : \"下册\", \"题干集合\" : \"<p>英语课上，老师在播放一段英语绕口令。听一听，绕口令中包含下面哪个单词？<\\/p>,,,,,,,,,<p>英语课上，老师在播放一段英语绕口令。听一听，绕口令中包含下面哪个单词？<\\/p>,,,,,\", \"单元名称\" : \"Unit 3 Time for school\", \"设置的题目数量\" : 5, \"级别\" : \"基础巩固\", \"学科\" : \"英语\", \"对应端类型\" : \"通用\"}"
"{\"年级\" : \"三年级\", \"关联题目数量\" : \"\", \"版本\" : \"人教版（三起）\", \"册\" : \"下册\", \"题干集合\" : \"\", \"单元名称\" : \"U11\", \"设置的题目数量\" : 5, \"级别\" : \"综合进阶\", \"学科\" : \"英语\", \"对应端类型\" : \"通用\"}"
"{\"年级\" : \"三年级\", \"关联题目数量\" : 10, \"版本\" : \"人教版（三起）（2024审定）\", \"册\" : \"上册\", \"题干集合\" : \",,,,,,,,,\", \"单元名称\" : \"Unit 1 Making friends\", \"设置的题目数量\" : 5, \"级别\" : \"难点突破\", \"学科\" : \"英语\", \"对应端类型\" : \"通用\"}"
"{\"年级\" : \"四年级\", \"关联题目数量\" : 15, \"版本\" : \"教科版（2024审定）\", \"册\" : \"上册\", \"题干集合\" : \"<p>Jack在和好朋友介绍自己的家庭成员。听一听，他介绍了谁呢？<\\/p>,<p>爸爸在回忆自己的生日派对。听一听，下面单词是他说的吗？<\\/p><p>happy<\\/p>,<p>早晨，Lucy在朗读昨天学习的单词。听一听，她现在在读哪个单词？<\\/p>,<p>同学们在玩单词释义对对碰的游戏。听一听，帮他们找到单词的释义吧！<\\/p>,<p>Jack在和好朋友介绍自己的家庭成员。听一听，他介绍了谁呢？<\\/p>,<p>Anna给妈妈准备了生日礼物。听一听，图片是她准备的礼物吗？<\\/p>,<p>同学们在玩单词释义对对碰的游戏。听一听，帮他们找到单词的释义吧！<\\/p>,<p>Anna给妈妈准备了生日礼物。听一听，图片是她准备的礼物吗？<\\/p>,<p>早晨，Lucy在朗读昨天学习的单词。听一听，她现在在读哪个单词？<\\/p>,<p>早晨，Lucy在朗读昨天学习的单词。听一听，她现在在读哪个单词？<\\/p><p><br><\\/p>,<p>Jack在和好朋友介绍自己的家庭成员。听一听，他介绍了谁呢？<\\/p>,<p>爸爸在回忆自己的生日派对。听一听，下面单词是他说的吗？<\\/p><p>surprise<\\/p>,<p>同学们在玩单词释义对对碰的游戏。听一听，帮他们找到单词的释义吧！<\\/p>,<p>爸爸在回忆自己的生日派对。听一听，下面单词是他说的吗？<\\/p><p>spend <\\/p>,<p>Anna给妈妈准备了生日礼物。听一听，图片是她准备的礼物吗？<\\/p>\", \"单元名称\" : \"Unit 6 I Love My Family\", \"设置的题目数量\" : 5, \"级别\" : \"基础巩固\", \"学科\" : \"英语\", \"对应端类型\" : \"通用\"}"
"{\"年级\" : \"三年级\", \"关联题目数量\" : 10, \"版本\" : \"湘少版\", \"册\" : \"上册\", \"题干集合\" : \",<p>Hello, I'm Peter.<\\/p>,,,<p>Nice to meet you, too!<\\/p>,<p>Thank you!<\\/p>,,,<p>How are you?<\\/p>,<p>Hello, I'm Miss Li.<\\/p>\", \"单元名称\" : \"Unit 1 Hello!\", \"设置的题目数量\" : 5, \"级别\" : \"难点突破\", \"学科\" : \"英语\", \"对应端类型\" : \"app\"}"
"{\"年级\" : \"四年级\", \"关联题目数量\" : 10, \"版本\" : \"湘少版\", \"册\" : \"上册\", \"题干集合\" : \"<p>dance<\\/p>,<p>br|space<||>space| |space<||>space|n<\\/p>,<p>sw|space<||>space| |space<||>space|t|space<||>space| |space<||>space|<\\/p>,<p>sock<\\/p>,<p>fr|space<||>space| |space<||>space|nd<\\/p>,<p>brown<\\/p>,<p>sh|space<||>space| |space<||>space|<\\/p>,<p>great<\\/p>,<p>sweater<\\/p>,\", \"单元名称\" : \"Unit 8 She wears a white and black sweater\", \"设置的题目数量\" : 5, \"级别\" : \"综合进阶\", \"学科\" : \"英语\", \"对应端类型\" : \"app\"}"
"{\"年级\" : \"五年级\", \"关联题目数量\" : \"\", \"版本\" : \"教科版\", \"册\" : \"上册\", \"题干集合\" : \"\", \"单元名称\" : \"Unit 8 Let's have both\", \"设置的题目数量\" : 5, \"级别\" : \"难点突破\", \"学科\" : \"英语\", \"对应端类型\" : \"通用\"}"
"{\"年级\" : \"四年级\", \"关联题目数量\" : \"\", \"版本\" : \"人教版（三起）\", \"册\" : \"下册\", \"题干集合\" : \"\", \"单元名称\" : \"U8\", \"设置的题目数量\" : 5, \"级别\" : \"基础巩固\", \"学科\" : \"英语\", \"对应端类型\" : \"app\"}"
"{\"年级\" : \"六年级\", \"关联题目数量\" : \"\", \"版本\" : \"人教版（三起）\", \"册\" : \"下册\", \"题干集合\" : \"\", \"单元名称\" : \"U6\", \"设置的题目数量\" : 5, \"级别\" : \"基础巩固\", \"学科\" : \"英语\", \"对应端类型\" : \"通用\"}"
"{\"年级\" : \"三年级\", \"关联题目数量\" : 15, \"版本\" : \"湘少版（2024审定）\", \"册\" : \"上册\", \"题干集合\" : \",,<p>let<\\/p>,<p>bye<\\/p>,,,,,,<p>can<\\/p>,,,,,\", \"单元名称\" : \"Unit 2 What's your name?\", \"设置的题目数量\" : 5, \"级别\" : \"基础巩固\", \"学科\" : \"英语\", \"对应端类型\" : \"通用\"}"
"{\"年级\" : \"七年级\", \"关联题目数量\" : 1, \"版本\" : \"\", \"册\" : \"上册\", \"题干集合\" : \"\", \"单元名称\" : \"Unit 3 My School\", \"设置的题目数量\" : 1, \"级别\" : \"听独白选答案\", \"学科\" : \"英语\", \"对应端类型\" : \"通用\"}"
"{\"年级\" : \"三年级\", \"关联题目数量\" : 10, \"版本\" : \"人教版（三起）\", \"册\" : \"下册\", \"题干集合\" : \",<p>四十<\\/p>,,,,<p>风筝<\\/p>,,,,<p>可爱的<\\/p>\", \"单元名称\" : \"Unit 6 How many?\", \"设置的题目数量\" : 5, \"级别\" : \"综合进阶\", \"学科\" : \"英语\", \"对应端类型\" : \"通用\"}"
"{\"年级\" : \"五年级\", \"关联题目数量\" : 13, \"版本\" : \"湘少版\", \"册\" : \"下册\", \"题干集合\" : \",,,,,,,,,,,,\", \"单元名称\" : \"Unit 5 When's your birthday？\", \"设置的题目数量\" : 5, \"级别\" : \"综合进阶\", \"学科\" : \"英语\", \"对应端类型\" : \"app\"}"
"{\"年级\" : \"四年级\", \"关联题目数量\" : \"\", \"版本\" : \"人教版（三起）（2024审定）\", \"册\" : \"下册\", \"题干集合\" : \"\", \"单元名称\" : \"U12\", \"设置的题目数量\" : 5, \"级别\" : \"基础巩固\", \"学科\" : \"英语\", \"对应端类型\" : \"通用\"}"
"{\"年级\" : \"四年级\", \"关联题目数量\" : \"\", \"版本\" : \"\", \"册\" : \"上册\", \"题干集合\" : \"\", \"单元名称\" : \"U12\", \"设置的题目数量\" : 5, \"级别\" : \"综合进阶\", \"学科\" : \"英语\", \"对应端类型\" : \"通用\"}"
"{\"年级\" : \"五年级\", \"关联题目数量\" : \"\", \"版本\" : \"教科版\", \"册\" : \"上册\", \"题干集合\" : \"\", \"单元名称\" : \"Unit 9 It smells delicious\", \"设置的题目数量\" : 5, \"级别\" : \"难点突破\", \"学科\" : \"英语\", \"对应端类型\" : \"通用\"}"
"{\"年级\" : \"三年级\", \"关联题目数量\" : 10, \"版本\" : \"湘鲁版\", \"册\" : \"下册\", \"题干集合\" : \",,,,,,,,,\", \"单元名称\" : \"Unit 9  Let's go to the zoo!\", \"设置的题目数量\" : 5, \"级别\" : \"难点突破\", \"学科\" : \"英语\", \"对应端类型\" : \"app\"}"
"{\"年级\" : \"五年级\", \"关联题目数量\" : 17, \"版本\" : \"人教版（三起）\", \"册\" : \"上册\", \"题干集合\" : \",,,,,,,,,,,,,,,,\", \"单元名称\" : \"Unit 5 There is a big bed\", \"设置的题目数量\" : 5, \"级别\" : \"综合进阶\", \"学科\" : \"英语\", \"对应端类型\" : \"app\"}"
"{\"年级\" : \"三年级\", \"关联题目数量\" : 15, \"版本\" : \"\", \"册\" : \"下册\", \"题干集合\" : \"<p>教室里，Anna在和同学开心地讨论自己的暑假计划，听一听，判断所给图片与Anna的发言是否相符。<\\/p>,<p>假期，Kate在和Amy打视频电话，听一听，选出你所听到的谈话内容。<\\/p>,<p>Li Ming在学习英语，听一听，帮助他选择正确的中文翻译。<\\/p>,<p>教室里，Mike在和同学开心地讨论自己的暑假计划，听一听，判断所给图片与Mike的发言是否相符。<\\/p>,<p>教室里，Mingming在和同学开心地讨论自己的暑假计划，听一听，判断所给图片与Mingming的发言是否相符。<\\/p>,<p>Li Ming在学习英语，听一听，帮助他选择正确的中文翻译。<\\/p>,<p>假期，Kate在和Amy打视频电话，听一听，选出你所听到的谈话内容。<\\/p>,<p>假期，Kate在和Amy打视频电话，听一听，选出你所听到的谈话内容。<\\/p>,<p>Li Ming在学习英语，听一听，帮助他选择正确的中文翻译。<\\/p>,<p>假期，Kate在和Amy打视频电话，听一听，选出你所听到的谈话内容。<\\/p>,<p>假期，Kate在和Amy打视频电话，听一听，选出你所听到的谈话内容<\\/p>,<p>教室里，Linda在和同学开心地讨论自己的暑假计划，听一听，判断所给图片与Linda的发言是否相符。<\\/p>,<p> Li Ming在学习英语，听一听，帮助他选择正确的中文翻译。<\\/p>,<p>Li Ming在学习英语，听一听，帮助他选择正确的中文翻译。<\\/p>,<p>教室里，Tom在和同学开心地讨论自己的暑假计划，听一听，判断所给图片与Tom的发言是否相符。<\\/p>\", \"单元名称\" : \"Unit 9 What can you do in Sanya?\", \"设置的题目数量\" : 5, \"级别\" : \"综合进阶\", \"学科\" : \"英语\", \"对应端类型\" : \"通用\"}"
"{\"年级\" : \"三年级\", \"关联题目数量\" : 10, \"版本\" : \"教科版（2024审定）\", \"册\" : \"下册\", \"题干集合\" : \"<p>Lily在复习与身体部位相关的单词。听一听，选出与Lily所说单词相符的图片。<\\/p>,<p>Lucy在学习用英语表达日常晨间活动。听一听，选出Lily所读的词组。<\\/p>,<p>Lucy在学习用英语表达日常晨间活动。听一听，选出Lily所读的词组。<\\/p>,<p>Andy正在给自己的日常晨间活动配图。听一听，判断图片与Andy所说的晨间活动是否相符。<\\/p>,<p>Andy正在给自己的日常晨间活动配图。听一听，判断图片与Andy所说的晨间活动是否相符。<\\/p>,<p>Lucy在学习用英语表达日常晨间活动。听一听，选出Lily所读的词组。<\\/p>,<p>Andy正在给自己的日常晨间活动配图。听一听，判断图片与Andy所说的晨间活动是否相符。<\\/p>,<p>Andy正在给自己的日常晨间活动配图。听一听，判断图片与Andy所说的晨间活动是否相符。<\\/p>,<p>Lily在复习与身体部位相关的单词。听一听，选出与Lily所说单词相符的图片。<\\/p>,<p>Lily在复习与身体部位相关的单词。听一听，选出与Lily所说单词相符的图片。<\\/p>\", \"单元名称\" : \"Unit 1 Get Up\", \"设置的题目数量\" : 5, \"级别\" : \"基础巩固\", \"学科\" : \"英语\", \"对应端类型\" : \"通用\"}"
"{\"年级\" : \"四年级\", \"关联题目数量\" : 10, \"版本\" : \"湘少版\", \"册\" : \"下册\", \"题干集合\" : \"<p>Look, this is our playground. Peter is playing |space<||>space|. Nancy is |space<||>space|. Some children are playing |space<||>space|. I like |space<||>space|. We are all very |space<||>space|.<\\/p>,<p>|space<||>space| |space<||>space| |space<||>space| |space<||>space|<\\/p>,,,,,,<p>|space<||>space| |space<||>space| |space<||>space| |space<||>space| |space<||>space| |space<||>space| |space<||>space| |space<||>space|<\\/p>,,\", \"单元名称\" : \"Unit 6 What's Anne doing？\", \"设置的题目数量\" : 5, \"级别\" : \"难点突破\", \"学科\" : \"英语\", \"对应端类型\" : \"app\"}"
"{\"年级\" : \"五年级\", \"关联题目数量\" : \"\", \"版本\" : \"教科版\", \"册\" : \"上册\", \"题干集合\" : \"\", \"单元名称\" : \"Unit 9 It smells delicious\", \"设置的题目数量\" : 5, \"级别\" : \"基础巩固\", \"学科\" : \"英语\", \"对应端类型\" : \"通用\"}"
"{\"年级\" : \"三年级\", \"关联题目数量\" : 11, \"版本\" : \"湘少版\", \"册\" : \"下册\", \"题干集合\" : \",,,,,<p>windy<\\/p>,,,,,\", \"单元名称\" : \"Unit 9 What's the weather like?\", \"设置的题目数量\" : 5, \"级别\" : \"基础巩固\", \"学科\" : \"英语\", \"对应端类型\" : \"app\"}"
"{\"年级\" : \"三年级\", \"关联题目数量\" : 15, \"版本\" : \"\", \"册\" : \"下册\", \"题干集合\" : \"<p>Mary和Lucy在谈论体育运动。听一听，选出Mary所说的词汇。<\\/p>,<p>Mary在给单词匹配释义。听一听，帮助Mary选出正确的释义。<\\/p>,<p>Mary在给单词匹配释义。听一听，帮助Mary选出正确的释义。<\\/p>,<p>Mary和好朋友在谈论体育运动。听一听，选出与Mary所说单词相符的图片。<\\/p>,<p>Mary和Lucy在谈论体育运动。听一听，选出Mary所说的词汇。<\\/p>,<p>Mary在和弟弟谈论本周的运动计划。听一听，判断下面图片与他们的运动计划是否相符。<\\/p>,<p>Mary在给单词匹配释义。听一听，帮助Mary选出正确的释义。<\\/p>,<p>Mary在评价体育运动。听一听，选出Mary所说的词汇。<\\/p>,<p>Mary在和弟弟谈论本周的运动计划。听一听，判断下面图片与他们的运动计划是否相符。<\\/p>,<p>Mary在复习学过的字母组合。听一听，选出她所读单词中包含的字母组合。<\\/p>,<p>Mary在复习学过的字母组合。听一听，选出她所读单词中包含的字母组合。<\\/p>,<p>Mary在给单词匹配释义。听一听，帮助Mary选出正确的释义。<\\/p>,<p>Mary和好朋友在谈论体育运动。听一听，选出与Mary所说单词相符的图片。<\\/p>,<p>Mary在评价体育运动。听一听，选出Mary所说的词汇。<\\/p>,<p>Mary在给单词匹配释义。听一听，帮助Mary选出正确的释义。<\\/p>\", \"单元名称\" : \"Unit 6 What sports do you like?\", \"设置的题目数量\" : 5, \"级别\" : \"基础巩固\", \"学科\" : \"英语\", \"对应端类型\" : \"通用\"}"
"{\"年级\" : \"五年级\", \"关联题目数量\" : 10, \"版本\" : \"湘鲁版\", \"册\" : \"上册\", \"题干集合\" : \"<p>|space<||>space| |space<||>space| |space<||>space| |space<||>space| |space<||>space|<\\/p>,,<p>|space<||>space| |space<||>space| |space<||>space| |space<||>space|<\\/p>,<p>|space<||>space| |space<||>space| |space<||>space|<\\/p>,,<p>|space<||>space| |space<||>space| |space<||>space| |space<||>space| |space<||>space| |space<||>space|<\\/p>,,<p>best<\\/p>,<p>|space<||>space| |space<||>space| |space<||>space| |space<||>space| |space<||>space|<\\/p>,\", \"单元名称\" : \"Unit 7 I want to be a doctor.\", \"设置的题目数量\" : 5, \"级别\" : \"综合进阶\", \"学科\" : \"英语\", \"对应端类型\" : \"app\"}"
"{\"年级\" : \"五年级\", \"关联题目数量\" : \"\", \"版本\" : \"教科版\", \"册\" : \"上册\", \"题干集合\" : \"\", \"单元名称\" : \"Unit 4 Can you do my homework?\", \"设置的题目数量\" : 5, \"级别\" : \"综合进阶\", \"学科\" : \"英语\", \"对应端类型\" : \"通用\"}"
"{\"年级\" : \"四年级\", \"关联题目数量\" : 10, \"版本\" : \"湘少版（2024审定）\", \"册\" : \"上册\", \"题干集合\" : \"<p>小猪佩奇一家搬到了新的房子，佩奇兴奋地给大家展示各个房间。听一听，佩奇先后介绍了哪些房间？<\\/p>,<p>小猪佩奇一家搬到了新的房子，佩奇兴奋地给大家展示各个房间。听一听，佩奇先后说了什么呢？<\\/p>,<p>Amy在小区里遇到了邻居Mike，Mike带Amy去参观他的新家。听一听他们的对话，判断信息与对话内容是否相符。<\\/p><p>This is Amy's bedroom.<\\/p>,<p>在云朵城堡里，小精灵在介绍自己的房间。听一听他们的对话，判断信息与对话内容是否相符。<\\/p><p>The bathroom is clean.<\\/p>,<p>在糖果小镇，居民正在展示他们的新家。听对话，选择正确的图片。<\\/p>,<p>在动物参观日活动中，小熊猫在参观狐狸的家。听一听，选择正确的回应。<\\/p>,<p>在糖果小镇，居民正在展示他们的新家。听对话，选择正确的图片。<\\/p>,<p>在太空站里，宇航员正在向地球总部介绍新建成的生活区。听一听，选择正确的回应。<\\/p>,<p>课堂上，Peter在和Dongdong谈论自己的房间模型。听对话，判断图片与对话是否相符。<\\/p>,<p>课堂上，Peter在和Dongdong谈论自己的房间模型。听对话，房间与他们的谈论的内容一致吗？<\\/p>\", \"单元名称\" : \"Unit 9 Welcome to my home!\", \"设置的题目数量\" : 5, \"级别\" : \"难点突破\", \"学科\" : \"英语\", \"对应端类型\" : \"通用\"}"
"{\"年级\" : \"四年级\", \"关联题目数量\" : 10, \"版本\" : \"教科版（2024审定）\", \"册\" : \"下册\", \"题干集合\" : \"<p>Why does Lily want to grow an apple tree?<\\/p>,,<p>Tom wants to grow carrots, so he can have fresh salad.<\\/p>,,<p>The potatoes are next to the sunflowers.<\\/p>,<p>Peter正在介绍学校花园。听一听，他依次介绍了哪些植物？<\\/p>,,,,\", \"单元名称\" : \"Unit 1 The School Garden\", \"设置的题目数量\" : 10, \"级别\" : \"难点突破\", \"学科\" : \"英语\", \"对应端类型\" : \"通用\"}"
"{\"年级\" : \"四年级\", \"关联题目数量\" : \"\", \"版本\" : \"教科版（2024审定）\", \"册\" : \"下册\", \"题干集合\" : \"\", \"单元名称\" : \"U9\", \"设置的题目数量\" : 5, \"级别\" : \"综合进阶\", \"学科\" : \"英语\", \"对应端类型\" : \"通用\"}"
"{\"年级\" : \"四年级\", \"关联题目数量\" : 10, \"版本\" : \"湘少版\", \"册\" : \"上册\", \"题干集合\" : \",<p>w|space<||>space|ll|space<||>space|t<\\/p>,,,<p>sc|space<||>space| |space<||>space|f<\\/p>,<p>k|space<||>space| |space<||>space|<\\/p>,,,,\", \"单元名称\" : \"Unit 7 Whose is this?\", \"设置的题目数量\" : 5, \"级别\" : \"综合进阶\", \"学科\" : \"英语\", \"对应端类型\" : \"app\"}"
"{\"年级\" : \"五年级\", \"关联题目数量\" : 10, \"版本\" : \"人教版（三起）\", \"册\" : \"下册\", \"题干集合\" : \",,,,,,,,,\", \"单元名称\" : \"Unit 5 Whose dog is it?\", \"设置的题目数量\" : 5, \"级别\" : \"综合进阶\", \"学科\" : \"英语\", \"对应端类型\" : \"app\"}"
"{\"年级\" : \"三年级\", \"关联题目数量\" : 11, \"版本\" : \"教科版（2024审定）\", \"册\" : \"上册\", \"题干集合\" : \"<p>Mulan正在认读生活中的英文字母。听录音，判断所听字母与图中字母是否相符。相符的选“T”，不相符的选“F”。<\\/p>,<p>Mulan正在认读生活中的英文字母。听录音，判断所听字母与图中字母是否相符。相符的选“T”，不相符的选“F”。<\\/p>,<p>Mulan想画一画生活中的字母。听录音，选择正确的选项，完成图画。<\\/p>,<p>Mulan发现生活中处处有字母。听录音，选出含有所听字母的图片。<\\/p>,<p>Mulan想画一画生活中的字母。听录音，选择正确的选项，完成图画。<\\/p>,<p>Mulan发现生活中处处有字母。听录音，选出含有所听字母的图片。<\\/p>,<p>Mulan发现生活中处处有字母。听录音，选出含有所听字母的图片。<\\/p>,<p>Mulan正在认读生活中的英文字母。听录音，判断所听字母与图中字母是否相符。相符的选“T”，不相符的选“F”。<\\/p>,<p>Mulan正在认读生活中的英文字母。听录音，判断所听字母与图中字母是否相符。相符的选“T”，不相符的选“F”。<\\/p>,<p>Mulan发现生活中处处有字母。听录音，选出含有所听字母的图片。<\\/p>,<p>Mulan想画一画生活中的字母。听录音，选择正确的选项，完成图画。<\\/p>\", \"单元名称\" : \"Unit 1 Letters in Our Life\", \"设置的题目数量\" : 5, \"级别\" : \"基础巩固\", \"学科\" : \"英语\", \"对应端类型\" : \"通用\"}"
"{\"年级\" : \"八年级\", \"关联题目数量\" : 5, \"版本\" : \"人教版\", \"册\" : \"下册\", \"题干集合\" : \"<p>Who is J. K. Rowling?<\\/p>,<p>Where are they talking?<\\/p>,<p>Why did the woman go to work by bus yesterday?<\\/p>,<p>What kind of books does Linda like?<\\/p>,<p>Who can't work out the math problem?<\\/p>\", \"单元名称\" : \"Unit 6 An old man tried to move the mountains.\", \"设置的题目数量\" : 5, \"级别\" : \"听短对话选答案\", \"学科\" : \"英语\", \"对应端类型\" : \"通用\"}"
"{\"年级\" : \"四年级\", \"关联题目数量\" : \"\", \"版本\" : \"人教版（三起）\", \"册\" : \"上册\", \"题干集合\" : \"\", \"单元名称\" : \"期末测试卷\", \"设置的题目数量\" : 5, \"级别\" : \"难点突破\", \"学科\" : \"英语\", \"对应端类型\" : \"app\"}"
"{\"年级\" : \"八年级\", \"关联题目数量\" : \"\", \"版本\" : \"人教版\", \"册\" : \"下册\", \"题干集合\" : \"\", \"单元名称\" : \"U12\", \"设置的题目数量\" : 5, \"级别\" : \"综合进阶\", \"学科\" : \"英语\", \"对应端类型\" : \"通用\"}"
"{\"年级\" : \"六年级\", \"关联题目数量\" : 11, \"版本\" : \"湘鲁版\", \"册\" : \"上册\", \"题干集合\" : \"<p>米饭<\\/p>,,,<p>报告<\\/p>,<p>跳高<\\/p>,,<p>可怕的<\\/p>,,,,<p>擅长于<\\/p>\", \"单元名称\" : \"Unit 7 I'm good at sports.\", \"设置的题目数量\" : 5, \"级别\" : \"基础巩固\", \"学科\" : \"英语\", \"对应端类型\" : \"app\"}"
"{\"年级\" : \"四年级\", \"关联题目数量\" : \"\", \"版本\" : \"人教版（三起）\", \"册\" : \"下册\", \"题干集合\" : \"\", \"单元名称\" : \"U12\", \"设置的题目数量\" : 5, \"级别\" : \"综合进阶\", \"学科\" : \"英语\", \"对应端类型\" : \"app\"}"
"{\"年级\" : \"四年级\", \"关联题目数量\" : 14, \"版本\" : \"人教版（三起）（2024审定）\", \"册\" : \"上册\", \"题干集合\" : \"<p>Jack在给爷爷打电话。听一听，他和爷爷说了什么呢？<\\/p>,<p>校园广播里正在播报世界各地的天气。听一听，图中天气与播报的一致吗？<\\/p>,<p>Sarah在评价昨天的天气。听一听，把她的评价翻译成中文吧！<\\/p>,<p>Jack在给爷爷打电话。听一听，他和爷爷说了什么呢？<\\/p>,<p>Mike和好朋友们在根据天气情况计划活动。听一听，他们根据天气情况计划了哪些活动？<\\/p>,<p>校园广播里正在播报世界各地的天气。听一听，图中天气与播报的一致吗？<\\/p>,<p>Jack在给爷爷打电话。听一听，他和爷爷说了什么呢？<\\/p>,<p>校园广播里正在播报世界各地的天气。听一听，图中天气与播报的一致吗？<\\/p>,<p>Mike和好朋友们在根据天气情况计划活动。听一听，他们根据天气情况计划了哪些活动？<\\/p>,<p>校园广播里正在播报世界各地的天气。听一听，图中天气与播报的一致吗？<\\/p>,<p>Tom在计划今天的活动。听一听，句子与他的计划相符吗？<\\/p><p>We can fly a kite in the park.<\\/p>,<p>Sarah在评价今天的天气。听一听，把她的评价翻译成中文吧！<\\/p>,<p>Mike和好朋友们在根据天气情况计划活动。听一听，他们根据天气情况计划了哪些活动？<\\/p>,<p>Mike和好朋友们在根据天气情况计划活动。听一听，他们根据天气情况计划了哪些活动？<\\/p>\", \"单元名称\" : \"Unit 5 The weather and us\", \"设置的题目数量\" : 5, \"级别\" : \"综合进阶\", \"学科\" : \"英语\", \"对应端类型\" : \"通用\"}"
"{\"年级\" : \"八年级\", \"关联题目数量\" : 1, \"版本\" : \"人教版\", \"册\" : \"上册\", \"题干集合\" : \"<p>1. |space<||>space|<\\/p><p>2. |space<||>space|<\\/p><p>3. |space<||>space|<\\/p><p>4. |space<||>space|<\\/p><p>5. |space<||>space|<\\/p>\", \"单元名称\" : \"Unit 7 Will people have robots?\", \"设置的题目数量\" : 1, \"级别\" : \"听短文完成题目\", \"学科\" : \"英语\", \"对应端类型\" : \"通用\"}"
"{\"年级\" : \"六年级\", \"关联题目数量\" : \"\", \"版本\" : \"湘少版\", \"册\" : \"上册\", \"题干集合\" : \"\", \"单元名称\" : \"期中复习\", \"设置的题目数量\" : 5, \"级别\" : \"基础巩固\", \"学科\" : \"英语\", \"对应端类型\" : \"app\"}"
"{\"年级\" : \"三年级\", \"关联题目数量\" : 15, \"版本\" : \"\", \"册\" : \"下册\", \"题干集合\" : \"<p>Lily家的冰箱里有很多食物。听一听，选出冰箱里的食物。<\\/p>,<p>Lily的奶奶在学习英文。听一听单词，帮Lily的奶奶选出正确的中文释义。<\\/p>,<p>Lily在复习学过的字母组合。听一听单词，选出她复习的字母组合。<\\/p>,<p>Lily在和爸爸妈妈讨论早餐。听他们说到的单词，判断下列图片与所说单词是否相符。<\\/p>,<p>Lily家的冰箱里有很多食物。听一听，选出冰箱里的食物。<\\/p>,<p>Lily家的冰箱里有很多食物。听一听，选出冰箱里的食物。<\\/p>,<p>Lily在复习学过的字母组合。听一听单词，选出她复习的字母组合。<\\/p>,<p>Lily的奶奶在学习英文。听一听单词，帮Lily的奶奶选出正确的中文释义。<\\/p>,<p>Lily在和爸爸妈妈讨论早餐。听他们说到的单词，判断下列图片与所说单词是否相符。<\\/p>,<p>Lily的奶奶在学习英文。听一听单词，帮Lily的奶奶选出正确的中文释义。<\\/p>,<p>Lily在复习学过的字母组合。听一听单词，选出她复习的字母组合。<\\/p>,<p>Lily家的冰箱里有很多食物。听一听，选出冰箱里的食物。<\\/p>,<p>Lily在和爸爸妈妈讨论早餐。听他们说到的单词，判断下列图片与所说单词是否相符。<\\/p>,<p>Lily在和爸爸妈妈讨论早餐。听他们说到的单词，判断下列图片与所说单词是否相符。<\\/p>,<p>Lily家的冰箱里有很多食物。听一听，选出冰箱里的食物。<\\/p>\", \"单元名称\" : \"Unit 3 What would you like?\", \"设置的题目数量\" : 5, \"级别\" : \"基础巩固\", \"学科\" : \"英语\", \"对应端类型\" : \"通用\"}"
"{\"年级\" : \"五年级\", \"关联题目数量\" : 10, \"版本\" : \"湘少版\", \"册\" : \"上册\", \"题干集合\" : \",<p>|space<||>space| |space<||>space| |space<||>space| |space<||>space| |space<||>space| |space<||>space|<\\/p>,<p>|space<||>space| |space<||>space| |space<||>space| |space<||>space| |space<||>space|<\\/p>,,<p>|space<||>space| |space<||>space| |space<||>space| |space<||>space| |space<||>space| |space<||>space|<\\/p>,<p>午餐<\\/p>,<p>|space<||>space| |space<||>space| |space<||>space| |space<||>space| |space<||>space| |space<||>space| |space<||>space| |space<||>space| |space<||>space|<\\/p>,,<p>汤<\\/p>,<p>|space<||>space| |space<||>space| |space<||>space| |space<||>space| |space<||>space| |space<||>space|<\\/p>\", \"单元名称\" : \"Unit 3 Do you want some rice?\", \"设置的题目数量\" : 5, \"级别\" : \"难点突破\", \"学科\" : \"英语\", \"对应端类型\" : \"app\"}"
"{\"年级\" : \"五年级\", \"关联题目数量\" : 10, \"版本\" : \"人教版（三起）\", \"册\" : \"下册\", \"题干集合\" : \",,,,,,,,,\", \"单元名称\" : \"Unit 6 Work quietly!\", \"设置的题目数量\" : 5, \"级别\" : \"综合进阶\", \"学科\" : \"英语\", \"对应端类型\" : \"app\"}"
"{\"年级\" : \"三年级\", \"关联题目数量\" : 10, \"版本\" : \"湘少版\", \"册\" : \"下册\", \"题干集合\" : \",<p>|space<||>space| |space<||>space| |space<||>space| |space<||>space| |space<||>space| |space<||>space| |space<||>space|<\\/p>,,,,,,<p>|space<||>space| |space<||>space| |space<||>space| |space<||>space| |space<||>space|<\\/p>,<p>|space<||>space| |space<||>space| |space<||>space| |space<||>space| |space<||>space| |space<||>space| |space<||>space| |space<||>space| |space<||>space|<\\/p>,\", \"单元名称\" : \"Unit 11 What's he？\", \"设置的题目数量\" : 5, \"级别\" : \"综合进阶\", \"学科\" : \"英语\", \"对应端类型\" : \"app\"}"
"{\"年级\" : \"三年级\", \"关联题目数量\" : 10, \"版本\" : \"湘鲁版\", \"册\" : \"下册\", \"题干集合\" : \",,,,,,,,,\", \"单元名称\" : \"Unit 2  She is a new pupil.\", \"设置的题目数量\" : 5, \"级别\" : \"难点突破\", \"学科\" : \"英语\", \"对应端类型\" : \"app\"}"
"{\"年级\" : \"三年级\", \"关联题目数量\" : 15, \"版本\" : \"湘少版（2024审定）\", \"册\" : \"上册\", \"题干集合\" : \",,,,,<p>紫色<\\/p>,,,,,,<p>粉色<\\/p>,,,\", \"单元名称\" : \"Unit 7 What colour is it?\", \"设置的题目数量\" : 5, \"级别\" : \"基础巩固\", \"学科\" : \"英语\", \"对应端类型\" : \"通用\"}"
"{\"年级\" : \"三年级\", \"关联题目数量\" : \"\", \"版本\" : \"湘鲁版\", \"册\" : \"上册\", \"题干集合\" : \"\", \"单元名称\" : \"期末复习\", \"设置的题目数量\" : 5, \"级别\" : \"难点突破\", \"学科\" : \"英语\", \"对应端类型\" : \"app\"}"
"{\"年级\" : \"五年级\", \"关联题目数量\" : 10, \"版本\" : \"湘鲁版\", \"册\" : \"下册\", \"题干集合\" : \",,,,,,,,,\", \"单元名称\" : \"Unit 10  It's one of the famous mountains in China.\", \"设置的题目数量\" : 5, \"级别\" : \"基础巩固\", \"学科\" : \"英语\", \"对应端类型\" : \"app\"}"
"{\"年级\" : \"六年级\", \"关联题目数量\" : 21, \"版本\" : \"人教版（三起）\", \"册\" : \"上册\", \"题干集合\" : \",<p>|space<||>space| |space<||>space| |space<||>space| |space<||>space| |space<||>space| |space<||>space|<\\/p>,<p>|space<||>space| |space<||>space| |space<||>space| |space<||>space| |space<||>space|<\\/p>,,<p>|space<||>space| |space<||>space| |space<||>space| |space<||>space| |space<||>space| |space<||>space|<\\/p>,,,<p>|space<||>space| |space<||>space| |space<||>space| |space<||>space|<\\/p>,,<p>|space<||>space| |space<||>space| |space<||>space| |space<||>space|<\\/p>,,,<p>|space<||>space| |space<||>space| |space<||>space| |space<||>space| |space<||>space| <\\/p>,,,,,,<p>|space<||>space| |space<||>space| |space<||>space| |space<||>space|<\\/p>,<p>|space<||>space| |space<||>space| |space<||>space| |space<||>space| |space<||>space| |space<||>space| |space<||>space|<\\/p>,\", \"单元名称\" : \"Unit 6 How do you feel?\", \"设置的题目数量\" : 5, \"级别\" : \"难点突破\", \"学科\" : \"英语\", \"对应端类型\" : \"app\"}"
"{\"年级\" : \"六年级\", \"关联题目数量\" : 26, \"版本\" : \"湘少版\", \"册\" : \"下册\", \"题干集合\" : \",,,,,,,,,,,,,,,,,,,,,,,,,\", \"单元名称\" : \"Unit 2 Some stories are more interesting\", \"设置的题目数量\" : 5, \"级别\" : \"基础巩固\", \"学科\" : \"英语\", \"对应端类型\" : \"app\"}"
"{\"年级\" : \"四年级\", \"关联题目数量\" : 10, \"版本\" : \"湘少版\", \"册\" : \"上册\", \"题干集合\" : \",,,,,,,,,\", \"单元名称\" : \"Unit 7 Whose is this?\", \"设置的题目数量\" : 5, \"级别\" : \"基础巩固\", \"学科\" : \"英语\", \"对应端类型\" : \"app\"}"
"{\"年级\" : \"三年级\", \"关联题目数量\" : 12, \"版本\" : \"湘少版\", \"册\" : \"下册\", \"题干集合\" : \"<p>|space<||>space| |space<||>space| |space<||>space| |space<||>space| |space<||>space| |space<||>space|<\\/p>,<p>|space<||>space| |space<||>space| |space<||>space| |space<||>space| |space<||>space| |space<||>space|<\\/p>,,,<p>|space<||>space| |space<||>space| |space<||>space| |space<||>space| |space<||>space|<\\/p>,,<p>|space<||>space| |space<||>space| |space<||>space| |space<||>space| |space<||>space| |space<||>space| |space<||>space| <\\/p>,,,<p>|space<||>space| |space<||>space| |space<||>space| |space<||>space| |space<||>space| |space<||>space|<\\/p>,,\", \"单元名称\" : \"Unit 10 Is he a farmer?\", \"设置的题目数量\" : 5, \"级别\" : \"难点突破\", \"学科\" : \"英语\", \"对应端类型\" : \"app\"}"
"{\"年级\" : \"四年级\", \"关联题目数量\" : 10, \"版本\" : \"湘少版（2024审定）\", \"册\" : \"下册\", \"题干集合\" : \"<p>Luke要去公园，他向“小家”询问他的物品。听一听，帮助“小家”回答。<\\/p>,<p>课间，Linda和Jackson在谈论物品位置。听一听，图中物品的位置与对话内容一致吗？<\\/p>,<p>课间，Linda和Jackson在谈论物品位置。听一听，判断Linda的结论对吗？<\\/p><p>Linda: Jackson's umbrella is in front the ball.<\\/p>,<p>Mark|space<||>space|<\\/p><p>Jackson|space<||>space|<\\/p><p>Luke|space<||>space|<\\/p><p>Linda|space<||>space|<\\/p><p>E Bao|space<||>space|<\\/p>,<p>Mark正在介绍文具的位置。听一听，他介绍的顺序是怎样的？<\\/p>,<p>Luke要去公园，他向“小家”询问他的物品。听一听，帮助“小家”回答。<\\/p>,<p>课间，Linda和Jackson在谈论物品位置。听一听，图中物品的位置与对话内容一致吗？<\\/p>,<p>课间，Linda和Jackson在谈论物品位置。听一听，图中物品的位置与对话内容一致吗？<\\/p>,<p>Luke要去公园，他向“小家”询问他的物品。听一听，帮助“小家”回答。<\\/p>,<p>课间，Linda和Jackson在谈论物品位置。听一听，判断Linda的结论对吗？<\\/p><p>Linda: Jackson's pencil is beside the red book.<\\/p>\", \"单元名称\" : \"Unit 1 It’s on your head\", \"设置的题目数量\" : 5, \"级别\" : \"难点突破\", \"学科\" : \"英语\", \"对应端类型\" : \"通用\"}"
"{\"年级\" : \"四年级\", \"关联题目数量\" : 10, \"版本\" : \"湘少版（2024审定）\", \"册\" : \"下册\", \"题干集合\" : \",,,,,<p>Mum|space<||>space|<\\/p><p>Dad|space<||>space|<\\/p><p>Mark|space<||>space|<\\/p><p>Mary|space<||>space|<\\/p><p>Martin|space<||>space|<\\/p>,,<p>What's Jackson doing?<\\/p>,<p>孩子们今天在社区做志愿者。听一听，他们做了些什么？<\\/p>,<p>What is Mr Wang doing?<\\/p>\", \"单元名称\" : \"Unit 8 He is cleaning the window\", \"设置的题目数量\" : 5, \"级别\" : \"难点突破\", \"学科\" : \"英语\", \"对应端类型\" : \"通用\"}"
"{\"年级\" : \"三年级\", \"关联题目数量\" : \"\", \"版本\" : \"人教版（三起）\", \"册\" : \"下册\", \"题干集合\" : \"\", \"单元名称\" : \"U12\", \"设置的题目数量\" : 5, \"级别\" : \"难点突破\", \"学科\" : \"英语\", \"对应端类型\" : \"通用\"}"
"{\"年级\" : \"三年级\", \"关联题目数量\" : 10, \"版本\" : \"湘少版\", \"册\" : \"上册\", \"题干集合\" : \",,<p>You're seven.<\\/p>,,,,,,,<p>How are you?<\\/p>\", \"单元名称\" : \"Unit 4 How old are you?\", \"设置的题目数量\" : 5, \"级别\" : \"难点突破\", \"学科\" : \"英语\", \"对应端类型\" : \"app\"}"
"{\"年级\" : \"四年级\", \"关联题目数量\" : 11, \"版本\" : \"湘鲁版\", \"册\" : \"下册\", \"题干集合\" : \",,<p>困难的<\\/p>,,,,,,,,\", \"单元名称\" : \"Unit 4  What's the weather like?\", \"设置的题目数量\" : 5, \"级别\" : \"综合进阶\", \"学科\" : \"英语\", \"对应端类型\" : \"app\"}"
"{\"年级\" : \"四年级\", \"关联题目数量\" : 10, \"版本\" : \"\", \"册\" : \"上册\", \"题干集合\" : \"<p>班会上，同学们在评选自己最喜欢的班规。听一听，依次评选了哪些班规呢？<\\/p>,<p>Tom和Tony在讨论学校食堂的规则标志。听一听，图片是他们讨论的标志吗？<\\/p><p><br><\\/p>,<p>图书管理员在提醒Mary。听一听，帮Mary回答管理员的话吧！<\\/p>,<p>班会上，Lily在统计同学们提交的班规。听一听，她依次统计了哪些班规呢？<\\/p>,<p>图书馆里，Linda在提醒Jack一些规则。听一听，她提醒了哪个规则呢？<\\/p>,<p>图书管理员在提醒Mike。听一听，帮Mike回答管理员的话吧！<\\/p>,<p>图书馆里，Linda在提醒Jack一些规则。听一听，她提醒了哪个规则呢？<\\/p>,<p>Tom和Tony在讨论学校食堂的规则标志。听一听，图片是他们讨论的标志吗？<\\/p>,<p>Sarah在给自己喜欢的规则画标志。听一听，她依次画了哪些标志呢？<\\/p>,<p>Tom和Tony在讨论眼前的规则标志。听一听，图片是他们讨论的标志吗？<\\/p>\", \"单元名称\" : \"Unit 4 Be quiet, please!\", \"设置的题目数量\" : 5, \"级别\" : \"难点突破\", \"学科\" : \"英语\", \"对应端类型\" : \"通用\"}"
"{\"年级\" : \"六年级\", \"关联题目数量\" : 10, \"版本\" : \"湘鲁版\", \"册\" : \"下册\", \"题干集合\" : \"<p>My first |space<||>space| is the scarf.<\\/p>,<p>他是我妈妈最喜欢的歌手。<\\/p>,<p>我妈妈不喜欢香蕉。<\\/p>,<p>Jackie Chan is a famous |space<||>space|.<\\/p>,<p>她是世界上最伟大的母亲。<\\/p>,<p>她是你妈妈最喜欢的女演员。<\\/p>,<p>She is my mum's favourite |space<||>space|.<\\/p>,<p>My mum is the world's |space<||>space| mum.<\\/p>,<p>Mary likes dresses and |space<||>space|.<\\/p>,<p>母亲节那天我和妈妈将会去公园玩。<\\/p>\", \"单元名称\" : \"Unit 2  Is she your mum's favourite singer?\", \"设置的题目数量\" : 5, \"级别\" : \"难点突破\", \"学科\" : \"英语\", \"对应端类型\" : \"app\"}"
"{\"年级\" : \"四年级\", \"关联题目数量\" : \"\", \"版本\" : \"\", \"册\" : \"上册\", \"题干集合\" : \"\", \"单元名称\" : \"U12\", \"设置的题目数量\" : 5, \"级别\" : \"基础巩固\", \"学科\" : \"英语\", \"对应端类型\" : \"通用\"}"
"{\"年级\" : \"五年级\", \"关联题目数量\" : 20, \"版本\" : \"湘少版\", \"册\" : \"下册\", \"题干集合\" : \",<p>|space<||>space| |space<||>space| |space<||>space| |space<||>space| |space<||>space| |space<||>space| |space<||>space|<\\/p>,<p>|space<||>space| |space<||>space| |space<||>space| |space<||>space| |space<||>space|<\\/p>,<p>|space<||>space| |space<||>space| |space<||>space| |space<||>space| |space<||>space| |space<||>space| |space<||>space| |space<||>space|<\\/p>,,<p>|space<||>space| |space<||>space| |space<||>space| |space<||>space| |space<||>space| |space<||>space| |space<||>space|<\\/p>,<p>|space<||>space| |space<||>space| |space<||>space| |space<||>space| |space<||>space| |space<||>space| |space<||>space| |space<||>space| |space<||>space|<\\/p>,,,,,,,<p>|space<||>space| |space<||>space| |space<||>space| |space<||>space| |space<||>space|<\\/p>,,,,,,<p>|space<||>space| |space<||>space| |space<||>space| |space<||>space| |space<||>space| |space<||>space| |space<||>space| |space<||>space| <\\/p>\", \"单元名称\" : \"Unit 5 When's your birthday？\", \"设置的题目数量\" : 5, \"级别\" : \"难点突破\", \"学科\" : \"英语\", \"对应端类型\" : \"app\"}"
"{\"年级\" : \"三年级\", \"关联题目数量\" : \"\", \"版本\" : \"人教版（三起）\", \"册\" : \"上册\", \"题干集合\" : \"\", \"单元名称\" : \"期末测试卷\", \"设置的题目数量\" : 5, \"级别\" : \"难点突破\", \"学科\" : \"英语\", \"对应端类型\" : \"app\"}"
"{\"年级\" : \"六年级\", \"关联题目数量\" : \"\", \"版本\" : \"人教版（三起）\", \"册\" : \"下册\", \"题干集合\" : \"\", \"单元名称\" : \"U9\", \"设置的题目数量\" : 5, \"级别\" : \"综合进阶\", \"学科\" : \"英语\", \"对应端类型\" : \"通用\"}"
"{\"年级\" : \"八年级\", \"关联题目数量\" : 1, \"版本\" : \"人教版\", \"册\" : \"上册\", \"题干集合\" : \"\", \"单元名称\" : \"Unit 4 What's the best movie theater?\", \"设置的题目数量\" : 1, \"级别\" : \"听独白选答案\", \"学科\" : \"英语\", \"对应端类型\" : \"通用\"}"
"{\"年级\" : \"四年级\", \"关联题目数量\" : 15, \"版本\" : \"人教版（三起）（2024审定）\", \"册\" : \"上册\", \"题干集合\" : \"<p>周末，爸爸带Mike参加社区活动。听一听，图片与Mike看到的事物一致吗？<\\/p>,<p>John和好朋友在参加校园周边探索活动。听一听，校园周边有些什么呢？<\\/p>,<p>放学后，Tom和好朋友在公园散步。听一听，他和朋友说了什么呢？<\\/p>,<p>放学后，Tom和好朋友在公园散步。听一听，他和朋友说了什么呢？<\\/p>,<p>Sarah在记录今天看到事物。听一听，她的记录与实际情况相符吗？<\\/p><p>There are books and pencils in the shop.<\\/p>,<p>Mike在给妹妹介绍家附近的场所。听一听，他家附近有哪些场所？<\\/p>,<p>Mike在给妹妹介绍家附近的场所。听一听，他家附近有哪些场所？<\\/p>,<p>John和好朋友在参加校园周边探索活动。听一听，校园周边有些什么呢？<\\/p>,<p>周末，爸爸带Mike参加社区活动。听一听，图片与Mike看到的事物一致吗？<\\/p>,<p>Mike在给妹妹介绍家附近的场所。听一听，他家附近有哪些场所？<\\/p>,<p>John和好朋友在参加校园周边探索活动。听一听，校园周边有些什么呢？<\\/p>,<p>周末，爸爸带Mike参加社区活动。听一听，图片与Mike看到的事物一致吗？<\\/p>,<p>周末，爸爸带Mike参加社区活动。听一听，图片与Mike参加的活动一致吗？<\\/p>,<p>John和好朋友在参加校园周边探索活动。听一听，校园周边有些什么呢？<\\/p>,<p>Sarah在记录自己日常的运动喜好。听一听，她的记录与实际情况相符吗？<\\/p><p>I often do some sports in the playground.<\\/p>\", \"单元名称\" : \"Unit 3 Places we live in\", \"设置的题目数量\" : 5, \"级别\" : \"综合进阶\", \"学科\" : \"英语\", \"对应端类型\" : \"通用\"}"
"{\"年级\" : \"五年级\", \"关联题目数量\" : 16, \"版本\" : \"湘少版\", \"册\" : \"上册\", \"题干集合\" : \",,,,,,,,,,,,,,,\", \"单元名称\" : \"Unit 11 I'm sorry\", \"设置的题目数量\" : 5, \"级别\" : \"基础巩固\", \"学科\" : \"英语\", \"对应端类型\" : \"app\"}"
"{\"年级\" : \"四年级\", \"关联题目数量\" : \"\", \"版本\" : \"湘少版（2024审定）\", \"册\" : \"下册\", \"题干集合\" : \"\", \"单元名称\" : \"Units 4-6 测试卷\", \"设置的题目数量\" : 5, \"级别\" : \"基础巩固\", \"学科\" : \"英语\", \"对应端类型\" : \"通用\"}"
"{\"年级\" : \"八年级\", \"关联题目数量\" : \"\", \"版本\" : \"\", \"册\" : \"上册\", \"题干集合\" : \"\", \"单元名称\" : \"U10\", \"设置的题目数量\" : 5, \"级别\" : \"综合进阶\", \"学科\" : \"英语\", \"对应端类型\" : \"通用\"}"
"{\"年级\" : \"四年级\", \"关联题目数量\" : 15, \"版本\" : \"教科版\", \"册\" : \"上册\", \"题干集合\" : \"<p>英语老师在教同学们拼读单词。听老师的示范，选出与之含有相同发音的单词。<\\/p>,<p>英语老师在教同学们拼读单词。听老师的示范，选出与之含有相同发音的单词。<\\/p>,<p>美术课上，同学们各自选择了不同的作画对象。听录音，判断录音内容与所给图片是否相符。<\\/p>,<p>美术课上，同学们各自选择了不同的作画对象。听录音，判断录音内容与所给图片是否相符。<\\/p>,<p>英语老师在教同学们拼读单词。听老师的示范，选出与之含有相同发音的单词。<\\/p>,<p>美术课上，同学们各自选择了不同的作画对象。听录音，判断录音内容与所给图片是否相符。<\\/p>,<p>美术课上，同学们各自选择了不同的作画对象。听录音，判断录音内容与所给图片是否相符。<\\/p>,<p>美术课上，同学们各自选择了不同的作画对象。听录音，判断录音内容与所给图片是否相符。<\\/p>,<p>美术老师在教同学们画画。听老师的指令，选出符合要求的作品。<\\/p>,<p>英语老师在教同学们拼读单词。听老师的示范，选出与之含有相同发音的单词。<\\/p>,<p>美术老师在教同学们画画。听老师的指令，选出符合要求的作品。<\\/p>,<p>美术老师在教同学们画画。听老师的指令，选出符合要求的作品。<\\/p>,<p>美术老师在教同学们画画。听老师的指令，选出符合要求的作品。<\\/p>,<p>英语老师在教同学们拼读单词。听老师的示范，选出与之含有相同发音的单词。<\\/p>,<p>美术课上，同学们各自选择了不同的作画对象。听录音，判断录音内容与所给图片是否相符。<\\/p>\", \"单元名称\" : \"Unit 1 What's in your room?\", \"设置的题目数量\" : 5, \"级别\" : \"基础巩固\", \"学科\" : \"英语\", \"对应端类型\" : \"通用\"}"
"{\"年级\" : \"三年级\", \"关联题目数量\" : 10, \"版本\" : \"教科版（2024审定）\", \"册\" : \"上册\", \"题干集合\" : \"<p>课堂上，老师向同学们发出了一些指令。听一听，选出你所听到的指令。<\\/p>,<p>英语课上，有同学跟不上老师的指令。听一听，帮助同学选择正确的指令含义。<\\/p>,<p>英语课上，有同学跟不上老师的指令。听一听，帮助同学选择正确的指令含义。<\\/p>,<p>英语课上，有同学跟不上老师的指令。听一听，帮助同学选择正确的指令含义。<\\/p>,<p>Lily正在和同学们玩你说我选的游戏。听一听，选出与录音内容相符的图片。<\\/p>,<p>Lily正在和同学们玩你说我选的游戏。听一听，选出与录音内容相符的图片。<\\/p>,<p>课堂上，老师向同学们发出了一些指令。听一听，选出你所听到的指令。<\\/p>,<p>Lily正在和同学们玩你说我选的游戏。听一听，选出与录音内容相符的图片。<\\/p>,<p>Lily正在和同学们玩你说我选的游戏。听一听，选出与录音内容相符的图片。<\\/p>,<p>英语课上，有同学跟不上老师的指令。听一听，帮助同学选择正确的指令含义。<\\/p>\", \"单元名称\" : \"Unit 7 Be a Good Listener\", \"设置的题目数量\" : 5, \"级别\" : \"基础巩固\", \"学科\" : \"英语\", \"对应端类型\" : \"通用\"}"
"{\"年级\" : \"八年级\", \"关联题目数量\" : \"\", \"版本\" : \"\", \"册\" : \"上册\", \"题干集合\" : \"\", \"单元名称\" : \"U11\", \"设置的题目数量\" : 5, \"级别\" : \"难点突破\", \"学科\" : \"英语\", \"对应端类型\" : \"通用\"}"
"{\"年级\" : \"七年级\", \"关联题目数量\" : 1, \"版本\" : \"人教版\", \"册\" : \"上册\", \"题干集合\" : \"\", \"单元名称\" : \"Unit 9 My favorite subject is science.\", \"设置的题目数量\" : 1, \"级别\" : \"听独白选答案\", \"学科\" : \"英语\", \"对应端类型\" : \"通用\"}"
"{\"年级\" : \"三年级\", \"关联题目数量\" : \"\", \"版本\" : \"湘鲁版\", \"册\" : \"下册\", \"题干集合\" : \"\", \"单元名称\" : \"期末复习\", \"设置的题目数量\" : 5, \"级别\" : \"基础巩固\", \"学科\" : \"英语\", \"对应端类型\" : \"app\"}"
"{\"年级\" : \"四年级\", \"关联题目数量\" : 9, \"版本\" : \"湘少版\", \"册\" : \"上册\", \"题干集合\" : \"<p>There is a living room.<\\/p>,,,,<p>This is my bedroom.<\\/p>,<p>Let's take their bag in.<\\/p>,<p>This is our room.<\\/p>,<p>Our bathroom is cool.<\\/p>,<p>Please come out.<\\/p>\", \"单元名称\" : \"Unit 10 Welcome to our home!\", \"设置的题目数量\" : 5, \"级别\" : \"难点突破\", \"学科\" : \"英语\", \"对应端类型\" : \"app\"}"
"{\"年级\" : \"五年级\", \"关联题目数量\" : \"\", \"版本\" : \"湘鲁版\", \"册\" : \"下册\", \"题干集合\" : \"\", \"单元名称\" : \"U11\", \"设置的题目数量\" : 5, \"级别\" : \"综合进阶\", \"学科\" : \"英语\", \"对应端类型\" : \"app\"}"
"{\"年级\" : \"三年级\", \"关联题目数量\" : 10, \"版本\" : \"湘少版\", \"册\" : \"上册\", \"题干集合\" : \"<p>T恤衫<\\/p>,<p>怎样；多么<\\/p>,,,,,,<p>而且<\\/p>,,\", \"单元名称\" : \"Unit 8 What's this?\", \"设置的题目数量\" : 5, \"级别\" : \"基础巩固\", \"学科\" : \"英语\", \"对应端类型\" : \"app\"}"
"{\"年级\" : \"四年级\", \"关联题目数量\" : \"\", \"版本\" : \"人教版（三起）（2024审定）\", \"册\" : \"下册\", \"题干集合\" : \"\", \"单元名称\" : \"Units 3-4 测试卷\", \"设置的题目数量\" : 5, \"级别\" : \"难点突破\", \"学科\" : \"英语\", \"对应端类型\" : \"通用\"}"
"{\"年级\" : \"六年级\", \"关联题目数量\" : 10, \"版本\" : \"湘鲁版\", \"册\" : \"下册\", \"题干集合\" : \"<p>th|space<||>space| |space<||>space|derstorm<\\/p>,<p>s|space<||>space| |space<||>space|l<\\/p>,,,,<p>d|space<||>space| |space<||>space|gerous<\\/p>,<p>p|space<||>space|ss<\\/p>,<p>ro|space<||>space| |space<||>space|<\\/p>,,\", \"单元名称\" : \"Unit 7  Can you see the lightning?\", \"设置的题目数量\" : 5, \"级别\" : \"综合进阶\", \"学科\" : \"英语\", \"对应端类型\" : \"app\"}"
"{\"年级\" : \"三年级\", \"关联题目数量\" : 15, \"版本\" : \"\", \"册\" : \"下册\", \"题干集合\" : \"<p>Lily在教弟弟常见物品的英语单词。听一听，判断下面图片与Lily所教的词汇是否相符。<\\/p>,<p>Lily在教弟弟读英语绕口令。听一听，选出Lily所读单词中包含的字母组合。<\\/p>,<p>Lily在整理学习用品。听一听，选出Lily整理的物品。<\\/p>,<p>Lily在教弟弟常见物品的英语单词。听一听，判断下面图片与Lily所教的词汇是否相符。<\\/p>,<p>Lily在教弟弟认识新单词。听一听，选出Lily所教的单词。<\\/p>,<p>Lily对今天学习的几个方位介词不太熟悉。听一听，帮Lily选出方位介词的释义。<\\/p>,<p>Lily在整理学习用品。听一听，选出Lily整理的物品。<\\/p>,<p>Lily在整理学习用品。听一听，选出Lily整理的物品。<\\/p>,<p>Lily在教弟弟常见物品的英语单词。听一听，判断下面图片与Lily所教的词汇是否相符。<\\/p>,<p>Lily在教弟弟常见物品的英语单词。听一听，判断下面图片与Lily所教的词汇是否相符。<\\/p>,<p>Lily在教弟弟认识新单词。听一听，选出Lily所教的单词。<\\/p>,<p>Lily对今天学习的几个方位介词不太熟悉。听一听，帮Lily选出方位介词的释义。<\\/p>,<p>Lily在教弟弟认识新单词。听一听，选出Lily所教的单词。<\\/p>,<p>Lily对今天学习的几个方位介词不太熟悉。听一听，帮Lily选出方位介词的释义。<\\/p>,<p>Lily在教弟弟读英语绕口令。听一听，选出Lily所读单词中包含的字母组合。<\\/p>\", \"单元名称\" : \"Unit 2 Where is my pen?\", \"设置的题目数量\" : 5, \"级别\" : \"基础巩固\", \"学科\" : \"英语\", \"对应端类型\" : \"通用\"}"
"{\"年级\" : \"三年级\", \"关联题目数量\" : \"\", \"版本\" : \"教科版（2024审定）\", \"册\" : \"上册\", \"题干集合\" : \"\", \"单元名称\" : \"U9\", \"设置的题目数量\" : 5, \"级别\" : \"难点突破\", \"学科\" : \"英语\", \"对应端类型\" : \"通用\"}"
"{\"年级\" : \"四年级\", \"关联题目数量\" : 15, \"版本\" : \"湘少版（2024审定）\", \"册\" : \"上册\", \"题干集合\" : \"<p>同学们在餐厅挑选食物。听一听，他们喜欢吃什么呢？<\\/p>,<p>Jack拍下了好朋友们吃他们喜欢的食物时的情景。听一听，照片与朋友们的喜好相符吗？<\\/p>,<p>午饭时间到了，Andy和同学们去餐厅吃午饭。听一听，他们在路上聊了什么？<\\/p>,<p>同学们在餐厅挑选食物。听一听，他们喜欢吃什么呢？<\\/p>,<p>Sarah在统计同学们对食物的喜好情况。听一听，她的统计与实际情况相符吗？<\\/p><p>Four students like dumplings.<\\/p>,<p>Tom和妈妈在吃晚餐。听一听，妈妈对他说了什么呢？<\\/p>,<p>午饭时间到了，Andy和同学们去餐厅吃午饭。听一听，他们在路上聊了什么？<\\/p>,<p>午饭时间到了，Andy和同学们去餐厅吃午饭。听一听，他们在路上聊了什么？<\\/p>,<p>Sarah在统计同学们对食物的喜好情况。听一听，她的统计与实际情况相符吗？<\\/p><p>Six students like chicken.<\\/p>,<p>Jack拍下了好朋友们吃他们喜欢的食物时的情景。听一听，照片与朋友们的喜好相符吗？<\\/p>,<p>Jack拍下了好朋友们吃他们喜欢的食物时的情景。听一听，照片与朋友们的喜好相符吗？<\\/p>,<p>Jack拍下了好朋友们吃他们喜欢的食物时的情景。听一听，照片与朋友们的喜好相符吗？<\\/p>,<p>Tom放学回到家。听一听，他和妈妈说了什么呢？<\\/p>,<p>午饭时间到了，Andy和同学们去餐厅吃午饭。听一听，他们在路上聊了什么？<\\/p>,<p>Jack拍下了好朋友们吃他们喜欢的食物时的情景。听一听，照片与朋友们的喜好相符吗？<\\/p>\", \"单元名称\" : \"Unit 3 I like dumplings\", \"设置的题目数量\" : 5, \"级别\" : \"综合进阶\", \"学科\" : \"英语\", \"对应端类型\" : \"通用\"}"
"{\"年级\" : \"三年级\", \"关联题目数量\" : 10, \"版本\" : \"湘鲁版\", \"册\" : \"下册\", \"题干集合\" : \",,,,,,,,,\", \"单元名称\" : \"Unit 1 Welcome back!\", \"设置的题目数量\" : 5, \"级别\" : \"难点突破\", \"学科\" : \"英语\", \"对应端类型\" : \"app\"}"
"{\"年级\" : \"五年级\", \"关联题目数量\" : \"\", \"版本\" : \"人教版（三起）\", \"册\" : \"下册\", \"题干集合\" : \"\", \"单元名称\" : \"期末复习\", \"设置的题目数量\" : 5, \"级别\" : \"基础巩固\", \"学科\" : \"英语\", \"对应端类型\" : \"app\"}"
"{\"年级\" : \"四年级\", \"关联题目数量\" : 13, \"版本\" : \"湘少版\", \"册\" : \"下册\", \"题干集合\" : \",,,,,,,,,,,,<p>hungry<\\/p>\", \"单元名称\" : \"Unit 11 Do you have a ticket？\", \"设置的题目数量\" : 5, \"级别\" : \"基础巩固\", \"学科\" : \"英语\", \"对应端类型\" : \"app\"}"
"{\"年级\" : \"三年级\", \"关联题目数量\" : 10, \"版本\" : \"\", \"册\" : \"下册\", \"题干集合\" : \"<p>Bob在调查同学们最喜欢的季节。听一听他们的对话，选出与对话内容相符的图片。<\\/p>,<p>春游路上，同学们在谈论自己最喜欢的季节。听一听他们的对话，将人物与其喜欢的季节连线。<\\/p>,<p>Bob在调查同学们最喜欢的季节。听一听，判断所给图片与他们的对话内容是否相符。<\\/p>,<p>Bob在记录同学们最喜欢的季节。听一听，判断Bob的记录与对话内容是否相符。<\\/p><p>Anne likes spring.<\\/p>,<p>春游路上，同学们在谈论自己最喜欢的季节。听一听，按照听到的顺序，给句子排序。<\\/p>,<p> Bob在调查同学们最喜欢的季节。听一听他们的对话，选出与对话内容相符的图片。<\\/p>,<p>Bob在调查同学们最喜欢的季节。听一听，判断所给图片与他们的对话内容是否相符。<\\/p><p><br><\\/p>,<p>课堂上，同学们在讨论有关季节的话题。听一听老师给出的问题，选择合适的答语。<\\/p>,<p>Bob在记录同学们最喜欢的季节。听一听，判断Bob的记录与对话内容是否相符。<\\/p><p>Andy likes summer.<\\/p>,<p>课堂上，同学们在讨论有关季节的话题。听一听老师给出的问题，选择合适的答语。<\\/p>\", \"单元名称\" : \"Unit 7 What's your favourite season?\", \"设置的题目数量\" : 5, \"级别\" : \"难点突破\", \"学科\" : \"英语\", \"对应端类型\" : \"通用\"}"
"{\"年级\" : \"三年级\", \"关联题目数量\" : \"\", \"版本\" : \"教科版（2024审定）\", \"册\" : \"上册\", \"题干集合\" : \"\", \"单元名称\" : \"U10\", \"设置的题目数量\" : 5, \"级别\" : \"难点突破\", \"学科\" : \"英语\", \"对应端类型\" : \"通用\"}"
"{\"年级\" : \"八年级\", \"关联题目数量\" : \"\", \"版本\" : \"\", \"册\" : \"上册\", \"题干集合\" : \"\", \"单元名称\" : \"U12\", \"设置的题目数量\" : 5, \"级别\" : \"基础巩固\", \"学科\" : \"英语\", \"对应端类型\" : \"通用\"}"
"{\"年级\" : \"四年级\", \"关联题目数量\" : \"\", \"版本\" : \"\", \"册\" : \"上册\", \"题干集合\" : \"\", \"单元名称\" : \"期末复习\", \"设置的题目数量\" : 5, \"级别\" : \"难点突破\", \"学科\" : \"英语\", \"对应端类型\" : \"通用\"}"
"{\"年级\" : \"五年级\", \"关联题目数量\" : 10, \"版本\" : \"湘鲁版\", \"册\" : \"下册\", \"题干集合\" : \",,<p>There are theme parks about ____.<\\/p>,<p>China is a great |space<||>space|.<\\/p>,<p>The ____ are cute.<\\/p>,<p>I want to ride on the ____.<\\/p>,<p>My mum gives me a |space<||>space| gift.<\\/p>,<p>The merry-go-round is |space<||>space|.<\\/p>,<p>I want to ride in the |space<||>space|.<\\/p>,<p>My favourite subject is |space<||>space|.<\\/p>\", \"单元名称\" : \"Unit 9  What do you want to do?\", \"设置的题目数量\" : 5, \"级别\" : \"难点突破\", \"学科\" : \"英语\", \"对应端类型\" : \"app\"}"
"{\"年级\" : \"八年级\", \"关联题目数量\" : 5, \"版本\" : \"\", \"册\" : \"上册\", \"题干集合\" : \"<p>What will they do to make the new house more beautiful?<\\/p>,<p>What is the girl going to do to welcome the guests?<\\/p>,<p>What does the girl ask the boy to do?<\\/p>,<p>Can Jack help clean the bathroom now?<\\/p>,<p>Where are they going to borrow a chess set?<\\/p>\", \"单元名称\" : \"Unit 2 Home Sweet Home\", \"设置的题目数量\" : 5, \"级别\" : \"听短对话选答案\", \"学科\" : \"英语\", \"对应端类型\" : \"通用\"}"
"{\"年级\" : \"四年级\", \"关联题目数量\" : 11, \"版本\" : \"湘少版\", \"册\" : \"下册\", \"题干集合\" : \",,,,,,,,,,\", \"单元名称\" : \"Unit 6 What's Anne doing？\", \"设置的题目数量\" : 5, \"级别\" : \"综合进阶\", \"学科\" : \"英语\", \"对应端类型\" : \"app\"}"
"{\"年级\" : \"六年级\", \"关联题目数量\" : \"\", \"版本\" : \"人教版（三起）\", \"册\" : \"下册\", \"题干集合\" : \"\", \"单元名称\" : \"U8\", \"设置的题目数量\" : 5, \"级别\" : \"基础巩固\", \"学科\" : \"英语\", \"对应端类型\" : \"通用\"}"
"{\"年级\" : \"六年级\", \"关联题目数量\" : 24, \"版本\" : \"湘鲁版\", \"册\" : \"上册\", \"题干集合\" : \",<p>please <\\/p>,,,,,<p>health<\\/p>,,,,,<p>popular<\\/p>,,,,<p>汤<\\/p>,<p>顶，顶部<\\/p>,,,<p>bye<\\/p>,,,<p>汉堡包<\\/p>,\", \"单元名称\" : \"Unit 4 It's like an English salad.\", \"设置的题目数量\" : 5, \"级别\" : \"基础巩固\", \"学科\" : \"英语\", \"对应端类型\" : \"app\"}"
"{\"年级\" : \"三年级\", \"关联题目数量\" : 11, \"版本\" : \"湘鲁版\", \"册\" : \"上册\", \"题干集合\" : \",<p>green<\\/p>,,<p>yell|space<||>space| |space<||>space|<\\/p>,,,,,,,<p>pl|space<||>space| |space<||>space|se<\\/p>\", \"单元名称\" : \"Unit 6 How many apples?\", \"设置的题目数量\" : 5, \"级别\" : \"综合进阶\", \"学科\" : \"英语\", \"对应端类型\" : \"app\"}"
"{\"年级\" : \"三年级\", \"关联题目数量\" : 15, \"版本\" : \"人教版（三起）（2024审定）\", \"册\" : \"上册\", \"题干集合\" : \"<p>I like the garden.<\\/p>,,,<p>我们可以给树浇水。<\\/p>,,,,<p>Plants need sun, air and water.<\\/p>,<p>你喜欢农场吗？<\\/p>,<p>I need air and water.<\\/p>,<p>植物需要空气、阳光和土壤。<\\/p>,,,,\", \"单元名称\" : \"Unit 4 Plants around us\", \"设置的题目数量\" : 5, \"级别\" : \"综合进阶\", \"学科\" : \"英语\", \"对应端类型\" : \"通用\"}"
"{\"年级\" : \"三年级\", \"关联题目数量\" : 10, \"版本\" : \"人教版（三起）\", \"册\" : \"下册\", \"题干集合\" : \",,,,,,,,,\", \"单元名称\" : \"Unit 4 Where is my car?\", \"设置的题目数量\" : 5, \"级别\" : \"基础巩固\", \"学科\" : \"英语\", \"对应端类型\" : \"通用\"}"
"{\"年级\" : \"四年级\", \"关联题目数量\" : 10, \"版本\" : \"湘鲁版\", \"册\" : \"下册\", \"题干集合\" : \",,,,,,,,,\", \"单元名称\" : \"Unit 2  There are many flowers.\", \"设置的题目数量\" : 5, \"级别\" : \"难点突破\", \"学科\" : \"英语\", \"对应端类型\" : \"app\"}"
"{\"年级\" : \"四年级\", \"关联题目数量\" : \"\", \"版本\" : \"教科版\", \"册\" : \"上册\", \"题干集合\" : \"\", \"单元名称\" : \"Unit 7 How many stars does each group have?\", \"设置的题目数量\" : 5, \"级别\" : \"综合进阶\", \"学科\" : \"英语\", \"对应端类型\" : \"通用\"}"
"{\"年级\" : \"四年级\", \"关联题目数量\" : 10, \"版本\" : \"湘少版（2024审定）\", \"册\" : \"上册\", \"题干集合\" : \"<p>在海底图书馆，小鱼们正在安静地看书，海龟管理员发现了一些不文明行为。听句子，选一选合适的答语吧！<\\/p>,<p>Peter今天是值日生，要对班上的不文明行为进行劝告。听对话，判断图片与对话是否相符。<\\/p>,<p>Anne今天是值日生，要对班上的不文明行为进行劝告。听对话，判断图片与对话是否相符。<\\/p>,<p>图书馆里，Amy发现了一些不文明行为。听对话，判断信息与对话内容是否相符。<\\/p><p>Lily wants to talk with Amy.<\\/p>,<p>图书馆里，Amy发现了一些不文明行为。听对话，判断信息与对话内容是否相符。<\\/p><p>Tom eats in class.<\\/p>,<p>在海底图书馆，小鱼们正在安静地看书，海龟管理员发现了一些不文明行为。听句子，选一选合适的答语吧！<\\/p>,<p>班会上，老师在教室宣布新的班规。按听到的顺序将下列班规排序吧！<\\/p>,<p>森林图书馆里，大象管理员在巡逻。听一听，根据句子行为帮助大象选择正确的劝告吧！<\\/p>,<p>森林图书馆里，大象管理员在巡逻。听一听，根据句中行为帮助大象选择正确的劝告吧！<\\/p>,<p>小精灵Eve在学习各个场所出现的标识。按照她说的顺序给标识排序吧！<\\/p>\", \"单元名称\" : \"Unit 8 Don’t talk in the library\", \"设置的题目数量\" : 5, \"级别\" : \"难点突破\", \"学科\" : \"英语\", \"对应端类型\" : \"通用\"}"
"{\"年级\" : \"四年级\", \"关联题目数量\" : 15, \"版本\" : \"\", \"册\" : \"上册\", \"题干集合\" : \"<p>外教老师在给新同学讲解规则。听一听，请你来当小小翻译官吧！<\\/p>,<p>阅读活动前，老师在强调图书馆的规则。听一听，老师强调了哪个规则呢？<\\/p>,<p>John的弟弟在认读标志。听一听，他认对了吗？<\\/p>,<p>Andy在制作班级规则海报。听一听，他画的是哪个规则标志呢？<\\/p>,<p>阅读活动前，老师在强调图书馆的规则。听一听，老师强调了哪个规则呢？<\\/p>,<p>阅读活动前，老师在强调图书馆的规则。听一听，老师强调了哪个规则呢？<\\/p>,<p> Lucy在教妹妹一些文明礼仪。听一听，下面句子是她说的吗？<\\/p><p>Keep clean.<\\/p>,<p>John的弟弟在认读标志。听一听，他认对了吗？<\\/p>,<p>Lucy在教妹妹一些文明礼仪。听一听，下面句子是她说的吗？<\\/p><p>Say \\\"please\\\" and \\\"thank you\\\".<\\/p>,<p>阅读活动前，老师在强调图书馆的规则。听一听，老师强调了哪个规则呢？<\\/p>,<p>John的弟弟在认读标志。听一听，他认对了吗？<\\/p>,<p>外教老师在给新同学讲解规则。听一听，请你来当小小翻译官吧！<\\/p>,<p>Lucy在教妹妹一些文明用语。听一听，下面句子是她说的吗？<\\/p><p>I'm sorry.<\\/p>,<p>Andy在制作班级规则海报。听一听，他画的是哪个规则标志呢？<\\/p>,<p>Andy在制作班级规则海报。听一听，他画的是哪个规则标志呢？<\\/p>\", \"单元名称\" : \"Unit 4 Be quiet, please!\", \"设置的题目数量\" : 5, \"级别\" : \"综合进阶\", \"学科\" : \"英语\", \"对应端类型\" : \"通用\"}"
"{\"年级\" : \"四年级\", \"关联题目数量\" : \"\", \"版本\" : \"人教版（三起）\", \"册\" : \"上册\", \"题干集合\" : \"\", \"单元名称\" : \"期中测试卷\", \"设置的题目数量\" : 5, \"级别\" : \"综合进阶\", \"学科\" : \"英语\", \"对应端类型\" : \"app\"}"
"{\"年级\" : \"三年级\", \"关联题目数量\" : 10, \"版本\" : \"湘少版（2024审定）\", \"册\" : \"下册\", \"题干集合\" : \"<p>Ann和爸爸在做饭，他们说了什么？听一听，选出你所听到的句子。<\\/p>,<p>妈妈让Lucy看看家里有哪些蔬菜。听录音，选出与Lucy所说句子相符的图片。<\\/p>,<p>妈妈让Lucy看看家里有哪些蔬菜。听录音，选出与Lucy所说句子相符的图片。<\\/p>,<p>Lily和爸爸妈妈来到了爷爷的农场，爷爷在给Lily进行介绍。爷爷介绍的与所给的图片相符吗？<\\/p>,<p>妈妈让Lucy看看家里有哪些蔬菜。听录音，选出与Lucy所说句子相符的图片。<\\/p>,<p>Lily和爸爸妈妈来到了爷爷的农场，爷爷在给Lily进行介绍。爷爷介绍的与所给的图片相符吗？<\\/p>,<p>Ann和爸爸在做饭，他们说了什么？听一听，选出你所听到的句子。<\\/p>,<p>Lily和爸爸妈妈来到了爷爷的农场，爷爷在给Lily进行介绍。爷爷介绍的与所给的图片相符吗？<\\/p>,<p>Ann和爸爸在做饭，他们说了什么？听一听，选出你所听到的句子。<\\/p>,<p>Ann和爸爸在做饭，他们说了什么？听一听，选出你所听到的句子。<\\/p>\", \"单元名称\" : \"Unit 6 There is an egg here\", \"设置的题目数量\" : 5, \"级别\" : \"综合进阶\", \"学科\" : \"英语\", \"对应端类型\" : \"通用\"}"
"{\"年级\" : \"四年级\", \"关联题目数量\" : 15, \"版本\" : \"\", \"册\" : \"下册\", \"题干集合\" : \",,<p>Mary和妈妈在购物，她看到了很多喜欢的物品。听一听，她想买哪样物品？<\\/p>,<p>I like this book.<\\/p>,,<p>I'll take them.<\\/p>,<p>How much is it?<\\/p>,,,,,,<p>Mary和妈妈在购物，她看到了很多喜欢的物品。听一听，她想买哪样物品？<\\/p>,,\", \"单元名称\" : \"Unit 6 May I help you?\", \"设置的题目数量\" : 15, \"级别\" : \"综合进阶\", \"学科\" : \"英语\", \"对应端类型\" : \"通用\"}"
"{\"年级\" : \"四年级\", \"关联题目数量\" : \"\", \"版本\" : \"\", \"册\" : \"下册\", \"题干集合\" : \"\", \"单元名称\" : \"期末复习\", \"设置的题目数量\" : 5, \"级别\" : \"基础巩固\", \"学科\" : \"英语\", \"对应端类型\" : \"通用\"}"
"{\"年级\" : \"六年级\", \"关联题目数量\" : 15, \"版本\" : \"湘鲁版\", \"册\" : \"上册\", \"题干集合\" : \"<p>|space<||>space| |space<||>space| |space<||>space| |space<||>space|<\\/p>,<p>|space<||>space| |space<||>space| |space<||>space| |space<||>space|<\\/p>,,<p>be  |space<||>space| |space<||>space| |space<||>space| |space<||>space| |space<||>space|  at<\\/p>,<p>|space<||>space| |space<||>space| |space<||>space| |space<||>space| |space<||>space| |space<||>space| |space<||>space|<\\/p>,,,,,<p>|space<||>space| |space<||>space| |space<||>space| |space<||>space| |space<||>space| |space<||>space|   card<\\/p>,,,,<p>|space<||>space| |space<||>space| |space<||>space| |space<||>space|<\\/p>,\", \"单元名称\" : \"Unit 7 I'm good at sports.\", \"设置的题目数量\" : 5, \"级别\" : \"难点突破\", \"学科\" : \"英语\", \"对应端类型\" : \"app\"}"
"{\"年级\" : \"七年级\", \"关联题目数量\" : 1, \"版本\" : \"人教版\", \"册\" : \"下册\", \"题干集合\" : \"<p>1.|space<||>space|<\\/p><p>2.|space<||>space|<\\/p><p>3.|space<||>space|<\\/p><p>4.|space<||>space|<\\/p><p>5.|space<||>space|<\\/p>\", \"单元名称\" : \"Unit 5 Why do you like pandas?\", \"设置的题目数量\" : 1, \"级别\" : \"听短文完成题目\", \"学科\" : \"英语\", \"对应端类型\" : \"通用\"}"
"{\"年级\" : \"八年级\", \"关联题目数量\" : 1, \"版本\" : \"\", \"册\" : \"上册\", \"题干集合\" : \"<p>1. |space<||>space| |space<||>space|<\\/p><p>2. |space<||>space| |space<||>space|<\\/p><p>3. |space<||>space|<\\/p><p>4. |space<||>space|<\\/p><p>5. |space<||>space|<\\/p>\", \"单元名称\" : \"Unit 5 What a Delicious Meal!\", \"设置的题目数量\" : 1, \"级别\" : \"听短文完成题目\", \"学科\" : \"英语\", \"对应端类型\" : \"通用\"}"
"{\"年级\" : \"四年级\", \"关联题目数量\" : 15, \"版本\" : \"湘少版（2024审定）\", \"册\" : \"上册\", \"题干集合\" : \"<p>美术课上，老师让同学们展示自己所画的校园风景。听一听，同学们展示的作品与他们的介绍一致吗？<\\/p>,<p>爸爸妈妈带Peter去参观新学校，老师热情地向他们介绍。听一听，老师介绍的是哪个地方？<\\/p>,<p>Tom在介绍自己最喜欢的学校场所。听一听，他最喜欢的是哪里呢？<\\/p>,<p>Anne在介绍自己最喜欢的学校场所。听一听，她最喜欢的是哪里呢？<\\/p>,<p>爸爸妈妈带Peter去参观新学校，老师热情地向他们介绍。听一听，老师介绍的是哪个地方？<\\/p>,<p>本学期学校新增了一些功能室，老师在给同学们介绍。听一听，老师介绍的是哪个功能室？<\\/p>,<p>爸爸妈妈带Peter去参观新学校，老师热情地向他们介绍。听一听，老师介绍的是哪个地方？<\\/p>,<p>英语课上，老师在播放一段英语绕口令。听一听，绕口令中包含下面哪个单词？<\\/p>,<p>课间，同学们在玩“词义对对碰”的游戏。听一听，给单词匹配正确的释义。<\\/p>,<p>英语课上，老师在播放一段英语绕口令。听一听，绕口令中包含下面哪个单词？<\\/p>,<p>本学期学校新增了一些功能室，老师在给同学们介绍。听一听，老师介绍的是哪个功能室？<\\/p>,<p>美术课上，老师让同学们展示自己所画的校园风景。听一听，同学们展示的作品与他们的介绍一致吗？<\\/p>,<p>课间，同学们在玩“词义对对碰”的游戏。听一听，给单词匹配正确的释义。<\\/p>,<p>课间，同学们在玩“词义对对碰”的游戏。听一听，给单词匹配正确的释义。<\\/p>,<p>本学期学校新增了一些功能室，老师在给同学们介绍。听一听，老师介绍的是哪个功能室？<\\/p>\", \"单元名称\" : \"Unit 1 This is our school\", \"设置的题目数量\" : 5, \"级别\" : \"基础巩固\", \"学科\" : \"英语\", \"对应端类型\" : \"通用\"}"
"{\"年级\" : \"三年级\", \"关联题目数量\" : 15, \"版本\" : \"湘少版（2024审定）\", \"册\" : \"上册\", \"题干集合\" : \",<p>不，它不是。<\\/p>,,,<p>Is this your pen, Peter?<\\/p>,,<p>玲玲，这是你的书包吗？<\\/p>,<p>No, it isn't.<\\/p>,,,,<p>Take care of your things, please.<\\/p>,,,\", \"单元名称\" : \"Unit 5 Is this your pen?\", \"设置的题目数量\" : 5, \"级别\" : \"综合进阶\", \"学科\" : \"英语\", \"对应端类型\" : \"通用\"}"
"{\"年级\" : \"五年级\", \"关联题目数量\" : 14, \"版本\" : \"湘少版\", \"册\" : \"上册\", \"题干集合\" : \",,<p>dad<\\/p>,,,,,,,,,,,\", \"单元名称\" : \"Unit 3 Do you want some rice?\", \"设置的题目数量\" : 5, \"级别\" : \"基础巩固\", \"学科\" : \"英语\", \"对应端类型\" : \"app\"}"
"{\"年级\" : \"七年级\", \"关联题目数量\" : \"\", \"版本\" : \"\", \"册\" : \"上册\", \"题干集合\" : \"\", \"单元名称\" : \"Starter Unit 3 Welcome!\", \"设置的题目数量\" : 5, \"级别\" : \"难点突破\", \"学科\" : \"英语\", \"对应端类型\" : \"通用\"}"
"{\"年级\" : \"三年级\", \"关联题目数量\" : \"\", \"版本\" : \"人教版（三起）（2024审定）\", \"册\" : \"上册\", \"题干集合\" : \"\", \"单元名称\" : \"U11\", \"设置的题目数量\" : 5, \"级别\" : \"难点突破\", \"学科\" : \"英语\", \"对应端类型\" : \"通用\"}"
"{\"年级\" : \"三年级\", \"关联题目数量\" : 15, \"版本\" : \"\", \"册\" : \"上册\", \"题干集合\" : \",,,<p>|space<||>space| |space<||>space|o<\\/p>,,,,,,,,,,,\", \"单元名称\" : \"Unit 4 She is my grandmother\", \"设置的题目数量\" : 5, \"级别\" : \"基础巩固\", \"学科\" : \"英语\", \"对应端类型\" : \"通用\"}"
"{\"年级\" : \"八年级\", \"关联题目数量\" : 5, \"版本\" : \"人教版\", \"册\" : \"下册\", \"题干集合\" : \"<p>What should the woman eat?<\\/p>,<p>What was the matter with the woman's son?<\\/p>,<p>Does the man have a cough?<\\/p>,<p>Where are they?<\\/p>,<p>What's the matter with the woman?<\\/p>\", \"单元名称\" : \"Unit 1 What's the matter?\", \"设置的题目数量\" : 5, \"级别\" : \"听短对话选答案\", \"学科\" : \"英语\", \"对应端类型\" : \"通用\"}"
"{\"年级\" : \"四年级\", \"关联题目数量\" : 10, \"版本\" : \"湘少版\", \"册\" : \"上册\", \"题干集合\" : \",,,,,,,,,\", \"单元名称\" : \"Unit 3 Look at this elephant\", \"设置的题目数量\" : 5, \"级别\" : \"基础巩固\", \"学科\" : \"英语\", \"对应端类型\" : \"app\"}"
"{\"年级\" : \"三年级\", \"关联题目数量\" : 11, \"版本\" : \"\", \"册\" : \"上册\", \"题干集合\" : \",,,,,,,<p>Andy is a nurse.<\\/p>,,,<p>Amy's father is a cook.<\\/p>\", \"单元名称\" : \"Unit 5 He is a cook\", \"设置的题目数量\" : 5, \"级别\" : \"难点突破\", \"学科\" : \"英语\", \"对应端类型\" : \"通用\"}"
"{\"年级\" : \"四年级\", \"关联题目数量\" : 10, \"版本\" : \"人教版（三起）\", \"册\" : \"上册\", \"题干集合\" : \"<p>|space<||>space| |space<||>space| iver<\\/p>,<p>p |space<||>space| r |space<||>space| nts<\\/p>,,<p>farmer<\\/p>,,<p>n |space<||>space| |space<||>space| se<\\/p>,,<p>drive<\\/p>,<p>class<\\/p>,NULL\", \"单元名称\" : \"Unit 6 Meet my family!\", \"设置的题目数量\" : 5, \"级别\" : \"综合进阶\", \"学科\" : \"英语\", \"对应端类型\" : \"app\"}"
"{\"年级\" : \"三年级\", \"关联题目数量\" : 15, \"版本\" : \"\", \"册\" : \"下册\", \"题干集合\" : \"<p>Lucy一家在体育馆遇见了几个外国友人。请你帮Lucy的爸爸妈妈当一当翻译，选出Lucy和外国友人所说内容的中文翻译。<\\/p>,<p>体育课上，Lucy在和同学们讨论各自擅长的运动。听一听他们的部分聊天内容，选出你所听到的句子。<\\/p>,<p>Lucy一家在体育馆遇见了几个外国友人。请你帮Lucy的爸爸妈妈当一当翻译，选出Lucy和外国友人所说内容的中文翻译。<\\/p>,<p>Lucy一家在体育馆遇见了几个外国友人。请你帮Lucy的爸爸妈妈当一当翻译，选出Lucy和外国友人所说内容的中文翻译。<\\/p>,<p>Lucy一家在体育馆遇见了几个外国友人。请你帮Lucy的爸爸妈妈当一当翻译，选出Lucy和外国友人所说内容的中文翻译。<\\/p>,<p>体育课上，Lucy在和同学们讨论各自擅长的运动。听一听他们的部分聊天内容，选出你所听到的句子。<\\/p>,<p>Lucy和家人在前往体育馆的路上讨论自己擅长的运动。听一听他们的部分聊天内容，选出对应的图片。<\\/p>,<p>Lucy和家人来到体育馆，看到很多人在运动。听一听他们的谈论，判断下面的图片与谈话内容是否相符。<\\/p>,<p>Lucy和家人来到体育馆，看到很多人在运动。听一听他们的谈论，选出对应的图片。<\\/p>,<p>体育课上，Lucy在和同学们讨论各自擅长的运动。听一听他们的部分聊天内容，选出你所听到的句子。<\\/p>,<p>体育课上，Lucy在和同学们讨论各自擅长的运动。听一听他们的部分聊天内容，选出你所听到的句子。<\\/p>,<p>Lucy一家在体育馆遇见了几个外国友人。请你帮Lucy的爸爸妈妈当一当翻译，选出Lucy和外国友人所说内容的中文翻译。<\\/p>,<p>Lucy和家人在前往体育馆的路上讨论自己擅长的运动。听一听他们的部分聊天内容，选出对应的图片。<\\/p>,<p>体育课上，Lucy在和同学们讨论各自擅长的运动。听一听他们的部分聊天内容，选出你所听到的句子。<\\/p>,<p>Lucy和家人来到体育馆，看到很多人在运动。听一听他们的谈论，判断下面的图片与谈话内容是否相符。<\\/p>\", \"单元名称\" : \"Unit 4 Can you play football?\", \"设置的题目数量\" : 5, \"级别\" : \"综合进阶\", \"学科\" : \"英语\", \"对应端类型\" : \"通用\"}"
"{\"年级\" : \"六年级\", \"关联题目数量\" : \"\", \"版本\" : \"教科版\", \"册\" : \"上册\", \"题干集合\" : \"\", \"单元名称\" : \"Unit 2 A country life is a healthy life\", \"设置的题目数量\" : 5, \"级别\" : \"基础巩固\", \"学科\" : \"英语\", \"对应端类型\" : \"通用\"}"
"{\"年级\" : \"四年级\", \"关联题目数量\" : 15, \"版本\" : \"湘少版（2024审定）\", \"册\" : \"下册\", \"题干集合\" : \",,,,,,,,,,,,,,\", \"单元名称\" : \"Unit 9 The Dragon Boat Festival\", \"设置的题目数量\" : 5, \"级别\" : \"综合进阶\", \"学科\" : \"英语\", \"对应端类型\" : \"通用\"}"
"{\"年级\" : \"七年级\", \"关联题目数量\" : 1, \"版本\" : \"人教版\", \"册\" : \"上册\", \"题干集合\" : \"<p>1. |space<||>space|<\\/p><p>2. |space<||>space|<\\/p><p>3. |space<||>space|<\\/p><p>4. |space<||>space|<\\/p><p>5. |space<||>space|<\\/p>\", \"单元名称\" : \"Unit 4 Where's my schoolbag?\", \"设置的题目数量\" : 1, \"级别\" : \"听短文完成题目\", \"学科\" : \"英语\", \"对应端类型\" : \"通用\"}"
"{\"年级\" : \"三年级\", \"关联题目数量\" : 11, \"版本\" : \"湘少版\", \"册\" : \"上册\", \"题干集合\" : \"<p>泰迪熊<\\/p>,<p>眼睛<\\/p>,,,<p>耳朵<\\/p>,<p>谢谢<\\/p>,<p>鼻子<\\/p>,,<p>帮助<\\/p>,,\", \"单元名称\" : \"Unit 9 It's a mouth\", \"设置的题目数量\" : 5, \"级别\" : \"基础巩固\", \"学科\" : \"英语\", \"对应端类型\" : \"app\"}"
"{\"年级\" : \"四年级\", \"关联题目数量\" : 10, \"版本\" : \"人教版（三起）（2024审定）\", \"册\" : \"下册\", \"题干集合\" : \",<p>The jacket is cheap.<\\/p>,,<p>They are at a candy shop.<\\/p>,<p>Mary正在介绍她的衣物。听一听，她介绍的顺序是怎样的？<\\/p>,,,,,<p>孩子们在服装店买衣服。听一听，匹配人物和衣物。<\\/p><p>Mark|space<||>space|<\\/p><p>Jackson|space<||>space|<\\/p><p>Luke|space<||>space|<\\/p><p>Linda|space<||>space|<\\/p><p>Amy|space<||>space|<\\/p>\", \"单元名称\" : \"Unit 4 Going shopping\", \"设置的题目数量\" : 5, \"级别\" : \"难点突破\", \"学科\" : \"英语\", \"对应端类型\" : \"通用\"}"
"{\"年级\" : \"七年级\", \"关联题目数量\" : 5, \"版本\" : \"\", \"册\" : \"下册\", \"题干集合\" : \"<p>What are the boys doing?<\\/p>,<p>Where is Mary?<\\/p>,<p>Who is watching TV now?<\\/p>,<p>Is Tim reading in the living room?<\\/p>,<p>What time does the first class begin?<\\/p>\", \"单元名称\" : \"Unit 5 Here and Now\", \"设置的题目数量\" : 5, \"级别\" : \"听短对话选答案\", \"学科\" : \"英语\", \"对应端类型\" : \"通用\"}"
"{\"年级\" : \"三年级\", \"关联题目数量\" : \"\", \"版本\" : \"教科版（2024审定）\", \"册\" : \"上册\", \"题干集合\" : \"\", \"单元名称\" : \"U12\", \"设置的题目数量\" : 5, \"级别\" : \"基础巩固\", \"学科\" : \"英语\", \"对应端类型\" : \"通用\"}"
"{\"年级\" : \"四年级\", \"关联题目数量\" : \"\", \"版本\" : \"湘鲁版\", \"册\" : \"上册\", \"题干集合\" : \"\", \"单元名称\" : \"期中复习\", \"设置的题目数量\" : 5, \"级别\" : \"综合进阶\", \"学科\" : \"英语\", \"对应端类型\" : \"app\"}"
"{\"年级\" : \"三年级\", \"关联题目数量\" : 10, \"版本\" : \"湘鲁版\", \"册\" : \"下册\", \"题干集合\" : \",<p>去公园<\\/p>,,,,<p>帽子<\\/p>,<p>去花园<\\/p>,,,\", \"单元名称\" : \"Unit 9  Let's go to the zoo!\", \"设置的题目数量\" : 5, \"级别\" : \"综合进阶\", \"学科\" : \"英语\", \"对应端类型\" : \"app\"}"
"{\"年级\" : \"六年级\", \"关联题目数量\" : \"\", \"版本\" : \"人教版（三起）\", \"册\" : \"下册\", \"题干集合\" : \"\", \"单元名称\" : \"U5\", \"设置的题目数量\" : 5, \"级别\" : \"综合进阶\", \"学科\" : \"英语\", \"对应端类型\" : \"通用\"}"
"{\"年级\" : \"三年级\", \"关联题目数量\" : \"\", \"版本\" : \"湘鲁版\", \"册\" : \"上册\", \"题干集合\" : \"\", \"单元名称\" : \"期中复习\", \"设置的题目数量\" : 5, \"级别\" : \"难点突破\", \"学科\" : \"英语\", \"对应端类型\" : \"app\"}"
"{\"年级\" : \"七年级\", \"关联题目数量\" : \"\", \"版本\" : \"人教版\", \"册\" : \"下册\", \"题干集合\" : \"\", \"单元名称\" : \"期中复习\", \"设置的题目数量\" : 5, \"级别\" : \"综合进阶\", \"学科\" : \"英语\", \"对应端类型\" : \"通用\"}"
"{\"年级\" : \"六年级\", \"关联题目数量\" : 12, \"版本\" : \"湘鲁版\", \"册\" : \"上册\", \"题干集合\" : \",,,,,,,,,,,\", \"单元名称\" : \"Unit 3 What's in the sports shop?\", \"设置的题目数量\" : 5, \"级别\" : \"综合进阶\", \"学科\" : \"英语\", \"对应端类型\" : \"app\"}"
"{\"年级\" : \"四年级\", \"关联题目数量\" : 15, \"版本\" : \"人教版（三起）（2024审定）\", \"册\" : \"上册\", \"题干集合\" : \"<p>上周天气变化莫测，Lily用卡通画来表达天气的特点。听一听，上周的天气有什么特点？<\\/p>,<p>上周天气变化莫测，Lily用卡通画来表达天气的特点。听一听，上周的天气有什么特点？<\\/p>,<p>Amy在看本周的天气预报。听一听，图片天气与天气预报相符吗？<\\/p>,<p>Amy在看本周的天气预报。听一听，图片天气与天气预报相符吗？<\\/p>,<p>Amy在看本周的天气预报。听一听，图片天气与天气预报相符吗？<\\/p>,<p>上周天气变化莫测，Lily用卡通画来表达天气的特点。听一听，上周的天气有什么特点？<\\/p>,<p>Amy在看本周的天气预报。听一听，图片天气与天气预报相符吗？<\\/p>,<p>同学们在讨论与天气相适应的活动。听一听，不同的天气能进行哪些活动呢？<\\/p>,<p>同学们在讨论与天气相适应的活动。听一听，不同的天气能进行哪些活动呢？<\\/p>,<p>上周天气变化莫测，Lily用卡通画来表达天气的特点。听一听，上周的天气有什么特点？<\\/p>,<p>Lucy在用英语给奶奶播报天气。听一听，请你来当小小翻译官吧！<\\/p>,<p>Lily在带弟弟读英语故事。听一听，故事中包含下面哪个单词？<\\/p>,<p>Lily在带弟弟读英语故事。听一听，故事中包含下面哪个单词？<\\/p>,<p>Amy在看本周的天气预报。听一听，图片天气与天气预报相符吗？<\\/p>,<p>Lucy在用英语给奶奶播报天气。听一听，请你来当小小翻译官吧！<\\/p>\", \"单元名称\" : \"Unit 5 The weather and us\", \"设置的题目数量\" : 5, \"级别\" : \"基础巩固\", \"学科\" : \"英语\", \"对应端类型\" : \"通用\"}"
"{\"年级\" : \"六年级\", \"关联题目数量\" : 19, \"版本\" : \"湘鲁版\", \"册\" : \"上册\", \"题干集合\" : \"<p>城市<\\/p>,,,,,,,,,,,,<p>father<\\/p>,,,,,<p>class<\\/p>,\", \"单元名称\" : \"Unit 1 Who is Cousin Harry?\", \"设置的题目数量\" : 5, \"级别\" : \"基础巩固\", \"学科\" : \"英语\", \"对应端类型\" : \"app\"}"
"{\"年级\" : \"八年级\", \"关联题目数量\" : 5, \"版本\" : \"人教版\", \"册\" : \"上册\", \"题干集合\" : \"<p>When is the best time to visit Tony's hometown?<\\/p>,<p>Which clothes store is the cheapest in their town?<\\/p>,<p>Why does the boy think Town Cinema is the best?<\\/p>,<p>What does Bob's father think of pop music?<\\/p>,<p>When will Jane go shopping?<\\/p>\", \"单元名称\" : \"Unit 4 What's the best movie theater?\", \"设置的题目数量\" : 5, \"级别\" : \"听短对话选答案\", \"学科\" : \"英语\", \"对应端类型\" : \"通用\"}"
"{\"年级\" : \"七年级\", \"关联题目数量\" : 1, \"版本\" : \"人教版\", \"册\" : \"下册\", \"题干集合\" : \"\", \"单元名称\" : \"Unit 1 Can you play the guitar?\", \"设置的题目数量\" : 1, \"级别\" : \"听长对话选答案\", \"学科\" : \"英语\", \"对应端类型\" : \"通用\"}"
"{\"年级\" : \"五年级\", \"关联题目数量\" : \"\", \"版本\" : \"人教版（三起）\", \"册\" : \"下册\", \"题干集合\" : \"\", \"单元名称\" : \"U11\", \"设置的题目数量\" : 5, \"级别\" : \"难点突破\", \"学科\" : \"英语\", \"对应端类型\" : \"app\"}"
"{\"年级\" : \"四年级\", \"关联题目数量\" : 15, \"版本\" : \"教科版（2024审定）\", \"册\" : \"下册\", \"题干集合\" : \",,,,,,,,,,,,,,\", \"单元名称\" : \"Unit 8 The Best Place to Live\", \"设置的题目数量\" : 5, \"级别\" : \"基础巩固\", \"学科\" : \"英语\", \"对应端类型\" : \"通用\"}"
"{\"年级\" : \"三年级\", \"关联题目数量\" : 15, \"版本\" : \"人教版（三起）（2024审定）\", \"册\" : \"上册\", \"题干集合\" : \",<p>m |space<||>space| k |space<||>space|<\\/p>,,,,,,,,,<p>blue<\\/p>,<p>colour<\\/p>,,,\", \"单元名称\" : \"Unit 5 The colourful world\", \"设置的题目数量\" : 5, \"级别\" : \"基础巩固\", \"学科\" : \"英语\", \"对应端类型\" : \"通用\"}"
"{\"年级\" : \"四年级\", \"关联题目数量\" : \"\", \"版本\" : \"人教版（三起）\", \"册\" : \"上册\", \"题干集合\" : \"\", \"单元名称\" : \"Units 4-6 测试卷\", \"设置的题目数量\" : 5, \"级别\" : \"综合进阶\", \"学科\" : \"英语\", \"对应端类型\" : \"app\"}"
"{\"年级\" : \"五年级\", \"关联题目数量\" : 10, \"版本\" : \"人教版（三起）\", \"册\" : \"下册\", \"题干集合\" : \",,,,,,,,,\", \"单元名称\" : \"Unit 1 My day\", \"设置的题目数量\" : 5, \"级别\" : \"综合进阶\", \"学科\" : \"英语\", \"对应端类型\" : \"app\"}"
"{\"年级\" : \"四年级\", \"关联题目数量\" : \"\", \"版本\" : \"人教版（三起）\", \"册\" : \"上册\", \"题干集合\" : \"\", \"单元名称\" : \"Units 4-6 测试卷\", \"设置的题目数量\" : 5, \"级别\" : \"难点突破\", \"学科\" : \"英语\", \"对应端类型\" : \"app\"}"
"{\"年级\" : \"四年级\", \"关联题目数量\" : 15, \"版本\" : \"\", \"册\" : \"上册\", \"题干集合\" : \"<p>Mike在讲述自己饭后的活动。听一听，他会进行哪些活动呢？<\\/p>,<p>同学们在玩“听音找图”的游戏。听一听，他们找对了吗？<\\/p>,<p>Mike在讲述自己饭后的活动。听一听，他会进行哪些活动呢？<\\/p>,<p>同学们在玩“听音找图”的游戏。听一听，他们找对了吗？<\\/p>,<p>Lily在玩“单词释义对对碰”的游戏。听一听，帮Lily给单词匹配释义吧！<\\/p>,<p>Lucy在和妈妈讲述今天学校发生的事。听一听，她提到了哪个单词呢？<\\/p>,<p>Lily在玩“单词释义对对碰”的游戏。听一听，帮Lily给单词匹配释义吧！<\\/p>,<p>同学们在玩“听音找图”的游戏。听一听，他们找对了吗？<\\/p>,<p>Amy在教弟弟读英语绕口令。听一听，绕口令中包含哪个单词？<\\/p>,<p>Lucy在和妈妈讲述今天学校发生的事。听一听，她提到了哪个单词呢？<\\/p>,<p>Mike在讲述自己饭后的活动。听一听，他会进行哪些活动呢？<\\/p>,<p>Lily在玩“单词释义对对碰”的游戏。听一听，帮Lily给单词匹配释义吧！<\\/p>,<p>Mike在讲述自己饭后的活动。听一听，他会进行哪些活动呢？<\\/p>,<p>Amy在教弟弟读英语绕口令。听一听，绕口令中包含哪个单词？<\\/p>,<p>Lucy在和妈妈讲述今天学校发生的事。听一听，她提到了哪个单词呢？<\\/p>\", \"单元名称\" : \"Unit 3 Playing the piano makes me happy!\", \"设置的题目数量\" : 5, \"级别\" : \"基础巩固\", \"学科\" : \"英语\", \"对应端类型\" : \"通用\"}"
"{\"年级\" : \"八年级\", \"关联题目数量\" : 1, \"版本\" : \"人教版\", \"册\" : \"下册\", \"题干集合\" : \"<p>1. Jack London was a(n) |space<||>space| writer.<\\/p><p>2. He was born on 12 January, |space<||>space|.<\\/p><p>3. He did many different |space<||>space| to make money.<\\/p><p>4. In 1897, he went to look for |space<||>space|.<\\/p><p>5. He wrote over |space<||>space| stories in total.<\\/p>\", \"单元名称\" : \"Unit 8 Have you read Treasure Island yet?\", \"设置的题目数量\" : 1, \"级别\" : \"听短文完成题目\", \"学科\" : \"英语\", \"对应端类型\" : \"通用\"}"
"{\"年级\" : \"五年级\", \"关联题目数量\" : 24, \"版本\" : \"人教版（三起）\", \"册\" : \"上册\", \"题干集合\" : \"<p>do sports<\\/p>,<p>to <\\/p>,,,<p>often <\\/p>,<p>play football <\\/p>,<p>今天 <\\/p>,<p>星期天<\\/p>,,,,,<p>finish homework  <\\/p>,,<p>schedule<\\/p>,,,,<p>Monday <\\/p>,,<p>必须<\\/p>,,,<p>星期五<\\/p>\", \"单元名称\" : \"Unit 2 My week\", \"设置的题目数量\" : 5, \"级别\" : \"基础巩固\", \"学科\" : \"英语\", \"对应端类型\" : \"app\"}"
"{\"年级\" : \"四年级\", \"关联题目数量\" : 10, \"版本\" : \"湘少版（2024审定）\", \"册\" : \"上册\", \"题干集合\" : \"<p>森林运动会上，小松鼠和小猴子在讨论比赛情况。听一听，帮助小猴子回应吧！<\\/p>,<p>操场上，Benny和Anne在交流篮球。听一听，帮助Anne回应Benny吧！<\\/p>,<p>体育课上，同学们在操场上讨论自己的运动技能。听对话，图片与对话相符吗？<\\/p>,<p>体育课上，Amy和Peter想去打篮球。听一听，下列信息与他们的对话相符吗？<\\/p><p>Amy can play basketball.<\\/p>,<p>春季运动会马上要开始了，同学们在积极报名。听听他们都擅长什么项目吧！<\\/p>,<p>体育课上，同学们在操场上讨论自己的运动技能。听对话，图片与对话相符吗？<\\/p>,<p>体育课上，Tom和Peter在操场上讨论运动。根据他们的讨论将句子排序吧！<\\/p>,<p>学校新成立了篮球俱乐部，教练在选拔队员。听教练的问题，帮选手们选择合适的答语吧！<\\/p>,<p>秋季运动会上，Amy和Peter在谈论比赛。听一听，下列信息与他们的对话相符吗？<\\/p><p>Amy can jump far well.<\\/p>,<p>Jane在操场上遇到了正在跳绳的Amy和Anne。听对话，判断图片与对话是否相符。<\\/p>\", \"单元名称\" : \"Unit 5 Can you play basketball?\", \"设置的题目数量\" : 5, \"级别\" : \"难点突破\", \"学科\" : \"英语\", \"对应端类型\" : \"通用\"}"
"{\"年级\" : \"四年级\", \"关联题目数量\" : 15, \"版本\" : \"湘少版（2024审定）\", \"册\" : \"上册\", \"题干集合\" : \"<p>Benny和Anna在谈论自己喜欢的动物。听一听，Anna喜欢什么动物呢？<\\/p>,<p>Lily和Sarah在看动物纪录片。听一听，她们看到了什么动物？<\\/p>,<p>Lily和Sarah在看动物纪录片。听一听，她们看到了什么动物？<\\/p>,<p>Mingming和Peter在动物园观赏动物。听一听Peter的提问，帮Mingming翻译成中文吧！<\\/p>,<p>动物科考队队员正在用望远镜观察动物。听一听，他看到了什么动物？<\\/p><p>Is it an elephant?<\\/p>,<p>Lily和Sarah在看动物纪录片。听一听，她们看到的动物有什么特征？<\\/p>,<p>同学们在玩“疯狂猜图”的游戏。听一听，他们猜对了吗？<\\/p>,<p>Benny和Andy在谈论自己喜欢的动物。听一听，Andy喜欢什么动物呢？<\\/p>,<p>动物科考队队员正在用望远镜观察动物。听一听，他是怎么描述动物的？<\\/p><p>They're beautiful.<\\/p>,<p>Lily和Sarah在看动物纪录片。听一听，她们看到了什么动物？<\\/p>,<p>动物科考队队员正在用望远镜观察动物。听一听，他看到了什么动物？<\\/p><p>Look! There is a monkey.<\\/p>,<p>同学们在玩“疯狂猜图”的游戏。听一听，他们猜对了吗？<\\/p>,<p>Benny和Mary在谈论自己喜欢的动物。听一听，Mary喜欢什么动物呢？<\\/p>,<p>同学们在玩“疯狂猜图”的游戏。听一听，他们猜对了吗？<\\/p>,<p>Mingming和Peter在动物园观赏动物。听一听Peter的描述，帮Mingming翻译成中文吧！<\\/p>\", \"单元名称\" : \"Unit 4 Look at the elephant\", \"设置的题目数量\" : 5, \"级别\" : \"综合进阶\", \"学科\" : \"英语\", \"对应端类型\" : \"通用\"}"
"{\"年级\" : \"七年级\", \"关联题目数量\" : \"\", \"版本\" : \"\", \"册\" : \"下册\", \"题干集合\" : \"\", \"单元名称\" : \"U9\", \"设置的题目数量\" : 5, \"级别\" : \"基础巩固\", \"学科\" : \"英语\", \"对应端类型\" : \"通用\"}"
"{\"年级\" : \"七年级\", \"关联题目数量\" : 5, \"版本\" : \"人教版\", \"册\" : \"下册\", \"题干集合\" : \"<p>How much is a hamburger?<\\/p>,<p>What size would Ben like?<\\/p>,<p>What does the man eat on his birthday?<\\/p>,<p>What would the woman like?<\\/p>,<p>How many sandwiches does the man want?<\\/p>\", \"单元名称\" : \"Unit 10 I'd like some noodles.\", \"设置的题目数量\" : 5, \"级别\" : \"听短对话选答案\", \"学科\" : \"英语\", \"对应端类型\" : \"通用\"}"
"{\"年级\" : \"五年级\", \"关联题目数量\" : 11, \"版本\" : \"湘鲁版\", \"册\" : \"下册\", \"题干集合\" : \",,,,,,,,,,\", \"单元名称\" : \"Unit 9  What do you want to do?\", \"设置的题目数量\" : 5, \"级别\" : \"基础巩固\", \"学科\" : \"英语\", \"对应端类型\" : \"app\"}"
"{\"年级\" : \"三年级\", \"关联题目数量\" : \"\", \"版本\" : \"\", \"册\" : \"上册\", \"题干集合\" : \"\", \"单元名称\" : \"U11\", \"设置的题目数量\" : 5, \"级别\" : \"难点突破\", \"学科\" : \"英语\", \"对应端类型\" : \"通用\"}"
"{\"年级\" : \"四年级\", \"关联题目数量\" : 23, \"版本\" : \"湘少版\", \"册\" : \"下册\", \"题干集合\" : \",,,,<p>well<\\/p>,,,,,,,,,,,,,,<p>tea<\\/p>,,,<p>buy<\\/p>,\", \"单元名称\" : \"Unit 12 Do you have any money?\", \"设置的题目数量\" : 5, \"级别\" : \"基础巩固\", \"学科\" : \"英语\", \"对应端类型\" : \"app\"}"
"{\"年级\" : \"六年级\", \"关联题目数量\" : 10, \"版本\" : \"湘少版\", \"册\" : \"上册\", \"题干集合\" : \"NULL,,NULL,,,NULL,NULL,,,NULL\", \"单元名称\" : \"Unit 12 It's Christmas again!\", \"设置的题目数量\" : 5, \"级别\" : \"综合进阶\", \"学科\" : \"英语\", \"对应端类型\" : \"app\"}"
"{\"年级\" : \"四年级\", \"关联题目数量\" : \"\", \"版本\" : \"湘少版（2024审定）\", \"册\" : \"下册\", \"题干集合\" : \"\", \"单元名称\" : \"U12\", \"设置的题目数量\" : 5, \"级别\" : \"基础巩固\", \"学科\" : \"英语\", \"对应端类型\" : \"通用\"}"
"{\"年级\" : \"四年级\", \"关联题目数量\" : 14, \"版本\" : \"\", \"册\" : \"下册\", \"题干集合\" : \",,,<p>Daisy在给妹妹介绍交通工具。听一听，她介绍的是哪种交通工具呢？<\\/p>,<p>英语老师在给同学们听写本周所学的词汇。听一听，现在听写的是哪个单词？<\\/p>,,<p>英语老师在给同学们听写本周所学的词汇。听一听，现在听写的是哪个单词？<\\/p>,,,,<p>英语老师在给同学们听写本周所学的词汇。听一听，现在听写的是哪个单词？<\\/p>,<p>Henry在评价班上的一些同学。听一听，图片与他的评价相符吗？<\\/p>,<p>Henry在评价班上的一些同学。听一听，图片与他的评价相符吗？<\\/p>,<p>Mary在英语绘本上看到一段绕口令。听一听，绕口令中包含下面哪个单词？<\\/p>\", \"单元名称\" : \"Unit 4 She is a helpful girl\", \"设置的题目数量\" : 15, \"级别\" : \"基础巩固\", \"学科\" : \"英语\", \"对应端类型\" : \"通用\"}"
"{\"年级\" : \"三年级\", \"关联题目数量\" : 15, \"版本\" : \"人教版（三起）（2024审定）\", \"册\" : \"上册\", \"题干集合\" : \",<p>这是我的叔叔。<\\/p>,<p>Some families are small.<\\/p>,<p>我的家族很大。<\\/p>,<p>This is my mum.<\\/p>,,,<p>I have a big family.<\\/p>,<p>这是我的妈妈。<\\/p>,,,,,,\", \"单元名称\" : \"Unit 2 Different families\", \"设置的题目数量\" : 5, \"级别\" : \"综合进阶\", \"学科\" : \"英语\", \"对应端类型\" : \"通用\"}"
"{\"年级\" : \"三年级\", \"关联题目数量\" : 15, \"版本\" : \"湘少版（2024审定）\", \"册\" : \"上册\", \"题干集合\" : \"<p>It's a duck.<\\/p>,,,,,<p>It's a cow.<\\/p>,<p>它们是相同的。<\\/p>,,,,,,,<p>It's a swan.<\\/p>,<p>它真可爱。<\\/p>\", \"单元名称\" : \"Unit 8 What's this?\", \"设置的题目数量\" : 5, \"级别\" : \"综合进阶\", \"学科\" : \"英语\", \"对应端类型\" : \"通用\"}"
"{\"年级\" : \"四年级\", \"关联题目数量\" : 10, \"版本\" : \"湘少版\", \"册\" : \"上册\", \"题干集合\" : \",,,,,,,,,\", \"单元名称\" : \"Unit 4 These are flowers\", \"设置的题目数量\" : 5, \"级别\" : \"难点突破\", \"学科\" : \"英语\", \"对应端类型\" : \"app\"}"
"{\"年级\" : \"三年级\", \"关联题目数量\" : 10, \"版本\" : \"教科版（2024审定）\", \"册\" : \"下册\", \"题干集合\" : \"<p>Lily正在向Lucy介绍自己新制订的时间表。听录音，选出与所听内容相符的活动。<\\/p>,<p>Anna在和爸爸妈妈分享今天的日程。听一听，判断图片与她的日程是否相符。<\\/p>,<p>Lily正在向Lucy介绍自己新制订的时间表。听录音，选出与所听内容相符的活动。<\\/p>,<p>Anna在和爸爸妈妈分享今天的日程。听一听，判断图片与她的活动是否相符。<\\/p>,<p>Anna在记录早上和妈妈之间的对话。听一听，选出Anna记录的句子。<\\/p>,<p>Anna在记录早上和妈妈之间的对话。听一听，选出Anna记录的句子。<\\/p>,<p>Anna在记录早上和妈妈之间的对话。听一听，选出Anna记录的句子。<\\/p>,<p>Anna在和爸爸妈妈分享今天的日程。听一听，判断图片与她的活动是否相符。<\\/p>,<p>Lily正在向Lucy介绍自己新制订的时间表。听录音，选出与所听内容相符的活动。<\\/p>,<p>Anna在记录早上和妈妈之间的对话。听一听，选出Anna记录的句子。<\\/p>\", \"单元名称\" : \"Unit 2 What a Day!\", \"设置的题目数量\" : 5, \"级别\" : \"综合进阶\", \"学科\" : \"英语\", \"对应端类型\" : \"通用\"}"
"{\"年级\" : \"七年级\", \"关联题目数量\" : \"\", \"版本\" : \"人教版\", \"册\" : \"上册\", \"题干集合\" : \"\", \"单元名称\" : \"期中复习\", \"设置的题目数量\" : 5, \"级别\" : \"综合进阶\", \"学科\" : \"英语\", \"对应端类型\" : \"通用\"}"
"{\"年级\" : \"三年级\", \"关联题目数量\" : \"\", \"版本\" : \"人教版（三起）\", \"册\" : \"下册\", \"题干集合\" : \"\", \"单元名称\" : \"U7\", \"设置的题目数量\" : 5, \"级别\" : \"难点突破\", \"学科\" : \"英语\", \"对应端类型\" : \"通用\"}"
"{\"年级\" : \"五年级\", \"关联题目数量\" : \"\", \"版本\" : \"湘鲁版\", \"册\" : \"下册\", \"题干集合\" : \"\", \"单元名称\" : \"期中复习\", \"设置的题目数量\" : 5, \"级别\" : \"基础巩固\", \"学科\" : \"英语\", \"对应端类型\" : \"app\"}"
"{\"年级\" : \"三年级\", \"关联题目数量\" : \"\", \"版本\" : \"人教版（三起）（2024审定）\", \"册\" : \"下册\", \"题干集合\" : \"\", \"单元名称\" : \"U11\", \"设置的题目数量\" : 5, \"级别\" : \"基础巩固\", \"学科\" : \"英语\", \"对应端类型\" : \"通用\"}"
"{\"年级\" : \"四年级\", \"关联题目数量\" : \"\", \"版本\" : \"人教版（三起）（2024审定）\", \"册\" : \"上册\", \"题干集合\" : \"\", \"单元名称\" : \"U7\", \"设置的题目数量\" : 5, \"级别\" : \"基础巩固\", \"学科\" : \"英语\", \"对应端类型\" : \"通用\"}"
"{\"年级\" : \"七年级\", \"关联题目数量\" : 1, \"版本\" : \"人教版\", \"册\" : \"下册\", \"题干集合\" : \"\", \"单元名称\" : \"Unit 2 What time do you go to school?\", \"设置的题目数量\" : 1, \"级别\" : \"听长对话选答案\", \"学科\" : \"英语\", \"对应端类型\" : \"通用\"}"
"{\"年级\" : \"四年级\", \"关联题目数量\" : 10, \"版本\" : \"湘少版（2024审定）\", \"册\" : \"下册\", \"题干集合\" : \",,<p>课堂上，老师展示了两张图片并介绍了春节和端午节。听一听，同学们的复述对吗？<\\/p>,,,<p>端午节，爸爸教Mark包粽子。听一听，包粽子有哪些步骤？<\\/p>,,<p>What festival can it be?<\\/p>,<p>What's Mark doing?<\\/p>,\", \"单元名称\" : \"Unit 9 The Dragon Boat Festival\", \"设置的题目数量\" : 5, \"级别\" : \"难点突破\", \"学科\" : \"英语\", \"对应端类型\" : \"通用\"}"
"{\"年级\" : \"四年级\", \"关联题目数量\" : \"\", \"版本\" : \"教科版（2024审定）\", \"册\" : \"下册\", \"题干集合\" : \"\", \"单元名称\" : \"期中复习\", \"设置的题目数量\" : 5, \"级别\" : \"难点突破\", \"学科\" : \"英语\", \"对应端类型\" : \"通用\"}"
"{\"年级\" : \"三年级\", \"关联题目数量\" : 10, \"版本\" : \"湘少版（2024审定）\", \"册\" : \"下册\", \"题干集合\" : \"<p>Mike和弟弟在数自己的学习用品。听一听，判断下列图片与所听内容是否相符。<\\/p>,<p>Andy回到家，发现妈妈买了很多水果。听一听，根据听到的顺序给下列句子排序。<\\/p>,<p>今天是Mingming生日，他收到了很多礼物。听一听，根据描述，将礼物与其数量连线。<\\/p>,<p>周末Andy和同学在动物园参观。听一听，选出正确的单词补全句子。<\\/p><p>There are |space<||>space| tigers.<\\/p>,<p>周末Andy和同学在动物园参观。听一听，选出正确的单词补全句子。<\\/p><p>There are |space<||>space| lions.<\\/p>,<p>Mike和弟弟在数自己的学习用品。听一听，判断下列图片与所听内容是否相符。<\\/p>,<p>周末Andy和同学在动物园参观。听一听，选出正确的单词补全句子。<\\/p><p>There are |space<||>space| monkeys.<\\/p>,<p>Linda和好朋友一起参观果园。听一听，选择合适的答语。<\\/p>,<p>Mike和弟弟在数自己的学习用品。听一听，判断下列图片与所听内容是否相符。<\\/p>,<p>Linda和好朋友一起参观果园。听一听，选择合适的答语。<\\/p>\", \"单元名称\" : \"Unit 5 How many kites are there?\", \"设置的题目数量\" : 5, \"级别\" : \"难点突破\", \"学科\" : \"英语\", \"对应端类型\" : \"通用\"}"
"{\"年级\" : \"六年级\", \"关联题目数量\" : 15, \"版本\" : \"湘少版\", \"册\" : \"上册\", \"题干集合\" : \"NULL,NULL,NULL,<p>pig<\\/p>,NULL,,,<p>play<\\/p>,<p>theatre<\\/p>,,<p>sorry<\\/p>,,<p>hall<\\/p>,NULL,\", \"单元名称\" : \"Unit 11 Shall we go to the theatre?\", \"设置的题目数量\" : 5, \"级别\" : \"基础巩固\", \"学科\" : \"英语\", \"对应端类型\" : \"app\"}"
"{\"年级\" : \"四年级\", \"关联题目数量\" : \"\", \"版本\" : \"\", \"册\" : \"下册\", \"题干集合\" : \"\", \"单元名称\" : \"U10\", \"设置的题目数量\" : 5, \"级别\" : \"基础巩固\", \"学科\" : \"英语\", \"对应端类型\" : \"通用\"}"
"{\"年级\" : \"八年级\", \"关联题目数量\" : 1, \"版本\" : \"人教版\", \"册\" : \"上册\", \"题干集合\" : \"\", \"单元名称\" : \"Unit 7 Will people have robots?\", \"设置的题目数量\" : 1, \"级别\" : \"听长对话选答案\", \"学科\" : \"英语\", \"对应端类型\" : \"通用\"}"
"{\"年级\" : \"四年级\", \"关联题目数量\" : 10, \"版本\" : \"人教版（三起）（2024审定）\", \"册\" : \"上册\", \"题干集合\" : \"<p>周末，Mary和好朋友外出游玩。听一听，图片与她们对场所的描述相符吗？<\\/p>,<p>Peter去Linda家做客，他和Linda打招呼。听一听，帮Linda回复Peter吧！<\\/p>,<p>Peter去Linda家做客，他发出了一些感慨。听一听，帮Linda回复Peter吧！<\\/p>,<p>Linda在转述Jack和Bob的对话。听一听，Linda的转述与实际情况相符吗？<\\/p><p>There are so many people in the taijiquan club.<\\/p>,<p>Lucy在给同学们介绍自己所在的社区。听一听，Lucy会去哪些场所活动呢？<\\/p>,<p>Lucy在给同学们介绍自己所在的社区。听一听，Lucy会去哪些场所活动呢？<\\/p>,<p>周末，Mary和好朋友外出游玩。听一听，图片与她们对场所的描述相符吗？<\\/p>,<p>搬新家了，邻居在给Lily介绍附近的场所。听一听，她是按照什么顺序介绍的呢？<\\/p>,<p>Andy在给新邻居Anna介绍附近的场所。听一听，他是按照什么顺序介绍的呢？<\\/p>,<p>Linda在转述Jack和Bob的对话。听一听，Linda的转述与实际情况相符吗？<\\/p><p>Tom often plays with his friends on the playground.<\\/p>\", \"单元名称\" : \"Unit 3 Places we live in\", \"设置的题目数量\" : 5, \"级别\" : \"难点突破\", \"学科\" : \"英语\", \"对应端类型\" : \"通用\"}"
"{\"年级\" : \"四年级\", \"关联题目数量\" : \"\", \"版本\" : \"人教版（三起）\", \"册\" : \"下册\", \"题干集合\" : \"\", \"单元名称\" : \"U9\", \"设置的题目数量\" : 5, \"级别\" : \"基础巩固\", \"学科\" : \"英语\", \"对应端类型\" : \"app\"}"
"{\"年级\" : \"八年级\", \"关联题目数量\" : \"\", \"版本\" : \"\", \"册\" : \"上册\", \"题干集合\" : \"\", \"单元名称\" : \"期末复习\", \"设置的题目数量\" : 5, \"级别\" : \"综合进阶\", \"学科\" : \"英语\", \"对应端类型\" : \"通用\"}"
"{\"年级\" : \"三年级\", \"关联题目数量\" : 10, \"版本\" : \"湘少版\", \"册\" : \"上册\", \"题干集合\" : \"<p>m|space<||>space| |space<||>space|se<\\/p>,<p>is<\\/p>,<p>d|space<||>space|g<\\/p>,<p>yeah<\\/p>,<p>horse<\\/p>,<p>du|space<||>space| |space<||>space|<\\/p>,<p>no<\\/p>,<p>c|space<||>space| |space<||>space|<\\/p>,<p>h|space<||>space| |space<||>space|se<\\/p>,<p>dog<\\/p>\", \"单元名称\" : \"Unit 7 It's a dog\", \"设置的题目数量\" : 5, \"级别\" : \"综合进阶\", \"学科\" : \"英语\", \"对应端类型\" : \"app\"}"
"{\"年级\" : \"六年级\", \"关联题目数量\" : 19, \"版本\" : \"人教版（三起）\", \"册\" : \"上册\", \"题干集合\" : \",,,,,,,,,,,,,,,,,,\", \"单元名称\" : \"Unit 5 What does he do?\", \"设置的题目数量\" : 5, \"级别\" : \"综合进阶\", \"学科\" : \"英语\", \"对应端类型\" : \"app\"}"
"{\"年级\" : \"三年级\", \"关联题目数量\" : 10, \"版本\" : \"人教版（三起）\", \"册\" : \"上册\", \"题干集合\" : \",,,,,,,,,\", \"单元名称\" : \"Unit 4 We love animals\", \"设置的题目数量\" : 5, \"级别\" : \"基础巩固\", \"学科\" : \"英语\", \"对应端类型\" : \"app\"}"
"{\"年级\" : \"七年级\", \"关联题目数量\" : 1, \"版本\" : \"\", \"册\" : \"上册\", \"题干集合\" : \"<p>1.|space<||>space|<\\/p><p>2.|space<||>space|<\\/p><p>3.|space<||>space|<\\/p><p>4.|space<||>space|<\\/p><p>5.|space<||>space|<\\/p>\", \"单元名称\" : \"Unit 5 Fun Clubs\", \"设置的题目数量\" : 1, \"级别\" : \"听短文完成题目\", \"学科\" : \"英语\", \"对应端类型\" : \"通用\"}"
"{\"年级\" : \"五年级\", \"关联题目数量\" : 10, \"版本\" : \"湘鲁版\", \"册\" : \"下册\", \"题干集合\" : \",,<p>over<\\/p>,,<p>primary school<\\/p>,<p>from ... to ...<\\/p>,,,<p>busy time<\\/p>,<p>between ... and ...<\\/p>\", \"单元名称\" : \"Unit 4  There is homework time.\", \"设置的题目数量\" : 5, \"级别\" : \"综合进阶\", \"学科\" : \"英语\", \"对应端类型\" : \"app\"}"
"{\"年级\" : \"七年级\", \"关联题目数量\" : 1, \"版本\" : \"\", \"册\" : \"下册\", \"题干集合\" : \"\", \"单元名称\" : \"Unit 3 Keep Fit\", \"设置的题目数量\" : 1, \"级别\" : \"听独白选答案\", \"学科\" : \"英语\", \"对应端类型\" : \"通用\"}"
"{\"年级\" : \"七年级\", \"关联题目数量\" : 1, \"版本\" : \"人教版\", \"册\" : \"下册\", \"题干集合\" : \"<p>1. |space<||>space|<\\/p><p>2. |space<||>space|<\\/p><p>3. |space<||>space|<\\/p><p>4. |space<||>space|<\\/p><p>5. |space<||>space|<\\/p>\", \"单元名称\" : \"Unit 1 Can you play the guitar?\", \"设置的题目数量\" : 1, \"级别\" : \"听短文完成题目\", \"学科\" : \"英语\", \"对应端类型\" : \"通用\"}"
"{\"年级\" : \"三年级\", \"关联题目数量\" : 10, \"版本\" : \"湘少版（2024审定）\", \"册\" : \"下册\", \"题干集合\" : \"<p>Amy和妈妈在谈论衣柜里的服装。听一听，判断所听内容与所给图片是否相符。<\\/p>,<p>妈妈带Peter去买衣服。听一听，选出你所听到的句子。<\\/p>,<p>妈妈带Peter去买衣服。听一听，选出你所听到的句子。<\\/p>,<p>Amy和妈妈在谈论衣柜里的服装。听一听，判断所听内容与所给图片是否相符。<\\/p>,<p>Lucy和好朋友在谈论自己喜欢的衣物。听录音，选出与录音内容相符的图片。<\\/p>,<p>Lucy和好朋友在谈论自己喜欢的衣物。听录音，选出与录音内容相符的图片。<\\/p>,<p>妈妈带Peter去买衣服。听一听，选出你所听到的句子。<\\/p>,<p>Amy和妈妈在谈论衣柜里的服装。听一听，判断所听内容与所给图片是否相符。<\\/p>,<p>妈妈带Peter去买衣服。听一听，选出你所听到的句子。<\\/p>,<p>Amy和妈妈在谈论衣柜里的服装。听一听，判断所听内容与所给图片是否相符。<\\/p>\", \"单元名称\" : \"Unit 4 Do you like the dress?\", \"设置的题目数量\" : 5, \"级别\" : \"综合进阶\", \"学科\" : \"英语\", \"对应端类型\" : \"通用\"}"
"{\"年级\" : \"四年级\", \"关联题目数量\" : \"\", \"版本\" : \"教科版\", \"册\" : \"上册\", \"题干集合\" : \"\", \"单元名称\" : \"期中复习\", \"设置的题目数量\" : 5, \"级别\" : \"综合进阶\", \"学科\" : \"英语\", \"对应端类型\" : \"通用\"}"
"{\"年级\" : \"六年级\", \"关联题目数量\" : 10, \"版本\" : \"湘鲁版\", \"册\" : \"上册\", \"题干集合\" : \",,,,,,,,,\", \"单元名称\" : \"Unit 9 When is your birthday?\", \"设置的题目数量\" : 5, \"级别\" : \"综合进阶\", \"学科\" : \"英语\", \"对应端类型\" : \"app\"}"
"{\"年级\" : \"八年级\", \"关联题目数量\" : 1, \"版本\" : \"人教版\", \"册\" : \"上册\", \"题干集合\" : \"\", \"单元名称\" : \"Unit 2 How often do you exercise?\", \"设置的题目数量\" : 1, \"级别\" : \"听独白选答案\", \"学科\" : \"英语\", \"对应端类型\" : \"通用\"}"
"{\"年级\" : \"四年级\", \"关联题目数量\" : 15, \"版本\" : \"人教版（三起）（2024审定）\", \"册\" : \"上册\", \"题干集合\" : \"<p>社团课上，Tom在和Jack聊自己的好朋友。听一听，他们聊了哪些内容？<\\/p>,<p>Tom在完成“我的朋友”为题的作文。听一听，下面句子是他写的内容吗？<\\/p><p>He often helps me with English.<\\/p>,<p>社团课上，Tom在和Jack聊自己的好朋友。听一听，他们聊了哪些内容？<\\/p>,<p>John在介绍自己最好的朋友。听一听，给他的介绍配上翻译吧！<\\/p>,<p>John在介绍自己最好的朋友。听一听，给他的介绍配上翻译吧！<\\/p>,<p>Tom在完成“我的朋友”为题的作文。听一听，下面句子是他写的内容吗？<\\/p><p>He's kind and funny.<\\/p>,<p>社团课上，Tom在和Jack聊自己的好朋友。听一听，他们聊了哪些内容？<\\/p>,<p>同学们在玩“猜猜这是谁”的游戏。听一听，人物特征与他们的描述相符吗？<\\/p>,<p>同学们在玩“猜猜这是谁”的游戏。听一听，人物特征与他们的描述相符吗？<\\/p>,<p>同学们在玩“猜猜这是谁”的游戏。听一听，他们描述的是谁呢？<\\/p>,<p>同学们在玩“猜猜这是谁”的游戏。听一听，他们描述的是谁呢？<\\/p>,<p>John在介绍自己最好的朋友。听一听，给他的介绍配上翻译吧！<\\/p>,<p>同学们在玩“猜猜这是谁”的游戏。听一听，人物特征与他们的描述相符吗？<\\/p>,<p>社团课上，Tom在和Jack聊自己的好朋友。听一听，他们聊了哪些内容？<\\/p>,<p>Tom在完成“我的朋友”为题的作文。听一听，下面句子是他写的内容吗？<\\/p><p>I have a new friend.<\\/p>\", \"单元名称\" : \"Unit 2 My friends\", \"设置的题目数量\" : 5, \"级别\" : \"综合进阶\", \"学科\" : \"英语\", \"对应端类型\" : \"通用\"}"
"{\"年级\" : \"四年级\", \"关联题目数量\" : \"\", \"版本\" : \"湘少版（2024审定）\", \"册\" : \"下册\", \"题干集合\" : \"\", \"单元名称\" : \"U11\", \"设置的题目数量\" : 5, \"级别\" : \"难点突破\", \"学科\" : \"英语\", \"对应端类型\" : \"通用\"}"
"{\"年级\" : \"三年级\", \"关联题目数量\" : 10, \"版本\" : \"湘少版\", \"册\" : \"上册\", \"题干集合\" : \",,,,,,,,,\", \"单元名称\" : \"Unit 12 Happy birthday!\", \"设置的题目数量\" : 5, \"级别\" : \"基础巩固\", \"学科\" : \"英语\", \"对应端类型\" : \"app\"}"
"{\"年级\" : \"五年级\", \"关联题目数量\" : \"\", \"版本\" : \"湘少版\", \"册\" : \"下册\", \"题干集合\" : \"\", \"单元名称\" : \"期末复习\", \"设置的题目数量\" : 5, \"级别\" : \"综合进阶\", \"学科\" : \"英语\", \"对应端类型\" : \"app\"}"
"{\"年级\" : \"三年级\", \"关联题目数量\" : \"\", \"版本\" : \"人教版（三起）（2024审定）\", \"册\" : \"下册\", \"题干集合\" : \"\", \"单元名称\" : \"U10\", \"设置的题目数量\" : 5, \"级别\" : \"综合进阶\", \"学科\" : \"英语\", \"对应端类型\" : \"通用\"}"
"{\"年级\" : \"五年级\", \"关联题目数量\" : \"\", \"版本\" : \"湘鲁版\", \"册\" : \"上册\", \"题干集合\" : \"\", \"单元名称\" : \"Units 6-10 测试卷\", \"设置的题目数量\" : 5, \"级别\" : \"难点突破\", \"学科\" : \"英语\", \"对应端类型\" : \"app\"}"
"{\"年级\" : \"四年级\", \"关联题目数量\" : \"\", \"版本\" : \"\", \"册\" : \"上册\", \"题干集合\" : \"\", \"单元名称\" : \"Units 7-9 测试卷\", \"设置的题目数量\" : 5, \"级别\" : \"基础巩固\", \"学科\" : \"英语\", \"对应端类型\" : \"通用\"}"
"{\"年级\" : \"七年级\", \"关联题目数量\" : 1, \"版本\" : \"\", \"册\" : \"上册\", \"题干集合\" : \"\", \"单元名称\" : \"Unit 2 We're Family!\", \"设置的题目数量\" : 1, \"级别\" : \"听短文完成题目\", \"学科\" : \"英语\", \"对应端类型\" : \"通用\"}"
"{\"年级\" : \"四年级\", \"关联题目数量\" : 15, \"版本\" : \"\", \"册\" : \"上册\", \"题干集合\" : \"<p>Amy在说绕口令。听一听，绕口令中包含了哪个单词呢？<\\/p>,<p>课堂上，同学们在完成听词组排序挑战。一起来做一做吧！<\\/p>,<p>my在说绕口令。听一听，绕口令中包含了哪个单词呢？<\\/p>,<p>神秘岛的探险队员们发现了一些奇怪的遗迹，上面刻着单词。听一听，是哪个单词呢？<\\/p>,<p>神秘岛的探险队员们发现了一些奇怪的遗迹，上面刻着单词。听一听，是哪个单词呢？<\\/p>,<p>神秘岛的探险队员们发现了一些奇怪的遗迹，上面刻着单词。听一听，是哪个单词呢？<\\/p>,<p>神秘岛的探险队员们发现了一些奇怪的遗迹，上面刻着单词。听一听，是哪个单词呢？<\\/p>,<p>Amy在说绕口令。听一听，绕口令中包含了哪个单词呢？<\\/p>,<p>Andy在准备出门的装备。听一听，他准备了什么物品？<\\/p>,<p>童话世界里的小精灵们在举办单词魔法大赛。听一听，给单词赋予释义吧！<\\/p>,<p>童话世界里的小精灵们在举办单词魔法大赛。听一听，给单词赋予释义吧！<\\/p>,<p>Tom和Andy在演示动作。听一听，谁演示的是对的呢？<\\/p>,<p>天气预报在播报明天的天气情况。听一听，明天是什么天气呢？<\\/p>,<p>童话世界里的小精灵们在举办单词魔法大赛。听一听，给单词赋予释义吧！<\\/p>,<p>Tom和Andy在演示动作。听一听，谁演示的是对的呢？<\\/p>\", \"单元名称\" : \"Unit 9 Please stay indoors on rainy days\", \"设置的题目数量\" : 5, \"级别\" : \"基础巩固\", \"学科\" : \"英语\", \"对应端类型\" : \"通用\"}"
"{\"年级\" : \"七年级\", \"关联题目数量\" : \"\", \"版本\" : \"人教版\", \"册\" : \"下册\", \"题干集合\" : \"\", \"单元名称\" : \"期末复习\", \"设置的题目数量\" : 5, \"级别\" : \"难点突破\", \"学科\" : \"英语\", \"对应端类型\" : \"通用\"}"
"{\"年级\" : \"五年级\", \"关联题目数量\" : 5, \"版本\" : \"湘少版\", \"册\" : \"下册\", \"题干集合\" : \"<p>Don't _____ in class.<\\/p>,<p>_____, cut the apple.<\\/p>,<p>My birthday is in _____.<\\/p>,<p>We are going to _____ pictures.\\t<\\/p>,<p>Happy _____ Day.<\\/p>\", \"单元名称\" : \"期中复习\", \"设置的题目数量\" : 5, \"级别\" : \"综合进阶\", \"学科\" : \"英语\", \"对应端类型\" : \"app\"}"
"{\"年级\" : \"六年级\", \"关联题目数量\" : 10, \"版本\" : \"湘鲁版\", \"册\" : \"下册\", \"题干集合\" : \"<p>|space<||>space| |space<||>space|read<\\/p>,<p>|space<||>space| |space<||>space|cellent<\\/p>,,,<p>|space<||>space|ns|space<||>space|de<\\/p>,<p>b|space<||>space|tterfly<\\/p>,,,<p>mu|space<||>space| |space<||>space|um<\\/p>,\", \"单元名称\" : \"Unit 4  We went on a science field trip.\", \"设置的题目数量\" : 5, \"级别\" : \"综合进阶\", \"学科\" : \"英语\", \"对应端类型\" : \"app\"}"
"{\"年级\" : \"三年级\", \"关联题目数量\" : \"\", \"版本\" : \"人教版（三起）\", \"册\" : \"下册\", \"题干集合\" : \"\", \"单元名称\" : \"U9\", \"设置的题目数量\" : 5, \"级别\" : \"基础巩固\", \"学科\" : \"英语\", \"对应端类型\" : \"通用\"}"
"{\"年级\" : \"六年级\", \"关联题目数量\" : \"\", \"版本\" : \"湘鲁版\", \"册\" : \"上册\", \"题干集合\" : \"\", \"单元名称\" : \"Units 6-10 测试卷\", \"设置的题目数量\" : 5, \"级别\" : \"难点突破\", \"学科\" : \"英语\", \"对应端类型\" : \"app\"}"
"{\"年级\" : \"七年级\", \"关联题目数量\" : \"\", \"版本\" : \"\", \"册\" : \"上册\", \"题干集合\" : \"\", \"单元名称\" : \"Starter Unit 1 Hello!\", \"设置的题目数量\" : 5, \"级别\" : \"基础巩固\", \"学科\" : \"英语\", \"对应端类型\" : \"通用\"}"
"{\"年级\" : \"三年级\", \"关联题目数量\" : \"\", \"版本\" : \"人教版（三起）\", \"册\" : \"上册\", \"题干集合\" : \"\", \"单元名称\" : \"Units 4-6 测试卷\", \"设置的题目数量\" : 5, \"级别\" : \"难点突破\", \"学科\" : \"英语\", \"对应端类型\" : \"app\"}"
"{\"年级\" : \"六年级\", \"关联题目数量\" : 10, \"版本\" : \"湘少版\", \"册\" : \"下册\", \"题干集合\" : \",,,,,,,,,\", \"单元名称\" : \"Unit 5 Our Earth looks like this in space\", \"设置的题目数量\" : 5, \"级别\" : \"难点突破\", \"学科\" : \"英语\", \"对应端类型\" : \"app\"}"
"{\"年级\" : \"五年级\", \"关联题目数量\" : \"\", \"版本\" : \"人教版（三起）\", \"册\" : \"上册\", \"题干集合\" : \"\", \"单元名称\" : \"U12\", \"设置的题目数量\" : 5, \"级别\" : \"基础巩固\", \"学科\" : \"英语\", \"对应端类型\" : \"app\"}"
"{\"年级\" : \"八年级\", \"关联题目数量\" : 1, \"版本\" : \"\", \"册\" : \"上册\", \"题干集合\" : \"\", \"单元名称\" : \"Unit 3 Same or Different?\", \"设置的题目数量\" : 1, \"级别\" : \"听独白选答案\", \"学科\" : \"英语\", \"对应端类型\" : \"通用\"}"
"{\"年级\" : \"六年级\", \"关联题目数量\" : \"\", \"版本\" : \"湘鲁版\", \"册\" : \"下册\", \"题干集合\" : \"\", \"单元名称\" : \"期末复习\", \"设置的题目数量\" : 5, \"级别\" : \"综合进阶\", \"学科\" : \"英语\", \"对应端类型\" : \"app\"}"
"{\"年级\" : \"六年级\", \"关联题目数量\" : \"\", \"版本\" : \"人教版（三起）\", \"册\" : \"下册\", \"题干集合\" : \"\", \"单元名称\" : \"U6\", \"设置的题目数量\" : 5, \"级别\" : \"综合进阶\", \"学科\" : \"英语\", \"对应端类型\" : \"通用\"}"
"{\"年级\" : \"三年级\", \"关联题目数量\" : \"\", \"版本\" : \"\", \"册\" : \"下册\", \"题干集合\" : \"\", \"单元名称\" : \"期中复习\", \"设置的题目数量\" : 5, \"级别\" : \"基础巩固\", \"学科\" : \"英语\", \"对应端类型\" : \"通用\"}"
"{\"年级\" : \"六年级\", \"关联题目数量\" : \"\", \"版本\" : \"教科版\", \"册\" : \"上册\", \"题干集合\" : \"\", \"单元名称\" : \"Unit 4 I like the city very much\", \"设置的题目数量\" : 5, \"级别\" : \"难点突破\", \"学科\" : \"英语\", \"对应端类型\" : \"通用\"}"
"{\"年级\" : \"三年级\", \"关联题目数量\" : 13, \"版本\" : \"\", \"册\" : \"上册\", \"题干集合\" : \"<p>Mrs Yuan is a ____.<\\/p>,,,<p>She is a driver.<\\/p>,,<p>What does ____ do?<\\/p>,,,<p>She is a cook.<\\/p>,,<p>She is a ____.<\\/p>,,<p>My grandmother is a doctor.<\\/p>\", \"单元名称\" : \"Unit 5 He is a cook\", \"设置的题目数量\" : 5, \"级别\" : \"综合进阶\", \"学科\" : \"英语\", \"对应端类型\" : \"通用\"}"
"{\"年级\" : \"八年级\", \"关联题目数量\" : \"\", \"版本\" : \"\", \"册\" : \"上册\", \"题干集合\" : \"\", \"单元名称\" : \"期中复习\", \"设置的题目数量\" : 5, \"级别\" : \"基础巩固\", \"学科\" : \"英语\", \"对应端类型\" : \"通用\"}"
"{\"年级\" : \"四年级\", \"关联题目数量\" : \"\", \"版本\" : \"人教版（三起）\", \"册\" : \"下册\", \"题干集合\" : \"\", \"单元名称\" : \"U10\", \"设置的题目数量\" : 5, \"级别\" : \"综合进阶\", \"学科\" : \"英语\", \"对应端类型\" : \"app\"}"
"{\"年级\" : \"八年级\", \"关联题目数量\" : \"\", \"版本\" : \"人教版\", \"册\" : \"上册\", \"题干集合\" : \"\", \"单元名称\" : \"期中复习\", \"设置的题目数量\" : 5, \"级别\" : \"难点突破\", \"学科\" : \"英语\", \"对应端类型\" : \"通用\"}"
"{\"年级\" : \"七年级\", \"关联题目数量\" : \"\", \"版本\" : \"人教版\", \"册\" : \"上册\", \"题干集合\" : \"\", \"单元名称\" : \"期末复习\", \"设置的题目数量\" : 5, \"级别\" : \"基础巩固\", \"学科\" : \"英语\", \"对应端类型\" : \"通用\"}"
"{\"年级\" : \"七年级\", \"关联题目数量\" : 1, \"版本\" : \"人教版\", \"册\" : \"上册\", \"题干集合\" : \"\", \"单元名称\" : \"Unit 3 Is this your pencil?\", \"设置的题目数量\" : 1, \"级别\" : \"听独白选答案\", \"学科\" : \"英语\", \"对应端类型\" : \"通用\"}"
"{\"年级\" : \"六年级\", \"关联题目数量\" : 22, \"版本\" : \"人教版（三起）\", \"册\" : \"上册\", \"题干集合\" : \",,NULL,<p>|space<||>space| |space<||>space| |space<||>space| |space<||>space|<\\/p>,<p>|space<||>space| |space<||>space| |space<||>space| |space<||>space| |space<||>space| |space<||>space| |space<||>space| |space<||>space| |space<||>space|<\\/p>,,<p>|space<||>space| |space<||>space| |space<||>space| |space<||>space| |space<||>space| |space<||>space| |space<||>space|<\\/p>,,,,,,<p>|space<||>space| |space<||>space| |space<||>space| |space<||>space|<\\/p>,,,,,<p>|space<||>space| |space<||>space| |space<||>space| |space<||>space| |space<||>space| |space<||>space|<\\/p>,<p>|space<||>space| |space<||>space| |space<||>space| |space<||>space|<\\/p>,,<p>|space<||>space| |space<||>space| |space<||>space| |space<||>space| |space<||>space|<\\/p>,\", \"单元名称\" : \"Unit 2 Ways to go to school\", \"设置的题目数量\" : 5, \"级别\" : \"难点突破\", \"学科\" : \"英语\", \"对应端类型\" : \"app\"}"
"{\"年级\" : \"六年级\", \"关联题目数量\" : 10, \"版本\" : \"湘鲁版\", \"册\" : \"下册\", \"题干集合\" : \"<p>Please come to the |space<||>space| party.<\\/p>,<p>I never |space<||>space| at night.<\\/p>,<p>我太棒了。<\\/p>,<p>你们感觉怎么样？<\\/p>,<p>Keep in |space<||>space|.<\\/p>,<p>我很想你们。<\\/p>,<p>She always makes me |space<||>space|.<\\/p>,<p>I can't play outside. I feel |space<||>space|.<\\/p>,<p>我们将会在周五举办欢送会。<\\/p>,<p>再见。<\\/p>\", \"单元名称\" : \"Unit 10  Goodbye to all our friends.\", \"设置的题目数量\" : 5, \"级别\" : \"难点突破\", \"学科\" : \"英语\", \"对应端类型\" : \"app\"}"
"{\"年级\" : \"四年级\", \"关联题目数量\" : 17, \"版本\" : \"湘少版（2024审定）\", \"册\" : \"上册\", \"题干集合\" : \"<p><span class=\\\"ql-cursor\\\">﻿<\\/span>在森林运动大会上，摄影师拍摄了很多小动物运动的照片，但是顺序弄乱了。听一听，快来整理一下吧！<\\/p>,<p>童话世界里的小精灵们在举办单词魔法大赛。听一听，给单词选择正确的释义吧。<\\/p>,<p>体育课上，老师在教学生如何打球。听一听，他教的是哪种球呢？<\\/p>,<p>博物馆的修复师正在修复打碎的动物标本。听一听，图中动物与修复师读的名称相符吗？<\\/p>,<p>Mike想报名参加学校的球类运动。听一听，他想参加的是哪项运动呢？<\\/p>,<p>神秘岛的探险队员们发现了一些奇怪的遗迹，上面刻着单词。听一听，是哪个单词呢？<\\/p>,<p>Amy在唱字母歌谣，听听她唱的是哪一个呢？<\\/p>,<p>童话世界里的小精灵们在举办单词魔法大赛。听一听，给单词选择正确的释义吧。<\\/p>,<p>玩具王国的玩具们在举办知识竞赛。听一听，来判断一下图片是否正确吧！<\\/p>,<p>神秘岛的探险队员们发现了一些奇怪的遗迹，上面刻着单词。听一听，是哪个单词呢？<\\/p>,<p>童话世界里的小精灵们在举办单词魔法大赛。听一听，给单词选择正确的释义吧。<\\/p>,<p>放学路上，Peter在分享自己擅长的运动。听一听，他分享的是哪项运动呢？<\\/p>,<p>神秘岛的探险队员们发现了一些奇怪的遗迹，上面刻着单词。听一听，是哪个单词呢？<\\/p>,<p>Amy在唱字母歌谣，听听她<span style=\\\"color: rgb(63, 74, 86);\\\">唱<\\/span>的是哪一个呢？<\\/p>,<p>运动会上，Amy在展示自己擅长的运动技能。听一听，她展示的是哪项技能呢？<\\/p>,<p>周末，E Bao准备去运动馆做运动。听一听，他要去做哪项运动呢？<\\/p>,<p>体育课上，老师拿出了一些体育物品让学生自由活动。听一听，将物品按顺序摆放吧！<\\/p>\", \"单元名称\" : \"Unit 5 Can you play basketball?\", \"设置的题目数量\" : 5, \"级别\" : \"基础巩固\", \"学科\" : \"英语\", \"对应端类型\" : \"通用\"}"
"{\"年级\" : \"三年级\", \"关联题目数量\" : \"\", \"版本\" : \"人教版（三起）\", \"册\" : \"下册\", \"题干集合\" : \"\", \"单元名称\" : \"期中复习\", \"设置的题目数量\" : 5, \"级别\" : \"基础巩固\", \"学科\" : \"英语\", \"对应端类型\" : \"通用\"}"
"{\"年级\" : \"三年级\", \"关联题目数量\" : 15, \"版本\" : \"\", \"册\" : \"上册\", \"题干集合\" : \"<p>同学<\\/p>,,,,,<p>too<\\/p>,,,<p>goodbye<\\/p>,,<p>your<\\/p>,,<p>也<\\/p>,,\", \"单元名称\" : \"Unit 2 Nice to meet you!\", \"设置的题目数量\" : 5, \"级别\" : \"基础巩固\", \"学科\" : \"英语\", \"对应端类型\" : \"通用\"}"
"{\"年级\" : \"三年级\", \"关联题目数量\" : \"\", \"版本\" : \"人教版（三起）（2024审定）\", \"册\" : \"上册\", \"题干集合\" : \"\", \"单元名称\" : \"U10\", \"设置的题目数量\" : 5, \"级别\" : \"综合进阶\", \"学科\" : \"英语\", \"对应端类型\" : \"通用\"}"
"{\"年级\" : \"七年级\", \"关联题目数量\" : \"\", \"版本\" : \"人教版\", \"册\" : \"下册\", \"题干集合\" : \"\", \"单元名称\" : \"期中复习\", \"设置的题目数量\" : 5, \"级别\" : \"难点突破\", \"学科\" : \"英语\", \"对应端类型\" : \"通用\"}"
"{\"年级\" : \"七年级\", \"关联题目数量\" : 1, \"版本\" : \"\", \"册\" : \"上册\", \"题干集合\" : \"\", \"单元名称\" : \"Unit 7 Happy Birthday!\", \"设置的题目数量\" : 1, \"级别\" : \"听独白选答案\", \"学科\" : \"英语\", \"对应端类型\" : \"通用\"}"
"{\"年级\" : \"四年级\", \"关联题目数量\" : \"\", \"版本\" : \"教科版\", \"册\" : \"上册\", \"题干集合\" : \"\", \"单元名称\" : \"Unit 2 They're near the window\", \"设置的题目数量\" : 5, \"级别\" : \"综合进阶\", \"学科\" : \"英语\", \"对应端类型\" : \"通用\"}"
"{\"年级\" : \"四年级\", \"关联题目数量\" : 10, \"版本\" : \"\", \"册\" : \"上册\", \"题干集合\" : \"<p>窗外下着大雨，Amy在和妈妈讨论活动。听一听，图片与他们的讨论相符吗？<\\/p>,<p>Amy独自去上学，妈妈在交代一些注意事项。妈妈交代的顺序是怎样的呢？<\\/p>,<p>科学课上，老师在讲解雨天注意事项的时候提出了问题，你会怎么回答呢？<\\/p>,<p>Andy在学习在不同场所应遵守的行为。他学习的顺序是怎样的呢？<\\/p>,<p>同学们在讨论不同天气的注意事项。听一听，下列信息与他们的对话相符吗？<\\/p><p>We should take sun umbrellas on sunny days.<\\/p>,<p>窗外在下大雨，Amy在和妈妈讨论活动提出了看法。妈妈会怎么回应呢？<\\/p>,<p>窗外在下大雨，Amy在和妈妈讨论活动时提出了问题，妈妈会怎么回答呢？<\\/p>,<p>科学课上，老师在讲解雨天注意事项的时候提出了问题，你会怎么回答呢？<\\/p>,<p>Amy和Tom在谈论下雪天的注意事项。听一听，图片与他们的谈话相符吗？<\\/p>,<p>Amy在和妈妈讨论雨天的活动。听一听，下面句子与她们的讨论相符吗？<\\/p><p>Amy can play in the rain.<\\/p>\", \"单元名称\" : \"Unit 9 Please stay indoors on rainy days\", \"设置的题目数量\" : 5, \"级别\" : \"难点突破\", \"学科\" : \"英语\", \"对应端类型\" : \"通用\"}"
"{\"年级\" : \"五年级\", \"关联题目数量\" : 10, \"版本\" : \"人教版（三起）\", \"册\" : \"下册\", \"题干集合\" : \",,,,,,,,,<p>forty<\\/p>\", \"单元名称\" : \"Unit 4 When is the art show?\", \"设置的题目数量\" : 5, \"级别\" : \"基础巩固\", \"学科\" : \"英语\", \"对应端类型\" : \"app\"}"
"{\"年级\" : \"五年级\", \"关联题目数量\" : \"\", \"版本\" : \"湘鲁版\", \"册\" : \"下册\", \"题干集合\" : \"\", \"单元名称\" : \"期末复习\", \"设置的题目数量\" : 5, \"级别\" : \"难点突破\", \"学科\" : \"英语\", \"对应端类型\" : \"app\"}"
"{\"年级\" : \"四年级\", \"关联题目数量\" : 10, \"版本\" : \"湘少版\", \"册\" : \"上册\", \"题干集合\" : \"<p>kitchen<\\/p>,<p>our<\\/p>,<p>wel|space<||>space| |space<||>space| |space<||>space| |space<||>space|<\\/p>,<p>come<\\/p>,<p>cl|space<||>space| |space<||>space|n<\\/p>,<p>bathroom<\\/p>,,<p>k|space<||>space|tch|space<||>space| |space<||>space|<\\/p>,<p>l|space<||>space|v|space<||>space|<\\/p>,<p>room<\\/p>\", \"单元名称\" : \"Unit 10 Welcome to our home!\", \"设置的题目数量\" : 5, \"级别\" : \"综合进阶\", \"学科\" : \"英语\", \"对应端类型\" : \"app\"}"
"{\"年级\" : \"五年级\", \"关联题目数量\" : 10, \"版本\" : \"湘鲁版\", \"册\" : \"下册\", \"题干集合\" : \",,,,<p>|space<||>space| |space<||>space| |space<||>space| |space<||>space|<\\/p>,,,,<p>|space<||>space| |space<||>space| |space<||>space| |space<||>space|<\\/p>,<p>|space<||>space| |space<||>space| |space<||>space| |space<||>space|<\\/p>\", \"单元名称\" : \"Unit 3  What time do you usually go to school?\", \"设置的题目数量\" : 5, \"级别\" : \"难点突破\", \"学科\" : \"英语\", \"对应端类型\" : \"app\"}"
"{\"年级\" : \"三年级\", \"关联题目数量\" : 10, \"版本\" : \"湘少版（2024审定）\", \"册\" : \"下册\", \"题干集合\" : \"<p>Amy和妈妈在整理衣柜。听一听，判断所听单词与所给图片是否相符。<\\/p>,<p>Amy和妈妈在整理衣柜。听一听，判断所听单词与所给图片是否相符。<\\/p>,<p>Jane在商场购物。听录音，选出Jane看到的衣物。<\\/p>,<p>Amy和妈妈在整理衣柜。听一听，判断所听单词与所给图片是否相符。<\\/p>,<p>Jane在商场购物。听录音，选出Jane看到的衣物。<\\/p>,<p>Linda在复习今天学的单词。听一听，选出你所听到的词组。<\\/p>,<p>Linda在复习今天学的单词。听一听，选出你所听到的词汇。<\\/p>,<p>Amy和妈妈在整理衣柜。听一听，判断所听单词与所给图片是否相符。<\\/p>,<p>Amy和妈妈在整理衣柜。听一听，判断所听单词与所给图片是否相符。<\\/p>,<p>Jane在商场购物。听录音，选出Jane看到的衣物。<\\/p>\", \"单元名称\" : \"Unit 4 Do you like the dress?\", \"设置的题目数量\" : 5, \"级别\" : \"基础巩固\", \"学科\" : \"英语\", \"对应端类型\" : \"通用\"}"
"{\"年级\" : \"三年级\", \"关联题目数量\" : \"\", \"版本\" : \"人教版（三起）（2024审定）\", \"册\" : \"下册\", \"题干集合\" : \"\", \"单元名称\" : \"U12\", \"设置的题目数量\" : 5, \"级别\" : \"综合进阶\", \"学科\" : \"英语\", \"对应端类型\" : \"通用\"}"
"{\"年级\" : \"六年级\", \"关联题目数量\" : \"\", \"版本\" : \"湘鲁版\", \"册\" : \"下册\", \"题干集合\" : \"\", \"单元名称\" : \"U12\", \"设置的题目数量\" : 5, \"级别\" : \"综合进阶\", \"学科\" : \"英语\", \"对应端类型\" : \"app\"}"
"{\"年级\" : \"三年级\", \"关联题目数量\" : 15, \"版本\" : \"人教版（三起）（2024审定）\", \"册\" : \"下册\", \"题干集合\" : \"<p>Amy在拼读单词。听一听，选出包含Amy所读音标的单词。<\\/p>,<p>同学们在玩“传话筒”游戏。听一听，选出所听单词的释义。<\\/p>,<p>Amy在玩拼图游戏。听一听，选出Amy所拼的部位。<\\/p>,<p>同学们在玩“传话筒”游戏。听一听，选出所听单词的释义。<\\/p>,<p>同学们在玩“传话筒”游戏。听一听，选出所听单词的释义。<\\/p>,<p>文化节要到了，同学们在准备节目。听一听，判断录音内容与所给节目是否相符。<\\/p>,<p>动物园里，Amy在向妈妈形容刚刚看到的动物。听一听，选出Amy所用的单词。<\\/p>,<p>Tom的妹妹不小心将Tom整理的单词卡片打乱了。听一听，给下列单词重新排序。<\\/p>,<p>Amy在拼读单词。听一听，选出包含Amy所读音标的单词。<\\/p>,<p>Amy在玩拼图游戏。听一听，选出Amy所拼的部位。<\\/p>,<p>动物园里，Amy在向妈妈形容刚刚看到的动物。听一听，选出Amy所用的单词。<\\/p>,<p>文化节要到了，同学们在准备节目。听一听，判断录音内容与所给节目是否相符。<\\/p>,<p>Amy在玩拼图游戏。听一听，选出Amy所拼的部位。<\\/p>,<p>动物园里，Amy在向妈妈形容刚刚看到的动物。听一听，选出Amy所用的单词。<\\/p>,<p>同学们在玩“传话筒”游戏。听一听，选出所听单词的释义。<\\/p>\", \"单元名称\" : \"Unit 2 Expressing yourself\", \"设置的题目数量\" : 5, \"级别\" : \"基础巩固\", \"学科\" : \"英语\", \"对应端类型\" : \"通用\"}"
"{\"年级\" : \"五年级\", \"关联题目数量\" : 11, \"版本\" : \"湘鲁版\", \"册\" : \"下册\", \"题干集合\" : \",,,,,,,,,,\", \"单元名称\" : \"Unit 5  You must come to school on time.\", \"设置的题目数量\" : 5, \"级别\" : \"基础巩固\", \"学科\" : \"英语\", \"对应端类型\" : \"app\"}"
"{\"年级\" : \"四年级\", \"关联题目数量\" : \"\", \"版本\" : \"湘鲁版\", \"册\" : \"下册\", \"题干集合\" : \"\", \"单元名称\" : \"U11\", \"设置的题目数量\" : 5, \"级别\" : \"基础巩固\", \"学科\" : \"英语\", \"对应端类型\" : \"app\"}"
"{\"年级\" : \"四年级\", \"关联题目数量\" : 10, \"版本\" : \"人教版（三起）\", \"册\" : \"下册\", \"题干集合\" : \",,,,,,,,,\", \"单元名称\" : \"Unit 2 What time is it?\", \"设置的题目数量\" : 5, \"级别\" : \"难点突破\", \"学科\" : \"英语\", \"对应端类型\" : \"app\"}"
"{\"年级\" : \"四年级\", \"关联题目数量\" : 10, \"版本\" : \"湘少版（2024审定）\", \"册\" : \"下册\", \"题干集合\" : \",<p>Mark这周很忙碌。听一听，连线搭配星期和事件。<\\/p>,<p>What day is it today?<\\/p>,,,<p>When (什么时候) can they go to the park?<\\/p>,,,,\", \"单元名称\" : \"Unit 3 Today is Wednesday\", \"设置的题目数量\" : 5, \"级别\" : \"难点突破\", \"学科\" : \"英语\", \"对应端类型\" : \"通用\"}"
"{\"年级\" : \"四年级\", \"关联题目数量\" : 15, \"版本\" : \"\", \"册\" : \"上册\", \"题干集合\" : \"<p> Amy在根据喜好程度给下列活动排序。听一听，一起动动手吧！<\\/p>,<p>学校组织了丰富多彩的课外活动。听一听，同学们参加的是哪项活动呢？<\\/p>,<p>童话世界里的小精灵们在举办单词魔法大赛。听一听，给单词赋予释义吧！<\\/p>,<p>周末，Amy在公园进行户外活动。听一听，Amy做了哪项活动呢？<\\/p>,<p>Amy在规划周六从上午到晚上的活动。听一听，活动顺序是怎样的呢<\\/p>,<p>童话世界里的小精灵们在举办单词魔法大赛。听一听，给单词赋予释义吧！<\\/p>,<p>童话世界里的小精灵们在举办单词魔法大赛。听一听，给单词赋予释义吧！<\\/p>,<p>今天天气晴朗，Amy准备外出活动。听一听，图片是Amy要参加的活动吗？<\\/p>,<p>Amy在唱自然拼读歌谣，听听她读的是哪一个呢？<\\/p>,<p>神秘岛的探险队员们发现了一些奇怪的遗迹，上面刻着单词。听一听，是哪个单词呢？<\\/p>,<p>周末，Anna在家想放松一下。听一听，她是怎么放松的呢？<\\/p>,<p>假期，Andy计划了一项有趣的活动。听一听，他计划的是哪项活动呢？<\\/p>,<p>今天天气晴朗，Amy准备外出活动。听一听，图片是Amy要参加的活动吗？<\\/p>,<p>神秘岛的探险队员们发现了一些奇怪的遗迹，上面刻着单词。听一听，是哪个单词呢？<\\/p>,<p>Amy在唱自然拼读歌谣，听听她读的是哪一个呢？<\\/p>\", \"单元名称\" : \"Unit 8 What do you want to do on sunny days?\", \"设置的题目数量\" : 5, \"级别\" : \"基础巩固\", \"学科\" : \"英语\", \"对应端类型\" : \"通用\"}"
"{\"年级\" : \"三年级\", \"关联题目数量\" : 10, \"版本\" : \"教科版（2024审定）\", \"册\" : \"下册\", \"题干集合\" : \"<p>Sam和Mulan在谈论学校不同场所的行为规范。听一听他们的对话，选择与对话内容相符的图片。<\\/p>,<p>教室里，同学们在说着自己做的事情。听一听，选择正确的短语补全句子。<\\/p><p>I ______ the lights.<\\/p>,<p>教室里，同学们在说着自己做的事情。听一听，选择正确的词补全句子。<\\/p><p>I use the ______ with care.<\\/p>,<p>Sam和Mulan在谈论学校不同场所的行为规范。听一听他们的对话，选择与对话内容相符的图片。<\\/p>,<p>教室里，同学们在说着自己做的事情。听一听，选择正确的词补全句子。<\\/p><p>I close the ____.<\\/p>,<p>邻居Jim在询问Sam有关学校的一些情况。听一听Jim的问题，帮助Sam选择合适的答语。<\\/p>,<p>教室里，Miss Li在教大家良好的行为。听一听Miss Li的问题，选择正确的答语。<\\/p>,<p>课堂上，同学们在讨论学校各个场所的良好行为。听一听他们的讨论，将下列句子排序。<\\/p>,<p>Sam和Mulan在谈论学校各个场所的良好行为。听一听他们的对话，判断下列信息与对话内容是否相符。<\\/p><p><br><\\/p><p>We wait in line in the lunchroom.<\\/p>,<p>Sam和Mulan在谈论学校不同场所的行为规范。听一听他们的对话，判断下列信息与对话内容是否相符。<\\/p><p><br><\\/p><p>We use the computer with care in the computer classroom.<\\/p>\", \"单元名称\" : \"Unit 8 A Polite Way\", \"设置的题目数量\" : 5, \"级别\" : \"难点突破\", \"学科\" : \"英语\", \"对应端类型\" : \"通用\"}"
"{\"年级\" : \"四年级\", \"关联题目数量\" : 10, \"版本\" : \"湘少版\", \"册\" : \"上册\", \"题干集合\" : \",,,,,,,,,\", \"单元名称\" : \"Unit 5 I like noodles\", \"设置的题目数量\" : 5, \"级别\" : \"难点突破\", \"学科\" : \"英语\", \"对应端类型\" : \"app\"}"
"{\"年级\" : \"三年级\", \"关联题目数量\" : 15, \"版本\" : \"人教版（三起）（2024审定）\", \"册\" : \"上册\", \"题干集合\" : \"<p>|space<||>space| |space<||>space|ant<span class=\\\"ql-cursor\\\">﻿<\\/span><\\/p>,,,,,,,,,,,,,,\", \"单元名称\" : \"Unit 4 Plants around us\", \"设置的题目数量\" : 5, \"级别\" : \"基础巩固\", \"学科\" : \"英语\", \"对应端类型\" : \"通用\"}"
"{\"年级\" : \"四年级\", \"关联题目数量\" : 15, \"版本\" : \"\", \"册\" : \"上册\", \"题干集合\" : \"<p>英语老师在给同学们听写本周所学的词汇。听一听，现在听写的是哪个单词？<\\/p>,<p>Mary在英语绘本上看到一段绕口令。听一听，绕口令中包含下面哪个单词？<\\/p>,<p>在动物世界的知识考试中，小动物们在听单词选择中文释义！快来加入他们吧！<\\/p>,<p>老师正在给新同学介绍学校的场所。听一听，老师介绍了哪个场所呢？<\\/p>,<p>英语老师在给同学们听写本周所学的词汇。听一听，现在听写的是哪个单词？<\\/p>,<p>Mary在英语绘本上看到一段绕口令。听一听，绕口令中包含下面哪个单词？<\\/p>,<p>老师正在给新同学介绍学校的场所。听一听，老师介绍了哪个场所呢？<\\/p>,<p>老师正在给新同学介绍学校的场所。听一听，老师介绍了哪个场所呢？<\\/p>,<p>在动物世界的知识考试中，小动物们在听单词选择中文释义！快来加入他们吧！<\\/p>,<p>英语老师在给同学们听写本周所学的词汇。听一听，现在听写的是哪个单词？<\\/p>,<p>Tom在和妹妹玩“看图猜词”的游戏。听一听，他猜对了吗？<\\/p>,<p>英语老师在给同学们听写本周所学的词汇。听一听，现在听写的是哪个单词？<\\/p>,<p>Tom在和妹妹玩“看图猜词”的游戏。听一听，他猜对了吗？<\\/p>,<p>Tom在给一年级的妹妹介绍学校的规则。听一听，图片是他介绍的规则吗？<\\/p>,<p>老师正在给新同学介绍学校的场所。听一听，老师介绍了哪个场所呢？<\\/p>\", \"单元名称\" : \"Unit 4 Be quiet, please!\", \"设置的题目数量\" : 5, \"级别\" : \"基础巩固\", \"学科\" : \"英语\", \"对应端类型\" : \"通用\"}"
"{\"年级\" : \"四年级\", \"关联题目数量\" : \"\", \"版本\" : \"人教版（三起）\", \"册\" : \"下册\", \"题干集合\" : \"\", \"单元名称\" : \"U10\", \"设置的题目数量\" : 5, \"级别\" : \"难点突破\", \"学科\" : \"英语\", \"对应端类型\" : \"app\"}"
"{\"年级\" : \"六年级\", \"关联题目数量\" : \"\", \"版本\" : \"人教版（三起）\", \"册\" : \"上册\", \"题干集合\" : \"\", \"单元名称\" : \"U12\", \"设置的题目数量\" : 5, \"级别\" : \"基础巩固\", \"学科\" : \"英语\", \"对应端类型\" : \"app\"}"
"{\"年级\" : \"六年级\", \"关联题目数量\" : 10, \"版本\" : \"湘鲁版\", \"册\" : \"下册\", \"题干集合\" : \"<p>s|space<||>space| |space<||>space| you<\\/p>,,<p>s|space<||>space| l|space<||>space|ng<\\/p>,<p>t|space<||>space|ll<\\/p>,,,,<p>f|space<||>space| |space<||>space|l<\\/p>,,<p>sn|space<||>space|r|space<||>space|<\\/p>\", \"单元名称\" : \"Unit 10  Goodbye to all our friends.\", \"设置的题目数量\" : 5, \"级别\" : \"综合进阶\", \"学科\" : \"英语\", \"对应端类型\" : \"app\"}"
"{\"年级\" : \"四年级\", \"关联题目数量\" : \"\", \"版本\" : \"人教版（三起）（2024审定）\", \"册\" : \"上册\", \"题干集合\" : \"\", \"单元名称\" : \"U9\", \"设置的题目数量\" : 5, \"级别\" : \"基础巩固\", \"学科\" : \"英语\", \"对应端类型\" : \"通用\"}"
"{\"年级\" : \"四年级\", \"关联题目数量\" : 9, \"版本\" : \"人教版（三起）\", \"册\" : \"上册\", \"题干集合\" : \",,,,,,,,\", \"单元名称\" : \"Unit 4 My home\", \"设置的题目数量\" : 5, \"级别\" : \"难点突破\", \"学科\" : \"英语\", \"对应端类型\" : \"app\"}"
"{\"年级\" : \"四年级\", \"关联题目数量\" : \"\", \"版本\" : \"人教版（三起）\", \"册\" : \"上册\", \"题干集合\" : \"\", \"单元名称\" : \"U11\", \"设置的题目数量\" : 5, \"级别\" : \"难点突破\", \"学科\" : \"英语\", \"对应端类型\" : \"app\"}"
"{\"年级\" : \"四年级\", \"关联题目数量\" : \"\", \"版本\" : \"\", \"册\" : \"下册\", \"题干集合\" : \"\", \"单元名称\" : \"Units 7-9 测试卷\", \"设置的题目数量\" : 5, \"级别\" : \"综合进阶\", \"学科\" : \"英语\", \"对应端类型\" : \"通用\"}"
"{\"年级\" : \"六年级\", \"关联题目数量\" : 12, \"版本\" : \"湘鲁版\", \"册\" : \"上册\", \"题干集合\" : \",,<p>胃痛<\\/p>,,<p>take some medicine<\\/p>,<p>应该<\\/p>,,,<p>take care of<\\/p>,,,\", \"单元名称\" : \"Unit 6 I am ill today.\", \"设置的题目数量\" : 5, \"级别\" : \"基础巩固\", \"学科\" : \"英语\", \"对应端类型\" : \"app\"}"
"{\"年级\" : \"四年级\", \"关联题目数量\" : 15, \"版本\" : \"教科版（2024审定）\", \"册\" : \"上册\", \"题干集合\" : \"<p>Amy在玩“单词释义对对碰”的游戏。听一听，帮Amy给单词找到释义吧！<\\/p>,<p>Peter在读一本英文绘本。听一听，图片与Peter所读的内容相符吗？<\\/p>,<p>Tim在告诉爸爸晚餐的食物。听一听，他们晚餐吃什么呢？<\\/p>,<p>Ben今天做了很多事情。听一听，他先后做了哪些动作呢？<\\/p>,<p>Amy在玩“单词释义对对碰”的游戏。听一听，帮Amy给单词找到释义吧！<\\/p>,<p>Peter在读一本英文绘本。听一听，图片与Peter所读的内容相符吗？<\\/p>,<p>Amy在标记不认识的单词。听一听，她依次标记了哪些单词呢？<\\/p>,<p>老师在课堂上领读单词。听一听，老师现在读的是哪个单词？<\\/p>,<p>老师在课堂上领读单词。听一听，老师现在读的是哪个单词？<\\/p>,<p>Tim在告诉爸爸晚餐的食物。听一听，他们晚餐吃什么呢？<\\/p>,<p>老师在课堂上领读单词。听一听，老师现在读的是哪个单词？<\\/p>,<p>Peter在读一本英文绘本。听一听，图片与Peter所读的内容相符吗？<\\/p>,<p>老师在课堂上领读单词。听一听，老师现在读的是哪个单词？<\\/p>,<p>Amy在玩“单词释义对对碰”的游戏。听一听，帮Amy给单词找到释义吧！<\\/p>,<p>Anna在选择餐具。听一听，她选的是哪种餐具呢？<\\/p>\", \"单元名称\" : \"Unit 2 Help Yourself\", \"设置的题目数量\" : 5, \"级别\" : \"基础巩固\", \"学科\" : \"英语\", \"对应端类型\" : \"通用\"}"
"{\"年级\" : \"七年级\", \"关联题目数量\" : 5, \"版本\" : \"人教版\", \"册\" : \"上册\", \"题干集合\" : \"<p>Whose pencil box is this?<\\/p>,<p>What's Nancy's telephone number?<\\/p>,<p>What color is Mike's pen?<\\/p>,<p>Is this notebook Hannah's?<\\/p>,<p>What are they talking about?<\\/p>\", \"单元名称\" : \"Unit 3 Is this your pencil?\", \"设置的题目数量\" : 5, \"级别\" : \"听短对话选答案\", \"学科\" : \"英语\", \"对应端类型\" : \"通用\"}"
"{\"年级\" : \"五年级\", \"关联题目数量\" : \"\", \"版本\" : \"湘少版\", \"册\" : \"上册\", \"题干集合\" : \"\", \"单元名称\" : \"期末复习\", \"设置的题目数量\" : 5, \"级别\" : \"基础巩固\", \"学科\" : \"英语\", \"对应端类型\" : \"app\"}"
"{\"年级\" : \"三年级\", \"关联题目数量\" : \"\", \"版本\" : \"\", \"册\" : \"上册\", \"题干集合\" : \"\", \"单元名称\" : \"U10\", \"设置的题目数量\" : 5, \"级别\" : \"难点突破\", \"学科\" : \"英语\", \"对应端类型\" : \"通用\"}"
"{\"年级\" : \"八年级\", \"关联题目数量\" : 1, \"版本\" : \"人教版\", \"册\" : \"下册\", \"题干集合\" : \"\", \"单元名称\" : \"Unit 7 What's the highest mountain in the world?\", \"设置的题目数量\" : 1, \"级别\" : \"听独白选答案\", \"学科\" : \"英语\", \"对应端类型\" : \"通用\"}"
"{\"年级\" : \"五年级\", \"关联题目数量\" : 10, \"版本\" : \"湘少版\", \"册\" : \"上册\", \"题干集合\" : \",<p>sometimes<\\/p>,,,,,<p>noisy<\\/p>,,<p>pretty<\\/p>,\", \"单元名称\" : \"Unit 11 I'm sorry\", \"设置的题目数量\" : 5, \"级别\" : \"综合进阶\", \"学科\" : \"英语\", \"对应端类型\" : \"app\"}"
"{\"年级\" : \"三年级\", \"关联题目数量\" : \"\", \"版本\" : \"湘鲁版\", \"册\" : \"下册\", \"题干集合\" : \"\", \"单元名称\" : \"期中复习\", \"设置的题目数量\" : 5, \"级别\" : \"基础巩固\", \"学科\" : \"英语\", \"对应端类型\" : \"app\"}"
"{\"年级\" : \"四年级\", \"关联题目数量\" : \"\", \"版本\" : \"人教版（三起）（2024审定）\", \"册\" : \"上册\", \"题干集合\" : \"\", \"单元名称\" : \"Units 5-6 测试卷\", \"设置的题目数量\" : 5, \"级别\" : \"难点突破\", \"学科\" : \"英语\", \"对应端类型\" : \"通用\"}"
"{\"年级\" : \"六年级\", \"关联题目数量\" : 12, \"版本\" : \"湘鲁版\", \"册\" : \"上册\", \"题干集合\" : \"<p>north<\\/p>,<p>东，东方（的）<\\/p>,,,,,,,,,<p>eat<\\/p>,\", \"单元名称\" : \"Unit 2 We are in the east of the city.\", \"设置的题目数量\" : 5, \"级别\" : \"基础巩固\", \"学科\" : \"英语\", \"对应端类型\" : \"app\"}"
"{\"年级\" : \"五年级\", \"关联题目数量\" : \"\", \"版本\" : \"人教版（三起）\", \"册\" : \"上册\", \"题干集合\" : \"\", \"单元名称\" : \"U7\", \"设置的题目数量\" : 5, \"级别\" : \"综合进阶\", \"学科\" : \"英语\", \"对应端类型\" : \"app\"}"
"{\"年级\" : \"四年级\", \"关联题目数量\" : 17, \"版本\" : \"湘少版（2024审定）\", \"册\" : \"上册\", \"题干集合\" : \"<p>神秘岛的探险队员们发现了一些奇怪的遗迹，上面刻着单词。听一听，是哪个单词呢？<\\/p>,<p>学校走廊在展示 “身边的职业” 照片。听一听，职业展示的顺序是怎样的呢？<\\/p>,<p>Linda在给书本上的单词贴上对应的图片。听一听，Linda贴的对吗？<\\/p>,<p>童话王国的居民正在讨论梦想中的职业。听一听，选择他们的梦想职业。<\\/p>,<p>童话王国的居民正在讨论梦想中的职业。听一听，选择他们的梦想职业。<\\/p>,<p>在虚拟职业体验馆里，AI导师展示不同职业工具。听一听，给不同职业选择正确的工具。<\\/p>,<p>童话王国的居民正在讨论梦想中的职业。听一听，选择他们的梦想职业。<\\/p>,<p>童话世界里的小精灵们在举办单词魔法大赛。听一听，给单词赋予释义吧。<\\/p>,<p>神秘岛的探险队员们发现了一些奇怪的遗迹，上面刻着单词。听一听，是哪个单词呢？<\\/p>,<p>在虚拟职业体验馆里，AI导师展示不同职业工具。听一听，给不同职业选择正确的工具。<\\/p>,<p>童话世界里的小精灵们在举办单词魔法大赛。听一听，给单词赋予释义吧。<\\/p>,<p>班级正在举办 “我的梦想职业” 演讲比赛。听一听，同学们依次提到了哪些职业？<\\/p>,<p>神秘岛的探险队员们发现了一些奇怪的遗迹，上面刻着单词。听一听，是哪个单词呢？<\\/p>,<p>Amy在读字母绘本。听一听，句子中包含了哪个单词呢？<\\/p>,<p>童话世界里的小精灵们在举办单词魔法大赛。听一听，给单词赋予释义吧。<\\/p>,<p>Amy在读字母绘本。听一听，句子中包含了哪个单词呢？<\\/p>,<p>Linda在给书本上的单词贴上对应的图片。听一听，Linda贴的对吗？<\\/p>\", \"单元名称\" : \"Unit 10 What’s her job?\", \"设置的题目数量\" : 5, \"级别\" : \"基础巩固\", \"学科\" : \"英语\", \"对应端类型\" : \"通用\"}"
"{\"年级\" : \"六年级\", \"关联题目数量\" : 9, \"版本\" : \"湘少版\", \"册\" : \"上册\", \"题干集合\" : \"<p>冰淇淋<\\/p>,<p>de|space<||>space| |space<||>space|rate<\\/p>,<p>|space<||>space| |space<||>space| |space<||>space| |space<||>space| |space<||>space|<\\/p>,NULL,<p>欢乐的<\\/p>,NULL,NULL,<p>col|space<||>space| |space<||>space| |space<||>space|ful<\\/p>,<p>rec|space<||>space| |space<||>space|ve<\\/p>\", \"单元名称\" : \"Unit 12 It's Christmas again!\", \"设置的题目数量\" : 5, \"级别\" : \"难点突破\", \"学科\" : \"英语\", \"对应端类型\" : \"app\"}"
"{\"年级\" : \"三年级\", \"关联题目数量\" : \"\", \"版本\" : \"教科版（2024审定）\", \"册\" : \"下册\", \"题干集合\" : \"\", \"单元名称\" : \"U11\", \"设置的题目数量\" : 5, \"级别\" : \"难点突破\", \"学科\" : \"英语\", \"对应端类型\" : \"通用\"}"
"{\"年级\" : \"三年级\", \"关联题目数量\" : \"\", \"版本\" : \"\", \"册\" : \"下册\", \"题干集合\" : \"\", \"单元名称\" : \"U10\", \"设置的题目数量\" : 5, \"级别\" : \"综合进阶\", \"学科\" : \"英语\", \"对应端类型\" : \"通用\"}"
"{\"年级\" : \"四年级\", \"关联题目数量\" : \"\", \"版本\" : \"教科版\", \"册\" : \"上册\", \"题干集合\" : \"\", \"单元名称\" : \"Unit 4 I live in a big house\", \"设置的题目数量\" : 5, \"级别\" : \"综合进阶\", \"学科\" : \"英语\", \"对应端类型\" : \"通用\"}"
"{\"年级\" : \"四年级\", \"关联题目数量\" : 9, \"版本\" : \"湘少版\", \"册\" : \"上册\", \"题干集合\" : \",,,,,,,,\", \"单元名称\" : \"Unit 3 Look at this elephant\", \"设置的题目数量\" : 5, \"级别\" : \"难点突破\", \"学科\" : \"英语\", \"对应端类型\" : \"app\"}"
"{\"年级\" : \"三年级\", \"关联题目数量\" : 10, \"版本\" : \"湘鲁版\", \"册\" : \"上册\", \"题干集合\" : \"<p>|space<||>space|r|space<||>space|ser<\\/p>,<p>desk<\\/p>,<p>teacher<\\/p>,,<p>t|space<||>space| |space<||>space|cher<\\/p>,<p>n|space<||>space| |space<||>space|<\\/p>,<p>this<\\/p>,<p>pupil<\\/p>,,<p>she<\\/p>\", \"单元名称\" : \"Unit 4 Is this your pen?\", \"设置的题目数量\" : 5, \"级别\" : \"综合进阶\", \"学科\" : \"英语\", \"对应端类型\" : \"app\"}"
"{\"年级\" : \"三年级\", \"关联题目数量\" : \"\", \"版本\" : \"人教版（三起）（2024审定）\", \"册\" : \"上册\", \"题干集合\" : \"\", \"单元名称\" : \"Units 4-6 测试卷（B）\", \"设置的题目数量\" : 5, \"级别\" : \"基础巩固\", \"学科\" : \"英语\", \"对应端类型\" : \"通用\"}"
"{\"年级\" : \"四年级\", \"关联题目数量\" : 15, \"版本\" : \"教科版（2024审定）\", \"册\" : \"下册\", \"题干集合\" : \",,,,,,,,,,,,,,\", \"单元名称\" : \"Unit 1 The School Garden\", \"设置的题目数量\" : 15, \"级别\" : \"基础巩固\", \"学科\" : \"英语\", \"对应端类型\" : \"通用\"}"
"{\"年级\" : \"四年级\", \"关联题目数量\" : 10, \"版本\" : \"教科版（2024审定）\", \"册\" : \"上册\", \"题干集合\" : \"<p>班会课上，老师在表扬同学们的日常行为。听一听，同学们有哪些好的行为呢？<\\/p>,<p>Yiming和Sam在操场上散步。听一听，图片与他们的聊天内容相符吗？<\\/p>,<p>Tom在操场玩时遇到了Linda。听一听Tom的话，帮Linda回应他吧！<\\/p>,<p>Anne在朗读英语课文。听一听，她依次朗读了哪些句子呢？<\\/p><p><br><\\/p>,<p>Lina在操场上遇到了在社团招新的同学们。听一听，图片与他们的聊天内容相符吗？<\\/p>,<p>Linda在走廊上看到Lily抱着很多书。听一听，帮Lily回答Linda的话吧！<\\/p>,<p>Alice在记录Aiwen的友善行为。听一听，她依次记录了哪些内容？<\\/p>,<p>操场上，Linda独自坐着，Lily上前搭话。听一听，帮Linda回答Lily的话吧！<\\/p>,<p>Mulan在操场上遇到了Alice。听一听，图片与他们的聊天内容相符吗？<\\/p>,<p>老师在表扬同学们。听一听，她依次表扬哪些同学呢？<\\/p>\", \"单元名称\" : \"Unit 5 She Helps Me a Lot\", \"设置的题目数量\" : 5, \"级别\" : \"难点突破\", \"学科\" : \"英语\", \"对应端类型\" : \"通用\"}"
"{\"年级\" : \"三年级\", \"关联题目数量\" : 12, \"版本\" : \"湘少版\", \"册\" : \"下册\", \"题干集合\" : \",<p>do<\\/p>,<p>cool<\\/p>,,,,,,,,,\", \"单元名称\" : \"Unit 8 I like a sunny day\", \"设置的题目数量\" : 5, \"级别\" : \"基础巩固\", \"学科\" : \"英语\", \"对应端类型\" : \"app\"}"
"{\"年级\" : \"四年级\", \"关联题目数量\" : 10, \"版本\" : \"人教版（三起）\", \"册\" : \"下册\", \"题干集合\" : \",,,,,,,,,\", \"单元名称\" : \"Unit 4 At the farm\", \"设置的题目数量\" : 5, \"级别\" : \"综合进阶\", \"学科\" : \"英语\", \"对应端类型\" : \"app\"}"
"{\"年级\" : \"三年级\", \"关联题目数量\" : 10, \"版本\" : \"湘少版（2024审定）\", \"册\" : \"上册\", \"题干集合\" : \",,,,,<p>I don't |space<||>space| lemons.<\\/p>,,,<p>It's a |space<||>space|.<\\/p>,<p>Is this an |space<||>space|?<\\/p>\", \"单元名称\" : \"Unit 9 I like apples\", \"设置的题目数量\" : 5, \"级别\" : \"难点突破\", \"学科\" : \"英语\", \"对应端类型\" : \"通用\"}"
"{\"年级\" : \"六年级\", \"关联题目数量\" : 10, \"版本\" : \"人教版（三起）\", \"册\" : \"下册\", \"题干集合\" : \"<p>Did he |space<||>space| a book last Monday?<\\/p>,<p>You must finish your homework before eight o'clock.<\\/p>,<p>What did you do last |space<||>space|?<\\/p>,<p>We |space<||>space| a film last Sunday.<\\/p>,<p>He cleaned his house last weekend.<\\/p>,,,<p>Let's go to the |space<||>space|.<\\/p>,<p>I stayed at home the day |space<||>space| yesterday.<\\/p>,<p>I enjoy playing basketball with friends.<\\/p>\", \"单元名称\" : \"Unit 2 Last weekend\", \"设置的题目数量\" : 5, \"级别\" : \"难点突破\", \"学科\" : \"英语\", \"对应端类型\" : \"通用\"}"
"{\"年级\" : \"六年级\", \"关联题目数量\" : \"\", \"版本\" : \"人教版（三起）\", \"册\" : \"上册\", \"题干集合\" : \"\", \"单元名称\" : \"Units 1-3 测试卷\", \"设置的题目数量\" : 5, \"级别\" : \"综合进阶\", \"学科\" : \"英语\", \"对应端类型\" : \"app\"}"
"{\"年级\" : \"六年级\", \"关联题目数量\" : \"\", \"版本\" : \"湘少版\", \"册\" : \"下册\", \"题干集合\" : \"\", \"单元名称\" : \"U12\", \"设置的题目数量\" : 5, \"级别\" : \"综合进阶\", \"学科\" : \"英语\", \"对应端类型\" : \"app\"}"
"{\"年级\" : \"八年级\", \"关联题目数量\" : 1, \"版本\" : \"人教版\", \"册\" : \"下册\", \"题干集合\" : \"\", \"单元名称\" : \"Unit 4 Why don't you talk to your parents?\", \"设置的题目数量\" : 1, \"级别\" : \"听独白选答案\", \"学科\" : \"英语\", \"对应端类型\" : \"通用\"}"
"{\"年级\" : \"三年级\", \"关联题目数量\" : 10, \"版本\" : \"湘少版\", \"册\" : \"下册\", \"题干集合\" : \"<p>postman<\\/p>,,<p>farmer <\\/p>,<p>nurse<\\/p>,<p>teacher <\\/p>,<p>drive<\\/p>,<p>farm <\\/p>,,,\", \"单元名称\" : \"Unit 10 Is he a farmer?\", \"设置的题目数量\" : 5, \"级别\" : \"基础巩固\", \"学科\" : \"英语\", \"对应端类型\" : \"app\"}"
"{\"年级\" : \"五年级\", \"关联题目数量\" : 21, \"版本\" : \"湘少版\", \"册\" : \"下册\", \"题干集合\" : \"<p>|space<||>space| |space<||>space| |space<||>space| |space<||>space| |space<||>space| |space<||>space|<\\/p>,,<p>|space<||>space| |space<||>space| |space<||>space| |space<||>space| |space<||>space| |space<||>space|<\\/p>,,<p>|space<||>space| |space<||>space| |space<||>space| |space<||>space| |space<||>space| |space<||>space|<\\/p>,,<p>|space<||>space| |space<||>space| |space<||>space| |space<||>space| |space<||>space|<\\/p>,,,<p>|space<||>space| |space<||>space| |space<||>space| |space<||>space| |space<||>space| |space<||>space| |space<||>space| |space<||>space|<\\/p>,,,,<p>|space<||>space| |space<||>space| |space<||>space| |space<||>space|<\\/p>,,,<p>|space<||>space| |space<||>space| |space<||>space| |space<||>space|<\\/p>,,,,\", \"单元名称\" : \"Unit 7 There's a post office near my school\", \"设置的题目数量\" : 5, \"级别\" : \"难点突破\", \"学科\" : \"英语\", \"对应端类型\" : \"app\"}"
"{\"年级\" : \"四年级\", \"关联题目数量\" : 13, \"版本\" : \"湘少版\", \"册\" : \"上册\", \"题干集合\" : \",,,,,,,,,,,,\", \"单元名称\" : \"Unit 9 It's one hundred\", \"设置的题目数量\" : 5, \"级别\" : \"基础巩固\", \"学科\" : \"英语\", \"对应端类型\" : \"app\"}"
"{\"年级\" : \"三年级\", \"关联题目数量\" : \"\", \"版本\" : \"人教版（三起）（2024审定）\", \"册\" : \"下册\", \"题干集合\" : \"\", \"单元名称\" : \"U9\", \"设置的题目数量\" : 5, \"级别\" : \"基础巩固\", \"学科\" : \"英语\", \"对应端类型\" : \"通用\"}"
"{\"年级\" : \"四年级\", \"关联题目数量\" : \"\", \"版本\" : \"\", \"册\" : \"下册\", \"题干集合\" : \"\", \"单元名称\" : \"期中复习\", \"设置的题目数量\" : 5, \"级别\" : \"难点突破\", \"学科\" : \"英语\", \"对应端类型\" : \"通用\"}"
"{\"年级\" : \"四年级\", \"关联题目数量\" : 10, \"版本\" : \"湘鲁版\", \"册\" : \"下册\", \"题干集合\" : \",,,,,,,,,\", \"单元名称\" : \"Unit 9  What are you going to do this summer?\", \"设置的题目数量\" : 5, \"级别\" : \"难点突破\", \"学科\" : \"英语\", \"对应端类型\" : \"app\"}"
"{\"年级\" : \"三年级\", \"关联题目数量\" : 10, \"版本\" : \"湘少版（2024审定）\", \"册\" : \"下册\", \"题干集合\" : \"<p>Anna在教妹妹认识身体部位。听一听，选出与Anna所说单词相符的图片。<\\/p>,<p>妈妈希望Andy和妹妹养成良好的生活习惯。听妈妈的要求，判断所听内容与图片是否相符。<\\/p>,<p>妈妈希望Andy和妹妹养成良好的生活习惯。听妈妈的要求，判断所听内容与图片是否相符。<\\/p>,<p>妈妈希望Andy和妹妹养成良好的生活习惯。听妈妈的要求，判断所听内容与图片是否相符。<\\/p>,<p>课间，同学们在玩“你来比划我来猜”的游戏。听一听，选出你所听到的词汇。<\\/p>,<p>Anna在教妹妹认识身体部位。听一听，选出与Anna所说单词相符的图片。<\\/p>,<p>课间，同学们在玩“你来比划我来猜”的游戏。听一听，选出你所听到的词汇。<\\/p>,<p>课间，同学们在玩“你来比划我来猜”的游戏。听一听，选出你所听到的词汇。<\\/p>,<p>Anna在教妹妹认识身体部位。听一听，选出与Anna所说单词相符的图片。<\\/p>,<p>妈妈希望Andy和妹妹养成良好的生活习惯。听妈妈的要求，判断所听内容与图片是否相符。<\\/p>\", \"单元名称\" : \"Unit 7 Wash your hands\", \"设置的题目数量\" : 5, \"级别\" : \"基础巩固\", \"学科\" : \"英语\", \"对应端类型\" : \"通用\"}"
"{\"年级\" : \"三年级\", \"关联题目数量\" : 11, \"版本\" : \"湘少版\", \"册\" : \"上册\", \"题干集合\" : \",<p>Thank you very much.<\\/p>,,,,,,,,,\", \"单元名称\" : \"Unit 12 Happy birthday!\", \"设置的题目数量\" : 5, \"级别\" : \"难点突破\", \"学科\" : \"英语\", \"对应端类型\" : \"app\"}"
"{\"年级\" : \"三年级\", \"关联题目数量\" : \"\", \"版本\" : \"湘少版\", \"册\" : \"上册\", \"题干集合\" : \"\", \"单元名称\" : \"期中复习\", \"设置的题目数量\" : 5, \"级别\" : \"综合进阶\", \"学科\" : \"英语\", \"对应端类型\" : \"app\"}"
"{\"年级\" : \"四年级\", \"关联题目数量\" : \"\", \"版本\" : \"教科版（2024审定）\", \"册\" : \"上册\", \"题干集合\" : \"\", \"单元名称\" : \"U10\", \"设置的题目数量\" : 5, \"级别\" : \"难点突破\", \"学科\" : \"英语\", \"对应端类型\" : \"通用\"}"
"{\"年级\" : \"七年级\", \"关联题目数量\" : \"\", \"版本\" : \"\", \"册\" : \"下册\", \"题干集合\" : \"\", \"单元名称\" : \"U9\", \"设置的题目数量\" : 5, \"级别\" : \"难点突破\", \"学科\" : \"英语\", \"对应端类型\" : \"通用\"}"
"{\"年级\" : \"七年级\", \"关联题目数量\" : 1, \"版本\" : \"人教版\", \"册\" : \"上册\", \"题干集合\" : \"<p>1. |space<||>space|<\\/p><p>2. |space<||>space|<\\/p><p>3. |space<||>space|<\\/p><p>4. |space<||>space|<\\/p><p>5. |space<||>space|<\\/p>\", \"单元名称\" : \"Unit 5 Do you have a soccer ball?\", \"设置的题目数量\" : 1, \"级别\" : \"听短文完成题目\", \"学科\" : \"英语\", \"对应端类型\" : \"通用\"}"
"{\"年级\" : \"七年级\", \"关联题目数量\" : \"\", \"版本\" : \"人教版\", \"册\" : \"上册\", \"题干集合\" : \"\", \"单元名称\" : \"Starter Unit 3 What color is it?\", \"设置的题目数量\" : 5, \"级别\" : \"综合进阶\", \"学科\" : \"英语\", \"对应端类型\" : \"通用\"}"
"{\"年级\" : \"六年级\", \"关联题目数量\" : 10, \"版本\" : \"湘鲁版\", \"册\" : \"下册\", \"题干集合\" : \",,,,,,,,,\", \"单元名称\" : \"Unit 9  China is a great country!\", \"设置的题目数量\" : 5, \"级别\" : \"基础巩固\", \"学科\" : \"英语\", \"对应端类型\" : \"app\"}"
"{\"年级\" : \"三年级\", \"关联题目数量\" : \"\", \"版本\" : \"人教版（三起）（2024审定）\", \"册\" : \"上册\", \"题干集合\" : \"\", \"单元名称\" : \"U8\", \"设置的题目数量\" : 5, \"级别\" : \"基础巩固\", \"学科\" : \"英语\", \"对应端类型\" : \"通用\"}"
"{\"年级\" : \"三年级\", \"关联题目数量\" : 10, \"版本\" : \"湘少版（2024审定）\", \"册\" : \"上册\", \"题干集合\" : \"<p>It's a |space<||>space|.<\\/p>,,,,,<p>Here is a |space<||>space| for you.<\\/p>,,<p>Happy |space<||>space|!<\\/p>,,\", \"单元名称\" : \"Unit 10 Happy birthday!\", \"设置的题目数量\" : 5, \"级别\" : \"难点突破\", \"学科\" : \"英语\", \"对应端类型\" : \"通用\"}"
"{\"年级\" : \"三年级\", \"关联题目数量\" : 10, \"版本\" : \"湘少版\", \"册\" : \"下册\", \"题干集合\" : \",,,,,,,,,\", \"单元名称\" : \"Unit 10 Is he a farmer?\", \"设置的题目数量\" : 5, \"级别\" : \"综合进阶\", \"学科\" : \"英语\", \"对应端类型\" : \"app\"}"
"{\"年级\" : \"三年级\", \"关联题目数量\" : 10, \"版本\" : \"人教版（三起）\", \"册\" : \"下册\", \"题干集合\" : \"<p>short<\\/p>,,<p>long <\\/p>,,,,<p>thin<\\/p>,<p>giraffe<\\/p>,<p>child<\\/p>,\", \"单元名称\" : \"Unit 3 At the zoo\", \"设置的题目数量\" : 5, \"级别\" : \"综合进阶\", \"学科\" : \"英语\", \"对应端类型\" : \"通用\"}"
"{\"年级\" : \"七年级\", \"关联题目数量\" : 1, \"版本\" : \"人教版\", \"册\" : \"下册\", \"题干集合\" : \"<p>1. |space<||>space|<\\/p><p>2. |space<||>space|<\\/p><p>3. |space<||>space|<\\/p><p>4. |space<||>space|<\\/p><p>5. |space<||>space|<\\/p>\", \"单元名称\" : \"Unit 9 What does he look like?\", \"设置的题目数量\" : 1, \"级别\" : \"听短文完成题目\", \"学科\" : \"英语\", \"对应端类型\" : \"通用\"}"
"{\"年级\" : \"四年级\", \"关联题目数量\" : 15, \"版本\" : \"湘少版（2024审定）\", \"册\" : \"下册\", \"题干集合\" : \",,,,<p>英语课上，老师在播放一段英语绕口令。听一听，绕口令中包含下面哪个单词？<\\/p>,,,,,,,,,,<p>英语课上，老师在播放一段英语绕口令。听一听，绕口令中包含下面哪个单词？<\\/p>\", \"单元名称\" : \"Unit 10 What does that sign mean?\", \"设置的题目数量\" : 5, \"级别\" : \"基础巩固\", \"学科\" : \"英语\", \"对应端类型\" : \"通用\"}"
"{\"年级\" : \"七年级\", \"关联题目数量\" : 5, \"版本\" : \"\", \"册\" : \"上册\", \"题干集合\" : \"<p>How much is a kilo of apples?<\\/p>,<p>When is the girl's birthday party?<\\/p>,<p>Is Linda's birthday on 5th October?<\\/p>,<p>When is the School Day?<\\/p>,<p>When is Mike's birthday?<\\/p>\", \"单元名称\" : \"Unit 7 Happy Birthday!\", \"设置的题目数量\" : 5, \"级别\" : \"听短对话选答案\", \"学科\" : \"英语\", \"对应端类型\" : \"通用\"}"
"{\"年级\" : \"六年级\", \"关联题目数量\" : 11, \"版本\" : \"湘鲁版\", \"册\" : \"上册\", \"题干集合\" : \",,,,,,,,,,\", \"单元名称\" : \"Unit 2 We are in the east of the city.\", \"设置的题目数量\" : 5, \"级别\" : \"综合进阶\", \"学科\" : \"英语\", \"对应端类型\" : \"app\"}"
"{\"年级\" : \"六年级\", \"关联题目数量\" : \"\", \"版本\" : \"湘鲁版\", \"册\" : \"上册\", \"题干集合\" : \"\", \"单元名称\" : \"Units 1-5 测试卷\", \"设置的题目数量\" : 5, \"级别\" : \"难点突破\", \"学科\" : \"英语\", \"对应端类型\" : \"app\"}"
"{\"年级\" : \"四年级\", \"关联题目数量\" : \"\", \"版本\" : \"湘少版\", \"册\" : \"上册\", \"题干集合\" : \"\", \"单元名称\" : \"期末复习\", \"设置的题目数量\" : 5, \"级别\" : \"难点突破\", \"学科\" : \"英语\", \"对应端类型\" : \"app\"}"
"{\"年级\" : \"三年级\", \"关联题目数量\" : 10, \"版本\" : \"人教版（三起）\", \"册\" : \"下册\", \"题干集合\" : \"<p>This is my ____.<\\/p>,<p>This is my ____.<\\/p>,<p>Who's that ____?<\\/p>,,,<p>Is he your ____?<\\/p>,<p>She is my ____.<\\/p>,,,\", \"单元名称\" : \"Unit 2 My family\", \"设置的题目数量\" : 10, \"级别\" : \"难点突破\", \"学科\" : \"英语\", \"对应端类型\" : \"通用\"}"
"{\"年级\" : \"七年级\", \"关联题目数量\" : 1, \"版本\" : \"\", \"册\" : \"上册\", \"题干集合\" : \"<p>1.|space<||>space|<\\/p><p>2.|space<||>space|<\\/p><p>3.|space<||>space|<\\/p><p>4.|space<||>space|<\\/p><p>5.|space<||>space|<\\/p>\", \"单元名称\" : \"Unit 4 My Favourite Subject\", \"设置的题目数量\" : 1, \"级别\" : \"听短文完成题目\", \"学科\" : \"英语\", \"对应端类型\" : \"通用\"}"
"{\"年级\" : \"四年级\", \"关联题目数量\" : 18, \"版本\" : \"湘鲁版\", \"册\" : \"上册\", \"题干集合\" : \",,,,,,,,,,,,,,,,,\", \"单元名称\" : \"Unit 8 Where are you from?\", \"设置的题目数量\" : 5, \"级别\" : \"综合进阶\", \"学科\" : \"英语\", \"对应端类型\" : \"app\"}"
"{\"年级\" : \"七年级\", \"关联题目数量\" : 1, \"版本\" : \"\", \"册\" : \"下册\", \"题干集合\" : \"\", \"单元名称\" : \"Unit 7 A Day to Remember\", \"设置的题目数量\" : 1, \"级别\" : \"听长对话选答案\", \"学科\" : \"英语\", \"对应端类型\" : \"通用\"}"
"{\"年级\" : \"六年级\", \"关联题目数量\" : 12, \"版本\" : \"人教版（三起）\", \"册\" : \"下册\", \"题干集合\" : \",,,<p>There was no |space<||>space| in our school.<\\/p>,<p>|space<||>space| |space<||>space| |space<||>space| |space<||>space| |space<||>space|<\\/p>,<p>|space<||>space| |space<||>space| |space<||>space| |space<||>space| |space<||>space|<\\/p>,<p>Did you use |space<||>space| many years ago?<\\/p>,<p>They like going |space<||>space| very much.<\\/p>,<p>I played |space<||>space| this morning.<\\/p>,<p>Lily could |space<||>space| very well last year.<\\/p>,<p>|space<||>space| |space<||>space| |space<||>space|<\\/p>,\", \"单元名称\" : \"Unit 4 Then and now\", \"设置的题目数量\" : 5, \"级别\" : \"综合进阶\", \"学科\" : \"英语\", \"对应端类型\" : \"通用\"}"
"{\"年级\" : \"三年级\", \"关联题目数量\" : 15, \"版本\" : \"湘少版（2024审定）\", \"册\" : \"上册\", \"题干集合\" : \",,<p>O<\\/p>,,,<p>sh|space<||>space|<\\/p>,<p>wh|space<||>space|<\\/p>,,,<p>哥哥；弟弟<\\/p>,,,,,\", \"单元名称\" : \"Unit 4 This is my family\", \"设置的题目数量\" : 5, \"级别\" : \"基础巩固\", \"学科\" : \"英语\", \"对应端类型\" : \"通用\"}"
"{\"年级\" : \"五年级\", \"关联题目数量\" : 13, \"版本\" : \"湘少版\", \"册\" : \"下册\", \"题干集合\" : \",,,,,,,,,,,,\", \"单元名称\" : \"Unit 2 We're going to do some research\", \"设置的题目数量\" : 5, \"级别\" : \"综合进阶\", \"学科\" : \"英语\", \"对应端类型\" : \"app\"}"
"{\"年级\" : \"四年级\", \"关联题目数量\" : \"\", \"版本\" : \"人教版（三起）（2024审定）\", \"册\" : \"上册\", \"题干集合\" : \"\", \"单元名称\" : \"期中复习\", \"设置的题目数量\" : 5, \"级别\" : \"综合进阶\", \"学科\" : \"英语\", \"对应端类型\" : \"通用\"}"
"{\"年级\" : \"五年级\", \"关联题目数量\" : 10, \"版本\" : \"湘鲁版\", \"册\" : \"下册\", \"题干集合\" : \",,,,,,,,,\", \"单元名称\" : \"Unit 6  Is this a shopping centre?\", \"设置的题目数量\" : 5, \"级别\" : \"基础巩固\", \"学科\" : \"英语\", \"对应端类型\" : \"app\"}"
"{\"年级\" : \"六年级\", \"关联题目数量\" : \"\", \"版本\" : \"湘少版\", \"册\" : \"下册\", \"题干集合\" : \"\", \"单元名称\" : \"期中复习\", \"设置的题目数量\" : 5, \"级别\" : \"综合进阶\", \"学科\" : \"英语\", \"对应端类型\" : \"app\"}"
"{\"年级\" : \"七年级\", \"关联题目数量\" : 1, \"版本\" : \"人教版\", \"册\" : \"下册\", \"题干集合\" : \"\", \"单元名称\" : \"Unit 5 Why do you like pandas?\", \"设置的题目数量\" : 1, \"级别\" : \"听长对话选答案\", \"学科\" : \"英语\", \"对应端类型\" : \"通用\"}"
"{\"年级\" : \"八年级\", \"关联题目数量\" : \"\", \"版本\" : \"人教版\", \"册\" : \"下册\", \"题干集合\" : \"\", \"单元名称\" : \"期中复习\", \"设置的题目数量\" : 5, \"级别\" : \"综合进阶\", \"学科\" : \"英语\", \"对应端类型\" : \"通用\"}"
"{\"年级\" : \"四年级\", \"关联题目数量\" : 12, \"版本\" : \"湘鲁版\", \"册\" : \"下册\", \"题干集合\" : \",,,<p>look<\\/p>,<p>cloud<\\/p>,,<p>read<\\/p>,<p>make a list<\\/p>,<p>ten<\\/p>,,<p>cold<\\/p>,<p>cat<\\/p>\", \"单元名称\" : \"Unit 1  What do we need?\", \"设置的题目数量\" : 5, \"级别\" : \"基础巩固\", \"学科\" : \"英语\", \"对应端类型\" : \"app\"}"
"{\"年级\" : \"三年级\", \"关联题目数量\" : 15, \"版本\" : \"\", \"册\" : \"下册\", \"题干集合\" : \"<p>Lily在好朋友Mike家里做客。听一听他们的部分聊天内容，选出你所听到的句子。<\\/p>,<p>晚饭时间，Lily和家人在谈论想吃的食物。听一听，选出Lily妹妹想吃的食物。<\\/p>,<p>晚饭时间，Lily和家人在谈论想吃的食物。听一听，选出Lily想吃的食物。<\\/p>,<p>Lily在好朋友Mike家里做客。听一听他们的部分聊天内容，选出你所听到的句子。<\\/p>,<p>Lily的奶奶在和Lily的外国朋友聊天，听一听部分聊天内容，帮Lily给奶奶选出正确的翻译。<\\/p>,<p>Lily的奶奶在和Lily的外国朋友聊天，听一听部分聊天内容，帮Lily给奶奶选出正确的翻译。<\\/p>,<p>晚饭时间，Lily和家人在谈论想吃的食物。听一听，选出Lily的妈妈想吃的食物。<\\/p>,<p>Lily和同学Tom在一起吃早餐。听一听，判断图中食物是否为Tom的早餐。<\\/p>,<p>晚饭时间，Lily和家人在谈论想吃的食物。听一听，选出Lily爸爸想吃的食物。<\\/p>,<p>Lily的奶奶在和Lily的外国朋友聊天，听一听部分聊天内容，帮Lily给奶奶选出正确的翻译。<\\/p>,<p>Lily的奶奶在和Lily的外国朋友聊天，听一听部分聊天内容，帮Lily给奶奶选出正确的翻译。<\\/p>,<p>Lily在好朋友Mike家里做客。听一听他们的部分聊天内容，选出你所听到的句子。<\\/p>,<p>Lily和同学Tom在一起吃早餐。听一听，判断图中食物是否为Lily的早餐。<\\/p>,<p>Lily的奶奶在和Lily的外国朋友聊天，听一听部分聊天内容，帮Lily给奶奶选出正确的翻译。<\\/p>,<p>Lily在好朋友Mike家里做客。听一听他们的部分聊天内容，选出你所听到的句子。<\\/p>\", \"单元名称\" : \"Unit 3 What would you like?\", \"设置的题目数量\" : 5, \"级别\" : \"综合进阶\", \"学科\" : \"英语\", \"对应端类型\" : \"通用\"}"
"{\"年级\" : \"四年级\", \"关联题目数量\" : 15, \"版本\" : \"\", \"册\" : \"上册\", \"题干集合\" : \"<p>John输掉了比赛，Andy陪他去散步。听一听，Andy对他说了什么呢？<\\/p>,<p>John输掉了比赛，好朋友Andy想安慰他。听一听，Andy对他说了什么呢？<\\/p>,<p>Mary在描述能让自己开心的活动。听一听，她说的是哪项活动？<\\/p>,<p>Ms. White在讲关于“情绪”主题的课程。听一听，下面句子是她说的吗？<\\/p><p>How do you feel?<\\/p>,<p>Ms. White在讲关于“情绪”主题的课程。听一听，下面句子是她说的吗？<\\/p><p>I feel worried.<\\/p>,<p>Mary在描述能让自己开心的活动。听一听，她说的是哪项活动？<\\/p>,<p>妈妈在给Amy提供一些缓解情绪的建议。听一听，图片是妈妈提供的建议吗？<\\/p>,<p>妈妈在给Amy提供一些缓解情绪的建议。听一听，图片是妈妈提供的建议吗？<\\/p>,<p>Tom在学习与娱乐相关的英文句子。听一听，请你翻译句子吧！<\\/p>,<p>John输掉了比赛，好朋友Andy想安慰他。听一听，Andy对他说了什么呢？<\\/p>,<p>Tom在学习与娱乐相关的英文句子。听一听，请你翻译句子吧！<\\/p>,<p>妈妈在给Amy提供一些缓解情绪的建议。听一听，图片是妈妈提供的建议吗？<\\/p>,<p>Mary在描述能让自己开心的活动。听一听，她说的是哪项活动？<\\/p>,<p>Andy陪比赛失利的John在操场上散步。听一听，John对他说了什么呢？<\\/p>,<p>妈妈在给Amy提供一些缓解情绪的建议。听一听，图片是妈妈提供的建议吗？<\\/p>\", \"单元名称\" : \"Unit 3 Playing the piano makes me happy!\", \"设置的题目数量\" : 5, \"级别\" : \"综合进阶\", \"学科\" : \"英语\", \"对应端类型\" : \"通用\"}"
"{\"年级\" : \"三年级\", \"关联题目数量\" : 10, \"版本\" : \"教科版（2024审定）\", \"册\" : \"下册\", \"题干集合\" : \"<p>新同学Mary在操场上看同学们玩耍。听一听，选出Mary所说的句子。<\\/p>,<p>新同学Mary在操场上看同学们玩耍。听一听，选出Mary所说的句子。<\\/p>,<p>新同学Mary在操场上看同学们玩耍。听一听，选出同学们所说的句子。<\\/p>,<p>Lily看见好朋友们在跳绳，他们会说些什么呢？听一听，判断下面句子与他们的对话内容是否相符。<\\/p><p><br><\\/p><p>I'd love to!<\\/p>,<p>Lily在观看好朋友们跳绳，他们会说些什么呢？听一听，判断下面句子与他们的对话内容是否相符。<\\/p><p><br><\\/p><p>Yes, thanks!<\\/p>,<p>同学们在教室里玩游戏，他们会说些什么呢？听一听，选择与他们所说内容相符的翻译。<\\/p>,<p>新同学Mary在操场上看同学们玩耍。听一听，选出同学们所说的句子。<\\/p>,<p>Lily看见好朋友们在跳绳，他们会说些什么呢？听一听，判断下面句子与他们的对话内容是否相符。<\\/p><p><br><\\/p><p>Do you want to join us?<\\/p>,<p>同学们在教室里玩游戏，他们会说些什么呢？听一听，选择与他们所说内容相符的翻译。<\\/p>,<p>同学们在教室里玩游戏，他们会说些什么呢？听一听，选择与他们所说内容相符的翻译。<\\/p>\", \"单元名称\" : \"Unit 4 Come and Join Us!\", \"设置的题目数量\" : 5, \"级别\" : \"综合进阶\", \"学科\" : \"英语\", \"对应端类型\" : \"通用\"}"
"{\"年级\" : \"四年级\", \"关联题目数量\" : \"\", \"版本\" : \"人教版（三起）\", \"册\" : \"上册\", \"题干集合\" : \"\", \"单元名称\" : \"期末复习\", \"设置的题目数量\" : 5, \"级别\" : \"难点突破\", \"学科\" : \"英语\", \"对应端类型\" : \"app\"}"
"{\"年级\" : \"四年级\", \"关联题目数量\" : 15, \"版本\" : \"教科版（2024审定）\", \"册\" : \"上册\", \"题干集合\" : \"<p>花花在复习今天学过的单词。听一听，帮她找到单词对应的释义吧！<\\/p>,<p>职业体验活动中，Tommy体验了很多职业。听一听，他在体验什么职业呢？<\\/p>,<p>Andy在给弟弟介绍职业。听一听，图中职业是Andy所说的吗？<\\/p>,<p>Andy在给弟弟介绍职业。听一听，图中职业是Andy所说的吗？<\\/p>,<p>John在听写单词。听一听，他写对了吗？<\\/p><p>weekend<\\/p>,<p>Lucy在标记时间轴。听一听，她标记的是哪段时间？<\\/p>,<p>花花在复习今天学过的单词。听一听，帮她找到单词对应的释义吧！<\\/p>,<p>花花在复习今天学过的单词。听一听，帮她找到单词对应的释义吧！<\\/p>,<p>职业体验活动中，Tommy体验了很多职业。听一听，他在体验什么职业呢？<\\/p>,<p>John在听写单词。听一听，他写对了吗？<\\/p><p>sound <\\/p>,<p>Lucy在标记时间轴。听一听，她标记的是哪段时间？<\\/p>,<p>Lucy在标记时间轴。听一听，她标记的是哪段时间？<\\/p>,<p>Andy在给弟弟介绍职业。听一听，图中职业是Andy所说的吗？<\\/p>,<p>Andy在给弟弟介绍职业。听一听，图中职业是Andy所说的吗？<\\/p>,<p>职业体验活动中，Tommy体验了很多职业。听一听，他在体验什么职业呢？<\\/p>\", \"单元名称\" : \"Unit 7 Family Time\", \"设置的题目数量\" : 5, \"级别\" : \"基础巩固\", \"学科\" : \"英语\", \"对应端类型\" : \"通用\"}"
"{\"年级\" : \"六年级\", \"关联题目数量\" : 19, \"版本\" : \"湘鲁版\", \"册\" : \"上册\", \"题干集合\" : \"<p>|space<||>space| tennis<\\/p>,<p>|space<||>space| |space<||>space| |space<||>space| |space<||>space| |space<||>space| |space<||>space| |space<||>space| |space<||>space| |space<||>space|<\\/p>,,,,<p>|space<||>space| game<\\/p>,,,<p>|space<||>space| |space<||>space| |space<||>space| |space<||>space| |space<||>space| |space<||>space|<\\/p>,<p>|space<||>space| |space<||>space| |space<||>space| |space<||>space| |space<||>space|<\\/p>,,,,<p>|space<||>space| music<\\/p>,,,,<p>|space<||>space| |space<||>space| |space<||>space| |space<||>space|<\\/p>,<p>|space<||>space| skating<\\/p>\", \"单元名称\" : \"Unit 8 Do you enjoy playing tennis?\", \"设置的题目数量\" : 5, \"级别\" : \"难点突破\", \"学科\" : \"英语\", \"对应端类型\" : \"app\"}"
"{\"年级\" : \"四年级\", \"关联题目数量\" : \"\", \"版本\" : \"人教版（三起）\", \"册\" : \"下册\", \"题干集合\" : \"\", \"单元名称\" : \"U11\", \"设置的题目数量\" : 5, \"级别\" : \"基础巩固\", \"学科\" : \"英语\", \"对应端类型\" : \"app\"}"
"{\"年级\" : \"五年级\", \"关联题目数量\" : 14, \"版本\" : \"湘少版\", \"册\" : \"下册\", \"题干集合\" : \",,,,,,,,,,,,,\", \"单元名称\" : \"Unit 7 There's a post office near my school\", \"设置的题目数量\" : 5, \"级别\" : \"综合进阶\", \"学科\" : \"英语\", \"对应端类型\" : \"app\"}"
"{\"年级\" : \"六年级\", \"关联题目数量\" : 10, \"版本\" : \"湘少版\", \"册\" : \"上册\", \"题干集合\" : \"<p>candy<\\/p>,,,,,,<p>cook <\\/p>,NULL,NULL,\", \"单元名称\" : \"Unit 6 I will bring a big bottle of orange juice\", \"设置的题目数量\" : 5, \"级别\" : \"基础巩固\", \"学科\" : \"英语\", \"对应端类型\" : \"app\"}"
"{\"年级\" : \"八年级\", \"关联题目数量\" : \"\", \"版本\" : \"\", \"册\" : \"上册\", \"题干集合\" : \"\", \"单元名称\" : \"U10\", \"设置的题目数量\" : 5, \"级别\" : \"难点突破\", \"学科\" : \"英语\", \"对应端类型\" : \"通用\"}"
"{\"年级\" : \"四年级\", \"关联题目数量\" : \"\", \"版本\" : \"湘少版（2024审定）\", \"册\" : \"下册\", \"题干集合\" : \"\", \"单元名称\" : \"Units 1-3 测试卷\", \"设置的题目数量\" : 5, \"级别\" : \"基础巩固\", \"学科\" : \"英语\", \"对应端类型\" : \"通用\"}"
"{\"年级\" : \"四年级\", \"关联题目数量\" : 10, \"版本\" : \"湘鲁版\", \"册\" : \"下册\", \"题干集合\" : \",,,,,,,,,\", \"单元名称\" : \"Unit 6  Where are you going?\", \"设置的题目数量\" : 5, \"级别\" : \"难点突破\", \"学科\" : \"英语\", \"对应端类型\" : \"app\"}"
"{\"年级\" : \"四年级\", \"关联题目数量\" : \"\", \"版本\" : \"教科版\", \"册\" : \"上册\", \"题干集合\" : \"\", \"单元名称\" : \"期末复习\", \"设置的题目数量\" : 5, \"级别\" : \"难点突破\", \"学科\" : \"英语\", \"对应端类型\" : \"通用\"}"
"{\"年级\" : \"七年级\", \"关联题目数量\" : 1, \"版本\" : \"\", \"册\" : \"上册\", \"题干集合\" : \"\", \"单元名称\" : \"Unit 2 We're Family!\", \"设置的题目数量\" : 1, \"级别\" : \"听长对话选答案\", \"学科\" : \"英语\", \"对应端类型\" : \"通用\"}"
"{\"年级\" : \"三年级\", \"关联题目数量\" : 14, \"版本\" : \"湘少版\", \"册\" : \"下册\", \"题干集合\" : \"<p>|space<||>space| |space<||>space| |space<||>space|<\\/p>,,,<p>|space<||>space| |space<||>space| |space<||>space| |space<||>space|<\\/p>,,,,,,,,,,\", \"单元名称\" : \"Unit 2 Are you Lingling?\", \"设置的题目数量\" : 5, \"级别\" : \"综合进阶\", \"学科\" : \"英语\", \"对应端类型\" : \"app\"}"
"{\"年级\" : \"三年级\", \"关联题目数量\" : \"\", \"版本\" : \"\", \"册\" : \"下册\", \"题干集合\" : \"\", \"单元名称\" : \"U12\", \"设置的题目数量\" : 5, \"级别\" : \"综合进阶\", \"学科\" : \"英语\", \"对应端类型\" : \"通用\"}"
"{\"年级\" : \"七年级\", \"关联题目数量\" : 1, \"版本\" : \"人教版\", \"册\" : \"下册\", \"题干集合\" : \"\", \"单元名称\" : \"Unit 10 I'd like some noodles.\", \"设置的题目数量\" : 1, \"级别\" : \"听独白选答案\", \"学科\" : \"英语\", \"对应端类型\" : \"通用\"}"
"{\"年级\" : \"五年级\", \"关联题目数量\" : 10, \"版本\" : \"湘鲁版\", \"册\" : \"下册\", \"题干集合\" : \"<p>They are talking about the school rules.<\\/p>,<p>Do not draw on the wall.<\\/p>,<p>There are many |space<||>space| rules.<\\/p>,<p>You must throw the rubbish in the box.<\\/p>,<p>Jack was |space<||>space| for school yesterday.<\\/p>,<p>My brother always gets up late.<\\/p>,<p>You mustn't use a mobile phone.\\t<\\/p>,<p>You must |space<||>space| the desk.<\\/p>,<p>Do not shout at or |space<||>space| anyone.<\\/p>,<p>People should walk on the |space<||>space| side.<\\/p>\", \"单元名称\" : \"Unit 5  You must come to school on time.\", \"设置的题目数量\" : 5, \"级别\" : \"难点突破\", \"学科\" : \"英语\", \"对应端类型\" : \"app\"}"
"{\"年级\" : \"四年级\", \"关联题目数量\" : 10, \"版本\" : \"教科版（2024审定）\", \"册\" : \"上册\", \"题干集合\" : \"<p>Lucy在记录同学们打扫卫生的顺序。听一听，她记录对了吗？<\\/p><p>We can clear the table next.<\\/p>,<p>Tom和Tony在商量打扫卫生的顺序。听一听，图片是他们要进行的打扫工作吗？<\\/p>,<p>Lucy在记录同学们打扫卫生的顺序。听一听，她记录对了吗？<\\/p><p>We can wash the dishes first.<\\/p>,<p>Mary和妈妈在谈论打扫卫生的事项。听一听，帮Mary回答妈妈吧！<\\/p>,<p>Tom和Tony在商量打扫卫生的顺序。听一听，图片是他们要进行的打扫工作吗？<\\/p>,<p>Jane在制定打扫厨房的步骤。听一听，她是按照什么步骤打扫的呢？<\\/p>,<p>妈妈在安排家庭大扫除的人员名单。听一听，每个人需要做什么家务呢？<\\/p>,<p>Mary和妈妈在谈论打扫卫生的事项。听一听，帮妈妈回答Mary吧！<\\/p>,<p>Jenny在和妈妈学习如何打扫卫生。听一听，她依次向妈妈问了哪些问题呢？<\\/p>,<p>Andy在绘制家务清单。听一听，他依次绘制了哪些图片？<\\/p>\", \"单元名称\" : \"Unit 4 Help Out in the Kitchen\", \"设置的题目数量\" : 5, \"级别\" : \"难点突破\", \"学科\" : \"英语\", \"对应端类型\" : \"通用\"}"
"{\"年级\" : \"八年级\", \"关联题目数量\" : 1, \"版本\" : \"人教版\", \"册\" : \"上册\", \"题干集合\" : \"\", \"单元名称\" : \"Unit 3 I'm more outgoing than my sister.\", \"设置的题目数量\" : 1, \"级别\" : \"听长对话选答案\", \"学科\" : \"英语\", \"对应端类型\" : \"通用\"}"
"{\"年级\" : \"四年级\", \"关联题目数量\" : \"\", \"版本\" : \"人教版（三起）（2024审定）\", \"册\" : \"上册\", \"题干集合\" : \"\", \"单元名称\" : \"U10\", \"设置的题目数量\" : 5, \"级别\" : \"综合进阶\", \"学科\" : \"英语\", \"对应端类型\" : \"通用\"}"
"{\"年级\" : \"四年级\", \"关联题目数量\" : \"\", \"版本\" : \"湘少版（2024审定）\", \"册\" : \"下册\", \"题干集合\" : \"\", \"单元名称\" : \"期末复习\", \"设置的题目数量\" : 5, \"级别\" : \"难点突破\", \"学科\" : \"英语\", \"对应端类型\" : \"通用\"}"
"{\"年级\" : \"八年级\", \"关联题目数量\" : 1, \"版本\" : \"\", \"册\" : \"上册\", \"题干集合\" : \"\", \"单元名称\" : \"Unit 2 Home Sweet Home\", \"设置的题目数量\" : 1, \"级别\" : \"听独白选答案\", \"学科\" : \"英语\", \"对应端类型\" : \"通用\"}"
"{\"年级\" : \"七年级\", \"关联题目数量\" : \"\", \"版本\" : \"\", \"册\" : \"下册\", \"题干集合\" : \"\", \"单元名称\" : \"U12\", \"设置的题目数量\" : 5, \"级别\" : \"难点突破\", \"学科\" : \"英语\", \"对应端类型\" : \"通用\"}"
"{\"年级\" : \"三年级\", \"关联题目数量\" : \"\", \"版本\" : \"湘少版\", \"册\" : \"下册\", \"题干集合\" : \"\", \"单元名称\" : \"期末复习\", \"设置的题目数量\" : 5, \"级别\" : \"基础巩固\", \"学科\" : \"英语\", \"对应端类型\" : \"app\"}"
"{\"年级\" : \"六年级\", \"关联题目数量\" : 11, \"版本\" : \"湘鲁版\", \"册\" : \"上册\", \"题干集合\" : \",,,<p>滑雪<\\/p>,<p>bad<\\/p>,,,,,,<p>from<\\/p>\", \"单元名称\" : \"Unit 8 Do you enjoy playing tennis?\", \"设置的题目数量\" : 5, \"级别\" : \"基础巩固\", \"学科\" : \"英语\", \"对应端类型\" : \"app\"}"
"{\"年级\" : \"八年级\", \"关联题目数量\" : 1, \"版本\" : \"人教版\", \"册\" : \"上册\", \"题干集合\" : \"\", \"单元名称\" : \"Unit 6 I'm going to study computer science.\", \"设置的题目数量\" : 1, \"级别\" : \"听长对话选答案\", \"学科\" : \"英语\", \"对应端类型\" : \"通用\"}"
"{\"年级\" : \"五年级\", \"关联题目数量\" : \"\", \"版本\" : \"湘鲁版\", \"册\" : \"上册\", \"题干集合\" : \"\", \"单元名称\" : \"期中复习\", \"设置的题目数量\" : 5, \"级别\" : \"基础巩固\", \"学科\" : \"英语\", \"对应端类型\" : \"app\"}"
"{\"年级\" : \"三年级\", \"关联题目数量\" : 10, \"版本\" : \"人教版（三起）（2024审定）\", \"册\" : \"下册\", \"题干集合\" : \"<p>周六Andy和妹妹在家吃午餐。听一听，选出正确的单词补全妹妹所说的句子。<\\/p><p>I'd like some ____ and ____.<\\/p>,<p>Andy放学回到家，爸爸在询问他晚餐的食物喜好。听一听，帮Andy选择合适的答语。<\\/p>,<p>妹妹在询问并记录Andy想要的食物。听一听，判断妹妹记录的信息与他们的对话是否相符。<\\/p><p>Andy would like some juice and candy.<\\/p>,<p>Andy放学回到家，爸爸在询问他晚餐的食物喜好。听一听，帮Andy选择合适的答语。<\\/p>,<p>周六Andy和妹妹在家吃午餐。听一听，选出正确的单词补全Andy所说的句子。<\\/p><p>Have some ____ and ____.<\\/p>,<p>Andy和好朋友们在吃自助餐。听一听，根据描述，将人物与想要的食物连线。<\\/p>,<p> Andy在列自己想吃的食物清单。听一听Andy的描述，按照听到的顺序给句子排序。<\\/p>,<p>Andy放学回到家，爸爸在询问他晚餐的食物喜好。听一听，帮Andy选择合适的答语。<\\/p>,,<p>Andy在调查同学们三餐的食物喜好。听一听，判断图片与Peter的喜好是否相符。<\\/p>\", \"单元名称\" : \"Unit 4 Healthy food\", \"设置的题目数量\" : 5, \"级别\" : \"难点突破\", \"学科\" : \"英语\", \"对应端类型\" : \"通用\"}"
"{\"年级\" : \"六年级\", \"关联题目数量\" : \"\", \"版本\" : \"教科版\", \"册\" : \"上册\", \"题干集合\" : \"\", \"单元名称\" : \"Unit 5 What's the matter with you?\", \"设置的题目数量\" : 5, \"级别\" : \"综合进阶\", \"学科\" : \"英语\", \"对应端类型\" : \"通用\"}"
"{\"年级\" : \"五年级\", \"关联题目数量\" : \"\", \"版本\" : \"人教版（三起）\", \"册\" : \"上册\", \"题干集合\" : \"\", \"单元名称\" : \"U7\", \"设置的题目数量\" : 5, \"级别\" : \"基础巩固\", \"学科\" : \"英语\", \"对应端类型\" : \"app\"}"
"{\"年级\" : \"七年级\", \"关联题目数量\" : 1, \"版本\" : \"\", \"册\" : \"下册\", \"题干集合\" : \"<p>1. |space<||>space|<\\/p><p>2. |space<||>space|<\\/p><p>3. |space<||>space|<\\/p><p>4. |space<||>space|<\\/p><p>5. |space<||>space|<\\/p><p><br><\\/p>\", \"单元名称\" : \"Unit 3 Keep Fit\", \"设置的题目数量\" : 1, \"级别\" : \"听短文完成题目\", \"学科\" : \"英语\", \"对应端类型\" : \"通用\"}"
"{\"年级\" : \"四年级\", \"关联题目数量\" : \"\", \"版本\" : \"\", \"册\" : \"下册\", \"题干集合\" : \"\", \"单元名称\" : \"期末复习\", \"设置的题目数量\" : 5, \"级别\" : \"难点突破\", \"学科\" : \"英语\", \"对应端类型\" : \"通用\"}"
"{\"年级\" : \"五年级\", \"关联题目数量\" : 13, \"版本\" : \"湘少版\", \"册\" : \"下册\", \"题干集合\" : \",,,,,,,,,,,,\", \"单元名称\" : \"Unit 9 He's kind to children\", \"设置的题目数量\" : 5, \"级别\" : \"难点突破\", \"学科\" : \"英语\", \"对应端类型\" : \"app\"}"
"{\"年级\" : \"五年级\", \"关联题目数量\" : 17, \"版本\" : \"湘少版\", \"册\" : \"下册\", \"题干集合\" : \",,,,,,,,,,,,,,<p>六月<\\/p>,,\", \"单元名称\" : \"Unit 5 When's your birthday？\", \"设置的题目数量\" : 5, \"级别\" : \"基础巩固\", \"学科\" : \"英语\", \"对应端类型\" : \"app\"}"
"{\"年级\" : \"七年级\", \"关联题目数量\" : \"\", \"版本\" : \"\", \"册\" : \"下册\", \"题干集合\" : \"\", \"单元名称\" : \"期末复习\", \"设置的题目数量\" : 5, \"级别\" : \"难点突破\", \"学科\" : \"英语\", \"对应端类型\" : \"通用\"}"
"{\"年级\" : \"七年级\", \"关联题目数量\" : 1, \"版本\" : \"人教版\", \"册\" : \"上册\", \"题干集合\" : \"\", \"单元名称\" : \"Starter Units\", \"设置的题目数量\" : 1, \"级别\" : \"听长对话选答案\", \"学科\" : \"英语\", \"对应端类型\" : \"通用\"}"
"{\"年级\" : \"三年级\", \"关联题目数量\" : \"\", \"版本\" : \"湘鲁版\", \"册\" : \"上册\", \"题干集合\" : \"\", \"单元名称\" : \"Units 4-6 测试卷\", \"设置的题目数量\" : 5, \"级别\" : \"基础巩固\", \"学科\" : \"英语\", \"对应端类型\" : \"app\"}"
"{\"年级\" : \"四年级\", \"关联题目数量\" : \"\", \"版本\" : \"湘少版（2024审定）\", \"册\" : \"上册\", \"题干集合\" : \"\", \"单元名称\" : \"期中复习\", \"设置的题目数量\" : 5, \"级别\" : \"基础巩固\", \"学科\" : \"英语\", \"对应端类型\" : \"通用\"}"
"{\"年级\" : \"四年级\", \"关联题目数量\" : 10, \"版本\" : \"湘鲁版\", \"册\" : \"下册\", \"题干集合\" : \"<p>buy<\\/p>,<p>swimming pool<\\/p>,,,,<p>market<\\/p>,,<p>bookstore<\\/p>,<p>lake<\\/p>,\", \"单元名称\" : \"Unit 6  Where are you going?\", \"设置的题目数量\" : 5, \"级别\" : \"基础巩固\", \"学科\" : \"英语\", \"对应端类型\" : \"app\"}"
"{\"年级\" : \"三年级\", \"关联题目数量\" : 10, \"版本\" : \"湘鲁版\", \"册\" : \"上册\", \"题干集合\" : \",,,,,,,,,\", \"单元名称\" : \"Unit 1 Nice to meet you!\", \"设置的题目数量\" : 5, \"级别\" : \"基础巩固\", \"学科\" : \"英语\", \"对应端类型\" : \"app\"}"
"{\"年级\" : \"六年级\", \"关联题目数量\" : 11, \"版本\" : \"湘鲁版\", \"册\" : \"下册\", \"题干集合\" : \",,,,,,,,,,\", \"单元名称\" : \"Unit 1  There are four seasons in a year.\", \"设置的题目数量\" : 5, \"级别\" : \"基础巩固\", \"学科\" : \"英语\", \"对应端类型\" : \"app\"}"
"{\"年级\" : \"三年级\", \"关联题目数量\" : 10, \"版本\" : \"人教版（三起）\", \"册\" : \"上册\", \"题干集合\" : \",,,,,,,,,\", \"单元名称\" : \"Unit 1 Hello!\", \"设置的题目数量\" : 5, \"级别\" : \"难点突破\", \"学科\" : \"英语\", \"对应端类型\" : \"app\"}"
"{\"年级\" : \"七年级\", \"关联题目数量\" : 5, \"版本\" : \"人教版\", \"册\" : \"上册\", \"题干集合\" : \"<p>What does Jane's brother often do with her?<\\/p>,<p>Where is Mike's soccer?<\\/p>,<p>Who likes playing ping-pong?<\\/p>,<p>What does John have?<\\/p>,<p>What does Alice have?<\\/p>\", \"单元名称\" : \"Unit 5 Do you have a soccer ball?\", \"设置的题目数量\" : 5, \"级别\" : \"听短对话选答案\", \"学科\" : \"英语\", \"对应端类型\" : \"通用\"}"
"{\"年级\" : \"五年级\", \"关联题目数量\" : \"\", \"版本\" : \"人教版（三起）\", \"册\" : \"上册\", \"题干集合\" : \"\", \"单元名称\" : \"期中复习\", \"设置的题目数量\" : 5, \"级别\" : \"难点突破\", \"学科\" : \"英语\", \"对应端类型\" : \"app\"}"
"{\"年级\" : \"七年级\", \"关联题目数量\" : 5, \"版本\" : \"人教版\", \"册\" : \"下册\", \"题干集合\" : \"<p>What does Lucy look like?<\\/p>,<p>What does Tom look like?<\\/p>,<p>What does Alex's mom look like?<\\/p>,<p>Does the girl's brother wear glasses?<\\/p>,<p>What does Lisa's sister look like?<\\/p>\", \"单元名称\" : \"Unit 9 What does he look like?\", \"设置的题目数量\" : 5, \"级别\" : \"听短对话选答案\", \"学科\" : \"英语\", \"对应端类型\" : \"通用\"}"
"{\"年级\" : \"八年级\", \"关联题目数量\" : 5, \"版本\" : \"人教版\", \"册\" : \"上册\", \"题干集合\" : \"<p>How will the children study in the future?<\\/p>,<p>Where will the man go next?<\\/p>,<p>What does the woman think the life will be like in the future?<\\/p>,<p>When does the girl think there will be more trees?<\\/p>,<p>What will the boy see in the museum?<\\/p>\", \"单元名称\" : \"Unit 7 Will people have robots?\", \"设置的题目数量\" : 5, \"级别\" : \"听短对话选答案\", \"学科\" : \"英语\", \"对应端类型\" : \"通用\"}"
"{\"年级\" : \"七年级\", \"关联题目数量\" : 1, \"版本\" : \"\", \"册\" : \"上册\", \"题干集合\" : \"\", \"单元名称\" : \"Unit 3 My School\", \"设置的题目数量\" : 1, \"级别\" : \"听长对话选答案\", \"学科\" : \"英语\", \"对应端类型\" : \"通用\"}"
"{\"年级\" : \"七年级\", \"关联题目数量\" : 1, \"版本\" : \"人教版\", \"册\" : \"下册\", \"题干集合\" : \"<p>1.|space<||>space|<\\/p><p>2.|space<||>space|<\\/p><p>3.|space<||>space|<\\/p><p>4.|space<||>space|<\\/p><p>5.|space<||>space|<\\/p>\", \"单元名称\" : \"Unit 6 I'm watching TV.\", \"设置的题目数量\" : 1, \"级别\" : \"听短文完成题目\", \"学科\" : \"英语\", \"对应端类型\" : \"通用\"}"
"{\"年级\" : \"八年级\", \"关联题目数量\" : 1, \"版本\" : \"\", \"册\" : \"上册\", \"题干集合\" : \"<p>1. |space<||>space|<\\/p><p>2. |space<||>space|<\\/p><p>3. |space<||>space| |space<||>space|<\\/p><p>4. |space<||>space| |space<||>space| <\\/p><p>5. |space<||>space| |space<||>space| |space<||>space|<\\/p>\", \"单元名称\" : \"Unit 7 When Tomorrow Comes\", \"设置的题目数量\" : 1, \"级别\" : \"听短文完成题目\", \"学科\" : \"英语\", \"对应端类型\" : \"通用\"}"
"{\"年级\" : \"四年级\", \"关联题目数量\" : 15, \"版本\" : \"湘少版\", \"册\" : \"下册\", \"题干集合\" : \",,<p>|space<||>space| |space<||>space| |space<||>space| |space<||>space| |space<||>space| |space<||>space|<\\/p>,,<p>|space<||>space| |space<||>space| |space<||>space| |space<||>space| |space<||>space| |space<||>space| |space<||>space|<\\/p>,,,,,<p>|space<||>space| |space<||>space| |space<||>space| |space<||>space|<\\/p>,,,,<p>|space<||>space| |space<||>space| |space<||>space| |space<||>space| |space<||>space| |space<||>space| |space<||>space| |space<||>space| |space<||>space|<\\/p>,\", \"单元名称\" : \"Unit 8 I come from China\", \"设置的题目数量\" : 5, \"级别\" : \"难点突破\", \"学科\" : \"英语\", \"对应端类型\" : \"app\"}"
"{\"年级\" : \"八年级\", \"关联题目数量\" : 1, \"版本\" : \"人教版\", \"册\" : \"下册\", \"题干集合\" : \"\", \"单元名称\" : \"Unit 6 An old man tried to move the mountains.\", \"设置的题目数量\" : 1, \"级别\" : \"听独白选答案\", \"学科\" : \"英语\", \"对应端类型\" : \"通用\"}"
"{\"年级\" : \"四年级\", \"关联题目数量\" : 15, \"版本\" : \"人教版（三起）（2024审定）\", \"册\" : \"下册\", \"题干集合\" : \",,,,,,,,,,,,,,\", \"单元名称\" : \"Unit 1 Class rules\", \"设置的题目数量\" : 5, \"级别\" : \"综合进阶\", \"学科\" : \"英语\", \"对应端类型\" : \"通用\"}"
"{\"年级\" : \"五年级\", \"关联题目数量\" : 10, \"版本\" : \"湘鲁版\", \"册\" : \"下册\", \"题干集合\" : \"<p>Mother's Day<\\/p>,<p>big wheel<\\/p>,,<p>roller coaster<\\/p>,<p>for example<\\/p>,,,,,<p>a kind of<\\/p>\", \"单元名称\" : \"Unit 9  What do you want to do?\", \"设置的题目数量\" : 5, \"级别\" : \"综合进阶\", \"学科\" : \"英语\", \"对应端类型\" : \"app\"}"
"{\"年级\" : \"七年级\", \"关联题目数量\" : 1, \"版本\" : \"人教版\", \"册\" : \"下册\", \"题干集合\" : \"\", \"单元名称\" : \"Unit 1 Can you play the guitar?\", \"设置的题目数量\" : 1, \"级别\" : \"听独白选答案\", \"学科\" : \"英语\", \"对应端类型\" : \"通用\"}"
"{\"年级\" : \"七年级\", \"关联题目数量\" : 5, \"版本\" : \"\", \"册\" : \"下册\", \"题干集合\" : \"<p>Why does Linda like giraffes?<\\/p>,<p>How many hours does the animal sleep a day?<\\/p>,<p>What kind of animal do they want to see first?<\\/p>,<p>How many new tigers are there in Changsha Zoo?<\\/p>,<p>Where does the lion come from?<\\/p>\", \"单元名称\" : \"Unit 1 Animal Friends\", \"设置的题目数量\" : 5, \"级别\" : \"听短对话选答案\", \"学科\" : \"英语\", \"对应端类型\" : \"通用\"}"
"{\"年级\" : \"四年级\", \"关联题目数量\" : \"\", \"版本\" : \"湘少版（2024审定）\", \"册\" : \"上册\", \"题干集合\" : \"\", \"单元名称\" : \"U12\", \"设置的题目数量\" : 5, \"级别\" : \"基础巩固\", \"学科\" : \"英语\", \"对应端类型\" : \"通用\"}"
"{\"年级\" : \"四年级\", \"关联题目数量\" : 14, \"版本\" : \"\", \"册\" : \"下册\", \"题干集合\" : \",,,,<p>Andy在看《动物百科全书》。听一听，书上介绍了哪种动物？<\\/p>,,,<p>Mary的妹妹在看《植物百科全书》。听一听，图片与她说的内容相符吗？<\\/p>,,,,<p>Mary的妹妹在看《植物百科全书》。听一听，图片与她说的内容相符吗？<\\/p>,<p>Andy在看《动物百科全书》。听一听，书上介绍了哪种动物？<\\/p>,<p>Andy在看《动物百科全书》。听一听，书上介绍了哪种动物？<\\/p>\", \"单元名称\" : \"Unit 8 They are eating grass\", \"设置的题目数量\" : 15, \"级别\" : \"基础巩固\", \"学科\" : \"英语\", \"对应端类型\" : \"通用\"}"
"{\"年级\" : \"五年级\", \"关联题目数量\" : \"\", \"版本\" : \"湘鲁版\", \"册\" : \"上册\", \"题干集合\" : \"\", \"单元名称\" : \"Units 1-5 测试卷\", \"设置的题目数量\" : 5, \"级别\" : \"难点突破\", \"学科\" : \"英语\", \"对应端类型\" : \"app\"}"
"{\"年级\" : \"八年级\", \"关联题目数量\" : 1, \"版本\" : \"\", \"册\" : \"上册\", \"题干集合\" : \"\", \"单元名称\" : \"Unit 6 Plan for Yourself\", \"设置的题目数量\" : 1, \"级别\" : \"听独白选答案\", \"学科\" : \"英语\", \"对应端类型\" : \"通用\"}"
"{\"年级\" : \"三年级\", \"关联题目数量\" : 10, \"版本\" : \"湘鲁版\", \"册\" : \"上册\", \"题干集合\" : \"<p>b|space<||>space|g<\\/p>,,<p>pencil<\\/p>,<p>b|space<||>space| |space<||>space|k<\\/p>,<p>bye<\\/p>,<p>me<\\/p>,<p>h|space<||>space|ll|space<||>space|<\\/p>,<p>p|space<||>space|nc|space<||>space|l<\\/p>,,<p>my<\\/p>\", \"单元名称\" : \"Unit 1 Nice to meet you!\", \"设置的题目数量\" : 5, \"级别\" : \"综合进阶\", \"学科\" : \"英语\", \"对应端类型\" : \"app\"}"
"{\"年级\" : \"八年级\", \"关联题目数量\" : 1, \"版本\" : \"人教版\", \"册\" : \"上册\", \"题干集合\" : \"\", \"单元名称\" : \"Unit 1 Where did you go on vacation?\", \"设置的题目数量\" : 1, \"级别\" : \"听长对话选答案\", \"学科\" : \"英语\", \"对应端类型\" : \"通用\"}"
"{\"年级\" : \"三年级\", \"关联题目数量\" : \"\", \"版本\" : \"人教版（三起）（2024审定）\", \"册\" : \"上册\", \"题干集合\" : \"\", \"单元名称\" : \"U9\", \"设置的题目数量\" : 5, \"级别\" : \"综合进阶\", \"学科\" : \"英语\", \"对应端类型\" : \"通用\"}"
"{\"年级\" : \"八年级\", \"关联题目数量\" : 1, \"版本\" : \"\", \"册\" : \"上册\", \"题干集合\" : \"\", \"单元名称\" : \"Unit 4 Amazing Plants and Animals\", \"设置的题目数量\" : 1, \"级别\" : \"听独白选答案\", \"学科\" : \"英语\", \"对应端类型\" : \"通用\"}"
"{\"年级\" : \"四年级\", \"关联题目数量\" : 10, \"版本\" : \"\", \"册\" : \"下册\", \"题干集合\" : \"<p> Peter和Mike在玩“猜谜”的游戏。听一听，Mike猜对了吗？<\\/p>,,,<p>同学们在介绍自己喜欢的动物。听一听，他们分别喜欢什么动物呢？<\\/p>,,<p>Peter和Mike在玩“猜谜”的游戏。听一听，Mike猜对了吗？<\\/p>,,,<p>Peter和Mike在玩“猜谜”的游戏。听一听，Mike猜对了吗？<\\/p>,\", \"单元名称\" : \"Unit 7 It has a long tail\", \"设置的题目数量\" : 10, \"级别\" : \"难点突破\", \"学科\" : \"英语\", \"对应端类型\" : \"通用\"}"
"{\"年级\" : \"四年级\", \"关联题目数量\" : 10, \"版本\" : \"人教版（三起）\", \"册\" : \"下册\", \"题干集合\" : \",,,,,,,,,\", \"单元名称\" : \"Unit 3 Weather\", \"设置的题目数量\" : 5, \"级别\" : \"综合进阶\", \"学科\" : \"英语\", \"对应端类型\" : \"app\"}"
"{\"年级\" : \"三年级\", \"关联题目数量\" : \"\", \"版本\" : \"人教版（三起）（2024审定）\", \"册\" : \"下册\", \"题干集合\" : \"\", \"单元名称\" : \"U8\", \"设置的题目数量\" : 5, \"级别\" : \"难点突破\", \"学科\" : \"英语\", \"对应端类型\" : \"通用\"}"
"{\"年级\" : \"七年级\", \"关联题目数量\" : \"\", \"版本\" : \"人教版\", \"册\" : \"上册\", \"题干集合\" : \"\", \"单元名称\" : \"Starter Unit 1 Good morning!\", \"设置的题目数量\" : 5, \"级别\" : \"难点突破\", \"学科\" : \"英语\", \"对应端类型\" : \"通用\"}"
"{\"年级\" : \"四年级\", \"关联题目数量\" : \"\", \"版本\" : \"湘少版（2024审定）\", \"册\" : \"上册\", \"题干集合\" : \"\", \"单元名称\" : \"期中复习\", \"设置的题目数量\" : 5, \"级别\" : \"综合进阶\", \"学科\" : \"英语\", \"对应端类型\" : \"通用\"}"
"{\"年级\" : \"五年级\", \"关联题目数量\" : \"\", \"版本\" : \"湘少版\", \"册\" : \"下册\", \"题干集合\" : \"\", \"单元名称\" : \"期末复习\", \"设置的题目数量\" : 5, \"级别\" : \"难点突破\", \"学科\" : \"英语\", \"对应端类型\" : \"app\"}"
"{\"年级\" : \"三年级\", \"关联题目数量\" : 12, \"版本\" : \"湘少版\", \"册\" : \"下册\", \"题干集合\" : \",,<p>|space<||>space| |space<||>space| |space<||>space| |space<||>space|<\\/p>,,,,,<p> |space<||>space| |space<||>space|<\\/p><p><em>prep. <\\/em>﻿乘；通过<\\/p>,,,,\", \"单元名称\" : \"Unit 12 I go to school by bus\", \"设置的题目数量\" : 5, \"级别\" : \"难点突破\", \"学科\" : \"英语\", \"对应端类型\" : \"app\"}"
"{\"年级\" : \"五年级\", \"关联题目数量\" : 10, \"版本\" : \"湘少版\", \"册\" : \"下册\", \"题干集合\" : \",,,,,,,,,\", \"单元名称\" : \"Unit 2 We're going to do some research\", \"设置的题目数量\" : 5, \"级别\" : \"基础巩固\", \"学科\" : \"英语\", \"对应端类型\" : \"app\"}"
"{\"年级\" : \"三年级\", \"关联题目数量\" : 10, \"版本\" : \"湘鲁版\", \"册\" : \"上册\", \"题干集合\" : \",<p>I'm fine, thank you.<\\/p>,,,,<p>Goodbye, class.<\\/p>,<p>How are you?<\\/p>,<p>Let's play a game!<\\/p>,,\", \"单元名称\" : \"Unit 2 Let's play a game!\", \"设置的题目数量\" : 5, \"级别\" : \"难点突破\", \"学科\" : \"英语\", \"对应端类型\" : \"app\"}"
"{\"年级\" : \"五年级\", \"关联题目数量\" : \"\", \"版本\" : \"教科版\", \"册\" : \"上册\", \"题干集合\" : \"\", \"单元名称\" : \"Unit 7 Do you want coffee or tea?\", \"设置的题目数量\" : 5, \"级别\" : \"综合进阶\", \"学科\" : \"英语\", \"对应端类型\" : \"通用\"}"
"{\"年级\" : \"三年级\", \"关联题目数量\" : \"\", \"版本\" : \"人教版（三起）\", \"册\" : \"上册\", \"题干集合\" : \"\", \"单元名称\" : \"期末测试卷\", \"设置的题目数量\" : 5, \"级别\" : \"综合进阶\", \"学科\" : \"英语\", \"对应端类型\" : \"app\"}"
"{\"年级\" : \"四年级\", \"关联题目数量\" : 10, \"版本\" : \"湘少版（2024审定）\", \"册\" : \"上册\", \"题干集合\" : \"<p>老师正在给四年级的小朋友们介绍校园场所。听一听，老师介绍的顺序是怎样的呢？<\\/p>,<p>Tom和同学们在玩“谁是卧底”的游戏。听一听，他们的对话与陈述相符吗？<\\/p><p>This is the teachers' office.<\\/p>,<p>学校在举办校园场所拼图大赛。听一听主持人与参赛选手的对话，他们说的是哪个场所呢？<\\/p>,<p>学校在举办校园场所拼图大赛。听一听主持人与参赛选手的对话，他们说的是哪个场所呢？<\\/p>,<p>校园小记者在调查同学们对校园的了解情况。听一听，图中场所是他们所说的吗？<\\/p>,<p>校园小记者在调查同学们对校园的了解情况。听一听，图中场所是他们所说的吗？<\\/p>,<p>新学期，老师带新同学熟悉校园。听一听新同学的提问，帮老师回答吧！<\\/p>,<p>Tom和同学们在玩“谁是卧底”的游戏。听一听，他们的对话与陈述相符吗？<\\/p><p>That is the computer room.<\\/p>,<p>新学期，老师带新同学熟悉校园。听一听新同学的提问，帮老师回答吧！<\\/p>,<p>Lily在给好朋友写信分享自己的校园生活。听一听，她分享的顺序是怎样的呢？<\\/p>\", \"单元名称\" : \"Unit 1 This is our school\", \"设置的题目数量\" : 5, \"级别\" : \"难点突破\", \"学科\" : \"英语\", \"对应端类型\" : \"通用\"}"
"{\"年级\" : \"五年级\", \"关联题目数量\" : 10, \"版本\" : \"人教版（三起）\", \"册\" : \"下册\", \"题干集合\" : \",,,,,,,,,\", \"单元名称\" : \"Unit 1 My day\", \"设置的题目数量\" : 5, \"级别\" : \"基础巩固\", \"学科\" : \"英语\", \"对应端类型\" : \"app\"}"
"{\"年级\" : \"六年级\", \"关联题目数量\" : 27, \"版本\" : \"人教版（三起）\", \"册\" : \"上册\", \"题干集合\" : \",<p>|space<||>space| |space<||>space| |space<||>space| |space<||>space| |space<||>space| |space<||>space|<\\/p>,,,<p>|space<||>space| |space<||>space| |space<||>space| |space<||>space| |space<||>space| |space<||>space| |space<||>space| |space<||>space|<\\/p>,,,,<p>|space<||>space| |space<||>space| |space<||>space| |space<||>space| |space<||>space|<\\/p>,,<p>|space<||>space| |space<||>space| |space<||>space| |space<||>space| |space<||>space| |space<||>space| |space<||>space|<\\/p>,,,,,,,<p>str |space<||>space| |space<||>space| |space<||>space| |space<||>space| t<\\/p>,,,,,,,,,\", \"单元名称\" : \"Unit 1 How can I get there?\", \"设置的题目数量\" : 5, \"级别\" : \"难点突破\", \"学科\" : \"英语\", \"对应端类型\" : \"app\"}"
"{\"年级\" : \"四年级\", \"关联题目数量\" : \"\", \"版本\" : \"教科版\", \"册\" : \"上册\", \"题干集合\" : \"\", \"单元名称\" : \"Unit 10 Can I help you?\", \"设置的题目数量\" : 5, \"级别\" : \"难点突破\", \"学科\" : \"英语\", \"对应端类型\" : \"通用\"}"
"{\"年级\" : \"五年级\", \"关联题目数量\" : 10, \"版本\" : \"湘鲁版\", \"册\" : \"下册\", \"题干集合\" : \"<p>|space<||>space| |space<||>space|ch<\\/p>,<p>w|space<||>space| |space<||>space|d<\\/p>,,<p>l|space<||>space|st|space<||>space|n<\\/p>,<p>sp|space<||>space| |space<||>space|ts f|space<||>space| |space<||>space|ld<\\/p>,,,,,<p>m|space<||>space|m|space<||>space|<\\/p>\", \"单元名称\" : \"Unit 2  We have Art in the art room.\", \"设置的题目数量\" : 5, \"级别\" : \"综合进阶\", \"学科\" : \"英语\", \"对应端类型\" : \"app\"}"
"{\"年级\" : \"四年级\", \"关联题目数量\" : \"\", \"版本\" : \"人教版（三起）（2024审定）\", \"册\" : \"下册\", \"题干集合\" : \"\", \"单元名称\" : \"Units 3-4 测试卷\", \"设置的题目数量\" : 5, \"级别\" : \"基础巩固\", \"学科\" : \"英语\", \"对应端类型\" : \"通用\"}"
"{\"年级\" : \"三年级\", \"关联题目数量\" : \"\", \"版本\" : \"人教版（三起）\", \"册\" : \"上册\", \"题干集合\" : \"\", \"单元名称\" : \"期中测试卷\", \"设置的题目数量\" : 5, \"级别\" : \"综合进阶\", \"学科\" : \"英语\", \"对应端类型\" : \"app\"}"
"{\"年级\" : \"四年级\", \"关联题目数量\" : \"\", \"版本\" : \"\", \"册\" : \"下册\", \"题干集合\" : \"\", \"单元名称\" : \"Units 1-3 测试卷\", \"设置的题目数量\" : 5, \"级别\" : \"综合进阶\", \"学科\" : \"英语\", \"对应端类型\" : \"通用\"}"
"{\"年级\" : \"四年级\", \"关联题目数量\" : 10, \"版本\" : \"湘鲁版\", \"册\" : \"下册\", \"题干集合\" : \",,,,,,,,,\", \"单元名称\" : \"Unit 1  What do we need?\", \"设置的题目数量\" : 5, \"级别\" : \"难点突破\", \"学科\" : \"英语\", \"对应端类型\" : \"app\"}"
"{\"年级\" : \"八年级\", \"关联题目数量\" : 1, \"版本\" : \"人教版\", \"册\" : \"上册\", \"题干集合\" : \"\", \"单元名称\" : \"Unit 10 If you go to the party, you’ll have a great time!\", \"设置的题目数量\" : 1, \"级别\" : \"听长对话选答案\", \"学科\" : \"英语\", \"对应端类型\" : \"通用\"}"
"{\"年级\" : \"四年级\", \"关联题目数量\" : 15, \"版本\" : \"人教版（三起）（2024审定）\", \"册\" : \"下册\", \"题干集合\" : \",<p>Sarah在读英语故事。听一听，故事中包含下面哪个单词？<\\/p>,<p>Lily的妹妹在认识农场动物。听一听，下面图片是她说的动物吗？<\\/p>,,<p>Lily的妹妹在认识农场动物。听一听，下面图片是她说的动物吗？<\\/p>,,<p>Jack去超市买蔬菜。听一听，他买了什么蔬菜？<\\/p>,,,,,,<p>Sarah在读英语故事。听一听，故事中包含下面哪个单词？<\\/p>,<p>Jack去超市买蔬菜。听一听，他买了什么蔬菜？<\\/p>,<p>Lily的妹妹在认识农场动物。听一听，下面图片是她说的动物吗？<\\/p>\", \"单元名称\" : \"Unit 5 Farms and us\", \"设置的题目数量\" : 5, \"级别\" : \"基础巩固\", \"学科\" : \"英语\", \"对应端类型\" : \"通用\"}"
"{\"年级\" : \"三年级\", \"关联题目数量\" : \"\", \"版本\" : \"湘鲁版\", \"册\" : \"下册\", \"题干集合\" : \"\", \"单元名称\" : \"U12\", \"设置的题目数量\" : 5, \"级别\" : \"难点突破\", \"学科\" : \"英语\", \"对应端类型\" : \"app\"}"
"{\"年级\" : \"七年级\", \"关联题目数量\" : 1, \"版本\" : \"\", \"册\" : \"下册\", \"题干集合\" : \"<p>1. |space<||>space|<\\/p><p>2. |space<||>space|<\\/p><p>3. |space<||>space|<\\/p><p>4. |space<||>space|<\\/p><p>5. |space<||>space|<\\/p>\", \"单元名称\" : \"Unit 6 Rain or Shine\", \"设置的题目数量\" : 1, \"级别\" : \"听短文完成题目\", \"学科\" : \"英语\", \"对应端类型\" : \"通用\"}"
"{\"年级\" : \"四年级\", \"关联题目数量\" : 15, \"版本\" : \"\", \"册\" : \"下册\", \"题干集合\" : \"<p>John和Bob一起去参加社团招新。听一听，John问了Bob什么问题呢？<\\/p>,<p>John和Bob一起去参加社团招新。听一听，Bob对John说了什么呢？<\\/p>,,,,,<p>Mary在描述能让自己开心的活动。听一听，她说的是哪项活动？<\\/p>,,<p>What club do you want to join?<\\/p>,<p>Steve在了解学校的社团。听一听，他想加入哪个社团呢？<\\/p>,,,<p>Jane在了解学校的社团。听一听，她想加入哪个社团呢？<\\/p>,,<p>I want to have the cooking lesson on Wednesday.<\\/p>\", \"单元名称\" : \"Unit 3 What club do you want to join?\", \"设置的题目数量\" : 15, \"级别\" : \"综合进阶\", \"学科\" : \"英语\", \"对应端类型\" : \"通用\"}"
"{\"年级\" : \"六年级\", \"关联题目数量\" : 23, \"版本\" : \"人教版（三起）\", \"册\" : \"上册\", \"题干集合\" : \",,<p>|space<||>space| |space<||>space| |space<||>space| |space<||>space|<\\/p>,,<p>|space<||>space| |space<||>space| |space<||>space| |space<||>space| |space<||>space| |space<||>space| |space<||>space|<\\/p>,,,,,,,,<p>|space<||>space| |space<||>space| |space<||>space| |space<||>space| |space<||>space|<\\/p>,,,,<p>|space<||>space| |space<||>space| |space<||>space| |space<||>space| |space<||>space| |space<||>space| |space<||>space| |space<||>space|<\\/p>,<p>|space<||>space| |space<||>space| |space<||>space| |space<||>space| |space<||>space|<\\/p>,<p>|space<||>space| |space<||>space| |space<||>space| |space<||>space| |space<||>space|<\\/p>,,,<p>|space<||>space| |space<||>space| |space<||>space| |space<||>space|<\\/p>,<p>|space<||>space| |space<||>space| |space<||>space| |space<||>space|<\\/p>\", \"单元名称\" : \"Unit 3 My weekend plan\", \"设置的题目数量\" : 5, \"级别\" : \"难点突破\", \"学科\" : \"英语\", \"对应端类型\" : \"app\"}"
"{\"年级\" : \"四年级\", \"关联题目数量\" : 10, \"版本\" : \"人教版（三起）\", \"册\" : \"上册\", \"题干集合\" : \"<p>房间 <\\/p>,,,,<p>light<\\/p>,,<p>help <\\/p>,<p>w|space<||>space| |space<||>space|d|space<||>space| |space<||>space|<\\/p>,<p>black<\\/p>,<p>computer <\\/p>\", \"单元名称\" : \"Unit 1 My classroom\", \"设置的题目数量\" : 5, \"级别\" : \"综合进阶\", \"学科\" : \"英语\", \"对应端类型\" : \"app\"}"
"{\"年级\" : \"四年级\", \"关联题目数量\" : 10, \"版本\" : \"湘少版（2024审定）\", \"册\" : \"上册\", \"题干集合\" : \"<p>童话王国的居民在讨论自己的全家福照片。听一听，选择符合情景的答语。<\\/p>,<p>在虚拟职业体验馆里，讲解员在展示不同的职业。听对话，讲解员展示的是什么职业呢？<\\/p>,<p>魔法学院的小小魔法师们在交流职业。听一听，选择符合情景的答语。<\\/p>,<p>课堂上，同学们在互相分享自己的全家福。听对话，下列信息与对话内容相符吗？<\\/p><p>Mike's father is a farmer.<\\/p>,<p>学校职业日活动中，同学们带来了家人的照片。听一听他们的对话，判断信息与对话内容是否相符。<\\/p><p>The woman is Peter's mother.<\\/p>,<p>课堂上，同学们在互相分享自己的全家福。听对话，照片与分享相符吗？<\\/p>,<p>课堂上，同学们在互相分享自己的全家福。听对话，照片与分享相符吗？<\\/p>,<p>课堂上，同学们在互相分享自己的全家福。听对话，下列信息与对话内容相符吗？<\\/p><p>Anne's sister is a nurse.<\\/p>,<p>在虚拟职业体验馆里，Tom和Anne在讨论未来的理想职业。听对话，Tom的理想职业是什么呢？<\\/p>,<p>学校走廊上展示着各种职业的照片。老师在一一介绍。听一听，老师是按什么顺序介绍的呢？<\\/p>\", \"单元名称\" : \"Unit 10 What’s her job?\", \"设置的题目数量\" : 5, \"级别\" : \"难点突破\", \"学科\" : \"英语\", \"对应端类型\" : \"通用\"}"
"{\"年级\" : \"四年级\", \"关联题目数量\" : 15, \"版本\" : \"湘少版（2024审定）\", \"册\" : \"下册\", \"题干集合\" : \",,,,,,,,,,,,,,\", \"单元名称\" : \"Unit 6 What’s your favourite season?\", \"设置的题目数量\" : 5, \"级别\" : \"综合进阶\", \"学科\" : \"英语\", \"对应端类型\" : \"通用\"}"
"{\"年级\" : \"三年级\", \"关联题目数量\" : 7, \"版本\" : \"湘鲁版\", \"册\" : \"上册\", \"题干集合\" : \",,,,,,\", \"单元名称\" : \"Unit 4 Is this your pen?\", \"设置的题目数量\" : 5, \"级别\" : \"难点突破\", \"学科\" : \"英语\", \"对应端类型\" : \"app\"}"
"{\"年级\" : \"六年级\", \"关联题目数量\" : \"\", \"版本\" : \"人教版（三起）\", \"册\" : \"下册\", \"题干集合\" : \"\", \"单元名称\" : \"U12\", \"设置的题目数量\" : 5, \"级别\" : \"难点突破\", \"学科\" : \"英语\", \"对应端类型\" : \"通用\"}"
"{\"年级\" : \"三年级\", \"关联题目数量\" : 10, \"版本\" : \"湘少版（2024审定）\", \"册\" : \"下册\", \"题干集合\" : \"<p>Mingming班上来了几位新同学。听录音，判断下面的图片与录音内容是否相符。<\\/p>,<p>E宝想和好朋友小猪分享自己的玩具。听录音，判断下面的图片与录音内容是否相符。<\\/p>,<p>周六早晨，Anne在公园遇到了班上的同学。听录音，选出合适的答语。<\\/p>,<p>周六早晨，Anne在公园遇到了班上的同学。听录音，选出合适的答语。<\\/p>,<p>放学后，E宝遇到了好朋友小猪。听录音，判断下面的图片与录音内容是否相符。<\\/p>,<p>Tom和朋友们在玩“听音猜人”的游戏。听录音，选出合适的答语。<\\/p>,<p>周六早晨，Anne在公园遇到了班上的同学。听录音，选出合适的答语。<\\/p>,<p>Tom和朋友们在玩“听音猜人”的游戏。听录音，选出合适的答语。<\\/p>,<p>Lingling捡到了一本书，并根据书上的名字找到了失主。听她们的对话，判断下面的图片与她们的对话是否相符。<\\/p>,<p>Mingming班上来了几位新同学。听录音，判断下面的图片与录音内容是否相符。<\\/p>\", \"单元名称\" : \"Unit 1 How are you?\", \"设置的题目数量\" : 5, \"级别\" : \"难点突破\", \"学科\" : \"英语\", \"对应端类型\" : \"通用\"}"
"{\"年级\" : \"七年级\", \"关联题目数量\" : 5, \"版本\" : \"人教版\", \"册\" : \"下册\", \"题干集合\" : \"<p>How many school rules do they have?<\\/p>,<p>When do they have to wear school uniforms?<\\/p>,<p>What does Jim have to do before he goes to bed?<\\/p>,<p>Where are the two speakers?<\\/p>,<p>What's the possible relationship (关系) between them?<\\/p>\", \"单元名称\" : \"Unit 4 Don't eat in class.\", \"设置的题目数量\" : 5, \"级别\" : \"听短对话选答案\", \"学科\" : \"英语\", \"对应端类型\" : \"通用\"}"
"{\"年级\" : \"五年级\", \"关联题目数量\" : 10, \"版本\" : \"湘鲁版\", \"册\" : \"下册\", \"题干集合\" : \"<p>Beijing Duck is |space<||>space|.<\\/p>,<p>This ____ is really delicious.<\\/p>,<p>I'd like to ____ to Zhangjiajie.<\\/p>,<p>There is a famous |space<||>space| in Hunan.<\\/p>,<p>You can visit the |space<||>space| Wall.<\\/p>,<p>There is also a famous ____.<\\/p>,<p>You should ____ fried <em>tofu<\\/em>.<\\/p>,<p>Here are some ____ places in Hunan.<\\/p>,<p>Let's walk around the City |space<||>space|.<\\/p>,<p>I want to try |space<||>space| <em>tofu<\\/em>.<\\/p>\", \"单元名称\" : \"Unit 10  It's one of the famous mountains in China.\", \"设置的题目数量\" : 5, \"级别\" : \"难点突破\", \"学科\" : \"英语\", \"对应端类型\" : \"app\"}"
"{\"年级\" : \"四年级\", \"关联题目数量\" : 15, \"版本\" : \"教科版（2024审定）\", \"册\" : \"下册\", \"题干集合\" : \",,,<p>I think High Street is the best place for her, because there is a park nearby.<\\/p>,<p>Hmm, that is a problem.<\\/p>,,,,,,,,,,<p>Is there a hospital near your home?<\\/p>\", \"单元名称\" : \"Unit 8 The Best Place to Live\", \"设置的题目数量\" : 5, \"级别\" : \"综合进阶\", \"学科\" : \"英语\", \"对应端类型\" : \"通用\"}"
"{\"年级\" : \"八年级\", \"关联题目数量\" : \"\", \"版本\" : \"\", \"册\" : \"上册\", \"题干集合\" : \"\", \"单元名称\" : \"U12\", \"设置的题目数量\" : 5, \"级别\" : \"综合进阶\", \"学科\" : \"英语\", \"对应端类型\" : \"通用\"}"
"{\"年级\" : \"三年级\", \"关联题目数量\" : 10, \"版本\" : \"湘鲁版\", \"册\" : \"下册\", \"题干集合\" : \",,<p>box<\\/p>,,<p>on<\\/p>,,<p>cat<\\/p>,,<p>黑色（的）<\\/p>,<p>铅笔<\\/p>\", \"单元名称\" : \"Unit 6  Let's draw a panda!\", \"设置的题目数量\" : 5, \"级别\" : \"基础巩固\", \"学科\" : \"英语\", \"对应端类型\" : \"app\"}"
"{\"年级\" : \"四年级\", \"关联题目数量\" : \"\", \"版本\" : \"湘少版（2024审定）\", \"册\" : \"上册\", \"题干集合\" : \"\", \"单元名称\" : \"U11\", \"设置的题目数量\" : 5, \"级别\" : \"基础巩固\", \"学科\" : \"英语\", \"对应端类型\" : \"通用\"}"
"{\"年级\" : \"四年级\", \"关联题目数量\" : 20, \"版本\" : \"湘少版（2024审定）\", \"册\" : \"下册\", \"题干集合\" : \"<p>英语课上，老师在播放一段英语绕口令。听一听，绕口令中包含下面哪个单词？<\\/p>,,,,,,,<p>英语课上，老师在播放一段英语绕口令。听一听，绕口令中包含下面哪个单词？<\\/p>,,,,,,,,,,,,\", \"单元名称\" : \"Unit 3 Today is Wednesday\", \"设置的题目数量\" : 5, \"级别\" : \"基础巩固\", \"学科\" : \"英语\", \"对应端类型\" : \"通用\"}"
"{\"年级\" : \"六年级\", \"关联题目数量\" : 10, \"版本\" : \"教科版\", \"册\" : \"上册\", \"题干集合\" : \"<p>同学们正在一座农场进行修学活动。听一听农场主人的介绍，判断图片与录音内容是否相符。<\\/p>,<p>同学们正在一座农场进行修学活动。农场主人正在介绍农场工作。听一听，选出这些活动生产出的农产品。<\\/p>,<p>同学们正在一座农场进行修学活动。听一听农场主人的介绍，选出农民正在进行的活动。<\\/p>,<p>同学们在农场进行修学活动，农场主人正在介绍农场工作。听一听，选出这些活动生产出的农产品。<\\/p>,<p>同学们正在一座农场进行修学活动。听一听农场主人的介绍，判断图片与录音内容是否相符。<\\/p>,<p>同学们正在一座农场进行修学活动。听一听农场主人的介绍，选出农民正在进行的活动。<\\/p>,<p>同学们正在一座农场进行修学活动。听一听农场主人的介绍，判断图片与录音内容是否相符。<\\/p>,<p>同学们正在一座农场进行修学活动。听一听农场主人的介绍，选出农民正在进行的活动。<\\/p>,<p>同学们正在一座农场进行修学活动。农场主人正在介绍农场工作。听一听，选出这些活动生产出的农产品。<\\/p>,<p>同学们正在一座农场进行修学活动。听一听农场主人的介绍，选出农民正在进行的活动。<\\/p>\", \"单元名称\" : \"Unit 1 What are those farmers doing?\", \"设置的题目数量\" : 5, \"级别\" : \"综合进阶\", \"学科\" : \"英语\", \"对应端类型\" : \"通用\"}"
"{\"年级\" : \"三年级\", \"关联题目数量\" : \"\", \"版本\" : \"人教版（三起）\", \"册\" : \"下册\", \"题干集合\" : \"\", \"单元名称\" : \"期末复习\", \"设置的题目数量\" : 5, \"级别\" : \"综合进阶\", \"学科\" : \"英语\", \"对应端类型\" : \"通用\"}"
"{\"年级\" : \"三年级\", \"关联题目数量\" : \"\", \"版本\" : \"人教版（三起）（2024审定）\", \"册\" : \"上册\", \"题干集合\" : \"\", \"单元名称\" : \"U12\", \"设置的题目数量\" : 5, \"级别\" : \"综合进阶\", \"学科\" : \"英语\", \"对应端类型\" : \"通用\"}"
"{\"年级\" : \"三年级\", \"关联题目数量\" : 15, \"版本\" : \"\", \"册\" : \"上册\", \"题干集合\" : \",,,,,,<p>What's your name?<\\/p>,,,,,,<p>I'm Peter.<\\/p>,,<p>Hello, Andy.<\\/p>\", \"单元名称\" : \"Unit 1 Hello!\", \"设置的题目数量\" : 5, \"级别\" : \"综合进阶\", \"学科\" : \"英语\", \"对应端类型\" : \"通用\"}"
"{\"年级\" : \"三年级\", \"关联题目数量\" : 15, \"版本\" : \"\", \"册\" : \"下册\", \"题干集合\" : \"<p>Anna在和爸爸妈妈分享今天的学校日程。听一听，判断下面图片与她的日程是否相符。<\\/p>,<p>Anna在做明天上午的计划。听一听，判断下面图片与她的计划是否相符。<\\/p>,<p>Anna在教妹妹认识钟表。听一听，选出与Anna所说单词相符的图片。<\\/p>,<p>Anna在记录早上和妈妈之间的对话。听一听，选出Anna记录的句子。<\\/p>,<p>Anna在教妹妹认识钟表。听一听，选出与Anna所说句子相符的图片。<\\/p>,<p>Anna在和爸爸妈妈分享今天的学校日程。听一听，判断下面图片与她的日程是否相符。<\\/p>,<p>Anna在记录早上和妈妈之间的对话。听一听，选出Anna记录的句子。<\\/p>,<p>Anna在复习今天所学的内容。听一听，选择与她所说内容相符的翻译。<\\/p>,<p>Anna在做明天上午的计划。听一听，判断下面图片与她的计划是否相符。<\\/p>,<p>Anna在复习今天所学的内容。听一听，选择与她所说内容相符的翻译。<\\/p>,<p>Anna在记录早上和妈妈之间的对话。听一听，选出Anna记录的句子。<\\/p>,<p>Anna在复习今天所学的内容。听一听，选择与她所说内容相符的翻译。<\\/p>,<p>Anna在记录早上和妈妈之间的对话。听一听，选出Anna记录的句子。<\\/p>,<p>Anna在和爸爸妈妈分享今天的学校日程。听一听，判断下面图片与她的日程是否相符。<\\/p>,<p>Anna在教妹妹认识钟表。听一听，选出与Anna所说单词相符的图片。<\\/p>\", \"单元名称\" : \"Unit 1 It's time to go to school\", \"设置的题目数量\" : 5, \"级别\" : \"综合进阶\", \"学科\" : \"英语\", \"对应端类型\" : \"通用\"}"
"{\"年级\" : \"六年级\", \"关联题目数量\" : \"\", \"版本\" : \"湘鲁版\", \"册\" : \"下册\", \"题干集合\" : \"\", \"单元名称\" : \"期末复习\", \"设置的题目数量\" : 5, \"级别\" : \"基础巩固\", \"学科\" : \"英语\", \"对应端类型\" : \"app\"}"
"{\"年级\" : \"三年级\", \"关联题目数量\" : 12, \"版本\" : \"湘少版\", \"册\" : \"下册\", \"题干集合\" : \",,,,,,,,,,,\", \"单元名称\" : \"Unit 7 Is this an orange?\", \"设置的题目数量\" : 5, \"级别\" : \"基础巩固\", \"学科\" : \"英语\", \"对应端类型\" : \"app\"}"
"{\"年级\" : \"六年级\", \"关联题目数量\" : \"\", \"版本\" : \"湘少版\", \"册\" : \"下册\", \"题干集合\" : \"\", \"单元名称\" : \"期中复习\", \"设置的题目数量\" : 5, \"级别\" : \"难点突破\", \"学科\" : \"英语\", \"对应端类型\" : \"app\"}"
"{\"年级\" : \"三年级\", \"关联题目数量\" : \"\", \"版本\" : \"人教版（三起）\", \"册\" : \"上册\", \"题干集合\" : \"\", \"单元名称\" : \"期中测试卷\", \"设置的题目数量\" : 5, \"级别\" : \"基础巩固\", \"学科\" : \"英语\", \"对应端类型\" : \"app\"}"
"{\"年级\" : \"五年级\", \"关联题目数量\" : \"\", \"版本\" : \"教科版\", \"册\" : \"上册\", \"题干集合\" : \"\", \"单元名称\" : \"期末复习\", \"设置的题目数量\" : 5, \"级别\" : \"基础巩固\", \"学科\" : \"英语\", \"对应端类型\" : \"通用\"}"
"{\"年级\" : \"三年级\", \"关联题目数量\" : 13, \"版本\" : \"\", \"册\" : \"上册\", \"题干集合\" : \"<p>It's cute.<\\/p>,<p>I want a cat.<\\/p>,<p>我有一只小鸟。<\\/p>,,<p>我有一只兔子。<\\/p>,<p>It is ____.<\\/p>,<p>How are you?<\\/p>,,,,,,\", \"单元名称\" : \"Unit 7 Do you like birds?\", \"设置的题目数量\" : 5, \"级别\" : \"综合进阶\", \"学科\" : \"英语\", \"对应端类型\" : \"通用\"}"
"{\"年级\" : \"四年级\", \"关联题目数量\" : \"\", \"版本\" : \"湘少版（2024审定）\", \"册\" : \"上册\", \"题干集合\" : \"\", \"单元名称\" : \"期末复习\", \"设置的题目数量\" : 5, \"级别\" : \"基础巩固\", \"学科\" : \"英语\", \"对应端类型\" : \"通用\"}"
"{\"年级\" : \"三年级\", \"关联题目数量\" : 15, \"版本\" : \"教科版（2024审定）\", \"册\" : \"上册\", \"题干集合\" : \"<p>艾雯正在学习用英文描述动作。听录音，选择与录音内容相符的释义。<\\/p>,<p>艾雯说出了接下来要模仿的动物。听录音，给单词排序。<\\/p>,<p>同学们正在玩“你比划，我来猜”的游戏。听录音，判断录音内容与所给图片是否相符，相符的选“T”，不相符的选“F”。<\\/p>,<p>艾雯会模仿许多动物。听录音，选择与录音内容相符的图片。<\\/p>,<p>艾雯正在学习用英文描述动作。听录音，选择与录音内容相符的释义。<\\/p>,<p>艾雯正在学习用英文描述动作。听录音，选择与录音内容相符的释义。<\\/p>,<p>艾雯会模仿许多动物。听录音，选择与录音内容相符的图片。<\\/p>,<p>艾雯正在学习用英文描述动作。听录音，选择与录音内容相符的释义。<\\/p>,<p>艾雯会模仿许多动物。听录音，选择与录音内容相符的图片。<\\/p>,<p>同学们正在玩“你比划，我来猜”的游戏。听录音，判断录音内容与所给图片是否相符，相符的选“T”，不相符的选“F”。<\\/p>,<p>同学们正在玩“你比划，我来猜”的游戏。听录音，判断录音内容与所给图片是否相符，相符的选“T”，不相符的选“F”。<\\/p>,<p>艾雯模仿动物时需移动肢体。听录音，选择与录音内容相符的图片。<\\/p>,<p>艾雯正在学习用英文描述动作。听录音，选择与录音内容相符的释义。<\\/p>,<p>同学们正在玩“你比划，我来猜”的游戏。听录音，判断录音内容与所给图片是否相符，相符的选“T”，不相符的选“F”。<\\/p>,<p>艾雯模仿动物时需移动肢体。听录音，选择与录音内容相符的图片。<\\/p>\", \"单元名称\" : \"Unit 8 It's Time to Exercise!\", \"设置的题目数量\" : 5, \"级别\" : \"基础巩固\", \"学科\" : \"英语\", \"对应端类型\" : \"通用\"}"
"{\"年级\" : \"七年级\", \"关联题目数量\" : 5, \"版本\" : \"\", \"册\" : \"上册\", \"题干集合\" : \"<p>When does Anna brush her teeth?<\\/p>,<p>When does Jack exercise?<\\/p>,<p>Does Rick usually take a shower in the morning?<\\/p>,<p>What time is it?<\\/p>,<p>What does the boy often do on Saturday afternoon?<\\/p>\", \"单元名称\" : \"Unit 6 A Day in the Life\", \"设置的题目数量\" : 5, \"级别\" : \"听短对话选答案\", \"学科\" : \"英语\", \"对应端类型\" : \"通用\"}"
"{\"年级\" : \"三年级\", \"关联题目数量\" : \"\", \"版本\" : \"人教版（三起）\", \"册\" : \"上册\", \"题干集合\" : \"\", \"单元名称\" : \"U12\", \"设置的题目数量\" : 5, \"级别\" : \"基础巩固\", \"学科\" : \"英语\", \"对应端类型\" : \"app\"}"
"{\"年级\" : \"三年级\", \"关联题目数量\" : \"\", \"版本\" : \"人教版（三起）（2024审定）\", \"册\" : \"下册\", \"题干集合\" : \"\", \"单元名称\" : \"U9\", \"设置的题目数量\" : 5, \"级别\" : \"难点突破\", \"学科\" : \"英语\", \"对应端类型\" : \"通用\"}"
"{\"年级\" : \"三年级\", \"关联题目数量\" : \"\", \"版本\" : \"人教版（三起）\", \"册\" : \"下册\", \"题干集合\" : \"\", \"单元名称\" : \"U9\", \"设置的题目数量\" : 5, \"级别\" : \"综合进阶\", \"学科\" : \"英语\", \"对应端类型\" : \"通用\"}"
"{\"年级\" : \"四年级\", \"关联题目数量\" : \"\", \"版本\" : \"教科版（2024审定）\", \"册\" : \"下册\", \"题干集合\" : \"\", \"单元名称\" : \"期末复习\", \"设置的题目数量\" : 5, \"级别\" : \"综合进阶\", \"学科\" : \"英语\", \"对应端类型\" : \"通用\"}"
"{\"年级\" : \"三年级\", \"关联题目数量\" : 10, \"版本\" : \"湘少版\", \"册\" : \"上册\", \"题干集合\" : \",,,,,,,,,\", \"单元名称\" : \"Unit 11 I like the bird\", \"设置的题目数量\" : 5, \"级别\" : \"难点突破\", \"学科\" : \"英语\", \"对应端类型\" : \"app\"}"
"{\"年级\" : \"四年级\", \"关联题目数量\" : 15, \"版本\" : \"\", \"册\" : \"上册\", \"题干集合\" : \"<p>Linda在给好朋友讲故事。听一听，她提到了哪个单词？<\\/p>,<p>Linda在给好朋友讲故事。听一听，她提到了哪个单词？<\\/p>,<p>乐天遇到了一些不认识的单词。听一听，帮他给单词找到释义吧！<\\/p>,<p>森林运动会中，选手们在描述自己的状态。听一听，图中是选手的状态吗？<\\/p>,<p>John在带妹妹认识情绪。听一听，他们在认识哪种情绪呢？<\\/p>,<p>Peter在复习今天学习的英语绕口令。听一听，绕口令中包含下面哪个单词？<\\/p>,<p>学校运动会中，选手们在描述自己的情绪。听一听，图中是他们的情绪吗？<\\/p>,<p>乐天遇到了一些不认识的单词。听一听，帮他给单词找到释义吧！<\\/p>,<p>乐天遇到了一些不认识的单词。听一听，帮他给单词找到释义吧！<\\/p>,<p>John在带妹妹认识情绪。听一听，他们在认识哪种情绪呢？<\\/p>,<p>Linda在给好朋友讲故事。听一听，她提到了哪个单词？<\\/p>,<p>Peter在复习今天学习的英语绕口令。听一听，绕口令中包含下面哪个单词？<\\/p>,<p>学校运动会中，选手们在描述自己的情绪。听一听，图中是他们的情绪吗？<\\/p>,<p>Linda在给好朋友讲故事。听一听，她提到了哪个单词？<\\/p>,<p>John在带妹妹认识情绪。听一听，他们在认识哪种情绪呢？<\\/p>\", \"单元名称\" : \"Unit 2 How do you feel?\", \"设置的题目数量\" : 5, \"级别\" : \"基础巩固\", \"学科\" : \"英语\", \"对应端类型\" : \"通用\"}"
"{\"年级\" : \"八年级\", \"关联题目数量\" : 1, \"版本\" : \"人教版\", \"册\" : \"上册\", \"题干集合\" : \"<p>1. It's |space<||>space| for us to feel nervous when there is an exam.<\\/p><p>2. First, the exam results don't |space<||>space| everything.<\\/p><p>3. If you |space<||>space| too much about them, you will not be able to enjoy your study.<\\/p><p>4. Next, if you are too nervous, you'd better do something to |space<||>space|.<\\/p><p>5. Just |space<||>space| in yourself and try your best.<\\/p>\", \"单元名称\" : \"Unit 10 If you go to the party, you’ll have a great time!\", \"设置的题目数量\" : 1, \"级别\" : \"听短文完成题目\", \"学科\" : \"英语\", \"对应端类型\" : \"通用\"}"
"{\"年级\" : \"四年级\", \"关联题目数量\" : 10, \"版本\" : \"\", \"册\" : \"上册\", \"题干集合\" : \"<p>Amy和家人在讨论周末的活动。听一听妈妈的发言，Amy要怎么回应呢？<\\/p>,<p>Amy爸爸在安排假期的一天。听一听，图中是Amy爸爸要参加的活动吗？<\\/p>,<p>周末，Amy和家人在公园聊天。听一听爸爸的发言，Amy要怎么回答呢？<\\/p>,<p> Amy在记录同学们四季想做的活动。听一听，Amy记录的信息正确吗？<\\/p><p>Andy wants to eat an ice cream in summer.<\\/p>,<p>Amy和家人在讨论周末的活动。听一听爸爸的发言，Amy要怎么回应呢？<\\/p>,<p>Amy在记录同学们不同天气想做的活动。听一听，Amy记录的信息正确吗？<\\/p><p>Tom wants to read books at home on rainy days.<\\/p>,<p>Amy想约Tom周末一起玩耍。听一听，图中是Tom想参加的活动吗？<\\/p>,<p>同学们在“周末计划”分享会上分享了计划。听一听，计划需要什么物品呢？<\\/p>,<p>同学们在讨论学校组织的春游活动。听一听，他们依次是怎么说呢？<\\/p>,<p>Tom和妈妈在讨论今天的娱乐活动。听一听，图中是他们讨论的活动吗？<\\/p>\", \"单元名称\" : \"Unit 8 What do you want to do on sunny days?\", \"设置的题目数量\" : 5, \"级别\" : \"难点突破\", \"学科\" : \"英语\", \"对应端类型\" : \"通用\"}"
"{\"年级\" : \"四年级\", \"关联题目数量\" : 15, \"版本\" : \"\", \"册\" : \"下册\", \"题干集合\" : \",<p>Zoe在分享好朋友对她的帮助。听一听，图片与她的分享相符吗？<\\/p>,,,,,<p>Tony在分享好朋友对他的帮助。听一听，图片与他的分享相符吗？<\\/p>,<p>班会课上，老师在公布班级的“好人好事”行为。听一听，图片与老师说的相符吗？<\\/p>,<p>Andy在和爸爸分享自己对班级的帮助。听一听，图片与他的行为相符吗？<\\/p>,,,<p>I help Grade One students to find their way.<\\/p>,,<p>How do you help each other?<\\/p>,\", \"单元名称\" : \"Unit 5 How do you help each other?\", \"设置的题目数量\" : 15, \"级别\" : \"综合进阶\", \"学科\" : \"英语\", \"对应端类型\" : \"通用\"}"
"{\"年级\" : \"四年级\", \"关联题目数量\" : \"\", \"版本\" : \"教科版\", \"册\" : \"上册\", \"题干集合\" : \"\", \"单元名称\" : \"Unit 12 What's your father's job?\", \"设置的题目数量\" : 5, \"级别\" : \"基础巩固\", \"学科\" : \"英语\", \"对应端类型\" : \"通用\"}"
"{\"年级\" : \"六年级\", \"关联题目数量\" : \"\", \"版本\" : \"人教版（三起）\", \"册\" : \"下册\", \"题干集合\" : \"\", \"单元名称\" : \"U5\", \"设置的题目数量\" : 5, \"级别\" : \"基础巩固\", \"学科\" : \"英语\", \"对应端类型\" : \"通用\"}"
"{\"年级\" : \"三年级\", \"关联题目数量\" : 10, \"版本\" : \"湘少版（2024审定）\", \"册\" : \"下册\", \"题干集合\" : \"<p>课间，Lily在调查同学们上学的交通方式。听一听，判断所给图片与所听内容是否相符。<\\/p>,<p>Amy在日记本上记录自己日常的交通方式。听一听，根据听到的顺序给下列句子排序。<\\/p>,<p>放学了， Tom和Peter在校门口聊天。听一听，选择合适的答语。<\\/p>,<p>假期快到了，同学们在介绍自己回家乡的方式。听一听，根据描述，将人物与对应的交通方式连线。<\\/p>,<p>课间，Lily在调查同学们上学的交通方式。听一听，判断所给图片与所听内容是否相符。<\\/p>,<p>同学们约定暑假去夏令营。听一听，选出正确的单词补全句子。<\\/p><p><br><\\/p><p>I go there by ____.<\\/p>,<p>放学了，Tom和Peter在校门口聊天。听一听，选择合适的答语。<\\/p>,<p>放学了，Tom和Peter在校门口聊天。听一听，选择合适的答语。<\\/p>,<p>同学们约定暑假去夏令营。听一听，选出正确的单词补全句子。<\\/p><p><br><\\/p><p>I go there by ____.<\\/p>,<p>课间，Lily在调查同学们上学的交通方式。听一听，判断所给图片与所听内容是否相符。<\\/p>\", \"单元名称\" : \"Unit 9 I go there by bus\", \"设置的题目数量\" : 5, \"级别\" : \"难点突破\", \"学科\" : \"英语\", \"对应端类型\" : \"通用\"}"
"{\"年级\" : \"五年级\", \"关联题目数量\" : 16, \"版本\" : \"湘少版\", \"册\" : \"下册\", \"题干集合\" : \",,,,,,,,,<p>必须<\\/p>,,,,,,\", \"单元名称\" : \"Unit 8 Can you show me the way to the Xinhua Hotel?\", \"设置的题目数量\" : 5, \"级别\" : \"基础巩固\", \"学科\" : \"英语\", \"对应端类型\" : \"app\"}"
"{\"年级\" : \"三年级\", \"关联题目数量\" : \"\", \"版本\" : \"\", \"册\" : \"下册\", \"题干集合\" : \"\", \"单元名称\" : \"U11\", \"设置的题目数量\" : 5, \"级别\" : \"难点突破\", \"学科\" : \"英语\", \"对应端类型\" : \"通用\"}"
"{\"年级\" : \"六年级\", \"关联题目数量\" : 10, \"版本\" : \"湘鲁版\", \"册\" : \"下册\", \"题干集合\" : \"<p>Can you hear the |space<||>space|?<\\/p>,<p>The rain is too |space<||>space|.<\\/p>,<p>Let's wait until the |space<||>space| passes.<\\/p>,<p>Rainwater |space<||>space| into the soil.<\\/p>,<p>The wind is too strong.<\\/p>,<p>Rain falls down again.<\\/p>,<p>It rains heavily.<\\/p>,<p>I use an umbrella.<\\/p>,<p>I will put on my |space<||>space|.<\\/p>,<p>Do you see the lightning?<\\/p>\", \"单元名称\" : \"Unit 7  Can you see the lightning?\", \"设置的题目数量\" : 5, \"级别\" : \"难点突破\", \"学科\" : \"英语\", \"对应端类型\" : \"app\"}"
"{\"年级\" : \"五年级\", \"关联题目数量\" : 10, \"版本\" : \"人教版（三起）\", \"册\" : \"下册\", \"题干集合\" : \",,,,,,,,,\", \"单元名称\" : \"Unit 2 My favourite season\", \"设置的题目数量\" : 5, \"级别\" : \"综合进阶\", \"学科\" : \"英语\", \"对应端类型\" : \"app\"}"
"{\"年级\" : \"四年级\", \"关联题目数量\" : 10, \"版本\" : \"\", \"册\" : \"下册\", \"题干集合\" : \",,<p>同学们在互相分享自己对家庭的帮助。听一听，Sarah是怎么做的呢？<\\/p>,,<p>本周的“帮助之星”公布了。听一听，光荣榜上依次记录了他们的哪些行为？<\\/p>,,,<p>同学们在互相分享自己对家庭的帮助。听一听，Lily是怎么做的呢？<\\/p>,,<p>课堂上，同学们在分享自己如何帮助他人。听一听，他们做了什么呢？<\\/p>\", \"单元名称\" : \"Unit 5 How do you help each other?\", \"设置的题目数量\" : 10, \"级别\" : \"难点突破\", \"学科\" : \"英语\", \"对应端类型\" : \"通用\"}"
"{\"年级\" : \"五年级\", \"关联题目数量\" : 7, \"版本\" : \"湘鲁版\", \"册\" : \"上册\", \"题干集合\" : \",,,,,,\", \"单元名称\" : \"Unit 6 I often walk to school.\", \"设置的题目数量\" : 5, \"级别\" : \"难点突破\", \"学科\" : \"英语\", \"对应端类型\" : \"app\"}"
"{\"年级\" : \"六年级\", \"关联题目数量\" : 10, \"版本\" : \"湘鲁版\", \"册\" : \"下册\", \"题干集合\" : \",,,,,,,,,\", \"单元名称\" : \"Unit 4  We went on a science field trip.\", \"设置的题目数量\" : 5, \"级别\" : \"基础巩固\", \"学科\" : \"英语\", \"对应端类型\" : \"app\"}"
"{\"年级\" : \"七年级\", \"关联题目数量\" : 1, \"版本\" : \"人教版\", \"册\" : \"上册\", \"题干集合\" : \"<p>1. |space<||>space|<\\/p><p>2. |space<||>space|<\\/p><p>3. |space<||>space|<\\/p><p>4. |space<||>space|<\\/p><p>5. |space<||>space|<\\/p>\", \"单元名称\" : \"Unit 3 Is this your pencil?\", \"设置的题目数量\" : 1, \"级别\" : \"听短文完成题目\", \"学科\" : \"英语\", \"对应端类型\" : \"通用\"}"
"{\"年级\" : \"六年级\", \"关联题目数量\" : \"\", \"版本\" : \"人教版（三起）\", \"册\" : \"下册\", \"题干集合\" : \"\", \"单元名称\" : \"U11\", \"设置的题目数量\" : 5, \"级别\" : \"基础巩固\", \"学科\" : \"英语\", \"对应端类型\" : \"通用\"}"
"{\"年级\" : \"六年级\", \"关联题目数量\" : \"\", \"版本\" : \"教科版\", \"册\" : \"上册\", \"题干集合\" : \"\", \"单元名称\" : \"Unit 10 Then and now\", \"设置的题目数量\" : 5, \"级别\" : \"难点突破\", \"学科\" : \"英语\", \"对应端类型\" : \"通用\"}"
"{\"年级\" : \"七年级\", \"关联题目数量\" : 1, \"版本\" : \"人教版\", \"册\" : \"上册\", \"题干集合\" : \"\", \"单元名称\" : \"Unit 2 This is my sister.\", \"设置的题目数量\" : 1, \"级别\" : \"听独白选答案\", \"学科\" : \"英语\", \"对应端类型\" : \"通用\"}"
"{\"年级\" : \"四年级\", \"关联题目数量\" : 10, \"版本\" : \"人教版（三起）\", \"册\" : \"下册\", \"题干集合\" : \",,,,,,,,,\", \"单元名称\" : \"Unit 2 What time is it?\", \"设置的题目数量\" : 5, \"级别\" : \"综合进阶\", \"学科\" : \"英语\", \"对应端类型\" : \"app\"}"
"{\"年级\" : \"四年级\", \"关联题目数量\" : 15, \"版本\" : \"\", \"册\" : \"下册\", \"题干集合\" : \",,,,,<p>Linda在电话中和妈妈描述她看到的动物。听一听，图片与她的描述相符吗？<\\/p>,<p>What are the bears doing?<\\/p>,<p>Linda在电话中和妈妈描述她看到的动物。听一听，她的描述的是哪种动物呢？<\\/p>,<p>They are so beautiful.<\\/p>,<p><span style=\\\"color: rgb(0, 0, 0);\\\"> <\\/span>Linda在电话中和妈妈描述她看到的动物。听一听，图片与她的描述相符吗？<\\/p>,,<p><span style=\\\"color: rgb(0, 0, 0);\\\"> <\\/span>Linda在电话中和妈妈描述她看到的动物。听一听，图片与她的描述相符吗？<\\/p>,,<p>Linda在电话中和妈妈描述她看到的动物。听一听，图片与她的描述相符吗？<\\/p>,<p>Does a panda live in the bamboo forest?<\\/p>\", \"单元名称\" : \"Unit 8 They are eating grass\", \"设置的题目数量\" : 15, \"级别\" : \"综合进阶\", \"学科\" : \"英语\", \"对应端类型\" : \"通用\"}"
"{\"年级\" : \"三年级\", \"关联题目数量\" : 10, \"版本\" : \"湘少版（2024审定）\", \"册\" : \"下册\", \"题干集合\" : \"<p>Lily回家后会做些什么？听一听，判断所给图片的活动与Lily说的内容是否相符。<\\/p>,<p>Mike和爸爸在洗漱。听录音，选出与所听内容相符的图片。<\\/p>,<p>Anna运动完回到家，会和妈妈发生怎样的对话？听一听，按照听到的顺序给下面的句子排序。<\\/p>,<p>Lily回家后会做些什么？听一听，判断所给图片的活动与Lily说的内容是否相符。<\\/p>,<p>Lingling正和弟弟一起洗漱。听一听，选出正确的单词补全她所说的句子。<\\/p><p><br><\\/p><p>Look at your ____.<\\/p>,<p>以下是妈妈对Peter放学后的安排。听一听，按照听到的顺序给下面的句子排序。<\\/p>,<p>Anna在给妹妹做日程表。听录音，给妹妹要进行的活动排序。<\\/p>,<p>Lily回家后会做些什么？听一听，判断所给图片的活动与Lily说的内容是否相符。<\\/p>,<p>Lingling正和弟弟一起洗漱。听一听，选出正确的单词补全她所说的句子。<\\/p><p><br><\\/p><p>Wash your ____.<\\/p>,<p>Mike和爸爸洗漱完，回到卧室。听录音，选出与所听内容相符的图片。<\\/p>\", \"单元名称\" : \"Unit 7 Wash your hands\", \"设置的题目数量\" : 5, \"级别\" : \"难点突破\", \"学科\" : \"英语\", \"对应端类型\" : \"通用\"}"
"{\"年级\" : \"八年级\", \"关联题目数量\" : \"\", \"版本\" : \"人教版\", \"册\" : \"上册\", \"题干集合\" : \"\", \"单元名称\" : \"期中复习\", \"设置的题目数量\" : 5, \"级别\" : \"基础巩固\", \"学科\" : \"英语\", \"对应端类型\" : \"通用\"}"
"{\"年级\" : \"四年级\", \"关联题目数量\" : \"\", \"版本\" : \"人教版（三起）\", \"册\" : \"上册\", \"题干集合\" : \"\", \"单元名称\" : \"期中测试卷\", \"设置的题目数量\" : 5, \"级别\" : \"难点突破\", \"学科\" : \"英语\", \"对应端类型\" : \"app\"}"
"{\"年级\" : \"四年级\", \"关联题目数量\" : \"\", \"版本\" : \"\", \"册\" : \"下册\", \"题干集合\" : \"\", \"单元名称\" : \"U12\", \"设置的题目数量\" : 5, \"级别\" : \"综合进阶\", \"学科\" : \"英语\", \"对应端类型\" : \"通用\"}"
"{\"年级\" : \"四年级\", \"关联题目数量\" : 10, \"版本\" : \"教科版（2024审定）\", \"册\" : \"下册\", \"题干集合\" : \",,,,<p>What's the weather like in London in spring?<\\/p>,,<p>Autumn in Melbourne is warm and windy.<\\/p>,,,\", \"单元名称\" : \"Unit 5 How's the Weather?\", \"设置的题目数量\" : 5, \"级别\" : \"难点突破\", \"学科\" : \"英语\", \"对应端类型\" : \"通用\"}"
"{\"年级\" : \"四年级\", \"关联题目数量\" : 10, \"版本\" : \"人教版（三起）\", \"册\" : \"上册\", \"题干集合\" : \"<p>help yourself\\t<\\/p>,<p>sp |space<||>space| |space<||>space| n<\\/p>,,,<p>chopsticks<\\/p>,,<p>|space<||>space| |space<||>space| |space<||>space| |space<||>space| table<\\/p>,<p>f|space<||>space| |space<||>space|k<\\/p>,,<p>strong<\\/p>\", \"单元名称\" : \"Unit 5 Dinner's ready\", \"设置的题目数量\" : 5, \"级别\" : \"综合进阶\", \"学科\" : \"英语\", \"对应端类型\" : \"app\"}"
"{\"年级\" : \"六年级\", \"关联题目数量\" : 10, \"版本\" : \"湘少版\", \"册\" : \"上册\", \"题干集合\" : \"NULL,,,NULL,,NULL,,,,\", \"单元名称\" : \"Unit 8 We shouldn't waste water\", \"设置的题目数量\" : 5, \"级别\" : \"综合进阶\", \"学科\" : \"英语\", \"对应端类型\" : \"app\"}"
"{\"年级\" : \"三年级\", \"关联题目数量\" : 10, \"版本\" : \"教科版（2024审定）\", \"册\" : \"下册\", \"题干集合\" : \"<p>Amy制定了一份时间表。听一听，选出与时间相符的活动。<\\/p>,<p>Amy放学回到家，她和妈妈会聊些什么呢？听一听，帮妈妈选择合适的答语。<\\/p>,<p>听一听Amy和Anna在家里的对话，判断图片与对话内容是否相符。<\\/p>,<p>Amy制定了一份时间表。听一听，选出与时间相符的活动。<\\/p>,<p>Amy想把日程表的时间打乱做成手账。听一听，按照听到的顺序，给句子排序。<\\/p>,<p>Linda在问妹妹时间。听一听，判断图片与所听内容是否相符。<\\/p>,<p>Amy在向Anna询问时间。听一听，判断图片与她们的对话内容是否相符。<\\/p>,<p>Linda在问妹妹时间。听一听，判断图片与所听内容是否相符。<\\/p>,<p>Amy制定了一份时间表。听一听，选出与时间相符的活动。<\\/p>,<p>Anna正在写日记，她今天进行了哪些活动呢？听一听，将时间与活动连线。<\\/p>\", \"单元名称\" : \"Unit 2 What a Day!\", \"设置的题目数量\" : 5, \"级别\" : \"难点突破\", \"学科\" : \"英语\", \"对应端类型\" : \"通用\"}"
"{\"年级\" : \"五年级\", \"关联题目数量\" : \"\", \"版本\" : \"人教版（三起）\", \"册\" : \"上册\", \"题干集合\" : \"\", \"单元名称\" : \"U12\", \"设置的题目数量\" : 5, \"级别\" : \"难点突破\", \"学科\" : \"英语\", \"对应端类型\" : \"app\"}"
"{\"年级\" : \"八年级\", \"关联题目数量\" : 1, \"版本\" : \"人教版\", \"册\" : \"下册\", \"题干集合\" : \"<p>1. |space<||>space|<\\/p><p>2. |space<||>space|<\\/p><p>3. |space<||>space|<\\/p><p>4. |space<||>space|<\\/p><p>5. |space<||>space|<\\/p>\", \"单元名称\" : \"Unit 4 Why don't you talk to your parents?\", \"设置的题目数量\" : 1, \"级别\" : \"听短文完成题目\", \"学科\" : \"英语\", \"对应端类型\" : \"通用\"}"
"{\"年级\" : \"六年级\", \"关联题目数量\" : 11, \"版本\" : \"湘少版\", \"册\" : \"下册\", \"题干集合\" : \"<p>|space<||>space| |space<||>space| |space<||>space|<\\/p>,<p>|space<||>space| |space<||>space| |space<||>space| |space<||>space| |space<||>space|<\\/p>,,<p>|space<||>space| |space<||>space| |space<||>space| |space<||>space| |space<||>space| |space<||>space| |space<||>space|<\\/p>,,,<p>|space<||>space| |space<||>space| |space<||>space| |space<||>space|<\\/p>,,,<p>|space<||>space| |space<||>space| |space<||>space| |space<||>space|<\\/p>,<p>|space<||>space| |space<||>space| |space<||>space| |space<||>space|<\\/p>\", \"单元名称\" : \"Unit 2 Some stories are more interesting\", \"设置的题目数量\" : 5, \"级别\" : \"综合进阶\", \"学科\" : \"英语\", \"对应端类型\" : \"app\"}"
"{\"年级\" : \"八年级\", \"关联题目数量\" : \"\", \"版本\" : \"人教版\", \"册\" : \"上册\", \"题干集合\" : \"\", \"单元名称\" : \"U12\", \"设置的题目数量\" : 5, \"级别\" : \"综合进阶\", \"学科\" : \"英语\", \"对应端类型\" : \"通用\"}"
"{\"年级\" : \"八年级\", \"关联题目数量\" : 1, \"版本\" : \"人教版\", \"册\" : \"下册\", \"题干集合\" : \"\", \"单元名称\" : \"Unit 6 An old man tried to move the mountains.\", \"设置的题目数量\" : 1, \"级别\" : \"听长对话选答案\", \"学科\" : \"英语\", \"对应端类型\" : \"通用\"}"
"{\"年级\" : \"三年级\", \"关联题目数量\" : 10, \"版本\" : \"湘鲁版\", \"册\" : \"上册\", \"题干集合\" : \",,,,,,,,,\", \"单元名称\" : \"Unit 2 Let's play a game!\", \"设置的题目数量\" : 5, \"级别\" : \"基础巩固\", \"学科\" : \"英语\", \"对应端类型\" : \"app\"}"
"{\"年级\" : \"四年级\", \"关联题目数量\" : 13, \"版本\" : \"湘少版\", \"册\" : \"下册\", \"题干集合\" : \",<p>|space<||>space| |space<||>space| |space<||>space|<\\/p>,,<p>|space<||>space| |space<||>space| |space<||>space| |space<||>space| |space<||>space|<\\/p>,,<p>|space<||>space| |space<||>space| |space<||>space| |space<||>space|<\\/p>,,,,<p>|space<||>space| |space<||>space| |space<||>space| |space<||>space|<\\/p>,,<p>云<\\/p>,<p>|space<||>space| |space<||>space| |space<||>space|<\\/p>\", \"单元名称\" : \"Unit 3 What can you see?\", \"设置的题目数量\" : 5, \"级别\" : \"难点突破\", \"学科\" : \"英语\", \"对应端类型\" : \"app\"}"
"{\"年级\" : \"八年级\", \"关联题目数量\" : 1, \"版本\" : \"人教版\", \"册\" : \"上册\", \"题干集合\" : \"\", \"单元名称\" : \"Unit 3 I'm more outgoing than my sister.\", \"设置的题目数量\" : 1, \"级别\" : \"听独白选答案\", \"学科\" : \"英语\", \"对应端类型\" : \"通用\"}"
"{\"年级\" : \"三年级\", \"关联题目数量\" : 11, \"版本\" : \"教科版（2024审定）\", \"册\" : \"下册\", \"题干集合\" : \"<p>Alan和Jack在谈论自己的晨间活动。听一听，判断图片与他们的对话是否相符。<\\/p>,<p>妈妈在给Bob做晨间活动提醒表。听一听妈妈的陈述，给下面的句子排序。<\\/p>,<p>课堂上同学们在介绍自己晨间活动的顺序。听一听Lily的陈述，给下面的句子排序。<\\/p>,<p>Alan和Jack在谈论自己的晨间活动。听一听，判断图片与他们的对话是否相符。<\\/p>,<p>Alan和Jack在谈论自己的晨间活动。听一听，选出他们所说活动要用的物品。<\\/p>,<p>Alan和Jack在谈论自己的晨间活动。听一听，选出他们所说活动要用的物品。<\\/p>,<p>课堂上同学们在介绍自己晨间活动的顺序。听一听Tom的陈述，给图片排序。<\\/p>,<p>Tom和Jim在谈论自己的晨间日常活动。听一听，给Tom选择恰当的答语。<\\/p>,<p>Tom和Jim在谈论自己的晨间日常活动。听一听，给Jim选择恰当的答语。<\\/p>,<p>Alan和Jack在谈论自己的晨间活动。听一听，选出他们所说活动要用的物品。<\\/p>,<p>早上妈妈和Alan在厨房，她们会说些什么呢？听一听，判断图片与她们的对话是否相符。<\\/p>\", \"单元名称\" : \"Unit 1 Get Up\", \"设置的题目数量\" : 5, \"级别\" : \"难点突破\", \"学科\" : \"英语\", \"对应端类型\" : \"通用\"}"
"{\"年级\" : \"四年级\", \"关联题目数量\" : 10, \"版本\" : \"湘鲁版\", \"册\" : \"上册\", \"题干集合\" : \"<p>|space<||>space| |space<||>space| |space<||>space|<\\/p>,<p>I can see an eraser on the desk. <\\/p>,<p>Is this a blackboard?<\\/p>,<p>|space<||>space| |space<||>space| |space<||>space|<\\/p>,,<p>What can you do? <\\/p>,,<p>|space<||>space| |space<||>space| |space<||>space| |space<||>space|<\\/p>,<p>|space<||>space| |space<||>space| |space<||>space| |space<||>space| |space<||>space| |space<||>space| |space<||>space| |space<||>space|<\\/p>,<p>|space<||>space| |space<||>space| |space<||>space|<\\/p>\", \"单元名称\" : \"Unit 1 What can you see?\", \"设置的题目数量\" : 5, \"级别\" : \"难点突破\", \"学科\" : \"英语\", \"对应端类型\" : \"app\"}"
"{\"年级\" : \"四年级\", \"关联题目数量\" : \"\", \"版本\" : \"教科版（2024审定）\", \"册\" : \"上册\", \"题干集合\" : \"\", \"单元名称\" : \"U11\", \"设置的题目数量\" : 5, \"级别\" : \"综合进阶\", \"学科\" : \"英语\", \"对应端类型\" : \"通用\"}"
"{\"年级\" : \"五年级\", \"关联题目数量\" : 10, \"版本\" : \"湘少版\", \"册\" : \"下册\", \"题干集合\" : \",,,,,,,,,\", \"单元名称\" : \"Unit 4 Don't talk here\", \"设置的题目数量\" : 5, \"级别\" : \"基础巩固\", \"学科\" : \"英语\", \"对应端类型\" : \"app\"}"
"{\"年级\" : \"三年级\", \"关联题目数量\" : 10, \"版本\" : \"湘鲁版\", \"册\" : \"下册\", \"题干集合\" : \"<p>May I speak to Wang Li, please?<\\/p>,,,,,,,,,\", \"单元名称\" : \"Unit 7  Where are you?\", \"设置的题目数量\" : 5, \"级别\" : \"难点突破\", \"学科\" : \"英语\", \"对应端类型\" : \"app\"}"
"{\"年级\" : \"四年级\", \"关联题目数量\" : \"\", \"版本\" : \"湘少版（2024审定）\", \"册\" : \"下册\", \"题干集合\" : \"\", \"单元名称\" : \"U12\", \"设置的题目数量\" : 5, \"级别\" : \"综合进阶\", \"学科\" : \"英语\", \"对应端类型\" : \"通用\"}"
"{\"年级\" : \"四年级\", \"关联题目数量\" : \"\", \"版本\" : \"湘鲁版\", \"册\" : \"上册\", \"题干集合\" : \"\", \"单元名称\" : \"Units 1-3 测试卷\", \"设置的题目数量\" : 5, \"级别\" : \"综合进阶\", \"学科\" : \"英语\", \"对应端类型\" : \"app\"}"
"{\"年级\" : \"三年级\", \"关联题目数量\" : 10, \"版本\" : \"湘少版\", \"册\" : \"上册\", \"题干集合\" : \"<p>哥哥；弟弟<\\/p>,<p>奶奶；外婆<\\/p>,,,<p>伯母；舅母<\\/p>,<p>什么<\\/p>,<p>爷爷；外公<\\/p>,<p>他<\\/p>,,\", \"单元名称\" : \"Unit 6 Who's he?\", \"设置的题目数量\" : 5, \"级别\" : \"基础巩固\", \"学科\" : \"英语\", \"对应端类型\" : \"app\"}"
"{\"年级\" : \"五年级\", \"关联题目数量\" : \"\", \"版本\" : \"湘鲁版\", \"册\" : \"下册\", \"题干集合\" : \"\", \"单元名称\" : \"期中复习\", \"设置的题目数量\" : 5, \"级别\" : \"综合进阶\", \"学科\" : \"英语\", \"对应端类型\" : \"app\"}"
"{\"年级\" : \"四年级\", \"关联题目数量\" : 10, \"版本\" : \"人教版（三起）\", \"册\" : \"上册\", \"题干集合\" : \"<p>table <\\/p>,,,,<p>friend<\\/p>,,,,,\", \"单元名称\" : \"Unit 4 My home\", \"设置的题目数量\" : 5, \"级别\" : \"综合进阶\", \"学科\" : \"英语\", \"对应端类型\" : \"app\"}"
"{\"年级\" : \"五年级\", \"关联题目数量\" : 10, \"版本\" : \"湘鲁版\", \"册\" : \"下册\", \"题干集合\" : \",,,,,,,,,\", \"单元名称\" : \"Unit 2  We have Art in the art room.\", \"设置的题目数量\" : 5, \"级别\" : \"基础巩固\", \"学科\" : \"英语\", \"对应端类型\" : \"app\"}"
"{\"年级\" : \"五年级\", \"关联题目数量\" : 11, \"版本\" : \"湘少版\", \"册\" : \"下册\", \"题干集合\" : \",,,,,,,,,,\", \"单元名称\" : \"Unit 12 Where did you go？\", \"设置的题目数量\" : 5, \"级别\" : \"综合进阶\", \"学科\" : \"英语\", \"对应端类型\" : \"app\"}"
"{\"年级\" : \"六年级\", \"关联题目数量\" : \"\", \"版本\" : \"人教版（三起）\", \"册\" : \"下册\", \"题干集合\" : \"\", \"单元名称\" : \"U10\", \"设置的题目数量\" : 5, \"级别\" : \"基础巩固\", \"学科\" : \"英语\", \"对应端类型\" : \"通用\"}"
"{\"年级\" : \"四年级\", \"关联题目数量\" : \"\", \"版本\" : \"教科版（2024审定）\", \"册\" : \"下册\", \"题干集合\" : \"\", \"单元名称\" : \"期中复习\", \"设置的题目数量\" : 5, \"级别\" : \"基础巩固\", \"学科\" : \"英语\", \"对应端类型\" : \"通用\"}"
"{\"年级\" : \"四年级\", \"关联题目数量\" : 15, \"版本\" : \"湘少版（2024审定）\", \"册\" : \"下册\", \"题干集合\" : \"<p>从Mark家回来后，Jackson决定整理自己的房间。听一听，他打算怎么做？<\\/p>,<p>从Mark家回来后，Jackson决定整理自己的房间。听一听，他打算怎么做？<\\/p>,<p>Mark在猜Jackson把物品放在哪里。听一听，他猜对了吗？<\\/p>,<p>Luke家有一个会整理的机器人“小家”，他能听懂Luke的指令。听一听，Luke下达了什么指令？<\\/p>,<p>从Mark家回来后，Jackson决定整理自己的房间。听一听，他打算怎么做？<\\/p>,<p>Mark在猜Jackson把物品放在哪里。听一听，他猜对了吗？<\\/p>,<p>Luke家有一个会整理的机器人“小家”，他能听懂Luke的指令。听一听，Luke下达了什么指令？<\\/p>,<p>Luke家有一个会整理的机器人“小家”，他能听懂Luke的指令。听一听，Luke下达了什么指令？<\\/p>,<p>Mark在猜Jackson把物品放在哪里。听一听，他猜对了吗？<\\/p>,<p>Mark在猜Jackson把小猫放在哪里。听一听，他猜对了吗？<\\/p>,<p>从Mark家回来后，Jackson决定整理自己的房间。听一听，他打算怎么做？<\\/p>,<p>Mark在猜Jackson把物品放在哪里。听一听，他猜对了吗？<\\/p>,<p>Luke家有一个会整理的机器人“小家”，他能听懂Luke的指令。听一听，Luke下达了什么指令？<\\/p>,<p>Luke家有一个会整理的机器人“小家”，他能听懂Luke的指令。听一听，Luke下达了什么指令？<\\/p>,<p>从Mark家回来后，Jackson决定整理自己的房间。听一听，他打算怎么做？<\\/p>\", \"单元名称\" : \"Unit 1 It’s on your head\", \"设置的题目数量\" : 5, \"级别\" : \"综合进阶\", \"学科\" : \"英语\", \"对应端类型\" : \"通用\"}"
"{\"年级\" : \"四年级\", \"关联题目数量\" : \"\", \"版本\" : \"人教版（三起）（2024审定）\", \"册\" : \"下册\", \"题干集合\" : \"\", \"单元名称\" : \"U11\", \"设置的题目数量\" : 5, \"级别\" : \"基础巩固\", \"学科\" : \"英语\", \"对应端类型\" : \"通用\"}"
"{\"年级\" : \"四年级\", \"关联题目数量\" : \"\", \"版本\" : \"人教版（三起）（2024审定）\", \"册\" : \"上册\", \"题干集合\" : \"\", \"单元名称\" : \"Units 1-2 测试卷\", \"设置的题目数量\" : 5, \"级别\" : \"综合进阶\", \"学科\" : \"英语\", \"对应端类型\" : \"通用\"}"
"{\"年级\" : \"三年级\", \"关联题目数量\" : 10, \"版本\" : \"湘鲁版\", \"册\" : \"上册\", \"题干集合\" : \",<p>寻找<\\/p>,<p>和，与<\\/p>,<p>他（她，它）们<\\/p>,,,,,,\", \"单元名称\" : \"Unit 7 How old are you?\", \"设置的题目数量\" : 5, \"级别\" : \"基础巩固\", \"学科\" : \"英语\", \"对应端类型\" : \"app\"}"
"{\"年级\" : \"三年级\", \"关联题目数量\" : 15, \"版本\" : \"\", \"册\" : \"上册\", \"题干集合\" : \",,,,,<p>d|space<||>space|g<\\/p>,,,,,,,,,\", \"单元名称\" : \"Unit 7 Do you like birds?\", \"设置的题目数量\" : 5, \"级别\" : \"基础巩固\", \"学科\" : \"英语\", \"对应端类型\" : \"通用\"}"
"{\"年级\" : \"四年级\", \"关联题目数量\" : \"\", \"版本\" : \"教科版（2024审定）\", \"册\" : \"上册\", \"题干集合\" : \"\", \"单元名称\" : \"U12\", \"设置的题目数量\" : 5, \"级别\" : \"难点突破\", \"学科\" : \"英语\", \"对应端类型\" : \"通用\"}"
"{\"年级\" : \"七年级\", \"关联题目数量\" : 1, \"版本\" : \"\", \"册\" : \"下册\", \"题干集合\" : \"<p>1. |space<||>space|<\\/p><p>2. |space<||>space|<\\/p><p>3. |space<||>space|<\\/p><p>4. |space<||>space|<\\/p><p>5. |space<||>space|<\\/p>\", \"单元名称\" : \"Unit 2 No Rules, No Order\", \"设置的题目数量\" : 1, \"级别\" : \"听短文完成题目\", \"学科\" : \"英语\", \"对应端类型\" : \"通用\"}"
"{\"年级\" : \"八年级\", \"关联题目数量\" : 1, \"版本\" : \"人教版\", \"册\" : \"下册\", \"题干集合\" : \"\", \"单元名称\" : \"Unit 10 I've had this bike for three years.\", \"设置的题目数量\" : 1, \"级别\" : \"听长对话选答案\", \"学科\" : \"英语\", \"对应端类型\" : \"通用\"}"
"{\"年级\" : \"四年级\", \"关联题目数量\" : \"\", \"版本\" : \"湘少版（2024审定）\", \"册\" : \"下册\", \"题干集合\" : \"\", \"单元名称\" : \"期末复习\", \"设置的题目数量\" : 5, \"级别\" : \"基础巩固\", \"学科\" : \"英语\", \"对应端类型\" : \"通用\"}"
"{\"年级\" : \"六年级\", \"关联题目数量\" : \"\", \"版本\" : \"人教版（三起）\", \"册\" : \"下册\", \"题干集合\" : \"\", \"单元名称\" : \"U12\", \"设置的题目数量\" : 5, \"级别\" : \"基础巩固\", \"学科\" : \"英语\", \"对应端类型\" : \"通用\"}"
"{\"年级\" : \"三年级\", \"关联题目数量\" : \"\", \"版本\" : \"湘少版（2024审定）\", \"册\" : \"下册\", \"题干集合\" : \"\", \"单元名称\" : \"期中复习\", \"设置的题目数量\" : 5, \"级别\" : \"基础巩固\", \"学科\" : \"英语\", \"对应端类型\" : \"通用\"}"
"{\"年级\" : \"四年级\", \"关联题目数量\" : 14, \"版本\" : \"\", \"册\" : \"下册\", \"题干集合\" : \"<p>外教老师在线上课堂教单词。听一听，把单词翻译成中文吧！<\\/p>,<p>外教老师在线上课堂教单词。听一听，把单词翻译成中文吧！<\\/p>,<p>Tom和弟弟在家整理桌子。听一听，桌上有什么物品呢？<\\/p>,<p>Mary在读自然拼读绘本。听一听，绘本中包含下面哪个单词？<\\/p>,,<p>同学们在玩“传声筒”的游戏。听一听，他们说的是哪个单词呢？<\\/p>,<p>外教老师在线上课堂教单词。听一听，把单词翻译成中文吧！<\\/p>,<p>同学们在玩“传声筒”的游戏。听一听，他们说的是哪个单词呢？<\\/p>,<p>同学们在玩“传声筒”的游戏。听一听，他们说的是哪个单词呢？<\\/p>,<p>Tom和弟弟在家整理桌子。听一听，桌上有什么物品呢？<\\/p>,,<p>Tom和弟弟在家整理桌子。听一听，桌上有什么物品呢？<\\/p>,<p>Mary在读自然拼读绘本。听一听，绘本中包含下面哪个单词？<\\/p>,\", \"单元名称\" : \"Unit 6 May I help you?\", \"设置的题目数量\" : 15, \"级别\" : \"基础巩固\", \"学科\" : \"英语\", \"对应端类型\" : \"通用\"}"
"{\"年级\" : \"六年级\", \"关联题目数量\" : \"\", \"版本\" : \"教科版\", \"册\" : \"上册\", \"题干集合\" : \"\", \"单元名称\" : \"Unit 6 The secret to good health.\", \"设置的题目数量\" : 5, \"级别\" : \"综合进阶\", \"学科\" : \"英语\", \"对应端类型\" : \"通用\"}"
"{\"年级\" : \"七年级\", \"关联题目数量\" : 1, \"版本\" : \"人教版\", \"册\" : \"下册\", \"题干集合\" : \"\", \"单元名称\" : \"Unit 11 How was your school trip?\", \"设置的题目数量\" : 1, \"级别\" : \"听长对话选答案\", \"学科\" : \"英语\", \"对应端类型\" : \"通用\"}"
"{\"年级\" : \"三年级\", \"关联题目数量\" : 9, \"版本\" : \"\", \"册\" : \"上册\", \"题干集合\" : \",,,,,,<p>Mike has an orange fish.<\\/p>,<p>Lucy has a yellow and green bird.<\\/p>,\", \"单元名称\" : \"Unit 9 I have a white rabbit\", \"设置的题目数量\" : 5, \"级别\" : \"难点突破\", \"学科\" : \"英语\", \"对应端类型\" : \"通用\"}"
"{\"年级\" : \"六年级\", \"关联题目数量\" : 17, \"版本\" : \"人教版（三起）\", \"册\" : \"上册\", \"题干集合\" : \",<p>|space<||>space| |space<||>space| |space<||>space| |space<||>space| |space<||>space| <\\/p>,<p>|space<||>space| |space<||>space| |space<||>space| |space<||>space| |space<||>space| |space<||>space| |space<||>space|<\\/p>,,<p>|space<||>space| |space<||>space| |space<||>space| |space<||>space|<\\/p>,<p>C |space<||>space| |space<||>space| |space<||>space| |space<||>space| |space<||>space| |space<||>space| |space<||>space|<\\/p>,<p>|space<||>space| |space<||>space| |space<||>space| |space<||>space| <\\/p>,,<p>|space<||>space| |space<||>space| |space<||>space| |space<||>space|<\\/p>,<p>|space<||>space| |space<||>space| |space<||>space| |space<||>space| |space<||>space| |space<||>space| |space<||>space|<\\/p>,,<p>|space<||>space| |space<||>space| |space<||>space| |space<||>space| |space<||>space| |space<||>space|<\\/p>,<p>|space<||>space| |space<||>space| |space<||>space| |space<||>space| |space<||>space|<\\/p>,,<p>|space<||>space| |space<||>space| |space<||>space| |space<||>space| |space<||>space| |space<||>space| |space<||>space|<\\/p>,<p>|space<||>space| |space<||>space| |space<||>space| |space<||>space| |space<||>space| |space<||>space|<\\/p>,\", \"单元名称\" : \"Unit 4 I have a pen pal\", \"设置的题目数量\" : 5, \"级别\" : \"难点突破\", \"学科\" : \"英语\", \"对应端类型\" : \"app\"}"
"{\"年级\" : \"四年级\", \"关联题目数量\" : 10, \"版本\" : \"湘少版\", \"册\" : \"上册\", \"题干集合\" : \",,,,,,,<p>The shirt is forty-five yuan.<\\/p>,,\", \"单元名称\" : \"Unit 9 It's one hundred\", \"设置的题目数量\" : 5, \"级别\" : \"难点突破\", \"学科\" : \"英语\", \"对应端类型\" : \"app\"}"
"{\"年级\" : \"五年级\", \"关联题目数量\" : 10, \"版本\" : \"湘鲁版\", \"册\" : \"下册\", \"题干集合\" : \"<p>be great at <\\/p>,,,,,<p>police station<\\/p>,,,,\", \"单元名称\" : \"Unit 7  Everyone has something to do.\", \"设置的题目数量\" : 5, \"级别\" : \"综合进阶\", \"学科\" : \"英语\", \"对应端类型\" : \"app\"}"
"{\"年级\" : \"三年级\", \"关联题目数量\" : \"\", \"版本\" : \"人教版（三起）（2024审定）\", \"册\" : \"下册\", \"题干集合\" : \"\", \"单元名称\" : \"U7\", \"设置的题目数量\" : 5, \"级别\" : \"综合进阶\", \"学科\" : \"英语\", \"对应端类型\" : \"通用\"}"
"{\"年级\" : \"三年级\", \"关联题目数量\" : 15, \"版本\" : \"人教版（三起）（2024审定）\", \"册\" : \"下册\", \"题干集合\" : \"<p>母亲节快到了，老师在手工课上发言。听一听，选择所听句子的翻译。<\\/p>,<p>Tom在描述书上的动物。听一听，判断下列动物与Tom的描述是否相符。<\\/p>,<p>课间，同学们在谈论自己为妈妈做的事。听一听，选出正确的图片。<\\/p>,<p>Tom在描述书上的动物。听一听，判断下列动物与Tom的描述是否相符。<\\/p>,<p>Mike和妈妈在校门口告别后，碰到了Tom。听一听，选出Mike所说的句子。<\\/p>,<p>听一听科普视频中对动物的介绍，选出你所听到的句子。<\\/p>,<p>Mike和妈妈在校门口告别后，碰到了Tom。听一听，选出Tom所说的句子。<\\/p>,<p>听一听科普视频中对动物的介绍，选出你所听到的句子。<\\/p>,<p>听一听Mike对自己宠物的介绍，选择正确的翻译。<\\/p>,<p>听一听Mike对自己宠物的介绍，选择正确的翻译。<\\/p>,<p>听一听Mike对自己宠物的介绍，选择正确的翻译。<\\/p>,<p>听一听科普视频中对动物的介绍，选出你所听到的句子。<\\/p>,<p>Tom在描述书上的动物。听一听，判断下列动物与Tom的描述是否相符。<\\/p>,<p>课间，同学们在谈论自己为妈妈做的事。听一听，选出正确的图片。<\\/p>,<p>课间，同学们在谈论自己为妈妈做的事。听一听，选出正确的图片。<\\/p>\", \"单元名称\" : \"Unit 2 Expressing yourself\", \"设置的题目数量\" : 5, \"级别\" : \"综合进阶\", \"学科\" : \"英语\", \"对应端类型\" : \"通用\"}"
"{\"年级\" : \"七年级\", \"关联题目数量\" : 1, \"版本\" : \"人教版\", \"册\" : \"下册\", \"题干集合\" : \"\", \"单元名称\" : \"Unit 12 What did you do last weekend?\", \"设置的题目数量\" : 1, \"级别\" : \"听长对话选答案\", \"学科\" : \"英语\", \"对应端类型\" : \"通用\"}"
"{\"年级\" : \"四年级\", \"关联题目数量\" : 15, \"版本\" : \"教科版（2024审定）\", \"册\" : \"下册\", \"题干集合\" : \",,,,,,,,,,,,,,\", \"单元名称\" : \"Unit 3 Grow Taller\", \"设置的题目数量\" : 15, \"级别\" : \"基础巩固\", \"学科\" : \"英语\", \"对应端类型\" : \"通用\"}"
"{\"年级\" : \"七年级\", \"关联题目数量\" : 1, \"版本\" : \"人教版\", \"册\" : \"上册\", \"题干集合\" : \"\", \"单元名称\" : \"Unit 5 Do you have a soccer ball?\", \"设置的题目数量\" : 1, \"级别\" : \"听长对话选答案\", \"学科\" : \"英语\", \"对应端类型\" : \"通用\"}"
"{\"年级\" : \"六年级\", \"关联题目数量\" : 27, \"版本\" : \"人教版（三起）\", \"册\" : \"上册\", \"题干集合\" : \",<p>word book<\\/p>,<p>comic <\\/p>,<p>next to <\\/p>,,,,,,,,,,,<p>comic book<\\/p>,,,,,,,,<p>more<\\/p>,,<p>月亮<\\/p>,,<p>拜访<\\/p>\", \"单元名称\" : \"Unit 3 My weekend plan\", \"设置的题目数量\" : 5, \"级别\" : \"基础巩固\", \"学科\" : \"英语\", \"对应端类型\" : \"app\"}"
"{\"年级\" : \"三年级\", \"关联题目数量\" : \"\", \"版本\" : \"\", \"册\" : \"上册\", \"题干集合\" : \"\", \"单元名称\" : \"U11\", \"设置的题目数量\" : 5, \"级别\" : \"基础巩固\", \"学科\" : \"英语\", \"对应端类型\" : \"通用\"}"
"{\"年级\" : \"六年级\", \"关联题目数量\" : 10, \"版本\" : \"湘少版\", \"册\" : \"下册\", \"题干集合\" : \",,,,,,,,,\", \"单元名称\" : \"Unit 1 A family outing\", \"设置的题目数量\" : 5, \"级别\" : \"难点突破\", \"学科\" : \"英语\", \"对应端类型\" : \"app\"}"
"{\"年级\" : \"四年级\", \"关联题目数量\" : 10, \"版本\" : \"人教版（三起）\", \"册\" : \"上册\", \"题干集合\" : \"<p>qu|space<||>space| |space<||>space|t<\\/p>,,,,<p>sh|space<||>space| |space<||>space|<\\/p>,,<p>h|space<||>space| |space<||>space| |space<||>space|<\\/p>,,<p>str|space<||>space| |space<||>space| |space<||>space|<\\/p>,\", \"单元名称\" : \"Unit 3 My friends\", \"设置的题目数量\" : 5, \"级别\" : \"综合进阶\", \"学科\" : \"英语\", \"对应端类型\" : \"app\"}"
"{\"年级\" : \"三年级\", \"关联题目数量\" : 10, \"版本\" : \"湘少版（2024审定）\", \"册\" : \"下册\", \"题干集合\" : \"<p>学校今天庆祝“六一”，同学们都进行了哪些有趣的活动？听一听，判断所听内容与所给图片是否相符。<\\/p>,<p>学校今天庆祝“六一”，同学们都进行了哪些有趣的活动？听一听，判断所听内容与所给图片是否相符。<\\/p>,<p>Tim和Andy在玩捉迷藏。听一听，选出你所听到的句子。<\\/p>,<p>学校今天庆祝“六一”，同学们都进行了哪些有趣的活动？听一听，判断所听内容与所给图片是否相符。<\\/p>,<p>同学们在谈论儿童节的活动。听录音，选出与录音内容相符的图片。<\\/p>,<p>学校今天庆祝“六一”，同学们都进行了哪些有趣的活动？听一听，判断所听内容与所给图片是否相符。<\\/p>,<p>Tim和Andy在玩捉迷藏。听一听，选出你所听到的句子。<\\/p>,<p>学校今天庆祝“六一”，同学们都进行了哪些有趣的活动？听一听，判断所听内容与所给图片是否相符。<\\/p>,<p>同学们在谈论儿童节的活动。听录音，选出与录音内容相符的图片。<\\/p>,<p>同学们在谈论儿童节的活动。 听录音，选出与录音内容相符的图片。<\\/p>\", \"单元名称\" : \"Unit 8 Children's Day\", \"设置的题目数量\" : 5, \"级别\" : \"综合进阶\", \"学科\" : \"英语\", \"对应端类型\" : \"通用\"}"
"{\"年级\" : \"五年级\", \"关联题目数量\" : 12, \"版本\" : \"人教版（三起）\", \"册\" : \"上册\", \"题干集合\" : \",,,,,,,,,,,\", \"单元名称\" : \"Unit 6 In a nature park\", \"设置的题目数量\" : 5, \"级别\" : \"综合进阶\", \"学科\" : \"英语\", \"对应端类型\" : \"app\"}"
"{\"年级\" : \"四年级\", \"关联题目数量\" : 15, \"版本\" : \"人教版（三起）（2024审定）\", \"册\" : \"下册\", \"题干集合\" : \"<p>Would you like chopsticks?<\\/p>,,<p>Let's set the table.<\\/p>,<p>Jane邀请Tom一起参与农场活动。听一听，图片是他们进行的活动吗？<\\/p>,,,<p>妈妈在引导Andy学习用餐礼仪。听一听，下面句子是她说的吗？<\\/p><p>Don't waste food.<\\/p>,,,,<p>Jane在农场看到了忙碌的农民们。听一听，图片是她看到的景象吗？<\\/p>,<p>Mike想和弟弟一起做家务。听一听，他们要做什么呢？<\\/p>,,<p>Tony在好朋友家吃晚餐。听一听，图片与他对食物的评价相符吗？<\\/p>,\", \"单元名称\" : \"Unit 6 On the farm\", \"设置的题目数量\" : 5, \"级别\" : \"综合进阶\", \"学科\" : \"英语\", \"对应端类型\" : \"通用\"}"
"{\"年级\" : \"七年级\", \"关联题目数量\" : 5, \"版本\" : \"\", \"册\" : \"上册\", \"题干集合\" : \"<p>Which class is Tom in?<\\/p>,<p>What's the boy's full name?<\\/p>,<p>Who's Ms Yang?<\\/p>,<p>What's the girl's first name?<\\/p>,<p>How old is Mike?<\\/p>\", \"单元名称\" : \"Unit 1 You and Me\", \"设置的题目数量\" : 5, \"级别\" : \"听短对话选答案\", \"学科\" : \"英语\", \"对应端类型\" : \"通用\"}"
"{\"年级\" : \"六年级\", \"关联题目数量\" : 10, \"版本\" : \"湘鲁版\", \"册\" : \"下册\", \"题干集合\" : \"<p>round<\\/p>,<p>together<\\/p>,<p>soon<\\/p>,,,,,,<p>exam<\\/p>,<p>result<\\/p>\", \"单元名称\" : \"Unit 8  We will be in a junior middle school.\", \"设置的题目数量\" : 5, \"级别\" : \"基础巩固\", \"学科\" : \"英语\", \"对应端类型\" : \"app\"}"
"{\"年级\" : \"六年级\", \"关联题目数量\" : \"\", \"版本\" : \"湘鲁版\", \"册\" : \"下册\", \"题干集合\" : \"\", \"单元名称\" : \"U11\", \"设置的题目数量\" : 5, \"级别\" : \"基础巩固\", \"学科\" : \"英语\", \"对应端类型\" : \"app\"}"
"{\"年级\" : \"八年级\", \"关联题目数量\" : 1, \"版本\" : \"人教版\", \"册\" : \"上册\", \"题干集合\" : \"<p>1. |space<||>space|<\\/p><p>2. |space<||>space|<\\/p><p>3. |space<||>space|<\\/p><p>4. |space<||>space|<\\/p><p>5. |space<||>space|<\\/p>\", \"单元名称\" : \"Unit 1 Where did you go on vacation?\", \"设置的题目数量\" : 1, \"级别\" : \"听短文完成题目\", \"学科\" : \"英语\", \"对应端类型\" : \"通用\"}"
"{\"年级\" : \"三年级\", \"关联题目数量\" : \"\", \"版本\" : \"人教版（三起）（2024审定）\", \"册\" : \"下册\", \"题干集合\" : \"\", \"单元名称\" : \"U10\", \"设置的题目数量\" : 5, \"级别\" : \"难点突破\", \"学科\" : \"英语\", \"对应端类型\" : \"通用\"}"
"{\"年级\" : \"四年级\", \"关联题目数量\" : \"\", \"版本\" : \"教科版\", \"册\" : \"上册\", \"题干集合\" : \"\", \"单元名称\" : \"Unit 5 Let me show you our new school\", \"设置的题目数量\" : 5, \"级别\" : \"综合进阶\", \"学科\" : \"英语\", \"对应端类型\" : \"通用\"}"
"{\"年级\" : \"四年级\", \"关联题目数量\" : 15, \"版本\" : \"教科版（2024审定）\", \"册\" : \"上册\", \"题干集合\" : \"<p>Mary和哥哥在厨房说话。听一听，Mary说了什么？<\\/p>,<p>Mary和哥哥在厨房说话。听一听，Mary说了什么？<\\/p>,<p>Lucas正在制作家务清单。听一听，图片是他要做的家务吗？<\\/p>,<p>Lucas正在制作家务清单。听一听，图片是他要做的家务吗？<\\/p>,<p>Anna和爸爸妈妈在商量打扫的顺序。听一听，下面句子是爸爸说的吗？<\\/p><p>How about we take out the rubbish first?<\\/p>,<p>Linda和美美在商量打扫卫生的事项。听一听，帮美美翻译Linda的话吧！<\\/p>,<p>Anna和爸爸妈妈在商量打扫的顺序。听一听，下面句子是妈妈说的吗？<\\/p><p>What else?<\\/p>,<p>Lucas正在制作家务清单。听一听，图片是他要做的家务吗？<\\/p>,<p>Lucas正在制作家务清单。听一听，哪项家务在他的清单上？<\\/p>,<p>Mary和哥哥在厨房说话。听一听，Mary说了什么？<\\/p>,<p>Anna和爸爸妈妈在商量打扫的顺序。听一听，下面句子是Anna说的吗？<\\/p><p>We can wash the dishes at the end.<\\/p>,<p>Lucas正在制作家务清单。听一听，哪项家务在他的清单上？<\\/p>,<p>Mary和哥哥在厨房说话。听一听，Mary说了什么？<\\/p>,<p>Linda和美美在商量打扫卫生的事项。听一听，帮美美翻译Linda的话吧！<\\/p>,<p>Lucas正在制作家务清单。听一听，图片是他要做的家务吗？<\\/p>\", \"单元名称\" : \"Unit 4 Help Out in the Kitchen\", \"设置的题目数量\" : 5, \"级别\" : \"综合进阶\", \"学科\" : \"英语\", \"对应端类型\" : \"通用\"}"
"{\"年级\" : \"三年级\", \"关联题目数量\" : \"\", \"版本\" : \"人教版（三起）（2024审定）\", \"册\" : \"上册\", \"题干集合\" : \"\", \"单元名称\" : \"U11\", \"设置的题目数量\" : 5, \"级别\" : \"基础巩固\", \"学科\" : \"英语\", \"对应端类型\" : \"通用\"}"
"{\"年级\" : \"八年级\", \"关联题目数量\" : 1, \"版本\" : \"人教版\", \"册\" : \"下册\", \"题干集合\" : \"\", \"单元名称\" : \"Unit 2 I'll help to clean up the city parks.\", \"设置的题目数量\" : 1, \"级别\" : \"听长对话选答案\", \"学科\" : \"英语\", \"对应端类型\" : \"通用\"}"
"{\"年级\" : \"三年级\", \"关联题目数量\" : 10, \"版本\" : \"湘少版（2024审定）\", \"册\" : \"下册\", \"题干集合\" : \"<p>Lily和同学们在谈论儿童节的活动。听一听，判断所给图片与所听内容是否相符。<\\/p>,<p>同学们在分享自己儿童节的活动。听一听，根据描述，将人物与活动连线。<\\/p>,<p>Andy正在和爸爸妈妈分享儿童节的活动。听一听，选出正确的单词补全他的发言。<\\/p><p><br><\\/p><p>I ____ pictures.<\\/p>,<p>Anne在用日记记录儿童节。听录音，给图片排序。<\\/p>,<p>Anne在用日记记录儿童节。听一听，按照听到的顺序给下面的句子排序。<\\/p>,<p>Andy正在和爸爸妈妈分享儿童节的活动。听一听，选出正确的单词补全他的发言。<\\/p><p><br><\\/p><p>We sing and ____.<\\/p>,<p>Andy正在和爸爸妈妈分享儿童节的活动。听一听，选出正确的单词补全他的发言。<\\/p><p><br><\\/p><p>We ____ games.<\\/p>,<p>Lily和同学们在谈论儿童节的活动。听一听，判断所给图片与所听内容是否相符。<\\/p>,<p>Mary在制作儿童节派对的邀请函，派对会有哪些活动呢？听一听，按照听到的顺序给下面的句子排序。<\\/p>,<p>Andy正在和爸爸妈妈分享儿童节的活动。听一听，选出正确的单词补全他的发言。<\\/p><p><br><\\/p><p>We ____.<\\/p>\", \"单元名称\" : \"Unit 8 Children's Day\", \"设置的题目数量\" : 5, \"级别\" : \"难点突破\", \"学科\" : \"英语\", \"对应端类型\" : \"通用\"}"
"{\"年级\" : \"七年级\", \"关联题目数量\" : 5, \"版本\" : \"人教版\", \"册\" : \"下册\", \"题干集合\" : \"<p>How's the weather in Changsha?<\\/p>,<p>How's the weather in London now?<\\/p>,<p>What are Alice's parents doing?<\\/p>,<p>How's the weather in Beijing?<\\/p>,<p>What's Jack doing?<\\/p>\", \"单元名称\" : \"Unit 7 It's raining!\", \"设置的题目数量\" : 5, \"级别\" : \"听短对话选答案\", \"学科\" : \"英语\", \"对应端类型\" : \"通用\"}"
"{\"年级\" : \"七年级\", \"关联题目数量\" : 1, \"版本\" : \"\", \"册\" : \"下册\", \"题干集合\" : \"<p>1. |space<||>space|<\\/p><p>2. |space<||>space|<\\/p><p>3. |space<||>space|<\\/p><p>4. |space<||>space| |space<||>space|<\\/p><p>5. |space<||>space|<\\/p>\", \"单元名称\" : \"Unit 8 Once upon a Time\", \"设置的题目数量\" : 1, \"级别\" : \"听短文完成题目\", \"学科\" : \"英语\", \"对应端类型\" : \"通用\"}"
"{\"年级\" : \"四年级\", \"关联题目数量\" : 10, \"版本\" : \"湘鲁版\", \"册\" : \"下册\", \"题干集合\" : \",,,,,,,,,\", \"单元名称\" : \"Unit 7  Does she like toys?\", \"设置的题目数量\" : 5, \"级别\" : \"综合进阶\", \"学科\" : \"英语\", \"对应端类型\" : \"app\"}"
"{\"年级\" : \"三年级\", \"关联题目数量\" : \"\", \"版本\" : \"人教版（三起）（2024审定）\", \"册\" : \"上册\", \"题干集合\" : \"\", \"单元名称\" : \"U10\", \"设置的题目数量\" : 5, \"级别\" : \"基础巩固\", \"学科\" : \"英语\", \"对应端类型\" : \"通用\"}"
"{\"年级\" : \"五年级\", \"关联题目数量\" : 30, \"版本\" : \"湘少版\", \"册\" : \"上册\", \"题干集合\" : \",,,,<p>each other <\\/p>,,,,,,<p>yourself<\\/p>,<p>all<\\/p>,,,,<p>eve<\\/p>,,,,,,,,,,,<p>the Spring Festival<\\/p>,<p>light<\\/p>,,\", \"单元名称\" : \"Unit 12 The Spring Festival\", \"设置的题目数量\" : 5, \"级别\" : \"基础巩固\", \"学科\" : \"英语\", \"对应端类型\" : \"app\"}"
"{\"年级\" : \"三年级\", \"关联题目数量\" : \"\", \"版本\" : \"人教版（三起）\", \"册\" : \"下册\", \"题干集合\" : \"\", \"单元名称\" : \"U10\", \"设置的题目数量\" : 5, \"级别\" : \"难点突破\", \"学科\" : \"英语\", \"对应端类型\" : \"通用\"}"
"{\"年级\" : \"三年级\", \"关联题目数量\" : 10, \"版本\" : \"人教版（三起）\", \"册\" : \"下册\", \"题干集合\" : \",,,<p>orange<\\/p>,<p>ear<\\/p>,<p>grape<\\/p>,,,<p>buy<\\/p>,<p>foot<\\/p>\", \"单元名称\" : \"Unit 5 Do you like pears?\", \"设置的题目数量\" : 5, \"级别\" : \"综合进阶\", \"学科\" : \"英语\", \"对应端类型\" : \"通用\"}"
"{\"年级\" : \"六年级\", \"关联题目数量\" : \"\", \"版本\" : \"湘少版\", \"册\" : \"下册\", \"题干集合\" : \"\", \"单元名称\" : \"U10\", \"设置的题目数量\" : 5, \"级别\" : \"综合进阶\", \"学科\" : \"英语\", \"对应端类型\" : \"app\"}"
"{\"年级\" : \"八年级\", \"关联题目数量\" : \"\", \"版本\" : \"人教版\", \"册\" : \"下册\", \"题干集合\" : \"\", \"单元名称\" : \"U12\", \"设置的题目数量\" : 5, \"级别\" : \"难点突破\", \"学科\" : \"英语\", \"对应端类型\" : \"通用\"}"
"{\"年级\" : \"六年级\", \"关联题目数量\" : \"\", \"版本\" : \"人教版（三起）\", \"册\" : \"下册\", \"题干集合\" : \"\", \"单元名称\" : \"U7\", \"设置的题目数量\" : 5, \"级别\" : \"基础巩固\", \"学科\" : \"英语\", \"对应端类型\" : \"通用\"}"
"{\"年级\" : \"三年级\", \"关联题目数量\" : 10, \"版本\" : \"人教版（三起）\", \"册\" : \"下册\", \"题干集合\" : \",,,,,,,,,\", \"单元名称\" : \"Unit 5 Do you like pears?\", \"设置的题目数量\" : 5, \"级别\" : \"难点突破\", \"学科\" : \"英语\", \"对应端类型\" : \"通用\"}"
"{\"年级\" : \"三年级\", \"关联题目数量\" : 15, \"版本\" : \"人教版（三起）（2024审定）\", \"册\" : \"下册\", \"题干集合\" : \"<p>Anna在描述自己的周末生活。听一听，选出与Anna的描述相符的图片。<\\/p>,<p>Tom在询问Anna桌上的物品。听一听，判断下面句子与Tom所说的内容是否相符。<\\/p><p>What about this?<\\/p>,<p>Andy在描述桌上的物品。听一听，判断下面图片与Andy的描述是否相符。<\\/p>,<p>Tom在询问Anna桌上的物品。听一听，判断下面句子与Tom所说的内容是否相符。<\\/p><p>What's this, Anna?<\\/p>,<p>Anna在描述自己拥有的物品。听一听，选出与Anna的描述相符的图片。<\\/p>,<p>Anna在复习今天所学的内容。听一听，选择与她所说内容相符的翻译。<\\/p>,<p>Jim和Peter在一起写作业，他们会说什么呢？听一听，选出Jim所说的句子。<\\/p>,<p>Tom在询问Anna桌上的物品。听一听，判断下面句子与Anna所说的内容是否相符。<\\/p><p>They're grapes.<\\/p>,<p>Jim和Peter在一起写作业，他们会说什么呢？听一听，选出Peter所说的句子。<\\/p>,<p>Jim和Peter在一起写作业，他们会说什么呢？听一听，选出Peter所说的句子。<\\/p>,<p>Anna在复习今天所学的内容。听一听，选择与她所说内容相符的翻译。<\\/p>,<p>Andy在描述桌上的物品。听一听，判断下面图片与Andy的描述是否相符。<\\/p>,<p>Andy在描述桌上的物品。听一听，判断下面图片与Andy的描述是否相符。<\\/p>,<p>Jim和Peter在一起写作业，他们会说什么呢？听一听，选出Jim所说的句子。<\\/p>,<p>Anna在描述自己的周末生活。听一听，选出与Anna的描述相符的图片。<\\/p>\", \"单元名称\" : \"Unit 3 Learning better\", \"设置的题目数量\" : 5, \"级别\" : \"综合进阶\", \"学科\" : \"英语\", \"对应端类型\" : \"通用\"}"
"{\"年级\" : \"三年级\", \"关联题目数量\" : 12, \"版本\" : \"湘少版\", \"册\" : \"上册\", \"题干集合\" : \",,,,<p>（身体）好的<\\/p>,,,,,<p>狮子<\\/p>,,<p>不高兴的<\\/p>\", \"单元名称\" : \"Unit 1 Hello!\", \"设置的题目数量\" : 5, \"级别\" : \"基础巩固\", \"学科\" : \"英语\", \"对应端类型\" : \"app\"}"
"{\"年级\" : \"七年级\", \"关联题目数量\" : 1, \"版本\" : \"\", \"册\" : \"下册\", \"题干集合\" : \"\", \"单元名称\" : \"Unit 1 Animal Friends\", \"设置的题目数量\" : 1, \"级别\" : \"听独白选答案\", \"学科\" : \"英语\", \"对应端类型\" : \"通用\"}"
"{\"年级\" : \"四年级\", \"关联题目数量\" : 15, \"版本\" : \"\", \"册\" : \"下册\", \"题干集合\" : \"<p>早晨，Mary在查看今天的课程表。听一听，Mary今天有什么课程呢？<\\/p>,<p>早晨，Mary在查看今天的课程表。听一听，Mary今天有什么课程呢？<\\/p>,<p>英语课上，老师在领读单词。听一听，老师领读的是哪个单词？<\\/p>,<p>早晨，Mary在查看今天的课程表。听一听，图片是Mary所说的课程吗？<\\/p>,<p>英语课上，老师在播放一段英语绕口令。听一听，绕口令中包含哪个单词？<\\/p>,<p>英语课上，老师在播放一段英语绕口令。听一听，绕口令中包含哪个单词？<\\/p>,<p>早晨，Mary在查看今天的课程表。听一听，Mary今天有什么课程呢？<\\/p>,<p>早晨，Mary在查看今天的课程表。听一听，图片是Mary所说的课程吗？<\\/p>,<p>Anna在复习今天学过的单词。听一听，帮她找到单词对应的释义吧！<\\/p>,<p>英语课上，老师在领读单词。听一听，老师领读的是哪个单词？<\\/p>,<p>早晨，Mary在查看今天的课程表。听一听，图片是Mary所说的课程吗？<\\/p>,<p>Anna在复习今天学过的单词。听一听，帮她找到单词对应的释义吧！<\\/p>,<p>Anna在复习今天学过的单词。听一听，帮她找到单词对应的释义吧！<\\/p>,<p>英语课上，老师在领读单词。听一听，老师领读的是哪个单词？<\\/p>,\", \"单元名称\" : \"Unit 1 What subjects do you like?\", \"设置的题目数量\" : 15, \"级别\" : \"基础巩固\", \"学科\" : \"英语\", \"对应端类型\" : \"通用\"}"
"{\"年级\" : \"五年级\", \"关联题目数量\" : 19, \"版本\" : \"人教版（三起）\", \"册\" : \"上册\", \"题干集合\" : \",,,,,,,,,,,,,,,,,,\", \"单元名称\" : \"Unit 2 My week\", \"设置的题目数量\" : 5, \"级别\" : \"综合进阶\", \"学科\" : \"英语\", \"对应端类型\" : \"app\"}"
"{\"年级\" : \"三年级\", \"关联题目数量\" : 15, \"版本\" : \"\", \"册\" : \"下册\", \"题干集合\" : \"<p>Lily和好朋友在描述自己对每个季节的感受。听一听，判断所给图片与她的描述是否相符。<\\/p>,<p>Lily和好朋友在描述自己对每个季节的感受。听一听，选出与Lily的描述相符的图片。<\\/p>,<p>Mike和好朋友们在互相分享自己喜欢的季节。听一听Mike的分享，判断所给图片与他的分享是否相符。<\\/p>,<p>Lily和好朋友在描述自己对每个季节的感受。听一听，选出与Lily的描述相符的图片。<\\/p>,<p>Anna和好朋友们在互相分享自己喜欢的季节。听一听Anna的分享，判断所给图片与她的分享是否相符。<\\/p>,<p>Lily在和妹妹谈论季节。听一听，判断下面句子与Lily所说是否相符。<\\/p><p>It's warm and colourful.<\\/p>,<p>Lily和好朋友们在互相分享自己喜欢的季节。听一听Lily的分享，判断所给图片与她的分享是否相符。<\\/p>,<p>Lily和好朋友在美术馆参观作品。听一听，选出她们所说的句子。<\\/p>,<p>Anne和好朋友们在互相分享自己喜欢的季节。听一听Anne的分享，判断所给图片与她的分享是否相符。<\\/p>,<p>Lily在和妹妹谈论季节。听一听，判断下面句子与Lily所说是否相符。<\\/p><p>What's your favourite season?<\\/p>,<p>Lily和好朋友在美术馆参观作品。听一听，选出她们所说的句子。<\\/p>,<p>Lily和好朋友在描述自己对每个季节的感受。听一听，选出与Lily的描述相符的图片。<\\/p>,<p>Lily和好朋友在美术馆参观作品。听一听，选出她们所说的句子。<\\/p>,<p>Lily在和妹妹谈论季节。听一听，判断下面句子与Lily所说是否相符。<\\/p><p>I like winter.<\\/p>,<p> Lily和好朋友在美术馆参观作品。听一听，选出她们所说的句子。<\\/p>\", \"单元名称\" : \"Unit 7 What's your favourite season?\", \"设置的题目数量\" : 5, \"级别\" : \"综合进阶\", \"学科\" : \"英语\", \"对应端类型\" : \"通用\"}"
"{\"年级\" : \"四年级\", \"关联题目数量\" : \"\", \"版本\" : \"人教版（三起）（2024审定）\", \"册\" : \"上册\", \"题干集合\" : \"\", \"单元名称\" : \"期中复习\", \"设置的题目数量\" : 5, \"级别\" : \"基础巩固\", \"学科\" : \"英语\", \"对应端类型\" : \"通用\"}"
"{\"年级\" : \"三年级\", \"关联题目数量\" : 7, \"版本\" : \"湘鲁版\", \"册\" : \"上册\", \"题干集合\" : \",,<p>Good evening.<\\/p>,,,,<p>Let's see.<\\/p>\", \"单元名称\" : \"Unit 6 How many apples?\", \"设置的题目数量\" : 5, \"级别\" : \"难点突破\", \"学科\" : \"英语\", \"对应端类型\" : \"app\"}"
"{\"年级\" : \"五年级\", \"关联题目数量\" : 10, \"版本\" : \"人教版（三起）\", \"册\" : \"下册\", \"题干集合\" : \",,,,,,,,,\", \"单元名称\" : \"Unit 3 My school calendar\", \"设置的题目数量\" : 5, \"级别\" : \"综合进阶\", \"学科\" : \"英语\", \"对应端类型\" : \"app\"}"
"{\"年级\" : \"七年级\", \"关联题目数量\" : \"\", \"版本\" : \"人教版\", \"册\" : \"上册\", \"题干集合\" : \"\", \"单元名称\" : \"期末复习\", \"设置的题目数量\" : 5, \"级别\" : \"难点突破\", \"学科\" : \"英语\", \"对应端类型\" : \"通用\"}"
"{\"年级\" : \"三年级\", \"关联题目数量\" : \"\", \"版本\" : \"\", \"册\" : \"上册\", \"题干集合\" : \"\", \"单元名称\" : \"期末复习\", \"设置的题目数量\" : 5, \"级别\" : \"难点突破\", \"学科\" : \"英语\", \"对应端类型\" : \"通用\"}"
"{\"年级\" : \"七年级\", \"关联题目数量\" : \"\", \"版本\" : \"人教版\", \"册\" : \"上册\", \"题干集合\" : \"\", \"单元名称\" : \"期末复习\", \"设置的题目数量\" : 5, \"级别\" : \"综合进阶\", \"学科\" : \"英语\", \"对应端类型\" : \"通用\"}"
"{\"年级\" : \"五年级\", \"关联题目数量\" : 11, \"版本\" : \"湘少版\", \"册\" : \"上册\", \"题干集合\" : \",,<p>cake <\\/p>,,<p>bike<\\/p>,,<p>use<\\/p>,,,,\", \"单元名称\" : \"Unit 4 Can I use your pencil, please?\", \"设置的题目数量\" : 5, \"级别\" : \"基础巩固\", \"学科\" : \"英语\", \"对应端类型\" : \"app\"}"
"{\"年级\" : \"三年级\", \"关联题目数量\" : 20, \"版本\" : \"湘少版\", \"册\" : \"下册\", \"题干集合\" : \"<p>|space<||>space| |space<||>space| <\\/p>,<p>|space<||>space| |space<||>space| |space<||>space| |space<||>space|<\\/p>,,,<p>|space<||>space| |space<||>space| |space<||>space|<\\/p>,,,<p>|space<||>space| |space<||>space| |space<||>space| |space<||>space|<\\/p>,,,,,,,,<p>|space<||>space| |space<||>space| |space<||>space|<\\/p>,,<p><em>adv. <\\/em>太  |space<||>space| |space<||>space| |space<||>space|<\\/p>,<p>|space<||>space| |space<||>space| |space<||>space|<\\/p>,\", \"单元名称\" : \"Unit 4 Look at the T-shirts\", \"设置的题目数量\" : 5, \"级别\" : \"难点突破\", \"学科\" : \"英语\", \"对应端类型\" : \"app\"}"
"{\"年级\" : \"四年级\", \"关联题目数量\" : \"\", \"版本\" : \"湘鲁版\", \"册\" : \"下册\", \"题干集合\" : \"\", \"单元名称\" : \"U12\", \"设置的题目数量\" : 5, \"级别\" : \"难点突破\", \"学科\" : \"英语\", \"对应端类型\" : \"app\"}"
"{\"年级\" : \"四年级\", \"关联题目数量\" : 10, \"版本\" : \"人教版（三起）\", \"册\" : \"上册\", \"题干集合\" : \",<p>k|space<||>space| |space<||>space|<\\/p>,<p>sch|space<||>space| |space<||>space|lbag<\\/p>,,,,,,,<p>very much<\\/p>\", \"单元名称\" : \"Unit 2 My schoolbag\", \"设置的题目数量\" : 5, \"级别\" : \"综合进阶\", \"学科\" : \"英语\", \"对应端类型\" : \"app\"}"
"{\"年级\" : \"三年级\", \"关联题目数量\" : \"\", \"版本\" : \"湘少版（2024审定）\", \"册\" : \"下册\", \"题干集合\" : \"\", \"单元名称\" : \"U11\", \"设置的题目数量\" : 5, \"级别\" : \"基础巩固\", \"学科\" : \"英语\", \"对应端类型\" : \"通用\"}"
"{\"年级\" : \"四年级\", \"关联题目数量\" : 10, \"版本\" : \"湘少版\", \"册\" : \"上册\", \"题干集合\" : \"<p>h|space<||>space|d|space<||>space|<\\/p>,,,,,,,<p>w|space<||>space| |space<||>space|d|space<||>space| |space<||>space|<\\/p>,,<p>r|space<||>space| |space<||>space|m<\\/p>\", \"单元名称\" : \"Unit 11 Where's the cat？\", \"设置的题目数量\" : 5, \"级别\" : \"综合进阶\", \"学科\" : \"英语\", \"对应端类型\" : \"app\"}"
"{\"年级\" : \"四年级\", \"关联题目数量\" : \"\", \"版本\" : \"人教版（三起）（2024审定）\", \"册\" : \"上册\", \"题干集合\" : \"\", \"单元名称\" : \"U7\", \"设置的题目数量\" : 5, \"级别\" : \"难点突破\", \"学科\" : \"英语\", \"对应端类型\" : \"通用\"}"
"{\"年级\" : \"三年级\", \"关联题目数量\" : 10, \"版本\" : \"教科版（2024审定）\", \"册\" : \"下册\", \"题干集合\" : \"<p>课堂上，老师在教学生使用礼貌用语。听一听，选出正确的短语补全句子。<\\/p><p>It's polite to say \\\"____\\\".<\\/p>,<p>Sam和Alice在谈论规则标识。听一听，选出与他们对话内容相符的图片。<\\/p>,<p>课堂上，老师在教学生一些行为准则。听一听，选出正确的短语补全句子。<\\/p><p>We should ____.<\\/p>,<p>Sam在走廊上碰到了在洒水的Jim。听一听，帮助Sam选择合适的答语。<\\/p>,<p>Sam和Alice在谈论规则标识。听一听，选出与他们对话内容相符的图片。<\\/p>,<p>Sam和Alice在谈论规则标识。听一听，选出与他们对话内容相符的图片。<\\/p>,<p>Sam和Jim在讨论校规。听一听，帮助Jim选择合适的答语。<\\/p>,<p>课堂上，同学们在讨论校规。听一听他们的讨论，将下列句子排序。<\\/p>,<p>Sam和Alice在谈论规则标识。听一听，选出与他们对话内容相符的图片。<\\/p>,<p>课堂上，老师在教学生一些行为准则。听一听，选出正确的短语补全句子。<\\/p><p>We should get in line ____.<\\/p>\", \"单元名称\" : \"Unit 7 School Rules\", \"设置的题目数量\" : 5, \"级别\" : \"难点突破\", \"学科\" : \"英语\", \"对应端类型\" : \"通用\"}"
"{\"年级\" : \"八年级\", \"关联题目数量\" : 1, \"版本\" : \"人教版\", \"册\" : \"上册\", \"题干集合\" : \"<p>1. |space<||>space|<\\/p><p>2. |space<||>space|<\\/p><p>3. |space<||>space|<\\/p><p>4. |space<||>space|<\\/p><p>5. |space<||>space|<\\/p>\", \"单元名称\" : \"Unit 5 Do you want to watch a game show?\", \"设置的题目数量\" : 1, \"级别\" : \"听短文完成题目\", \"学科\" : \"英语\", \"对应端类型\" : \"通用\"}"
"{\"年级\" : \"三年级\", \"关联题目数量\" : 15, \"版本\" : \"湘少版（2024审定）\", \"册\" : \"上册\", \"题干集合\" : \"<p>Raise your hand and shake your head.<\\/p>,,,,<p>You are out.<\\/p>,,,<p>抬起你的双腿。<\\/p>,,<p>I don't love my body.<\\/p>,<p>摸摸你的双耳。<\\/p>,,<p>摸摸你的双脚。<\\/p>,,\", \"单元名称\" : \"Unit 6 Touch your head\", \"设置的题目数量\" : 5, \"级别\" : \"综合进阶\", \"学科\" : \"英语\", \"对应端类型\" : \"通用\"}"
"{\"年级\" : \"四年级\", \"关联题目数量\" : 19, \"版本\" : \"湘少版\", \"册\" : \"下册\", \"题干集合\" : \"<p>|space<||>space| |space<||>space| |space<||>space| |space<||>space|<\\/p>,,,<p>|space<||>space| |space<||>space|<\\/p>,,,<p>|space<||>space| |space<||>space| |space<||>space| |space<||>space| |space<||>space|<\\/p>,<p>|space<||>space| |space<||>space| |space<||>space| |space<||>space| |space<||>space| |space<||>space|<\\/p>,<p>|space<||>space| |space<||>space| |space<||>space| |space<||>space| |space<||>space|<\\/p>,,,,<p>|space<||>space| |space<||>space| |space<||>space| |space<||>space| |space<||>space|<\\/p>,,<p>一些<\\/p>,,<p>|space<||>space| |space<||>space| |space<||>space|<\\/p>,,\", \"单元名称\" : \"Unit 12 Do you have any money?\", \"设置的题目数量\" : 5, \"级别\" : \"难点突破\", \"学科\" : \"英语\", \"对应端类型\" : \"app\"}"
"{\"年级\" : \"四年级\", \"关联题目数量\" : \"\", \"版本\" : \"湘鲁版\", \"册\" : \"上册\", \"题干集合\" : \"\", \"单元名称\" : \"期中复习\", \"设置的题目数量\" : 5, \"级别\" : \"难点突破\", \"学科\" : \"英语\", \"对应端类型\" : \"app\"}"
"{\"年级\" : \"五年级\", \"关联题目数量\" : \"\", \"版本\" : \"湘少版\", \"册\" : \"上册\", \"题干集合\" : \"\", \"单元名称\" : \"期末复习\", \"设置的题目数量\" : 5, \"级别\" : \"难点突破\", \"学科\" : \"英语\", \"对应端类型\" : \"app\"}"
"{\"年级\" : \"五年级\", \"关联题目数量\" : \"\", \"版本\" : \"人教版（三起）\", \"册\" : \"上册\", \"题干集合\" : \"\", \"单元名称\" : \"U10\", \"设置的题目数量\" : 5, \"级别\" : \"基础巩固\", \"学科\" : \"英语\", \"对应端类型\" : \"app\"}"
"{\"年级\" : \"四年级\", \"关联题目数量\" : 9, \"版本\" : \"湘少版\", \"册\" : \"上册\", \"题干集合\" : \",,,,,,,,\", \"单元名称\" : \"Unit 12 Peter can jump high\", \"设置的题目数量\" : 5, \"级别\" : \"基础巩固\", \"学科\" : \"英语\", \"对应端类型\" : \"app\"}"
"{\"年级\" : \"三年级\", \"关联题目数量\" : 15, \"版本\" : \"湘少版（2024审定）\", \"册\" : \"上册\", \"题干集合\" : \",,,<p>好的<\\/p>,,,<p>you're=you are<\\/p>,,<p>thank<\\/p>,,,,,,\", \"单元名称\" : \"Unit 1 Hello!\", \"设置的题目数量\" : 5, \"级别\" : \"基础巩固\", \"学科\" : \"英语\", \"对应端类型\" : \"通用\"}"
"{\"年级\" : \"四年级\", \"关联题目数量\" : 10, \"版本\" : \"教科版（2024审定）\", \"册\" : \"下册\", \"题干集合\" : \",<p>When it's morning in Beijing, it's evening in New York.<\\/p>,,,,,<p>It's 9:00 p.m. in London now.<\\/p>,,<p>What is the time difference between London and Beijing?<\\/p>,\", \"单元名称\" : \"Unit 7 Let's Make a Call!\", \"设置的题目数量\" : 5, \"级别\" : \"难点突破\", \"学科\" : \"英语\", \"对应端类型\" : \"通用\"}"
"{\"年级\" : \"三年级\", \"关联题目数量\" : 10, \"版本\" : \"教科版（2024审定）\", \"册\" : \"下册\", \"题干集合\" : \"<p>Andy在询问Jack的日程。听一听，帮Jack选择合适的答语。<\\/p>,<p>Jack制定了一份时间表。听一听，选出与时间相符的活动。<\\/p>,<p>Jack制订了一份时间表。听一听，选出与活动对应的时间。<\\/p>,<p>Jack和Amy在谈论生活日程。听一听，判断图片与他们的对话内容是否相符。<\\/p>,<p>Anna和好朋友们在谈论今天的日程。听一听，根据描述，将人物与活动连线。<\\/p>,<p>Jack和Amy在谈论生活日程。听一听，判断图片与他们的对话内容是否相符。<\\/p>,<p>Sarah在整理自己的活动时间。听一听她和妈妈的对话，判断Sarah的陈述与对话是否相符。<\\/p><p><br><\\/p><p>I watch TV at 7 o'clock.<\\/p>,<p>Jack和Amy在谈论生活日程。听一听，判断图片与他们的对话内容是否相符。<\\/p>,<p>Sam在规划明天的时间表。听一听，按照听到的顺序，给句子排序。<\\/p>,<p>Sarah在整理自己的活动时间。听一听她和妈妈的对话，判断Sarah的陈述与对话是否相符。<\\/p><p><br><\\/p><p>I go home at 4 o'clock.<\\/p>\", \"单元名称\" : \"Unit 3 Plan My Day\", \"设置的题目数量\" : 5, \"级别\" : \"难点突破\", \"学科\" : \"英语\", \"对应端类型\" : \"通用\"}"
"{\"年级\" : \"三年级\", \"关联题目数量\" : 12, \"版本\" : \"教科版（2024审定）\", \"册\" : \"下册\", \"题干集合\" : \"<p>Alice在介绍教室里的物品。听一听她的介绍，给单词排序。<\\/p>,<p>Sam在认读教室里的物品。听一听，选出Sam所读的物品。<\\/p>,<p>听一听Miss White的指令，选择正确的释义。<\\/p>,<p>听一听Miss White的指令，选择正确的释义。<\\/p>,<p>Sam在介绍学校的活动场所。听一听，判断所听内容与所给图片是否相符。<\\/p>,<p>Sam在介绍学校的活动场所。听一听，判断所听内容与所给图片是否相符。<\\/p>,<p>Sam在认读教室里的物品。听一听，选出Sam所读的物品。<\\/p>,<p>Sam在认读教室里的物品。听一听，选出Sam所读的物品。<\\/p>,<p>Sam在谈论哪些行为？听一听，将下列图片排序。<\\/p>,<p>听一听Miss White的指令，选择正确的释义。<\\/p>,<p>Sam在介绍学校的活动场所。听一听，判断所听内容与所给图片是否相符。<\\/p>,<p>Sam在认读教室里的物品。听一听，选出Sam所读的物品。<\\/p>\", \"单元名称\" : \"Unit 8 A Polite Way\", \"设置的题目数量\" : 5, \"级别\" : \"基础巩固\", \"学科\" : \"英语\", \"对应端类型\" : \"通用\"}"
"{\"年级\" : \"五年级\", \"关联题目数量\" : 10, \"版本\" : \"湘鲁版\", \"册\" : \"上册\", \"题干集合\" : \",,,,,,,,,\", \"单元名称\" : \"Unit 9 Christmas\", \"设置的题目数量\" : 5, \"级别\" : \"基础巩固\", \"学科\" : \"英语\", \"对应端类型\" : \"app\"}"
"{\"年级\" : \"四年级\", \"关联题目数量\" : 15, \"版本\" : \"\", \"册\" : \"上册\", \"题干集合\" : \"<p>Amy在景区写生。听一听，图片是她画的景物吗？<\\/p>,<p>Lucy在商场看到了很多东西。听一听，她现在看到了什么？<\\/p>,<p>课堂上，同学们在玩“传声筒”的游戏。听一听，他们说的是哪个单词？<\\/p>,<p>课堂上，同学们在玩“传声筒”的游戏。听一听，他们说的是哪个单词？<\\/p>,<p>Lily在带弟弟读英语故事。听一听，故事中包含下面哪个单词？<\\/p>,<p>Peter正在复习今天学习的词汇。听一听，请你来当小小翻译官吧！<\\/p>,<p>Peter正在复习今天学习的词汇。听一听，请你来当小小翻译官吧！<\\/p>,<p>Amy在景区写生。听一听，图片是她画的景物吗？<\\/p>,<p>Peter正在复习今天学习的词汇。听一听，请你来当小小翻译官吧！<\\/p>,<p>周末，Lily打算和朋友一起外出。听一听，她们要去哪个场所呢？<\\/p>,<p>课堂上，同学们在玩“传声筒”的游戏。听一听，他们说的是哪个单词？<\\/p>,<p>Amy在景区写生。听一听，图片是她画的景物吗？<\\/p>,<p>Amy在给景区画平面图。听一听，她画对了吗？<\\/p>,<p>Lucy在商场看到了很多东西。听一听，她现在看到了什么？<\\/p>,<p>Lily在带弟弟读英语故事。听一听，故事中包含下面哪个单词？<\\/p>\", \"单元名称\" : \"Unit 5 Can I swim in the lake?\", \"设置的题目数量\" : 5, \"级别\" : \"基础巩固\", \"学科\" : \"英语\", \"对应端类型\" : \"通用\"}"
"{\"年级\" : \"七年级\", \"关联题目数量\" : 1, \"版本\" : \"人教版\", \"册\" : \"上册\", \"题干集合\" : \"\", \"单元名称\" : \"Unit 1 My name's Gina.\", \"设置的题目数量\" : 1, \"级别\" : \"听长对话选答案\", \"学科\" : \"英语\", \"对应端类型\" : \"通用\"}"
"{\"年级\" : \"六年级\", \"关联题目数量\" : \"\", \"版本\" : \"人教版（三起）\", \"册\" : \"下册\", \"题干集合\" : \"\", \"单元名称\" : \"U7\", \"设置的题目数量\" : 5, \"级别\" : \"难点突破\", \"学科\" : \"英语\", \"对应端类型\" : \"通用\"}"
"{\"年级\" : \"八年级\", \"关联题目数量\" : \"\", \"版本\" : \"\", \"册\" : \"上册\", \"题干集合\" : \"\", \"单元名称\" : \"U12\", \"设置的题目数量\" : 5, \"级别\" : \"难点突破\", \"学科\" : \"英语\", \"对应端类型\" : \"通用\"}"
"{\"年级\" : \"八年级\", \"关联题目数量\" : 1, \"版本\" : \"人教版\", \"册\" : \"上册\", \"题干集合\" : \"\", \"单元名称\" : \"Unit 7 Will people have robots?\", \"设置的题目数量\" : 1, \"级别\" : \"听独白选答案\", \"学科\" : \"英语\", \"对应端类型\" : \"通用\"}"
"{\"年级\" : \"六年级\", \"关联题目数量\" : 16, \"版本\" : \"湘鲁版\", \"册\" : \"上册\", \"题干集合\" : \",,,,<p>|space<||>space| |space<||>space| |space<||>space| |space<||>space| |space<||>space| |space<||>space| |space<||>space|<\\/p>,,,,,,<p>|space<||>space| |space<||>space| |space<||>space| |space<||>space| |space<||>space| |space<||>space| |space<||>space|<\\/p>,<p>|space<||>space| |space<||>space| |space<||>space|<\\/p>,<p>|space<||>space| |space<||>space| |space<||>space|<\\/p>,,,<p>|space<||>space| |space<||>space| |space<||>space| |space<||>space|<\\/p>\", \"单元名称\" : \"Unit 3 What's in the sports shop?\", \"设置的题目数量\" : 5, \"级别\" : \"难点突破\", \"学科\" : \"英语\", \"对应端类型\" : \"app\"}"
"{\"年级\" : \"五年级\", \"关联题目数量\" : 10, \"版本\" : \"湘鲁版\", \"册\" : \"下册\", \"题干集合\" : \",,,,,,,,,\", \"单元名称\" : \"Unit 7  Everyone has something to do.\", \"设置的题目数量\" : 5, \"级别\" : \"基础巩固\", \"学科\" : \"英语\", \"对应端类型\" : \"app\"}"
"{\"年级\" : \"五年级\", \"关联题目数量\" : 10, \"版本\" : \"湘少版\", \"册\" : \"下册\", \"题干集合\" : \"<p>|space<||>space| |space<||>space| |space<||>space| |space<||>space| |space<||>space| |space<||>space| |space<||>space| |space<||>space| |space<||>space|<\\/p>,,,,<p>|space<||>space| |space<||>space| |space<||>space| |space<||>space| |space<||>space| |space<||>space| |space<||>space| |space<||>space| |space<||>space| |space<||>space|<\\/p>,,,,,\", \"单元名称\" : \"Unit 6 I'll make a beautiful card\", \"设置的题目数量\" : 5, \"级别\" : \"难点突破\", \"学科\" : \"英语\", \"对应端类型\" : \"app\"}"
"{\"年级\" : \"三年级\", \"关联题目数量\" : \"\", \"版本\" : \"人教版（三起）（2024审定）\", \"册\" : \"上册\", \"题干集合\" : \"\", \"单元名称\" : \"Units 4-6 举一反三训练（A）\", \"设置的题目数量\" : 5, \"级别\" : \"难点突破\", \"学科\" : \"英语\", \"对应端类型\" : \"通用\"}"
"{\"年级\" : \"四年级\", \"关联题目数量\" : \"\", \"版本\" : \"人教版（三起）\", \"册\" : \"上册\", \"题干集合\" : \"\", \"单元名称\" : \"期末复习\", \"设置的题目数量\" : 5, \"级别\" : \"综合进阶\", \"学科\" : \"英语\", \"对应端类型\" : \"app\"}"
"{\"年级\" : \"四年级\", \"关联题目数量\" : \"\", \"版本\" : \"人教版（三起）\", \"册\" : \"上册\", \"题干集合\" : \"\", \"单元名称\" : \"期中复习\", \"设置的题目数量\" : 5, \"级别\" : \"难点突破\", \"学科\" : \"英语\", \"对应端类型\" : \"app\"}"
"{\"年级\" : \"四年级\", \"关联题目数量\" : 17, \"版本\" : \"湘少版（2024审定）\", \"册\" : \"上册\", \"题干集合\" : \"<p>在学校的失物招领处，有许多丢失的物品。听听是哪个物品吧！<\\/p>,<p>在图书馆里，管理员在检查图书插画。听一听，帮助管理员判断吧！<\\/p>,,<p>Amy在唱绕口令，听听绕口令中包含哪个单词呢？<\\/p>,<p>神秘岛的探险队员们发现了一些奇怪的遗迹，上面刻着单词。听一听，是哪个单词呢？<\\/p>,<p>在图书馆里，管理员在检查图书插画。听一听，帮助管理员判断吧！<\\/p>,<p>神秘岛的探险队员们发现了一些奇怪的遗迹，上面刻着单词。听一听，是哪个单词呢？<\\/p>,<p>Amy在失物招领处认领自己丢失的物品。听一听，选出Amy认领的物品吧！<\\/p>,<p>Amy在唱绕口令，听听绕口令中包含哪个单词呢？<\\/p>,<p>在学校的失物招领处，有许多丢失的物品。听听是哪个物品吧！<\\/p>,<p>神秘岛的探险队员们发现了一些奇怪的遗迹，上面刻着单词。听一听，是哪个单词呢？<\\/p>,<p>在英语课堂上，老师在读单词。听一听，老师依次读了哪些单词呢？<\\/p>,<p>神秘岛的探险队员们发现了一些奇怪的遗迹，上面刻着单词。听一听，是哪个单词呢？<\\/p>,<p>童话世界里的小精灵们在举办单词魔法大赛。听一听，给单词赋予释义吧。<\\/p>,<p>童话世界里的小精灵们在举办单词魔法大赛。听一听，给单词赋予释义吧。<\\/p>,<p>魔法学校的老师在储物间里整理物品。听一听，选出魔法老师整理的物品吧！<\\/p>,<p>童话世界里的小精灵们在举办单词魔法大赛。听一听，给单词赋予释义吧。<\\/p>\", \"单元名称\" : \"Unit 7 Whose watch is this?\", \"设置的题目数量\" : 5, \"级别\" : \"基础巩固\", \"学科\" : \"英语\", \"对应端类型\" : \"通用\"}"
"{\"年级\" : \"四年级\", \"关联题目数量\" : \"\", \"版本\" : \"教科版\", \"册\" : \"上册\", \"题干集合\" : \"\", \"单元名称\" : \"Unit 11 I want to be a painter\", \"设置的题目数量\" : 5, \"级别\" : \"难点突破\", \"学科\" : \"英语\", \"对应端类型\" : \"通用\"}"
"{\"年级\" : \"四年级\", \"关联题目数量\" : \"\", \"版本\" : \"湘鲁版\", \"册\" : \"下册\", \"题干集合\" : \"\", \"单元名称\" : \"U12\", \"设置的题目数量\" : 5, \"级别\" : \"综合进阶\", \"学科\" : \"英语\", \"对应端类型\" : \"app\"}"
"{\"年级\" : \"三年级\", \"关联题目数量\" : 10, \"版本\" : \"\", \"册\" : \"下册\", \"题干集合\" : \"<p>运动会后，同学们对运动的热情高涨。听一听他们的发言，按照听到的顺序给下面的句子排序。<\\/p>,<p>Lucy和她的好朋友Lily在观众席观看比赛。听一听她们的对话，判断下面的图片与对话内容是否相符。<\\/p>,<p>Tom调查了同学们擅长的运动。听一听调查结果，将人物与对应的运动连线。<\\/p>,<p>马上要举办校园运动会了，Lucy和同学们在讨论自己擅长的体育项目。听一听，帮Lucy选出恰当的答语。<\\/p>,<p>马上要举办校园运动会了，Lucy和同学们在讨论自己擅长的体育项目。听一听，帮Lucy选出恰当的答语。<\\/p>,<p>Lucy和Lily在讨论课间活动。听一听，帮Lucy选出恰当的答语。<\\/p>,<p>体育委员Tom在调查同学们擅长的运动。听一听他们的对话，判断下面的图片与对话内容是否相符。<\\/p>,<p>体育委员Tom在调查同学们擅长的运动。听一听他们的对话，判断下面的图片与对话内容是否相符。<\\/p>,<p>体育委员Tom在调查同学们想参加的体育项目。听一听他们的对话，判断下面的图片与对话内容是否相符。<\\/p>,<p>马上要举办校园运动会了，Lucy和同学们在讨论自己擅长的体育项目。听一听，帮Lucy选出恰当的答语。<\\/p>\", \"单元名称\" : \"Unit 4 Can you play football?\", \"设置的题目数量\" : 5, \"级别\" : \"难点突破\", \"学科\" : \"英语\", \"对应端类型\" : \"通用\"}"
"{\"年级\" : \"四年级\", \"关联题目数量\" : 10, \"版本\" : \"湘鲁版\", \"册\" : \"上册\", \"题干集合\" : \",,,<p>许多<\\/p>,,,,,,<p>你好<\\/p>\", \"单元名称\" : \"Unit 2 May I use your crayon?\", \"设置的题目数量\" : 5, \"级别\" : \"综合进阶\", \"学科\" : \"英语\", \"对应端类型\" : \"app\"}"
"{\"年级\" : \"七年级\", \"关联题目数量\" : 1, \"版本\" : \"人教版\", \"册\" : \"上册\", \"题干集合\" : \"<p>1. |space<||>space|<\\/p><p>2. |space<||>space|<\\/p><p>3. |space<||>space|<\\/p><p>4. |space<||>space|<\\/p><p>5. |space<||>space|<\\/p>\", \"单元名称\" : \"Unit 6 Do you like bananas?\", \"设置的题目数量\" : 1, \"级别\" : \"听短文完成题目\", \"学科\" : \"英语\", \"对应端类型\" : \"通用\"}"
"{\"年级\" : \"三年级\", \"关联题目数量\" : 10, \"版本\" : \"湘少版\", \"册\" : \"下册\", \"题干集合\" : \",,,,<p>|space<||>space| |space<||>space| |space<||>space| |space<||>space| |space<||>space| |space<||>space|<\\/p>,,,,,<p>|space<||>space| |space<||>space| |space<||>space| |space<||>space|<\\/p>\", \"单元名称\" : \"Unit 9 What's the weather like?\", \"设置的题目数量\" : 5, \"级别\" : \"难点突破\", \"学科\" : \"英语\", \"对应端类型\" : \"app\"}"
"{\"年级\" : \"六年级\", \"关联题目数量\" : 10, \"版本\" : \"湘少版\", \"册\" : \"上册\", \"题干集合\" : \",,,,,,,,,\", \"单元名称\" : \"Unit 5 It will be sunny and cool tomorrow\", \"设置的题目数量\" : 5, \"级别\" : \"综合进阶\", \"学科\" : \"英语\", \"对应端类型\" : \"app\"}"
"{\"年级\" : \"五年级\", \"关联题目数量\" : \"\", \"版本\" : \"人教版（三起）\", \"册\" : \"下册\", \"题干集合\" : \"\", \"单元名称\" : \"U7\", \"设置的题目数量\" : 5, \"级别\" : \"综合进阶\", \"学科\" : \"英语\", \"对应端类型\" : \"app\"}"
"{\"年级\" : \"四年级\", \"关联题目数量\" : \"\", \"版本\" : \"湘少版（2024审定）\", \"册\" : \"上册\", \"题干集合\" : \"\", \"单元名称\" : \"U12\", \"设置的题目数量\" : 5, \"级别\" : \"综合进阶\", \"学科\" : \"英语\", \"对应端类型\" : \"通用\"}"
"{\"年级\" : \"四年级\", \"关联题目数量\" : 15, \"版本\" : \"人教版（三起）（2024审定）\", \"册\" : \"下册\", \"题干集合\" : \",,,,,,,,,<p>英语课上，老师在播放一段英语绕口令。听一听，绕口令中包含下面哪个单词？<\\/p>,,,,<p>英语课上，老师在播放一段英语绕口令。听一听，绕口令中包含下面哪个单词？<\\/p>,\", \"单元名称\" : \"Unit 2 Family rules\", \"设置的题目数量\" : 5, \"级别\" : \"基础巩固\", \"学科\" : \"英语\", \"对应端类型\" : \"通用\"}"
"{\"年级\" : \"五年级\", \"关联题目数量\" : \"\", \"版本\" : \"人教版（三起）\", \"册\" : \"下册\", \"题干集合\" : \"\", \"单元名称\" : \"U10\", \"设置的题目数量\" : 5, \"级别\" : \"难点突破\", \"学科\" : \"英语\", \"对应端类型\" : \"app\"}"
"{\"年级\" : \"六年级\", \"关联题目数量\" : 10, \"版本\" : \"湘少版\", \"册\" : \"下册\", \"题干集合\" : \",<p>喜欢<\\/p>,,,,,,,<p>小提琴 <\\/p>,\", \"单元名称\" : \"Unit 6 Anne wanted to dance\", \"设置的题目数量\" : 5, \"级别\" : \"基础巩固\", \"学科\" : \"英语\", \"对应端类型\" : \"app\"}"
"{\"年级\" : \"七年级\", \"关联题目数量\" : 1, \"版本\" : \"\", \"册\" : \"下册\", \"题干集合\" : \"<p>1. |space<||>space|<\\/p><p>2. |space<||>space|<\\/p><p>3. |space<||>space|<\\/p><p>4. |space<||>space|<\\/p><p>5. |space<||>space|<\\/p>\", \"单元名称\" : \"Unit 7 A Day to Remember\", \"设置的题目数量\" : 1, \"级别\" : \"听短文完成题目\", \"学科\" : \"英语\", \"对应端类型\" : \"通用\"}"
"{\"年级\" : \"六年级\", \"关联题目数量\" : \"\", \"版本\" : \"教科版\", \"册\" : \"上册\", \"题干集合\" : \"\", \"单元名称\" : \"期中复习\", \"设置的题目数量\" : 5, \"级别\" : \"基础巩固\", \"学科\" : \"英语\", \"对应端类型\" : \"通用\"}"
"{\"年级\" : \"三年级\", \"关联题目数量\" : 13, \"版本\" : \"湘少版\", \"册\" : \"下册\", \"题干集合\" : \",,,,,,<p>给我。<\\/p>,,,,,,<p>boy<\\/p>\", \"单元名称\" : \"Unit 2 Are you Lingling?\", \"设置的题目数量\" : 5, \"级别\" : \"基础巩固\", \"学科\" : \"英语\", \"对应端类型\" : \"app\"}"
"{\"年级\" : \"七年级\", \"关联题目数量\" : \"\", \"版本\" : \"\", \"册\" : \"上册\", \"题干集合\" : \"\", \"单元名称\" : \"Starter Unit 2 Keep Tidy\", \"设置的题目数量\" : 5, \"级别\" : \"难点突破\", \"学科\" : \"英语\", \"对应端类型\" : \"通用\"}"
"{\"年级\" : \"七年级\", \"关联题目数量\" : 5, \"版本\" : \"人教版\", \"册\" : \"下册\", \"题干集合\" : \"<p>When does Anna brush her teeth?<\\/p>,<p>What time is it?<\\/p>,<p>What does the boy often do on Saturday afternoon?<\\/p>,<p>Where does the boy have breakfast?<\\/p>,<p>Does Rick usually take a shower in the afternoon?<\\/p>\", \"单元名称\" : \"Unit 2 What time do you go to school?\", \"设置的题目数量\" : 5, \"级别\" : \"听短对话选答案\", \"学科\" : \"英语\", \"对应端类型\" : \"通用\"}"
"{\"年级\" : \"四年级\", \"关联题目数量\" : \"\", \"版本\" : \"人教版（三起）\", \"册\" : \"上册\", \"题干集合\" : \"\", \"单元名称\" : \"U12\", \"设置的题目数量\" : 5, \"级别\" : \"基础巩固\", \"学科\" : \"英语\", \"对应端类型\" : \"app\"}"
"{\"年级\" : \"八年级\", \"关联题目数量\" : 5, \"版本\" : \"人教版\", \"册\" : \"上册\", \"题干集合\" : \"<p>When is the sports news today?<\\/p>,<p>Why can't the boy watch TV now?<\\/p>,<p>What did Tara watch yesterday evening?<\\/p>,<p>Who does Steve think will win the singing competition?<\\/p>,<p>What does Bill think of the talk shows?<\\/p>\", \"单元名称\" : \"Unit 5 Do you want to watch a game show?\", \"设置的题目数量\" : 5, \"级别\" : \"听短对话选答案\", \"学科\" : \"英语\", \"对应端类型\" : \"通用\"}"
"{\"年级\" : \"四年级\", \"关联题目数量\" : \"\", \"版本\" : \"人教版（三起）\", \"册\" : \"下册\", \"题干集合\" : \"\", \"单元名称\" : \"U7\", \"设置的题目数量\" : 5, \"级别\" : \"难点突破\", \"学科\" : \"英语\", \"对应端类型\" : \"app\"}"
"{\"年级\" : \"三年级\", \"关联题目数量\" : \"\", \"版本\" : \"人教版（三起）\", \"册\" : \"下册\", \"题干集合\" : \"\", \"单元名称\" : \"U8\", \"设置的题目数量\" : 5, \"级别\" : \"难点突破\", \"学科\" : \"英语\", \"对应端类型\" : \"通用\"}"
"{\"年级\" : \"三年级\", \"关联题目数量\" : \"\", \"版本\" : \"人教版（三起）（2024审定）\", \"册\" : \"下册\", \"题干集合\" : \"\", \"单元名称\" : \"U12\", \"设置的题目数量\" : 5, \"级别\" : \"难点突破\", \"学科\" : \"英语\", \"对应端类型\" : \"通用\"}"
"{\"年级\" : \"三年级\", \"关联题目数量\" : 10, \"版本\" : \"教科版（2024审定）\", \"册\" : \"上册\", \"题干集合\" : \"<p>Aiwen正在搜集生活中的各种色彩。听一听，帮她选出对应的图片。<\\/p>,<p>Aiwen正在搜集生活中的各种色彩。听一听，帮她选出对应的图片。<\\/p>,<p>Aiwen正在搜集生活中的各种色彩。听一听，帮她选出对应的图片。<\\/p>,<p>Aiwen正在搜集生活中的各种色彩。听一听，帮她选出对应的图片。<\\/p>,<p>Aiwen和哥哥正在玩你拼我猜的游戏。听一听哥哥拼读的单词，帮助Aiwen判断图片与拼读单词是否相符。<\\/p>,<p>Aiwen和哥哥正在玩你拼我猜的游戏。听一听哥哥拼读的单词，帮助Aiwen选出与拼读单词相符的释义。<\\/p>,<p>Aiwen和哥哥正在玩你拼我猜的游戏。听一听哥哥拼读的单词，帮助Aiwen选出与拼读单词相符的释义。<\\/p>,<p>Aiwen和哥哥正在玩你拼我猜的游戏。听一听哥哥拼读的单词，帮助Aiwen判断下列图片与拼读单词是否相符。<\\/p>,<p>Aiwen正在搜集生活中的各种色彩。听一听，帮她选出对应的图片。<\\/p>,<p>Aiwen和哥哥正在玩你拼我猜的游戏。听一听哥哥拼读的单词，帮助Aiwen选出与拼读单词相符的释义。<\\/p>\", \"单元名称\" : \"Unit 4 Colour a Keyboard\", \"设置的题目数量\" : 5, \"级别\" : \"基础巩固\", \"学科\" : \"英语\", \"对应端类型\" : \"通用\"}"
"{\"年级\" : \"八年级\", \"关联题目数量\" : 1, \"版本\" : \"人教版\", \"册\" : \"下册\", \"题干集合\" : \"\", \"单元名称\" : \"Unit 7 What's the highest mountain in the world?\", \"设置的题目数量\" : 1, \"级别\" : \"听长对话选答案\", \"学科\" : \"英语\", \"对应端类型\" : \"通用\"}"
"{\"年级\" : \"四年级\", \"关联题目数量\" : \"\", \"版本\" : \"湘鲁版\", \"册\" : \"下册\", \"题干集合\" : \"\", \"单元名称\" : \"期末复习\", \"设置的题目数量\" : 5, \"级别\" : \"难点突破\", \"学科\" : \"英语\", \"对应端类型\" : \"app\"}"
"{\"年级\" : \"四年级\", \"关联题目数量\" : \"\", \"版本\" : \"人教版（三起）\", \"册\" : \"上册\", \"题干集合\" : \"\", \"单元名称\" : \"U11\", \"设置的题目数量\" : 5, \"级别\" : \"综合进阶\", \"学科\" : \"英语\", \"对应端类型\" : \"app\"}"
"{\"年级\" : \"三年级\", \"关联题目数量\" : 15, \"版本\" : \"\", \"册\" : \"下册\", \"题干集合\" : \"<p>Jim和朋友在玩“猜猜它在哪”的游戏。听一听，选出与物品位置相符的图片。<\\/p>,<p>Jim在找他的学习用品，他和妈妈会说些什么呢？听一听，选出他们所说的句子。<\\/p>,<p>Jim在找他的学习用品，他和妈妈会说些什么呢？听一听，选出他们所说的句子。<\\/p>,<p>Jim在找他的学习用品，他和妈妈会说些什么呢？听一听，选出他们所说的句子。<\\/p>,<p>Jim在描述自己物品的位置。听一听，判断下面图片与Jim的描述是否相符。<\\/p>,<p>Jim在描述自己物品的位置。听一听，判断下面图片与Jim的描述是否相符。<\\/p>,<p>Jim在描述自己物品的位置。听一听，判断下面图片与Jim的描述是否相符。<\\/p>,<p>Jim在帮妹妹找铅笔。听一听，判断下面句子与他们的对话内容是否相符。<\\/p><p>No, it isn't.<\\/p>,<p>Jim在帮妹妹找铅笔。听一听，判断下面句子与他们的对话内容是否相符。<\\/p><p>Look, it's under the book.<\\/p>,<p>Jim和朋友在玩“猜猜它在哪”的游戏。听一听，选出与物品位置相符的图片。<\\/p>,<p>Jim在复习今天所学的内容。听一听，选择与他所说内容相符的翻译。<\\/p>,<p>Jim在帮妹妹找铅笔。听一听，判断下面句子与他们的对话内容是否相符。<\\/p><p>Is it on the chair?<\\/p>,<p>Jim在找他的学习用品，他和妈妈会说些什么呢？听一听，选出他们所说的句子。<\\/p>,<p>Jim在复习今天所学的内容。听一听，选择与他所说内容相符的翻译。<\\/p>,<p>Jim和朋友在玩“猜猜它在哪”的游戏。听一听，选出与物品位置相符的图片。<\\/p>\", \"单元名称\" : \"Unit 2 Where is my pen?\", \"设置的题目数量\" : 5, \"级别\" : \"综合进阶\", \"学科\" : \"英语\", \"对应端类型\" : \"通用\"}"
"{\"年级\" : \"四年级\", \"关联题目数量\" : 10, \"版本\" : \"\", \"册\" : \"上册\", \"题干集合\" : \"<p>Peter一家在分享自己喜欢或不喜欢的天气。听一听，他们分享的顺序是怎样的呢？<\\/p>,<p>Peter在查看天气预报并制订出行计划。听一听，图片与实际的天气相符吗？<\\/p>,<p>Peter在查看天气预报并制订出行计划。听一听，图片与实际的天气相符吗？<\\/p>,<p>Peter在查看天气预报并制订出行计划。听一听，图片与实际的天气相符吗？<\\/p>,<p>课间，同学们在查询世界各地的天气。听一听，纽约今天的天气怎么样？<\\/p>,<p>课间，同学们在查询世界各地的天气。听一听，悉尼今天的天气怎么样？<\\/p>,<p>同学们在谈论自己对天气的喜恶。听一听，他们喜欢或不喜欢什么天气呢？<\\/p>,<p>同学们在分享假期旅游目的地的天气。听一听，他们分享的顺序是怎样呢？<\\/p>,<p>John在给Mike打电话了解天气。听一听，帮Mike回答他的提问吧！<\\/p>,<p>妈妈和Mary在聊天气。听一听，帮妈妈回复Mary吧！<\\/p>\", \"单元名称\" : \"Unit 7 What's the weather like?\", \"设置的题目数量\" : 5, \"级别\" : \"难点突破\", \"学科\" : \"英语\", \"对应端类型\" : \"通用\"}"
"{\"年级\" : \"八年级\", \"关联题目数量\" : 1, \"版本\" : \"人教版\", \"册\" : \"下册\", \"题干集合\" : \"\", \"单元名称\" : \"Unit 8 Have you read Treasure Island yet?\", \"设置的题目数量\" : 1, \"级别\" : \"听独白选答案\", \"学科\" : \"英语\", \"对应端类型\" : \"通用\"}"
"{\"年级\" : \"三年级\", \"关联题目数量\" : \"\", \"版本\" : \"人教版（三起）（2024审定）\", \"册\" : \"上册\", \"题干集合\" : \"\", \"单元名称\" : \"Units 4-6 举一反三训练（B）\", \"设置的题目数量\" : 5, \"级别\" : \"难点突破\", \"学科\" : \"英语\", \"对应端类型\" : \"通用\"}"
"{\"年级\" : \"五年级\", \"关联题目数量\" : \"\", \"版本\" : \"人教版（三起）\", \"册\" : \"下册\", \"题干集合\" : \"\", \"单元名称\" : \"U9\", \"设置的题目数量\" : 5, \"级别\" : \"基础巩固\", \"学科\" : \"英语\", \"对应端类型\" : \"app\"}"
"{\"年级\" : \"五年级\", \"关联题目数量\" : \"\", \"版本\" : \"人教版（三起）\", \"册\" : \"下册\", \"题干集合\" : \"\", \"单元名称\" : \"U8\", \"设置的题目数量\" : 5, \"级别\" : \"综合进阶\", \"学科\" : \"英语\", \"对应端类型\" : \"app\"}"
"{\"年级\" : \"四年级\", \"关联题目数量\" : \"\", \"版本\" : \"湘少版（2024审定）\", \"册\" : \"上册\", \"题干集合\" : \"\", \"单元名称\" : \"U11\", \"设置的题目数量\" : 5, \"级别\" : \"综合进阶\", \"学科\" : \"英语\", \"对应端类型\" : \"通用\"}"
"{\"年级\" : \"三年级\", \"关联题目数量\" : \"\", \"版本\" : \"人教版（三起）\", \"册\" : \"下册\", \"题干集合\" : \"\", \"单元名称\" : \"U11\", \"设置的题目数量\" : 5, \"级别\" : \"基础巩固\", \"学科\" : \"英语\", \"对应端类型\" : \"通用\"}"
"{\"年级\" : \"三年级\", \"关联题目数量\" : 10, \"版本\" : \"湘鲁版\", \"册\" : \"下册\", \"题干集合\" : \",,,,,,,,,\", \"单元名称\" : \"Unit 8  Do you have a pet?\", \"设置的题目数量\" : 5, \"级别\" : \"难点突破\", \"学科\" : \"英语\", \"对应端类型\" : \"app\"}"
"{\"年级\" : \"四年级\", \"关联题目数量\" : 10, \"版本\" : \"湘少版（2024审定）\", \"册\" : \"上册\", \"题干集合\" : \"<p>妈妈在核查Amy计划的实行情况。听一听，Amy的实际情况与计划相符吗？<\\/p>,<p>Amy在制定一份活动时间表。听一听，她现在制定的是哪一项活动？<\\/p>,<p>Dino想了解Tim的生活作息。听一听，帮Tim回答它的问题吧！<\\/p>,<p>Mike和新朋友们在谈论今天的日程。听一听，根据描述，将人物与活动连线。<\\/p>,<p>爸爸在核查Peter计划的实行情况。听一听，Peter的实际情况与计划相符吗？<\\/p><p>Peter goes to school at 8:00.<\\/p>,<p>Amy在制定一份活动时间表。听一听，她现在制定的是哪一项活动？<\\/p>,<p>Dino在问Tim一些问题。听一听，帮Tim回答它的问题吧！<\\/p>,<p>妈妈在核查Amy计划的实行情况。听一听，Amy的实际情况与计划相符吗？<\\/p>,<p>Amy想把日程表的时间打乱做成手账。听一听，帮她把句子排好序吧！<\\/p>,<p>爸爸在核查Peter计划的实行情况。听一听，Peter的实际情况与计划相符吗？<\\/p><p>Peter has dinner at half past five.<\\/p>\", \"单元名称\" : \"Unit 2 What time do you get up?\", \"设置的题目数量\" : 5, \"级别\" : \"难点突破\", \"学科\" : \"英语\", \"对应端类型\" : \"通用\"}"
"{\"年级\" : \"四年级\", \"关联题目数量\" : 18, \"版本\" : \"湘少版\", \"册\" : \"下册\", \"题干集合\" : \",<p>camp<\\/p>,,,,,,,,,,,,,,<p>Canada<\\/p>,,\", \"单元名称\" : \"Unit 8 I come from China\", \"设置的题目数量\" : 5, \"级别\" : \"基础巩固\", \"学科\" : \"英语\", \"对应端类型\" : \"app\"}"
"{\"年级\" : \"五年级\", \"关联题目数量\" : 10, \"版本\" : \"湘鲁版\", \"册\" : \"下册\", \"题干集合\" : \",,,,,,,,,\", \"单元名称\" : \"Unit 1  What subjects do you study?\", \"设置的题目数量\" : 5, \"级别\" : \"基础巩固\", \"学科\" : \"英语\", \"对应端类型\" : \"app\"}"
"{\"年级\" : \"六年级\", \"关联题目数量\" : 9, \"版本\" : \"湘少版\", \"册\" : \"上册\", \"题干集合\" : \",NULL,,NULL,NULL,NULL,NULL,NULL,NULL\", \"单元名称\" : \"Unit 2 Katie always gets up early\", \"设置的题目数量\" : 5, \"级别\" : \"综合进阶\", \"学科\" : \"英语\", \"对应端类型\" : \"app\"}"
"{\"年级\" : \"八年级\", \"关联题目数量\" : 1, \"版本\" : \"人教版\", \"册\" : \"下册\", \"题干集合\" : \"\", \"单元名称\" : \"Unit 8 Have you read Treasure Island yet?\", \"设置的题目数量\" : 1, \"级别\" : \"听长对话选答案\", \"学科\" : \"英语\", \"对应端类型\" : \"通用\"}"
"{\"年级\" : \"四年级\", \"关联题目数量\" : 16, \"版本\" : \"湘少版（2024审定）\", \"册\" : \"下册\", \"题干集合\" : \",,,,,,,,<p>英语课上，老师在播放一段英语绕口令。听一听，绕口令中包含下面哪个单词？<\\/p>,,<p>英语课上，老师在播放一段英语绕口令。听一听，绕口令中包含下面哪个单词？<\\/p>,,,,,\", \"单元名称\" : \"Unit 5 She helps students\", \"设置的题目数量\" : 5, \"级别\" : \"基础巩固\", \"学科\" : \"英语\", \"对应端类型\" : \"通用\"}"
"{\"年级\" : \"五年级\", \"关联题目数量\" : \"\", \"版本\" : \"教科版\", \"册\" : \"上册\", \"题干集合\" : \"\", \"单元名称\" : \"Unit 3 I can swim very fast\", \"设置的题目数量\" : 5, \"级别\" : \"难点突破\", \"学科\" : \"英语\", \"对应端类型\" : \"通用\"}"
"{\"年级\" : \"五年级\", \"关联题目数量\" : 10, \"版本\" : \"湘鲁版\", \"册\" : \"下册\", \"题干集合\" : \",,<p>a day<\\/p>,,,,<p>police station<\\/p>,<p>a few<\\/p>,,<p>outer space<\\/p>\", \"单元名称\" : \"Unit 8  I will study the moon.\", \"设置的题目数量\" : 5, \"级别\" : \"综合进阶\", \"学科\" : \"英语\", \"对应端类型\" : \"app\"}"
"{\"年级\" : \"四年级\", \"关联题目数量\" : \"\", \"版本\" : \"人教版（三起）（2024审定）\", \"册\" : \"下册\", \"题干集合\" : \"\", \"单元名称\" : \"Units 3-4 测试卷\", \"设置的题目数量\" : 5, \"级别\" : \"综合进阶\", \"学科\" : \"英语\", \"对应端类型\" : \"通用\"}"
"{\"年级\" : \"八年级\", \"关联题目数量\" : 1, \"版本\" : \"人教版\", \"册\" : \"上册\", \"题干集合\" : \"<p>1. |space<||>space|<\\/p><p>2. |space<||>space|<\\/p><p>3. |space<||>space|<\\/p><p>4. |space<||>space|<\\/p><p>5. |space<||>space|<\\/p>\", \"单元名称\" : \"Unit 4 What's the best movie theater?\", \"设置的题目数量\" : 1, \"级别\" : \"听短文完成题目\", \"学科\" : \"英语\", \"对应端类型\" : \"通用\"}"
"{\"年级\" : \"四年级\", \"关联题目数量\" : \"\", \"版本\" : \"人教版（三起）\", \"册\" : \"上册\", \"题干集合\" : \"\", \"单元名称\" : \"期末测试卷\", \"设置的题目数量\" : 5, \"级别\" : \"基础巩固\", \"学科\" : \"英语\", \"对应端类型\" : \"app\"}"
"{\"年级\" : \"四年级\", \"关联题目数量\" : \"\", \"版本\" : \"教科版（2024审定）\", \"册\" : \"下册\", \"题干集合\" : \"\", \"单元名称\" : \"U12\", \"设置的题目数量\" : 5, \"级别\" : \"综合进阶\", \"学科\" : \"英语\", \"对应端类型\" : \"通用\"}"
"{\"年级\" : \"三年级\", \"关联题目数量\" : \"\", \"版本\" : \"人教版（三起）\", \"册\" : \"上册\", \"题干集合\" : \"\", \"单元名称\" : \"期中复习\", \"设置的题目数量\" : 5, \"级别\" : \"难点突破\", \"学科\" : \"英语\", \"对应端类型\" : \"app\"}"
"{\"年级\" : \"六年级\", \"关联题目数量\" : \"\", \"版本\" : \"湘少版\", \"册\" : \"下册\", \"题干集合\" : \"\", \"单元名称\" : \"U12\", \"设置的题目数量\" : 5, \"级别\" : \"难点突破\", \"学科\" : \"英语\", \"对应端类型\" : \"app\"}"
"{\"年级\" : \"五年级\", \"关联题目数量\" : \"\", \"版本\" : \"教科版\", \"册\" : \"上册\", \"题干集合\" : \"\", \"单元名称\" : \"期末复习\", \"设置的题目数量\" : 5, \"级别\" : \"难点突破\", \"学科\" : \"英语\", \"对应端类型\" : \"通用\"}"
"{\"年级\" : \"四年级\", \"关联题目数量\" : 15, \"版本\" : \"\", \"册\" : \"下册\", \"题干集合\" : \"<p>新同学Ken正在自我介绍。听一听，他有什么特长呢？<\\/p>,,,<p>I'm running.<\\/p>,,<p>新同学Leo正在自我介绍。听一听，他有什么特长呢？<\\/p>,,<p>Linda在给自己录制视频。听一听，图片是她正在进行的活动吗？<\\/p>,<p>Lucy在给自己录制参赛视频。听一听，图片是她正在进行的活动吗？<\\/p>,,,,<p>Tom在看故事书。听一听，下面句子是他说的吗？<\\/p><p>The story is interesting!<\\/p>,<p>Tom在看故事书。听一听，下面句子是他说的吗？<\\/p><p>What a cute mouse!<\\/p>,<p>Mia在和好朋友进行视频通话。听一听，图片是她正在进行的活动吗？<\\/p>\", \"单元名称\" : \"Unit 2 She is good at singing and dancing\", \"设置的题目数量\" : 15, \"级别\" : \"综合进阶\", \"学科\" : \"英语\", \"对应端类型\" : \"通用\"}"
"{\"年级\" : \"四年级\", \"关联题目数量\" : 10, \"版本\" : \"湘鲁版\", \"册\" : \"上册\", \"题干集合\" : \",,,,,,,,,\", \"单元名称\" : \"Unit 9 What are you doing?\", \"设置的题目数量\" : 5, \"级别\" : \"综合进阶\", \"学科\" : \"英语\", \"对应端类型\" : \"app\"}"
"{\"年级\" : \"四年级\", \"关联题目数量\" : 10, \"版本\" : \"人教版（三起）\", \"册\" : \"下册\", \"题干集合\" : \"<p>yummy<\\/p>,,<p>cow<\\/p>,,<p>garden<\\/p>,,,<p>tomato<\\/p>,,<p>those<\\/p>\", \"单元名称\" : \"Unit 4 At the farm\", \"设置的题目数量\" : 5, \"级别\" : \"基础巩固\", \"学科\" : \"英语\", \"对应端类型\" : \"app\"}"
"{\"年级\" : \"五年级\", \"关联题目数量\" : \"\", \"版本\" : \"教科版\", \"册\" : \"上册\", \"题干集合\" : \"\", \"单元名称\" : \"Unit 12 Four seasons in one day\", \"设置的题目数量\" : 5, \"级别\" : \"基础巩固\", \"学科\" : \"英语\", \"对应端类型\" : \"通用\"}"
"{\"年级\" : \"三年级\", \"关联题目数量\" : \"\", \"版本\" : \"\", \"册\" : \"下册\", \"题干集合\" : \"\", \"单元名称\" : \"U11\", \"设置的题目数量\" : 5, \"级别\" : \"综合进阶\", \"学科\" : \"英语\", \"对应端类型\" : \"通用\"}"
"{\"年级\" : \"五年级\", \"关联题目数量\" : 10, \"版本\" : \"人教版（三起）\", \"册\" : \"下册\", \"题干集合\" : \",,,,,,,,,\", \"单元名称\" : \"Unit 5 Whose dog is it?\", \"设置的题目数量\" : 5, \"级别\" : \"基础巩固\", \"学科\" : \"英语\", \"对应端类型\" : \"app\"}"
"{\"年级\" : \"四年级\", \"关联题目数量\" : \"\", \"版本\" : \"人教版（三起）（2024审定）\", \"册\" : \"上册\", \"题干集合\" : \"\", \"单元名称\" : \"Units 5-6 测试卷\", \"设置的题目数量\" : 5, \"级别\" : \"综合进阶\", \"学科\" : \"英语\", \"对应端类型\" : \"通用\"}"
"{\"年级\" : \"四年级\", \"关联题目数量\" : \"\", \"版本\" : \"人教版（三起）（2024审定）\", \"册\" : \"下册\", \"题干集合\" : \"\", \"单元名称\" : \"Units 1-2 测试卷\", \"设置的题目数量\" : 5, \"级别\" : \"综合进阶\", \"学科\" : \"英语\", \"对应端类型\" : \"通用\"}"
"{\"年级\" : \"四年级\", \"关联题目数量\" : \"\", \"版本\" : \"湘少版（2024审定）\", \"册\" : \"下册\", \"题干集合\" : \"\", \"单元名称\" : \"Units 7-10 测试卷\", \"设置的题目数量\" : 5, \"级别\" : \"综合进阶\", \"学科\" : \"英语\", \"对应端类型\" : \"通用\"}"
"{\"年级\" : \"五年级\", \"关联题目数量\" : 10, \"版本\" : \"教科版\", \"册\" : \"上册\", \"题干集合\" : \"<p>Janet 想要了解家人的爱好。听录音，选择恰当的答语。<\\/p>,<p>Janet想收集同学们的爱好。于是，她展开了调查。听一听，判断图片与她的调查内容是否相符。<\\/p>,<p>Janet 想要了解家人的爱好。听一听，选出家人们的回答。<\\/p>,<p>Janet想收集同学们的爱好。于是，她展开了调查。听一听，判断图片与她的调查内容是否相符。<\\/p>,<p>Janet 想要了解家人的爱好。听一听，选出家人们的回答。<\\/p>,<p>Janet 想要了解家人的爱好。听一听，选出家人们的回答。<\\/p>,<p>Janet认识了几个新朋友，他们的爱好各不相同。听一听，将他们与各自的爱好连起来。<\\/p>,<p>Janet想收集同学们的爱好。于是，她展开了调查。听一听，判断图片与她的调查内容是否相符。<\\/p>,<p>Janet想收集同学们的爱好。于是，她展开了调查。听一听，判断图片与她的调查内容是否相符。<\\/p>,<p>Janet 想要了解家人的爱好。听一听，选出家人们的回答。<\\/p>\", \"单元名称\" : \"Unit 1 What's your hobby?\", \"设置的题目数量\" : 5, \"级别\" : \"难点突破\", \"学科\" : \"英语\", \"对应端类型\" : \"通用\"}"
"{\"年级\" : \"三年级\", \"关联题目数量\" : \"\", \"版本\" : \"湘少版（2024审定）\", \"册\" : \"下册\", \"题干集合\" : \"\", \"单元名称\" : \"期末复习\", \"设置的题目数量\" : 5, \"级别\" : \"基础巩固\", \"学科\" : \"英语\", \"对应端类型\" : \"通用\"}"
"{\"年级\" : \"五年级\", \"关联题目数量\" : 10, \"版本\" : \"湘少版\", \"册\" : \"下册\", \"题干集合\" : \",,,,,,,,,\", \"单元名称\" : \"Unit 3 Let's make a kite\", \"设置的题目数量\" : 5, \"级别\" : \"综合进阶\", \"学科\" : \"英语\", \"对应端类型\" : \"app\"}"
"{\"年级\" : \"七年级\", \"关联题目数量\" : 1, \"版本\" : \"\", \"册\" : \"下册\", \"题干集合\" : \"\", \"单元名称\" : \"Unit 1 Animal Friends\", \"设置的题目数量\" : 1, \"级别\" : \"听长对话选答案\", \"学科\" : \"英语\", \"对应端类型\" : \"通用\"}"
"{\"年级\" : \"四年级\", \"关联题目数量\" : \"\", \"版本\" : \"教科版（2024审定）\", \"册\" : \"下册\", \"题干集合\" : \"\", \"单元名称\" : \"U11\", \"设置的题目数量\" : 5, \"级别\" : \"基础巩固\", \"学科\" : \"英语\", \"对应端类型\" : \"通用\"}"
"{\"年级\" : \"四年级\", \"关联题目数量\" : 15, \"版本\" : \"湘少版\", \"册\" : \"下册\", \"题干集合\" : \"<p>play<\\/p>,,,,,,<p>cook<\\/p>,,,,,,,,\", \"单元名称\" : \"Unit 5 Peter is writing\", \"设置的题目数量\" : 5, \"级别\" : \"基础巩固\", \"学科\" : \"英语\", \"对应端类型\" : \"app\"}"
"{\"年级\" : \"四年级\", \"关联题目数量\" : 10, \"版本\" : \"湘少版\", \"册\" : \"上册\", \"题干集合\" : \",,,,,,,,,\", \"单元名称\" : \"Unit 5 I like noodles\", \"设置的题目数量\" : 5, \"级别\" : \"基础巩固\", \"学科\" : \"英语\", \"对应端类型\" : \"app\"}"
"{\"年级\" : \"四年级\", \"关联题目数量\" : \"\", \"版本\" : \"教科版（2024审定）\", \"册\" : \"下册\", \"题干集合\" : \"\", \"单元名称\" : \"U10\", \"设置的题目数量\" : 5, \"级别\" : \"难点突破\", \"学科\" : \"英语\", \"对应端类型\" : \"通用\"}"
"{\"年级\" : \"四年级\", \"关联题目数量\" : 10, \"版本\" : \"人教版（三起）（2024审定）\", \"册\" : \"下册\", \"题干集合\" : \",,,,<p>The boy has to use kind words at home.<\\/p>,<p>Mum is in the bedroom.<\\/p>,,,<p>Mark正在介绍他家的家规。听一听，他介绍的顺序是怎样的？<\\/p>,<p>Jackson正在介绍他家的家规。听一听，匹配规矩和房间。<\\/p><p>living room|space<||>space|<\\/p><p>bathroom|space<||>space|<\\/p><p>study|space<||>space|<\\/p><p>kitchen|space<||>space|<\\/p><p>bedroom|space<||>space|<\\/p>\", \"单元名称\" : \"Unit 2 Family rules\", \"设置的题目数量\" : 5, \"级别\" : \"难点突破\", \"学科\" : \"英语\", \"对应端类型\" : \"通用\"}"
"{\"年级\" : \"四年级\", \"关联题目数量\" : \"\", \"版本\" : \"\", \"册\" : \"下册\", \"题干集合\" : \"\", \"单元名称\" : \"期中复习\", \"设置的题目数量\" : 5, \"级别\" : \"基础巩固\", \"学科\" : \"英语\", \"对应端类型\" : \"通用\"}"
"{\"年级\" : \"六年级\", \"关联题目数量\" : \"\", \"版本\" : \"湘鲁版\", \"册\" : \"上册\", \"题干集合\" : \"\", \"单元名称\" : \"期末复习\", \"设置的题目数量\" : 5, \"级别\" : \"难点突破\", \"学科\" : \"英语\", \"对应端类型\" : \"app\"}"
"{\"年级\" : \"六年级\", \"关联题目数量\" : 10, \"版本\" : \"湘少版\", \"册\" : \"上册\", \"题干集合\" : \"<p>wonderful<\\/p>,<p>mail<\\/p>,,,<p>beach <\\/p>,,NULL,<p>end<\\/p>,NULL,<p>present<\\/p>\", \"单元名称\" : \"Unit 3 I like my computer\", \"设置的题目数量\" : 5, \"级别\" : \"基础巩固\", \"学科\" : \"英语\", \"对应端类型\" : \"app\"}"
"{\"年级\" : \"三年级\", \"关联题目数量\" : \"\", \"版本\" : \"人教版（三起）（2024审定）\", \"册\" : \"上册\", \"题干集合\" : \"\", \"单元名称\" : \"期中复习\", \"设置的题目数量\" : 5, \"级别\" : \"综合进阶\", \"学科\" : \"英语\", \"对应端类型\" : \"通用\"}"
"{\"年级\" : \"六年级\", \"关联题目数量\" : 10, \"版本\" : \"人教版（三起）\", \"册\" : \"下册\", \"题干集合\" : \",<p>|space<||>space| |space<||>space| |space<||>space| |space<||>space| |space<||>space|<\\/p>,,,,,<p>|space<||>space| |space<||>space| |space<||>space| |space<||>space| |space<||>space| |space<||>space| |space<||>space|<\\/p>,,,<p>|space<||>space| |space<||>space| |space<||>space| |space<||>space| |space<||>space| |space<||>space|<\\/p>\", \"单元名称\" : \"Unit 1 How tall are you?\", \"设置的题目数量\" : 5, \"级别\" : \"综合进阶\", \"学科\" : \"英语\", \"对应端类型\" : \"通用\"}"
"{\"年级\" : \"三年级\", \"关联题目数量\" : 10, \"版本\" : \"人教版（三起）（2024审定）\", \"册\" : \"上册\", \"题干集合\" : \",,,,<p>Sarah likes the garden.<\\/p>,,,<p>John likes grapes.<\\/p>,,\", \"单元名称\" : \"Unit 4 Plants around us\", \"设置的题目数量\" : 5, \"级别\" : \"难点突破\", \"学科\" : \"英语\", \"对应端类型\" : \"通用\"}"
"{\"年级\" : \"四年级\", \"关联题目数量\" : 15, \"版本\" : \"湘少版（2024审定）\", \"册\" : \"上册\", \"题干集合\" : \"<p>Linda在计划用餐的时间。听一听，Linda计划的是哪一餐呢？<\\/p>,<p>Peter在给妹妹规划活动时间。听一听，Peter给妹妹规划的是哪个活动？<\\/p>,<p>英语课上，Amy遇到了一些不认识的单词。听一听，帮Amy给单词找到释义吧！<\\/p>,<p>Peter在教妹妹一些和时间相关的单词。听一听，Peter说的是哪个单词？<\\/p>,<p>Jack在和妹妹分享自己日常生活。听一听，图中活动与Jack的分享相符吗？<\\/p>,<p>Peter在复习今天学习的英语绕口令。听一听，绕口令中包含下面哪个单词？<\\/p>,<p>Peter在教妹妹一些和数学相关的单词。听一听，Peter说的是哪个单词呢？<\\/p>,<p>英语课上，Amy遇到了一些不认识的单词。听一听，帮Amy给单词找到释义吧！<\\/p>,<p>Peter在给妹妹规划活动时间。听一听，Peter给妹妹规划的是哪个活动？<\\/p>,<p>Linda在计划用餐的时间。听一听，Linda计划的是哪一餐呢？<\\/p>,<p>Jack在和妹妹分享自己的日常生活。听一听，图中活动与Jack的分享相符吗？<\\/p>,<p>Linda在计划用餐的时间。听一听，Linda计划的是哪一餐呢？<\\/p>,<p>英语课上，Amy遇到了一些不认识的单词。听一听，帮Amy给单词找到释义吧！<\\/p>,<p>Peter在复习今天学习的英语绕口令。听一听，绕口令中包含下面哪个单词？<\\/p>,<p>Jack在和妹妹分享自己日常生活。听一听，图中活动与Jack的分享相符吗？<\\/p>\", \"单元名称\" : \"Unit 2 What time do you get up?\", \"设置的题目数量\" : 5, \"级别\" : \"基础巩固\", \"学科\" : \"英语\", \"对应端类型\" : \"通用\"}"
"{\"年级\" : \"三年级\", \"关联题目数量\" : 10, \"版本\" : \"人教版（三起）（2024审定）\", \"册\" : \"下册\", \"题干集合\" : \"<p>Tom和Andy在整理自己的旧物品。听一听，帮助Andy选择合适的答语。<\\/p>,<p>Tom和Andy在整理自己的旧物品。听一听，帮助Tom选择合适的答语。<\\/p>,<p>Tom妈妈从超市买了很多水果回来。听一听他们的对话，判断Tom妹妹的陈述与对话内容是否相符。<\\/p><p>We have fourteen bananas.<\\/p>,<p>同学们在“跳蚤市场”上售卖玩具。听一听他们的对话，选出与对话内容相符的图片。<\\/p>,<p>Tom在介绍自己今天要售卖的东西。听一听他的发言，按照听到的顺序，给句子排序。<\\/p>,<p>Tom和Andy在整理自己的旧物品。听一听，帮助Tom选择合适的答语。<\\/p>,<p>同学们在准备“跳蚤市场”要出售的物品。听一听他们的对话，判断图片与对话内容是否相符。<\\/p>,<p>同学们在“跳蚤市场”上售卖玩具。听一听他们的对话，选出与对话内容相符的图片。<\\/p>,<p>同学们在准备“跳蚤市场”要出售的物品。听一听他们的对话，判断图片与对话内容是否相符。<\\/p>,<p>Tom妈妈从超市买了很多水果回来。听一听他们的对话，判断Tom妹妹的陈述与对话内容是否相符。<\\/p><p>The oranges are twenty yuan.<\\/p>\", \"单元名称\" : \"Unit 6 Numbers in life\", \"设置的题目数量\" : 5, \"级别\" : \"难点突破\", \"学科\" : \"英语\", \"对应端类型\" : \"通用\"}"
"{\"年级\" : \"五年级\", \"关联题目数量\" : 10, \"版本\" : \"湘鲁版\", \"册\" : \"下册\", \"题干集合\" : \",<p>There is a big ____ in our school.<\\/p>,,,,<p>We play basketball in the ____.<\\/p>,,,<p>I like to watch ____ movies.<\\/p>,<p>I'm learning ____.<\\/p>\", \"单元名称\" : \"Unit 2  We have Art in the art room.\", \"设置的题目数量\" : 5, \"级别\" : \"难点突破\", \"学科\" : \"英语\", \"对应端类型\" : \"app\"}"
"{\"年级\" : \"六年级\", \"关联题目数量\" : 10, \"版本\" : \"湘少版\", \"册\" : \"下册\", \"题干集合\" : \",,,,,,,,,\", \"单元名称\" : \"Unit 4 Planting trees is good for us\", \"设置的题目数量\" : 5, \"级别\" : \"基础巩固\", \"学科\" : \"英语\", \"对应端类型\" : \"app\"}"
"{\"年级\" : \"四年级\", \"关联题目数量\" : 15, \"版本\" : \"人教版（三起）（2024审定）\", \"册\" : \"下册\", \"题干集合\" : \",,,,,,,,,,,,,,\", \"单元名称\" : \"Unit 2 Family rules\", \"设置的题目数量\" : 5, \"级别\" : \"综合进阶\", \"学科\" : \"英语\", \"对应端类型\" : \"通用\"}"
"{\"年级\" : \"四年级\", \"关联题目数量\" : 13, \"版本\" : \"湘少版\", \"册\" : \"上册\", \"题干集合\" : \"<p>flower<\\/p>,,<p>oth|space<||>space| |space<||>space|<\\/p>,<p>sh|space<||>space| |space<||>space|p<\\/p>,<p>egg<\\/p>,,<p>tree<\\/p>,<p>|space<||>space| |space<||>space| |space<||>space|ing<\\/p>,,,,<p>those<\\/p>,<p>child<\\/p>\", \"单元名称\" : \"Unit 4 These are flowers\", \"设置的题目数量\" : 5, \"级别\" : \"综合进阶\", \"学科\" : \"英语\", \"对应端类型\" : \"app\"}"
"{\"年级\" : \"四年级\", \"关联题目数量\" : 10, \"版本\" : \"湘少版（2024审定）\", \"册\" : \"下册\", \"题干集合\" : \",,<p>What can the boy see now?<\\/p>,<p>What can Mark see?<\\/p>,,,,<p>Luke的爷爷奶奶住在一个小村庄，Luke将为大家介绍这个村庄。听一听，给图片排序。<\\/p>,<p>Mark看到一幅漂亮的风景画。听一听，他是怎样描述这幅画的？<\\/p>,\", \"单元名称\" : \"Unit 7 What can you see?\", \"设置的题目数量\" : 5, \"级别\" : \"难点突破\", \"学科\" : \"英语\", \"对应端类型\" : \"通用\"}"
"{\"年级\" : \"四年级\", \"关联题目数量\" : 10, \"版本\" : \"人教版（三起）\", \"册\" : \"下册\", \"题干集合\" : \",,,,,,,,,\", \"单元名称\" : \"Unit 5 My clothes\", \"设置的题目数量\" : 5, \"级别\" : \"难点突破\", \"学科\" : \"英语\", \"对应端类型\" : \"app\"}"
"{\"年级\" : \"四年级\", \"关联题目数量\" : 10, \"版本\" : \"人教版（三起）\", \"册\" : \"下册\", \"题干集合\" : \",,,,,,,,,\", \"单元名称\" : \"Unit 2 What time is it?\", \"设置的题目数量\" : 5, \"级别\" : \"基础巩固\", \"学科\" : \"英语\", \"对应端类型\" : \"app\"}"
"{\"年级\" : \"三年级\", \"关联题目数量\" : \"\", \"版本\" : \"湘鲁版\", \"册\" : \"下册\", \"题干集合\" : \"\", \"单元名称\" : \"U10\", \"设置的题目数量\" : 5, \"级别\" : \"基础巩固\", \"学科\" : \"英语\", \"对应端类型\" : \"app\"}"
"{\"年级\" : \"六年级\", \"关联题目数量\" : 10, \"版本\" : \"湘鲁版\", \"册\" : \"下册\", \"题干集合\" : \",,,,,,,,,\", \"单元名称\" : \"Unit 2  Is she your mum's favourite singer?\", \"设置的题目数量\" : 5, \"级别\" : \"综合进阶\", \"学科\" : \"英语\", \"对应端类型\" : \"app\"}"
"{\"年级\" : \"七年级\", \"关联题目数量\" : \"\", \"版本\" : \"\", \"册\" : \"下册\", \"题干集合\" : \"\", \"单元名称\" : \"U9\", \"设置的题目数量\" : 5, \"级别\" : \"综合进阶\", \"学科\" : \"英语\", \"对应端类型\" : \"通用\"}"
"{\"年级\" : \"四年级\", \"关联题目数量\" : 15, \"版本\" : \"教科版（2024审定）\", \"册\" : \"上册\", \"题干集合\" : \"<p>Tim在给弟弟介绍每个节日的特色。听一听，他提到了哪些特色？<\\/p>,<p>同学们在玩“单词释义对对碰”的游戏。听一听，帮单词找到对应的释义吧！<\\/p>,<p>John在作文中介绍自己最喜欢的节日。听一听，他提到的单词写对了吗？<\\/p><p>during <\\/p>,<p>Peter妹妹在认识绘本上的事物。听一听，妹妹认对了吗？<\\/p>,<p>Tim在给弟弟介绍每个节日的特色。听一听，他提到了哪些特色？<\\/p>,<p>老师在课堂上领读单词。听一听，老师现在读的是哪个单词？<\\/p>,<p>Tim在给弟弟介绍每个节日的特色。听一听，他提到了哪些特色？<\\/p>,<p>John在作文中介绍自己最喜欢的节日。听一听，他提到的单词写对了吗？<\\/p><p>favourite<\\/p>,<p>老师在课堂上领读单词。听一听，老师现在读的是哪个单词？<\\/p>,<p>同学们在玩“单词释义对对碰”的游戏。听一听，帮单词找到对应的释义吧！<\\/p>,<p>Peter妹妹在认识绘本上的事物。听一听，妹妹认对了吗？<\\/p>,<p>同学们在玩“单词释义对对碰”的游戏。听一听，帮单词找到对应的释义吧！<\\/p>,<p>老师在课堂上领读单词。听一听，老师现在读的是哪个单词？<\\/p>,<p>Peter妹妹在认识绘本上的事物。听一听，妹妹认对了吗？<\\/p>,<p>John在作文中介绍自己最喜欢的节日。听一听，他提到的单词写对了吗？<\\/p><p>visit<\\/p>\", \"单元名称\" : \"Unit 8 Joy in the Air\", \"设置的题目数量\" : 5, \"级别\" : \"基础巩固\", \"学科\" : \"英语\", \"对应端类型\" : \"通用\"}"
"{\"年级\" : \"四年级\", \"关联题目数量\" : \"\", \"版本\" : \"湘鲁版\", \"册\" : \"下册\", \"题干集合\" : \"\", \"单元名称\" : \"期中复习\", \"设置的题目数量\" : 5, \"级别\" : \"难点突破\", \"学科\" : \"英语\", \"对应端类型\" : \"app\"}"
"{\"年级\" : \"六年级\", \"关联题目数量\" : 16, \"版本\" : \"人教版（三起）\", \"册\" : \"上册\", \"题干集合\" : \",,<p>party<\\/p>,<p>华盛顿<\\/p>,,<p>成立<\\/p>,,,,,<p>amazing<\\/p>,<p>射门<\\/p>,,,,\", \"单元名称\" : \"Unit 4 I have a pen pal\", \"设置的题目数量\" : 5, \"级别\" : \"基础巩固\", \"学科\" : \"英语\", \"对应端类型\" : \"app\"}"
"{\"年级\" : \"四年级\", \"关联题目数量\" : \"\", \"版本\" : \"人教版（三起）\", \"册\" : \"下册\", \"题干集合\" : \"\", \"单元名称\" : \"期中复习\", \"设置的题目数量\" : 5, \"级别\" : \"基础巩固\", \"学科\" : \"英语\", \"对应端类型\" : \"app\"}"
"{\"年级\" : \"八年级\", \"关联题目数量\" : \"\", \"版本\" : \"\", \"册\" : \"上册\", \"题干集合\" : \"\", \"单元名称\" : \"U11\", \"设置的题目数量\" : 5, \"级别\" : \"综合进阶\", \"学科\" : \"英语\", \"对应端类型\" : \"通用\"}"
"{\"年级\" : \"五年级\", \"关联题目数量\" : 10, \"版本\" : \"人教版（三起）\", \"册\" : \"下册\", \"题干集合\" : \",<p>|space<||>space| apples is interesting.<\\/p>,,,,<p>I like |space<||>space| best.<\\/p>,,<p>Peter often goes |space<||>space| in summer.<\\/p>,<p>It's snowy. Let's make a |space<||>space|.<\\/p>,<p>The summer |space<||>space| is coming.<\\/p>\", \"单元名称\" : \"Unit 2 My favourite season\", \"设置的题目数量\" : 5, \"级别\" : \"难点突破\", \"学科\" : \"英语\", \"对应端类型\" : \"app\"}"
"{\"年级\" : \"四年级\", \"关联题目数量\" : \"\", \"版本\" : \"人教版（三起）（2024审定）\", \"册\" : \"上册\", \"题干集合\" : \"\", \"单元名称\" : \"U8\", \"设置的题目数量\" : 5, \"级别\" : \"综合进阶\", \"学科\" : \"英语\", \"对应端类型\" : \"通用\"}"
"{\"年级\" : \"四年级\", \"关联题目数量\" : \"\", \"版本\" : \"教科版\", \"册\" : \"上册\", \"题干集合\" : \"\", \"单元名称\" : \"Unit 7 How many stars does each group have?\", \"设置的题目数量\" : 5, \"级别\" : \"基础巩固\", \"学科\" : \"英语\", \"对应端类型\" : \"通用\"}"
"{\"年级\" : \"三年级\", \"关联题目数量\" : 12, \"版本\" : \"\", \"册\" : \"上册\", \"题干集合\" : \",,,,<p>very |space<||>space| |space<||>space| |space<||>space| |space<||>space|<\\/p>,<p>and<\\/p>,,,,,,\", \"单元名称\" : \"Unit 3 How are you today?\", \"设置的题目数量\" : 5, \"级别\" : \"基础巩固\", \"学科\" : \"英语\", \"对应端类型\" : \"通用\"}"
"{\"年级\" : \"四年级\", \"关联题目数量\" : \"\", \"版本\" : \"人教版（三起）（2024审定）\", \"册\" : \"上册\", \"题干集合\" : \"\", \"单元名称\" : \"U11\", \"设置的题目数量\" : 5, \"级别\" : \"综合进阶\", \"学科\" : \"英语\", \"对应端类型\" : \"通用\"}"
"{\"年级\" : \"四年级\", \"关联题目数量\" : 10, \"版本\" : \"湘少版（2024审定）\", \"册\" : \"下册\", \"题干集合\" : \",,<p>What does that sign mean?<\\/p>,,,,,<p>on the gate (大门)|space<||>space|<\\/p><p>on the grass|space<||>space|<\\/p><p>near the bin|space<||>space|<\\/p><p>under the tree|space<||>space|<\\/p><p>beside the lake|space<||>space|<\\/p>,,<p>What does the sign mean?<\\/p>\", \"单元名称\" : \"Unit 10 What does that sign mean?\", \"设置的题目数量\" : 5, \"级别\" : \"难点突破\", \"学科\" : \"英语\", \"对应端类型\" : \"通用\"}"
"{\"年级\" : \"四年级\", \"关联题目数量\" : 10, \"版本\" : \"湘少版\", \"册\" : \"上册\", \"题干集合\" : \",,,,,,,,,\", \"单元名称\" : \"Unit 11 Where's the cat？\", \"设置的题目数量\" : 5, \"级别\" : \"基础巩固\", \"学科\" : \"英语\", \"对应端类型\" : \"app\"}"
"{\"年级\" : \"三年级\", \"关联题目数量\" : \"\", \"版本\" : \"人教版（三起）（2024审定）\", \"册\" : \"上册\", \"题干集合\" : \"\", \"单元名称\" : \"期末复习\", \"设置的题目数量\" : 5, \"级别\" : \"难点突破\", \"学科\" : \"英语\", \"对应端类型\" : \"通用\"}"
"{\"年级\" : \"六年级\", \"关联题目数量\" : 9, \"版本\" : \"湘少版\", \"册\" : \"上册\", \"题干集合\" : \",NULL,NULL,NULL,NULL,,NULL,,\", \"单元名称\" : \"Unit 4 The Mid-Autumn Festival is coming\", \"设置的题目数量\" : 5, \"级别\" : \"综合进阶\", \"学科\" : \"英语\", \"对应端类型\" : \"app\"}"
"{\"年级\" : \"六年级\", \"关联题目数量\" : 12, \"版本\" : \"湘少版\", \"册\" : \"下册\", \"题干集合\" : \",,,,,,,,,,,\", \"单元名称\" : \"Unit 5 Our Earth looks like this in space\", \"设置的题目数量\" : 5, \"级别\" : \"基础巩固\", \"学科\" : \"英语\", \"对应端类型\" : \"app\"}"
"{\"年级\" : \"八年级\", \"关联题目数量\" : 5, \"版本\" : \"\", \"册\" : \"上册\", \"题干集合\" : \"<p>Who runs faster in the running race, Sally or Kate?<\\/p>,<p>Is Tom more outgoing than Jack?<\\/p>,<p>Who is taller, Lucy or Lily?<\\/p>,<p>What do Emma and Ella have in common?<\\/p>,<p>Is Peter better at playing the flute than Sam?<\\/p>\", \"单元名称\" : \"Unit 3 Same or Different?\", \"设置的题目数量\" : 5, \"级别\" : \"听短对话选答案\", \"学科\" : \"英语\", \"对应端类型\" : \"通用\"}"
"{\"年级\" : \"五年级\", \"关联题目数量\" : 10, \"版本\" : \"湘鲁版\", \"册\" : \"下册\", \"题干集合\" : \"<p>穿上，戴上<\\/p>,,<p>必须，不得不<\\/p>,,<p>睡觉<\\/p>,<p>打电话<\\/p>,,,<p>准时<\\/p>,\", \"单元名称\" : \"Unit 3  What time do you usually go to school?\", \"设置的题目数量\" : 5, \"级别\" : \"综合进阶\", \"学科\" : \"英语\", \"对应端类型\" : \"app\"}"
"{\"年级\" : \"四年级\", \"关联题目数量\" : \"\", \"版本\" : \"人教版（三起）\", \"册\" : \"下册\", \"题干集合\" : \"\", \"单元名称\" : \"U7\", \"设置的题目数量\" : 5, \"级别\" : \"基础巩固\", \"学科\" : \"英语\", \"对应端类型\" : \"app\"}"
"{\"年级\" : \"六年级\", \"关联题目数量\" : \"\", \"版本\" : \"人教版（三起）\", \"册\" : \"下册\", \"题干集合\" : \"\", \"单元名称\" : \"U10\", \"设置的题目数量\" : 5, \"级别\" : \"难点突破\", \"学科\" : \"英语\", \"对应端类型\" : \"通用\"}"
"{\"年级\" : \"七年级\", \"关联题目数量\" : 1, \"版本\" : \"人教版\", \"册\" : \"下册\", \"题干集合\" : \"\", \"单元名称\" : \"Unit 2 What time do you go to school?\", \"设置的题目数量\" : 1, \"级别\" : \"听独白选答案\", \"学科\" : \"英语\", \"对应端类型\" : \"通用\"}"
"{\"年级\" : \"三年级\", \"关联题目数量\" : 15, \"版本\" : \"人教版（三起）（2024审定）\", \"册\" : \"下册\", \"题干集合\" : \"<p>Amy在参加社团举办的“集卡片”游戏。听一听，选出Amy所收集的卡片上的单词。<\\/p>,<p>Amy在参加社团举办的“集卡片”游戏。听一听，选出Amy所收集的卡片上的单词。<\\/p>,<p>Amy在参加社团举办的“集卡片”游戏。听一听单词，选出Amy所收集的卡片释义。<\\/p>,<p>Zhang Peng在认识各国的地标建筑。听一听，选出与所听国家对应的建筑。<\\/p>,<p>“传声筒”游戏开始了。听一听，帮助同学们判断下列单词与所听内容是否一致。<\\/p><p>after<\\/p>,<p>Peter在给自己收集到的单词卡片匹配图片。听一听，帮助Peter选出对应的图片。<\\/p>,<p>Peter在给自己收集到的单词卡片匹配图片。听一听，帮助Peter选出对应的图片。<\\/p>,<p>“传声筒”游戏开始了。听一听，帮助同学们判断下列单词与所听内容是否一致。<\\/p><p>where<\\/p>,<p>Amy在参加社团举办的“集卡片”游戏。听一听单词，选出Amy所收集的卡片释义。<\\/p>,<p>Zhang Peng在认识各国的地标建筑。听一听，选出与所听国家对应的建筑。<\\/p>,<p>Amy在听字母组合的歌谣。听一听，选出包含所听音标的单词。<\\/p>,<p>Peter在给自己收集到的单词卡片匹配图片。听一听，帮助Peter选出对应的图片。<\\/p>,<p>Zhang Peng在认识各国的地标建筑。听一听，选出与所听国家对应的建筑。<\\/p>,<p>Amy在听字母组合的歌谣。听一听，选出包含所听音标的单词。<\\/p>,<p>Amy在参加社团举办的“集卡片”游戏。听一听单词，选出Amy所收集的卡片释义。<\\/p>\", \"单元名称\" : \"Unit 1 Meeting new people\", \"设置的题目数量\" : 5, \"级别\" : \"基础巩固\", \"学科\" : \"英语\", \"对应端类型\" : \"通用\"}"
"{\"年级\" : \"四年级\", \"关联题目数量\" : 9, \"版本\" : \"湘少版\", \"册\" : \"上册\", \"题干集合\" : \",<p>gr|space<||>space|d|space<||>space|<\\/p>,,<p>m|space<||>space| |space<||>space|t<\\/p>,,<p>n|space<||>space|mb|space<||>space| |space<||>space|<\\/p>,<p>|space<||>space|g|space<||>space|<\\/p>,,<p>n|space<||>space|t|space<||>space|<\\/p>\", \"单元名称\" : \"Unit 1 Nice to meet you!\", \"设置的题目数量\" : 5, \"级别\" : \"综合进阶\", \"学科\" : \"英语\", \"对应端类型\" : \"app\"}"
"{\"年级\" : \"三年级\", \"关联题目数量\" : \"\", \"版本\" : \"湘少版\", \"册\" : \"上册\", \"题干集合\" : \"\", \"单元名称\" : \"期末复习\", \"设置的题目数量\" : 5, \"级别\" : \"综合进阶\", \"学科\" : \"英语\", \"对应端类型\" : \"app\"}"
"{\"年级\" : \"三年级\", \"关联题目数量\" : 10, \"版本\" : \"湘鲁版\", \"册\" : \"上册\", \"题干集合\" : \"<p>l|space<||>space|k|space<||>space|<\\/p>,,,,<p>sh|space<||>space| |space<||>space|t<\\/p>,<p>M|space<||>space|s|space<||>space|c<\\/p>,<p>Ch|space<||>space|n|space<||>space|s|space<||>space|<\\/p>,,,<p>g|space<||>space| |space<||>space|l<\\/p>\", \"单元名称\" : \"Unit 8 I like PE!\", \"设置的题目数量\" : 5, \"级别\" : \"综合进阶\", \"学科\" : \"英语\", \"对应端类型\" : \"app\"}"
"{\"年级\" : \"四年级\", \"关联题目数量\" : \"\", \"版本\" : \"人教版（三起）（2024审定）\", \"册\" : \"下册\", \"题干集合\" : \"\", \"单元名称\" : \"Units 1-2 测试卷\", \"设置的题目数量\" : 5, \"级别\" : \"基础巩固\", \"学科\" : \"英语\", \"对应端类型\" : \"通用\"}"
"{\"年级\" : \"三年级\", \"关联题目数量\" : \"\", \"版本\" : \"教科版（2024审定）\", \"册\" : \"下册\", \"题干集合\" : \"\", \"单元名称\" : \"期中复习\", \"设置的题目数量\" : 5, \"级别\" : \"难点突破\", \"学科\" : \"英语\", \"对应端类型\" : \"通用\"}"
"{\"年级\" : \"五年级\", \"关联题目数量\" : \"\", \"版本\" : \"教科版\", \"册\" : \"上册\", \"题干集合\" : \"\", \"单元名称\" : \"Unit 10 Different tastes\", \"设置的题目数量\" : 5, \"级别\" : \"综合进阶\", \"学科\" : \"英语\", \"对应端类型\" : \"通用\"}"
"{\"年级\" : \"八年级\", \"关联题目数量\" : 1, \"版本\" : \"人教版\", \"册\" : \"下册\", \"题干集合\" : \"<p>1. |space<||>space|<\\/p><p>2. |space<||>space|<\\/p><p>3. |space<||>space|<\\/p><p>4. |space<||>space|<\\/p><p>5. |space<||>space|<\\/p>\", \"单元名称\" : \"Unit 6 An old man tried to move the mountains.\", \"设置的题目数量\" : 1, \"级别\" : \"听短文完成题目\", \"学科\" : \"英语\", \"对应端类型\" : \"通用\"}"
"{\"年级\" : \"五年级\", \"关联题目数量\" : 12, \"版本\" : \"湘少版\", \"册\" : \"下册\", \"题干集合\" : \",,,,,,,,,,,\", \"单元名称\" : \"Unit 1 We're going to read stories\", \"设置的题目数量\" : 5, \"级别\" : \"综合进阶\", \"学科\" : \"英语\", \"对应端类型\" : \"app\"}"
"{\"年级\" : \"三年级\", \"关联题目数量\" : 12, \"版本\" : \"湘鲁版\", \"册\" : \"上册\", \"题干集合\" : \",,<p>have<\\/p>,,<p>腿<\\/p>,<p>an<\\/p>,,,<p>turtle<\\/p>,<p>nose<\\/p>,<p>has<\\/p>,\", \"单元名称\" : \"Unit 3 It has two big eyes.\", \"设置的题目数量\" : 5, \"级别\" : \"综合进阶\", \"学科\" : \"英语\", \"对应端类型\" : \"app\"}"
"{\"年级\" : \"四年级\", \"关联题目数量\" : 10, \"版本\" : \"人教版（三起）\", \"册\" : \"下册\", \"题干集合\" : \",,,,,,,,,\", \"单元名称\" : \"Unit 1 My school\", \"设置的题目数量\" : 5, \"级别\" : \"难点突破\", \"学科\" : \"英语\", \"对应端类型\" : \"app\"}"
"{\"年级\" : \"四年级\", \"关联题目数量\" : 15, \"版本\" : \"\", \"册\" : \"上册\", \"题干集合\" : \"<p> Emily在给班级的安全知识专区配图。听一听，她配的图片与安全知识相符吗？<\\/p>,<p>“安全教育”主题班会上，老师在播放警示片。听一听，片中提到了哪个安全知识？<\\/p>,<p>爸爸今天在当安全劝导员。听一听，他是怎么劝说的呢？<\\/p>,<p>妈妈提醒Tony注意交通安全。听一听，把妈妈的提醒翻译成中文吧！<\\/p>,<p>爸爸今天在当安全劝导员。听一听，他是怎么劝说的呢？<\\/p>,<p>妈妈提醒Tony注意交通安全。听一听，把妈妈的提醒翻译成中文吧！<\\/p>,<p>“安全教育”主题班会上，老师在播放警示片。听一听，片中提到了哪个安全知识？<\\/p>,<p>Emily在给班级的安全知识专区配图。听一听，她配的图片与安全知识相符吗？ <\\/p>,<p>Lily在记录班会上讲解的安全知识。听一听，她记录对了吗？<\\/p><p>We should wait for the green light.<\\/p>,<p>爸爸今天在当安全劝导员。听一听，他是怎么劝说的呢？<\\/p>,<p>妈妈提醒Tony注意交通安全。听一听，把妈妈的提醒翻译成中文吧！<\\/p>,<p>爸爸今天在当安全劝导员。听一听，他是怎么劝说的呢？<\\/p>,<p> Emily在给班级的安全知识专区配图。听一听，她配的图片与安全知识相符吗？<\\/p>,<p>Lily在记录班会上讲解的安全知识。听一听，她记录对了吗？<\\/p><p>We shouldn't put our head out of the car.<\\/p>,<p>Lily在记录班会上讲解的安全知识。听一听，她记录对了吗？<\\/p><p>We should follow the rules.<\\/p>\", \"单元名称\" : \"Unit 6 We should wait for the green light\", \"设置的题目数量\" : 5, \"级别\" : \"综合进阶\", \"学科\" : \"英语\", \"对应端类型\" : \"通用\"}"
"{\"年级\" : \"四年级\", \"关联题目数量\" : \"\", \"版本\" : \"人教版（三起）\", \"册\" : \"上册\", \"题干集合\" : \"\", \"单元名称\" : \"期中复习\", \"设置的题目数量\" : 5, \"级别\" : \"基础巩固\", \"学科\" : \"英语\", \"对应端类型\" : \"app\"}"
"{\"年级\" : \"四年级\", \"关联题目数量\" : 15, \"版本\" : \"\", \"册\" : \"上册\", \"题干集合\" : \"<p>Sarah在给妹妹讲解标志的含义。听一听，把她的讲解翻译成中文吧！<\\/p>,<p>Bob在景区内看到很多标志。听一听，他把标志认对了吗？<\\/p>,<p>Jack在公园散步时发现了不文明行为。听一听，他会说什么呢？<\\/p>,<p>Jack在公园散步时想到了一件有趣的事情。听一听，他会和爸爸说什么呢？<\\/p>,<p>Bob在景区内看到很多标志。听一听，他把标志认对了吗？<\\/p>,<p>Bob在景区内看到很多标志。听一听，他把标志认对了吗？<\\/p>,<p>Anna和Lily在博物馆看到墙上有很多标志。听一听，她们看到了哪个标志？<\\/p>,<p> Tom在记录今天在公园看到的标志。听一听，句子与他的记录相符吗？<\\/p><p>No swimming in the lake.<\\/p>,<p>Anna和Lily在博物馆看到墙上有很多标志。听一听，她们看到了哪个标志？<\\/p>,<p>Anna和Lily在博物馆看到墙上有很多标志。听一听，她们看到了哪个标志？<\\/p>,<p>Sarah在给妹妹讲解标志的含义。听一听，把她的讲解翻译成中文吧！<\\/p>,<p> Bob在景区内看到很多标志。听一听，他把标志认对了吗？<\\/p>,<p>Jack在公园散步时想到了一件有趣的事情。听一听，他会和爸爸说什么呢？<\\/p>,<p>Tom在记录今天在公园看到的标志。听一听，句子与他的记录相符吗？<\\/p><p>No littering in the park.<\\/p>,<p>Anna和Lily在博物馆入口看到一个标志。听一听，她们看到了哪个标志？<\\/p>\", \"单元名称\" : \"Unit 5 Can I swim in the lake?\", \"设置的题目数量\" : 5, \"级别\" : \"综合进阶\", \"学科\" : \"英语\", \"对应端类型\" : \"通用\"}"
"{\"年级\" : \"三年级\", \"关联题目数量\" : 10, \"版本\" : \"湘鲁版\", \"册\" : \"下册\", \"题干集合\" : \",,,,,,,,,\", \"单元名称\" : \"Unit 6  Let's draw a panda!\", \"设置的题目数量\" : 5, \"级别\" : \"难点突破\", \"学科\" : \"英语\", \"对应端类型\" : \"app\"}"
"{\"年级\" : \"三年级\", \"关联题目数量\" : \"\", \"版本\" : \"人教版（三起）\", \"册\" : \"下册\", \"题干集合\" : \"\", \"单元名称\" : \"期末复习\", \"设置的题目数量\" : 5, \"级别\" : \"基础巩固\", \"学科\" : \"英语\", \"对应端类型\" : \"通用\"}"
"{\"年级\" : \"五年级\", \"关联题目数量\" : \"\", \"版本\" : \"人教版（三起）\", \"册\" : \"上册\", \"题干集合\" : \"\", \"单元名称\" : \"U10\", \"设置的题目数量\" : 5, \"级别\" : \"综合进阶\", \"学科\" : \"英语\", \"对应端类型\" : \"app\"}"
"{\"年级\" : \"五年级\", \"关联题目数量\" : 10, \"版本\" : \"湘鲁版\", \"册\" : \"下册\", \"题干集合\" : \",,,,,,,,,\", \"单元名称\" : \"Unit 4  There is homework time.\", \"设置的题目数量\" : 5, \"级别\" : \"基础巩固\", \"学科\" : \"英语\", \"对应端类型\" : \"app\"}"
"{\"年级\" : \"三年级\", \"关联题目数量\" : 10, \"版本\" : \"湘鲁版\", \"册\" : \"上册\", \"题干集合\" : \",,,,,,,<p>猫<\\/p>,,\", \"单元名称\" : \"Unit 9 This is my fish.\", \"设置的题目数量\" : 5, \"级别\" : \"基础巩固\", \"学科\" : \"英语\", \"对应端类型\" : \"app\"}"
"{\"年级\" : \"三年级\", \"关联题目数量\" : \"\", \"版本\" : \"湘少版\", \"册\" : \"上册\", \"题干集合\" : \"\", \"单元名称\" : \"期中复习\", \"设置的题目数量\" : 5, \"级别\" : \"基础巩固\", \"学科\" : \"英语\", \"对应端类型\" : \"app\"}"
"{\"年级\" : \"三年级\", \"关联题目数量\" : 10, \"版本\" : \"湘少版（2024审定）\", \"册\" : \"上册\", \"题干集合\" : \",,,<p>What's |space<||>space|?<\\/p>,,,,,,\", \"单元名称\" : \"Unit 8 What's this?\", \"设置的题目数量\" : 5, \"级别\" : \"难点突破\", \"学科\" : \"英语\", \"对应端类型\" : \"通用\"}"
"{\"年级\" : \"四年级\", \"关联题目数量\" : 10, \"版本\" : \"人教版（三起）\", \"册\" : \"上册\", \"题干集合\" : \",,,,,,,,,\", \"单元名称\" : \"Unit 5 Dinner's ready\", \"设置的题目数量\" : 5, \"级别\" : \"基础巩固\", \"学科\" : \"英语\", \"对应端类型\" : \"app\"}"
"{\"年级\" : \"三年级\", \"关联题目数量\" : \"\", \"版本\" : \"湘鲁版\", \"册\" : \"上册\", \"题干集合\" : \"\", \"单元名称\" : \"Units 1-3 测试卷\", \"设置的题目数量\" : 5, \"级别\" : \"基础巩固\", \"学科\" : \"英语\", \"对应端类型\" : \"app\"}"
"{\"年级\" : \"四年级\", \"关联题目数量\" : 10, \"版本\" : \"人教版（三起）\", \"册\" : \"下册\", \"题干集合\" : \",,,,,,,,,\", \"单元名称\" : \"Unit 1 My school\", \"设置的题目数量\" : 5, \"级别\" : \"基础巩固\", \"学科\" : \"英语\", \"对应端类型\" : \"app\"}"
"{\"年级\" : \"四年级\", \"关联题目数量\" : 12, \"版本\" : \"人教版（三起）（2024审定）\", \"册\" : \"上册\", \"题干集合\" : \"<p>英语课上，老师在给同学们听写本周所学的词汇。听一听，老师现在听写的是哪个单词？<\\/p>,<p>在动物世界的知识考试中，小动物们在听单词选择中文释义！快来加入他们吧！<\\/p>,<p>Mary在英语绘本上看到一段绕口令。听一听，绕口令中包含下面哪个单词？<\\/p>,<p>Tom在教妹妹认识各种各样的职业。听一听，妹妹把职业人物认对了吗？<\\/p>,<p>在动物世界的知识考试中，小动物们在听单词选择中文释义！快来加入他们吧！<\\/p>,<p>英语课上，老师在给同学们听写本周所学的词汇。听一听，老师现在听写的是哪个单词？<\\/p>,<p>Tom在教妹妹认识各种各样的职业。听一听，妹妹把职业人物认对了吗？<\\/p>,<p>在职业体验活动中，Tommy体验了很多不同的职业。听一听，他现在在体验什么职业？<\\/p>,<p>在职业体验活动中，Tommy体验了很多不同的职业。听一听，他现在在体验什么职业？<\\/p>,<p>在职业体验活动中，Tommy体验了很多不同的职业。听一听，他现在在体验什么职业？<\\/p>,<p>在职业体验活动中，Tommy体验了很多不同的职业。听一听，他现在在体验什么职业？<\\/p>,<p>Mary在英语绘本上看到一段绕口令。听一听，绕口令中包含下面哪个单词？<\\/p>\", \"单元名称\" : \"Unit 4 Helping in the community\", \"设置的题目数量\" : 5, \"级别\" : \"基础巩固\", \"学科\" : \"英语\", \"对应端类型\" : \"通用\"}"
"{\"年级\" : \"五年级\", \"关联题目数量\" : 15, \"版本\" : \"教科版\", \"册\" : \"上册\", \"题干集合\" : \"<p>Janet在拼读单词。听一听，选出她拼读的单词。<\\/p>,<p>Janet正在认读单词。听一听，判断她读的单词与显示的单词是否相符。<\\/p><p>during<\\/p>,<p>Janet正在认读单词。听一听，判断她读的单词与显示的单词是否相符。<\\/p><p>them <\\/p>,<p>Janet正在认读单词。听一听，判断她读的单词与显示的单词是否相符。<\\/p><p>very<\\/p>,<p>Janet在拼读单词。听一听，选出她拼读的单词。<\\/p>,,<p>Janet在拼读单词。听一听，选出她拼读的单词。<\\/p>,<p>Janet在拼读单词。听一听，选出她拼读的单词。<\\/p>,,<p>Janet正在认读单词。听一听，判断她读的单词与显示的单词是否相符。<\\/p><p>animal <\\/p>,<p>Janet正在认读单词。听一听，判断她读的单词与显示的单词是否相符。<\\/p><p>country<\\/p>,<p>Janet正在认读单词。听一听，判断她读的单词与显示的单词是否相符。<\\/p><p>more<\\/p>,,<p>Janet在拼读单词。听一听，选出她拼读的单词。<\\/p>,\", \"单元名称\" : \"Unit 1 What's your hobby?\", \"设置的题目数量\" : 5, \"级别\" : \"基础巩固\", \"学科\" : \"英语\", \"对应端类型\" : \"通用\"}"
"{\"年级\" : \"七年级\", \"关联题目数量\" : \"\", \"版本\" : \"人教版\", \"册\" : \"下册\", \"题干集合\" : \"\", \"单元名称\" : \"期中复习\", \"设置的题目数量\" : 5, \"级别\" : \"基础巩固\", \"学科\" : \"英语\", \"对应端类型\" : \"通用\"}"
"{\"年级\" : \"三年级\", \"关联题目数量\" : \"\", \"版本\" : \"湘鲁版\", \"册\" : \"上册\", \"题干集合\" : \"\", \"单元名称\" : \"Units 1-3 测试卷\", \"设置的题目数量\" : 5, \"级别\" : \"综合进阶\", \"学科\" : \"英语\", \"对应端类型\" : \"app\"}"
"{\"年级\" : \"四年级\", \"关联题目数量\" : \"\", \"版本\" : \"\", \"册\" : \"上册\", \"题干集合\" : \"\", \"单元名称\" : \"U11\", \"设置的题目数量\" : 5, \"级别\" : \"基础巩固\", \"学科\" : \"英语\", \"对应端类型\" : \"通用\"}"
"{\"年级\" : \"四年级\", \"关联题目数量\" : \"\", \"版本\" : \"教科版\", \"册\" : \"上册\", \"题干集合\" : \"\", \"单元名称\" : \"期中复习\", \"设置的题目数量\" : 5, \"级别\" : \"难点突破\", \"学科\" : \"英语\", \"对应端类型\" : \"通用\"}"
"{\"年级\" : \"三年级\", \"关联题目数量\" : 15, \"版本\" : \"人教版（三起）（2024审定）\", \"册\" : \"上册\", \"题干集合\" : \"<p>I like your cat.<\\/p>,<p>这条鱼很小。<\\/p>,,,,,,,<p>Let's go to the zoo!<\\/p>,<p>Do you have a dog?<\\/p>,,<p>这是一头老虎。<\\/p>,,<p>这头长颈鹿很高。<\\/p>,\", \"单元名称\" : \"Unit 3 Our animal friends\", \"设置的题目数量\" : 5, \"级别\" : \"综合进阶\", \"学科\" : \"英语\", \"对应端类型\" : \"通用\"}"
"{\"年级\" : \"四年级\", \"关联题目数量\" : 14, \"版本\" : \"湘少版\", \"册\" : \"下册\", \"题干集合\" : \"<p>就寝时间<\\/p>,,<p>|space<||>space| |space<||>space| |space<||>space|<\\/p>,,<p>|space<||>space| |space<||>space| |space<||>space| |space<||>space| |space<||>space|<\\/p>,<p>工作<\\/p>,,,,,,<p>|space<||>space| |space<||>space| |space<||>space| |space<||>space| |space<||>space| |space<||>space|<\\/p>,,\", \"单元名称\" : \"Unit 5 Peter is writing\", \"设置的题目数量\" : 5, \"级别\" : \"难点突破\", \"学科\" : \"英语\", \"对应端类型\" : \"app\"}"
"{\"年级\" : \"四年级\", \"关联题目数量\" : \"\", \"版本\" : \"湘鲁版\", \"册\" : \"下册\", \"题干集合\" : \"\", \"单元名称\" : \"期末复习\", \"设置的题目数量\" : 5, \"级别\" : \"基础巩固\", \"学科\" : \"英语\", \"对应端类型\" : \"app\"}"
"{\"年级\" : \"五年级\", \"关联题目数量\" : 12, \"版本\" : \"湘少版\", \"册\" : \"下册\", \"题干集合\" : \",,,,,<p>友好的<\\/p>,,,,,,\", \"单元名称\" : \"Unit 9 He's kind to children\", \"设置的题目数量\" : 5, \"级别\" : \"基础巩固\", \"学科\" : \"英语\", \"对应端类型\" : \"app\"}"
"{\"年级\" : \"八年级\", \"关联题目数量\" : 1, \"版本\" : \"\", \"册\" : \"上册\", \"题干集合\" : \"<p>1. |space<||>space|<\\/p><p>2. |space<||>space|<\\/p><p>3. |space<||>space|<\\/p><p>4. |space<||>space|<\\/p><p>5. |space<||>space| |space<||>space| |space<||>space|<\\/p>\", \"单元名称\" : \"Unit 6 Plan for Yourself\", \"设置的题目数量\" : 1, \"级别\" : \"听短文完成题目\", \"学科\" : \"英语\", \"对应端类型\" : \"通用\"}"
"{\"年级\" : \"四年级\", \"关联题目数量\" : 10, \"版本\" : \"湘少版（2024审定）\", \"册\" : \"上册\", \"题干集合\" : \"<p>同学们去动物园春游。听一听，他们看到了哪些动物？<\\/p>,<p>同学们去动物园春游。听一听，他们看到了哪些动物？<\\/p>,<p>动物管理员要给新来的动物做标记。听一听，图中动物是他们说的动物吗？<\\/p>,<p>Anna带妹妹在看动画片，妹妹有些看不懂。听一听，帮Anna回答妹妹的问题吧！<\\/p>,<p>Anna带妹妹在看动画片，妹妹有些看不懂。听一听，帮Anna回答妹妹的问题吧！<\\/p>,<p>美术课上，老师在询问同学们画的动物。听一听，老师依次询问了哪些动物？<\\/p>,<p>Jack正在用点读笔复习今天学习的句子。听一听，他点读的顺序是怎样的呢？<\\/p>,<p>Anna带妹妹在看动画片，妹妹有些看不懂。听一听，帮Anna回答妹妹的问题吧！<\\/p>,<p>Tom在带弟弟听读动物绘本。听一听，动物们分别有哪些特征呢？<\\/p>,<p>动物管理员在给新来的动物做标记。听一听，图中动物是他们说的动物吗？<\\/p>\", \"单元名称\" : \"Unit 4 Look at the elephant\", \"设置的题目数量\" : 5, \"级别\" : \"难点突破\", \"学科\" : \"英语\", \"对应端类型\" : \"通用\"}"
"{\"年级\" : \"五年级\", \"关联题目数量\" : 10, \"版本\" : \"湘鲁版\", \"册\" : \"下册\", \"题干集合\" : \",,<p>Many |space<||>space| work in the office building.<\\/p>,<p>This is a hotel.<\\/p>,<p>There is a big TV |space<||>space| in our city.<\\/p>,<p>go straight<\\/p>,<p>There were no buildings after the |space<||>space|.<\\/p>,<p>The bank is over |space<||>space|.<\\/p>,<p>There is also a big new TV Tower.<\\/p>,<p>Turn left, then you can see the |space<||>space|.<\\/p>\", \"单元名称\" : \"Unit 6  Is this a shopping centre?\", \"设置的题目数量\" : 5, \"级别\" : \"难点突破\", \"学科\" : \"英语\", \"对应端类型\" : \"app\"}"
"{\"年级\" : \"四年级\", \"关联题目数量\" : \"\", \"版本\" : \"\", \"册\" : \"上册\", \"题干集合\" : \"\", \"单元名称\" : \"期中复习\", \"设置的题目数量\" : 5, \"级别\" : \"综合进阶\", \"学科\" : \"英语\", \"对应端类型\" : \"通用\"}"
"{\"年级\" : \"三年级\", \"关联题目数量\" : 10, \"版本\" : \"湘少版\", \"册\" : \"下册\", \"题干集合\" : \"<p>|space<||>space| |space<||>space| |space<||>space| |space<||>space|<\\/p>,<p>|space<||>space| |space<||>space| |space<||>space|<\\/p>,,,<p>|space<||>space| |space<||>space| |space<||>space| |space<||>space| |space<||>space| |space<||>space|<\\/p>,,,,,\", \"单元名称\" : \"Unit 5 What time is it？\", \"设置的题目数量\" : 5, \"级别\" : \"难点突破\", \"学科\" : \"英语\", \"对应端类型\" : \"app\"}"
"{\"年级\" : \"五年级\", \"关联题目数量\" : 12, \"版本\" : \"教科版\", \"册\" : \"上册\", \"题干集合\" : \"<p>晓琳和Janet分享起自己的爱好。听一听，判断图片与晓琳的描述是否相符。<\\/p>,<p>Janet说起了自己的爱好。听一听，选出她说的句子。<\\/p>,<p>Janet说起了自己的爱好。听一听，选出她说的句子。<\\/p>,<p>同学们在讨论各自的爱好。听录音，给所听句子选择合适的图片。<\\/p>,<p>同学们在讨论各自的爱好。听录音，给所听句子选择合适的图片。<\\/p>,<p>晓琳和Janet分享起自己的爱好。听一听，判断图片与晓琳的描述是否相符。<\\/p>,<p>Janet的四个好朋友依次说起了自己的爱好。听一听，将他们的话排序。<\\/p>,<p>同学们在讨论各自的爱好。听录音，给所听句子选择合适的图片。<\\/p>,<p>晓琳和Janet分享起自己的爱好。听一听，判断图片与晓琳的描述是否相符。<\\/p>,<p>Janet说起了自己的爱好。听一听，选出她说的句子。<\\/p>,<p>同学们在讨论各自的爱好。听录音，给所听句子选择合适的图片。<\\/p>,<p>同学们在讨论各自的爱好。听录音，给所听句子选择合适的图片。<\\/p>\", \"单元名称\" : \"Unit 1 What's your hobby?\", \"设置的题目数量\" : 5, \"级别\" : \"综合进阶\", \"学科\" : \"英语\", \"对应端类型\" : \"通用\"}"
"{\"年级\" : \"五年级\", \"关联题目数量\" : \"\", \"版本\" : \"人教版（三起）\", \"册\" : \"下册\", \"题干集合\" : \"\", \"单元名称\" : \"U12\", \"设置的题目数量\" : 5, \"级别\" : \"综合进阶\", \"学科\" : \"英语\", \"对应端类型\" : \"app\"}"
"{\"年级\" : \"三年级\", \"关联题目数量\" : \"\", \"版本\" : \"人教版（三起）\", \"册\" : \"下册\", \"题干集合\" : \"\", \"单元名称\" : \"U8\", \"设置的题目数量\" : 5, \"级别\" : \"综合进阶\", \"学科\" : \"英语\", \"对应端类型\" : \"通用\"}"
"{\"年级\" : \"三年级\", \"关联题目数量\" : 15, \"版本\" : \"\", \"册\" : \"下册\", \"题干集合\" : \"<p>早餐时间，Peter在比较餐盘里蔬菜的大小。听一听，选出与Peter所说单词相符的图片。<\\/p>,<p>Peter在给妹妹规划作息时间。听一听，选出Peter所需的工具。<\\/p>,<p>Amy在给单词匹配释义。听一听，选择与Amy所说单词相符的释义。<\\/p>,<p>Peter在计划用餐的时间。听一听，选出Peter所说的词汇。<\\/p>,<p>Peter在和妹妹分享自己的上学日常。听一听，判断下面图片与Peter所说的内容是否相符。<\\/p>,<p>Peter在和妹妹分享自己的上学日常。听一听，判断下面图片与Peter所说的内容是否相符。<\\/p>,<p>Peter在和妹妹分享自己的上学日常。听一听，判断下面图片与Peter所说的内容是否相符。<\\/p>,<p>Peter在给妹妹规划作息时间。听一听，选出与Peter所说单词相符的图片。<\\/p>,<p>Amy在给单词匹配释义。听一听，选择与Amy所说单词相符的释义。<\\/p>,<p>Peter在计划用餐的时间。听一听，选出Peter所说的词汇。<\\/p>,<p>Amy在给单词匹配释义。听一听，选择与Amy所说单词相符的释义。<\\/p>,<p>Peter在给妹妹规划作息时间。听一听，选出与Peter所说单词相符的图片。<\\/p>,<p>Peter在计划用餐的时间。听一听，选出Peter所说的词汇。<\\/p>,<p>Wendy在读英语绕口令，听一听，选出Wendy所读单词中包含的字母组合。<\\/p>,<p>Wendy在读英语绕口令，听一听，选出Wendy所读单词中包含的字母组合。<\\/p>\", \"单元名称\" : \"Unit 1 It's time to go to school\", \"设置的题目数量\" : 5, \"级别\" : \"基础巩固\", \"学科\" : \"英语\", \"对应端类型\" : \"通用\"}"
"{\"年级\" : \"五年级\", \"关联题目数量\" : 10, \"版本\" : \"湘少版\", \"册\" : \"上册\", \"题干集合\" : \"<p>想；思考<\\/p>,<p>唱歌<\\/p>,<p>|space<||>space| |space<||>space| |space<||>space| |space<||>space|<\\/p>,<p>|space<||>space| |space<||>space| |space<||>space| |space<||>space| |space<||>space|<\\/p>,<p>|space<||>space| |space<||>space| |space<||>space| |space<||>space|<\\/p>,,,<p>|space<||>space| |space<||>space| |space<||>space| |space<||>space|<\\/p>,,<p>|space<||>space| |space<||>space| |space<||>space| |space<||>space|<\\/p>\", \"单元名称\" : \"Unit 10 What does that sign mean?\", \"设置的题目数量\" : 5, \"级别\" : \"难点突破\", \"学科\" : \"英语\", \"对应端类型\" : \"app\"}"
"{\"年级\" : \"四年级\", \"关联题目数量\" : \"\", \"版本\" : \"\", \"册\" : \"上册\", \"题干集合\" : \"\", \"单元名称\" : \"Units 4-6 测试卷\", \"设置的题目数量\" : 5, \"级别\" : \"综合进阶\", \"学科\" : \"英语\", \"对应端类型\" : \"通用\"}"
"{\"年级\" : \"五年级\", \"关联题目数量\" : \"\", \"版本\" : \"人教版（三起）\", \"册\" : \"下册\", \"题干集合\" : \"\", \"单元名称\" : \"U12\", \"设置的题目数量\" : 5, \"级别\" : \"难点突破\", \"学科\" : \"英语\", \"对应端类型\" : \"app\"}"
"{\"年级\" : \"四年级\", \"关联题目数量\" : \"\", \"版本\" : \"人教版（三起）（2024审定）\", \"册\" : \"下册\", \"题干集合\" : \"\", \"单元名称\" : \"U11\", \"设置的题目数量\" : 5, \"级别\" : \"综合进阶\", \"学科\" : \"英语\", \"对应端类型\" : \"通用\"}"
"{\"年级\" : \"八年级\", \"关联题目数量\" : 5, \"版本\" : \"人教版\", \"册\" : \"下册\", \"题干集合\" : \"<p>How many times has the woman been to the Great Wall?<\\/p>,<p>How did the man come to the airport?<\\/p>,<p>How long has Judy lived in Beijing?<\\/p>,<p>Where has Gina been?<\\/p>,<p>Has the man ever been to Changsha?<\\/p>\", \"单元名称\" : \"Unit 9 Have you ever been to a museum?\", \"设置的题目数量\" : 5, \"级别\" : \"听短对话选答案\", \"学科\" : \"英语\", \"对应端类型\" : \"通用\"}"
"{\"年级\" : \"五年级\", \"关联题目数量\" : \"\", \"版本\" : \"湘鲁版\", \"册\" : \"下册\", \"题干集合\" : \"\", \"单元名称\" : \"U12\", \"设置的题目数量\" : 5, \"级别\" : \"综合进阶\", \"学科\" : \"英语\", \"对应端类型\" : \"app\"}"
"{\"年级\" : \"三年级\", \"关联题目数量\" : 10, \"版本\" : \"\", \"册\" : \"下册\", \"题干集合\" : \"<p>教师节，Lily去李老师家拜访她。听一听她们的聊天内容，帮Lily选择合适的答语。<\\/p>,<p>野餐日，Lily和同学们齐聚公园，讨论各自心仪的食物。听一听他们的对话，将人物与对应的食物连线。<\\/p>,<p>教师节，Lily去李老师家拜访她。听一听她们的聊天内容，帮Lily选择合适的答语。<\\/p>,<p>早餐时间，Lily一家人在饭桌上聊天。听一听他们的对话，判断下面的图片与对话内容是否相符。<\\/p>,<p>午餐时间，Lily和Lucy在食堂讨论食物。听一听她们的对话，判断下面的信息与对话内容是否相符。<\\/p><p>Lucy would like some eggs and bread.<\\/p>,<p>午餐时间，Lily和Lucy在食堂讨论食物。听一听她们的对话，判断下面的信息与对话内容是否相符。<\\/p><p>Lily would like some noodles.<\\/p>,<p>早餐时间，Lily一家人在饭桌上聊天。听一听他们的对话，判断下面的图片与对话内容是否相符。<\\/p>,<p>早餐时间，Lily一家人在饭桌上聊天。听一听他们的对话，判断下面的图片与对话内容是否相符。<\\/p>,<p>教师节，Lily去李老师家拜访她。听一听她们的聊天内容，帮Lily选择合适的答语。<\\/p>,<p>早餐时间，Lily一家人在饭桌上聊天。听一听他们的对话，判断下面的图片与对话内容是否相符。<\\/p>\", \"单元名称\" : \"Unit 3 What would you like?\", \"设置的题目数量\" : 5, \"级别\" : \"难点突破\", \"学科\" : \"英语\", \"对应端类型\" : \"通用\"}"
"{\"年级\" : \"四年级\", \"关联题目数量\" : \"\", \"版本\" : \"教科版\", \"册\" : \"上册\", \"题干集合\" : \"\", \"单元名称\" : \"Unit 3 Welcome to my house\", \"设置的题目数量\" : 5, \"级别\" : \"难点突破\", \"学科\" : \"英语\", \"对应端类型\" : \"通用\"}"
"{\"年级\" : \"八年级\", \"关联题目数量\" : 1, \"版本\" : \"人教版\", \"册\" : \"上册\", \"题干集合\" : \"\", \"单元名称\" : \"Unit 10 If you go to the party, you’ll have a great time!\", \"设置的题目数量\" : 1, \"级别\" : \"听独白选答案\", \"学科\" : \"英语\", \"对应端类型\" : \"通用\"}"
"{\"年级\" : \"六年级\", \"关联题目数量\" : 15, \"版本\" : \"湘少版\", \"册\" : \"下册\", \"题干集合\" : \",,,,,<p>风景名胜<\\/p>,,,,,,,,,\", \"单元名称\" : \"Unit 9 Look at these beautiful places in the world\", \"设置的题目数量\" : 5, \"级别\" : \"基础巩固\", \"学科\" : \"英语\", \"对应端类型\" : \"app\"}"
"{\"年级\" : \"三年级\", \"关联题目数量\" : 12, \"版本\" : \"湘少版\", \"册\" : \"上册\", \"题干集合\" : \",,,,,,,,,,,\", \"单元名称\" : \"Unit 10 Touch your head\", \"设置的题目数量\" : 5, \"级别\" : \"难点突破\", \"学科\" : \"英语\", \"对应端类型\" : \"app\"}"
"{\"年级\" : \"四年级\", \"关联题目数量\" : \"\", \"版本\" : \"湘鲁版\", \"册\" : \"上册\", \"题干集合\" : \"\", \"单元名称\" : \"期中复习\", \"设置的题目数量\" : 5, \"级别\" : \"基础巩固\", \"学科\" : \"英语\", \"对应端类型\" : \"app\"}"
"{\"年级\" : \"四年级\", \"关联题目数量\" : 10, \"版本\" : \"湘少版（2024审定）\", \"册\" : \"下册\", \"题干集合\" : \",,,<p>1. |space<||>space|<\\/p><p>2. |space<||>space|<\\/p><p>3. |space<||>space|<\\/p><p>4. |space<||>space|<\\/p><p>5. |space<||>space|<\\/p>,,<p>Which team won (赢得) the game?<\\/p>,,<p>How many green pencils?<\\/p>,,<p>Mark正在做计算题。听一听，题目是什么？<\\/p>\", \"单元名称\" : \"Unit 4 Class One gets 54 points\", \"设置的题目数量\" : 5, \"级别\" : \"难点突破\", \"学科\" : \"英语\", \"对应端类型\" : \"通用\"}"
"{\"年级\" : \"四年级\", \"关联题目数量\" : \"\", \"版本\" : \"人教版（三起）（2024审定）\", \"册\" : \"下册\", \"题干集合\" : \"\", \"单元名称\" : \"U8\", \"设置的题目数量\" : 5, \"级别\" : \"综合进阶\", \"学科\" : \"英语\", \"对应端类型\" : \"通用\"}"
"{\"年级\" : \"四年级\", \"关联题目数量\" : \"\", \"版本\" : \"人教版（三起）（2024审定）\", \"册\" : \"上册\", \"题干集合\" : \"\", \"单元名称\" : \"U11\", \"设置的题目数量\" : 5, \"级别\" : \"难点突破\", \"学科\" : \"英语\", \"对应端类型\" : \"通用\"}"
"{\"年级\" : \"四年级\", \"关联题目数量\" : \"\", \"版本\" : \"人教版（三起）（2024审定）\", \"册\" : \"下册\", \"题干集合\" : \"\", \"单元名称\" : \"U9\", \"设置的题目数量\" : 5, \"级别\" : \"基础巩固\", \"学科\" : \"英语\", \"对应端类型\" : \"通用\"}"
"{\"年级\" : \"三年级\", \"关联题目数量\" : 10, \"版本\" : \"湘少版\", \"册\" : \"下册\", \"题干集合\" : \",,,,,,,,,\", \"单元名称\" : \"Unit 9 What's the weather like?\", \"设置的题目数量\" : 5, \"级别\" : \"综合进阶\", \"学科\" : \"英语\", \"对应端类型\" : \"app\"}"
"{\"年级\" : \"三年级\", \"关联题目数量\" : \"\", \"版本\" : \"湘鲁版\", \"册\" : \"上册\", \"题干集合\" : \"\", \"单元名称\" : \"期末复习\", \"设置的题目数量\" : 5, \"级别\" : \"综合进阶\", \"学科\" : \"英语\", \"对应端类型\" : \"app\"}"
"{\"年级\" : \"三年级\", \"关联题目数量\" : \"\", \"版本\" : \"人教版（三起）（2024审定）\", \"册\" : \"上册\", \"题干集合\" : \"\", \"单元名称\" : \"U9\", \"设置的题目数量\" : 5, \"级别\" : \"难点突破\", \"学科\" : \"英语\", \"对应端类型\" : \"通用\"}"
"{\"年级\" : \"四年级\", \"关联题目数量\" : 15, \"版本\" : \"教科版（2024审定）\", \"册\" : \"上册\", \"题干集合\" : \"<p>Anna在复习今天学过的单词。听一听，帮她找到单词对应的释义吧！<\\/p>,<p>Andy的弟弟正在描述物品。听一听，他描述对了吗？<\\/p>,<p>Andy正在给弟弟讲绘本故事。听一听，图中场所是Andy所说的吗？<\\/p>,<p>早晨，Lucy在朗读昨天学习的单词。听一听，她现在在读哪个单词？<\\/p>,<p>Lily在整理去看望奶奶要准备的东西。听一听，她要准备哪些东西？<\\/p>,<p>早晨，Lucy在朗读昨天学习的单词。听一听，她现在在读哪个单词？<\\/p>,<p>Lucy和Tom在玩说词汇选卡片的游戏。听一听，Lucy依次说了哪些卡片呢？<\\/p>,<p>Andy正在给弟弟讲绘本故事。听一听，图中物品是Andy所说的吗？<\\/p>,<p>Anna在复习今天学过的单词。听一听，帮她找到单词对应的释义吧！<\\/p>,<p>Lily在整理去看望奶奶要准备的东西。听一听，她要准备哪些东西？<\\/p>,<p>Andy正在给弟弟讲绘本故事。听一听，图中人物是Andy所说的吗？<\\/p>,<p>Anna在复习今天学过的单词。听一听，帮她找到单词对应的释义吧！<\\/p>,<p>早晨，Lucy在朗读昨天学习的单词。听一听，她现在在读哪个单词？<\\/p>,<p>Lily在整理去看望奶奶要准备的东西。听一听，她要准备哪些东西？<\\/p>,<p>早晨，Lucy在朗读昨天学习的单词。听一听，她现在在读哪个单词？<\\/p>\", \"单元名称\" : \"Unit 1 Come on In!\", \"设置的题目数量\" : 5, \"级别\" : \"基础巩固\", \"学科\" : \"英语\", \"对应端类型\" : \"通用\"}"
"{\"年级\" : \"七年级\", \"关联题目数量\" : 5, \"版本\" : \"\", \"册\" : \"下册\", \"题干集合\" : \"<p>How's the weather in London now?<\\/p>,<p>What's Jack doing?<\\/p>,<p>How's the weather in Beijing?<\\/p>,<p>How's the weather in Changsha?<\\/p>,<p>What are Alice's parents doing?<\\/p>\", \"单元名称\" : \"Unit 6 Rain or Shine\", \"设置的题目数量\" : 5, \"级别\" : \"听短对话选答案\", \"学科\" : \"英语\", \"对应端类型\" : \"通用\"}"
"{\"年级\" : \"四年级\", \"关联题目数量\" : 15, \"版本\" : \"湘少版（2024审定）\", \"册\" : \"下册\", \"题干集合\" : \",,,,,,,,,,,,,,\", \"单元名称\" : \"Unit 10 What does that sign mean?\", \"设置的题目数量\" : 5, \"级别\" : \"综合进阶\", \"学科\" : \"英语\", \"对应端类型\" : \"通用\"}"
"{\"年级\" : \"七年级\", \"关联题目数量\" : \"\", \"版本\" : \"\", \"册\" : \"下册\", \"题干集合\" : \"\", \"单元名称\" : \"U10\", \"设置的题目数量\" : 5, \"级别\" : \"基础巩固\", \"学科\" : \"英语\", \"对应端类型\" : \"通用\"}"
"{\"年级\" : \"七年级\", \"关联题目数量\" : 5, \"版本\" : \"人教版\", \"册\" : \"上册\", \"题干集合\" : \"<p>When is P.E. class?<\\/p>,<p>Why does the boy like history?<\\/p>,<p>What subject does Mike like?<\\/p>,<p>What's the girl's favorite subject?<\\/p>,<p>Who is Alan's science teacher?<\\/p>\", \"单元名称\" : \"Unit 9 My favorite subject is science.\", \"设置的题目数量\" : 5, \"级别\" : \"听短对话选答案\", \"学科\" : \"英语\", \"对应端类型\" : \"通用\"}"
"{\"年级\" : \"五年级\", \"关联题目数量\" : \"\", \"版本\" : \"教科版\", \"册\" : \"上册\", \"题干集合\" : \"\", \"单元名称\" : \"Unit 5 Where is Ben?\", \"设置的题目数量\" : 5, \"级别\" : \"基础巩固\", \"学科\" : \"英语\", \"对应端类型\" : \"通用\"}"
"{\"年级\" : \"四年级\", \"关联题目数量\" : \"\", \"版本\" : \"教科版\", \"册\" : \"上册\", \"题干集合\" : \"\", \"单元名称\" : \"Unit 2 They're near the window\", \"设置的题目数量\" : 5, \"级别\" : \"基础巩固\", \"学科\" : \"英语\", \"对应端类型\" : \"通用\"}"
"{\"年级\" : \"五年级\", \"关联题目数量\" : \"\", \"版本\" : \"湘鲁版\", \"册\" : \"下册\", \"题干集合\" : \"\", \"单元名称\" : \"U11\", \"设置的题目数量\" : 5, \"级别\" : \"基础巩固\", \"学科\" : \"英语\", \"对应端类型\" : \"app\"}"
"{\"年级\" : \"四年级\", \"关联题目数量\" : \"\", \"版本\" : \"人教版（三起）\", \"册\" : \"下册\", \"题干集合\" : \"\", \"单元名称\" : \"U8\", \"设置的题目数量\" : 5, \"级别\" : \"综合进阶\", \"学科\" : \"英语\", \"对应端类型\" : \"app\"}"
"{\"年级\" : \"六年级\", \"关联题目数量\" : \"\", \"版本\" : \"湘少版\", \"册\" : \"下册\", \"题干集合\" : \"\", \"单元名称\" : \"U11\", \"设置的题目数量\" : 5, \"级别\" : \"难点突破\", \"学科\" : \"英语\", \"对应端类型\" : \"app\"}"
"{\"年级\" : \"七年级\", \"关联题目数量\" : \"\", \"版本\" : \"人教版\", \"册\" : \"上册\", \"题干集合\" : \"\", \"单元名称\" : \"Starter Unit 2 What's this in English?\", \"设置的题目数量\" : 5, \"级别\" : \"综合进阶\", \"学科\" : \"英语\", \"对应端类型\" : \"通用\"}"
"{\"年级\" : \"三年级\", \"关联题目数量\" : 10, \"版本\" : \"教科版（2024审定）\", \"册\" : \"上册\", \"题干集合\" : \"<p>Kevin在复习学过的字母。听一听，判断所听字母与所给图片是否相符。相符的选“T”，不相符的选“F”。<\\/p>,<p>Kevin发现许多中文词语是根据英文音译过来的。听录音，你能找到对应的物品吗？<\\/p>,<p>Kevin发现许多中文词语是根据英文音译过来的。听录音，你能找到对应的物品吗？<\\/p>,<p>Kevin发现许多中文词语是根据英文音译过来的。听录音，你能找到对应的物品吗？<\\/p>,<p>Kevin发现许多中文词语是根据英文音译过来的。听录音，你能找到对应的物品吗？<\\/p>,<p>Kevin发现许多英文词汇都来自中文。听一听，你能分辨出它来自什么中文词语吗？<\\/p>,<p>Kevin在复习学过的字母。听一听，判断所听字母与所给图片是否相符。相符的选“T”，不相符的选“F”。<\\/p>,<p>Kevin发现许多英文词汇都来自中文。听一听，你能分辨出它来自什么中文词语吗？<\\/p>,<p>Kevin在复习学过的字母。听一听，判断所听字母与所给图片是否相符。相符的选“T”，不相符的选“F”。<\\/p>,<p>Kevin发现许多英文词汇都来自中文。听一听，你能分辨出它来自什么中文词语吗？<\\/p>\", \"单元名称\" : \"Unit 2 English and Chinese\", \"设置的题目数量\" : 5, \"级别\" : \"基础巩固\", \"学科\" : \"英语\", \"对应端类型\" : \"通用\"}"
"{\"年级\" : \"三年级\", \"关联题目数量\" : 12, \"版本\" : \"湘少版\", \"册\" : \"下册\", \"题干集合\" : \",,<p>|space<||>space| |space<||>space| |space<||>space| |space<||>space| |space<||>space| |space<||>space| |space<||>space|<\\/p>,,,<p>|space<||>space| |space<||>space| |space<||>space| |space<||>space| |space<||>space| |space<||>space| |space<||>space| |space<||>space|<\\/p>,,,,,<p>|space<||>space| |space<||>space| |space<||>space| |space<||>space| |space<||>space| |space<||>space| |space<||>space| |space<||>space|<\\/p>,\", \"单元名称\" : \"Unit 6 How many pens are there?\", \"设置的题目数量\" : 5, \"级别\" : \"难点突破\", \"学科\" : \"英语\", \"对应端类型\" : \"app\"}"
"{\"年级\" : \"五年级\", \"关联题目数量\" : \"\", \"版本\" : \"湘少版\", \"册\" : \"上册\", \"题干集合\" : \"\", \"单元名称\" : \"期末复习\", \"设置的题目数量\" : 5, \"级别\" : \"综合进阶\", \"学科\" : \"英语\", \"对应端类型\" : \"app\"}"
"{\"年级\" : \"五年级\", \"关联题目数量\" : 10, \"版本\" : \"湘鲁版\", \"册\" : \"下册\", \"题干集合\" : \"<p>|space<||>space|str|space<||>space|n|space<||>space| |space<||>space|t<\\/p>,,<p>r|space<||>space|ck|space<||>space|t<\\/p>,,<p>|space<||>space| |space<||>space|ter sp|space<||>space|c|space<||>space|<\\/p>,,,<p>d|space<||>space| |space<||>space|k<\\/p>,<p>b|space<||>space| |space<||>space|ld<\\/p>,\", \"单元名称\" : \"Unit 8  I will study the moon.\", \"设置的题目数量\" : 5, \"级别\" : \"难点突破\", \"学科\" : \"英语\", \"对应端类型\" : \"app\"}"
"{\"年级\" : \"五年级\", \"关联题目数量\" : 15, \"版本\" : \"湘少版\", \"册\" : \"下册\", \"题干集合\" : \",,,,,,,,,,,,,,\", \"单元名称\" : \"Unit 8 Can you show me the way to the Xinhua Hotel?\", \"设置的题目数量\" : 5, \"级别\" : \"综合进阶\", \"学科\" : \"英语\", \"对应端类型\" : \"app\"}"
"{\"年级\" : \"三年级\", \"关联题目数量\" : 15, \"版本\" : \"湘少版（2024审定）\", \"册\" : \"上册\", \"题干集合\" : \",,,,,,,<p>钢笔<\\/p>,,,,,<p>pen<\\/p>,,\", \"单元名称\" : \"Unit 5 Is this your pen?\", \"设置的题目数量\" : 5, \"级别\" : \"基础巩固\", \"学科\" : \"英语\", \"对应端类型\" : \"通用\"}"
"{\"年级\" : \"四年级\", \"关联题目数量\" : 16, \"版本\" : \"湘少版\", \"册\" : \"下册\", \"题干集合\" : \"<p>puppet<\\/p>,,<p>foot<\\/p>,,,<p>feet<\\/p>,<p>terrible<\\/p>,<p>feet<\\/p>,,<p>finger<\\/p>,,,,<p>need<\\/p>,,<p>with<\\/p>\", \"单元名称\" : \"Unit 10 He has two feet\", \"设置的题目数量\" : 5, \"级别\" : \"基础巩固\", \"学科\" : \"英语\", \"对应端类型\" : \"app\"}"
"{\"年级\" : \"七年级\", \"关联题目数量\" : \"\", \"版本\" : \"\", \"册\" : \"下册\", \"题干集合\" : \"\", \"单元名称\" : \"期中复习\", \"设置的题目数量\" : 5, \"级别\" : \"基础巩固\", \"学科\" : \"英语\", \"对应端类型\" : \"通用\"}"
"{\"年级\" : \"四年级\", \"关联题目数量\" : \"\", \"版本\" : \"人教版（三起）\", \"册\" : \"下册\", \"题干集合\" : \"\", \"单元名称\" : \"U10\", \"设置的题目数量\" : 5, \"级别\" : \"基础巩固\", \"学科\" : \"英语\", \"对应端类型\" : \"app\"}"
"{\"年级\" : \"五年级\", \"关联题目数量\" : \"\", \"版本\" : \"人教版（三起）\", \"册\" : \"下册\", \"题干集合\" : \"\", \"单元名称\" : \"期中复习\", \"设置的题目数量\" : 5, \"级别\" : \"难点突破\", \"学科\" : \"英语\", \"对应端类型\" : \"app\"}"
"{\"年级\" : \"四年级\", \"关联题目数量\" : 15, \"版本\" : \"湘鲁版\", \"册\" : \"上册\", \"题干集合\" : \",,,,,,,,,,,,,,\", \"单元名称\" : \"Unit 6 May I help you?\", \"设置的题目数量\" : 5, \"级别\" : \"综合进阶\", \"学科\" : \"英语\", \"对应端类型\" : \"app\"}"
"{\"年级\" : \"八年级\", \"关联题目数量\" : 1, \"版本\" : \"\", \"册\" : \"上册\", \"题干集合\" : \"<p>1. |space<||>space|<\\/p><p>2. |space<||>space|<\\/p><p>3. |space<||>space| |space<||>space| |space<||>space|<\\/p><p>4. |space<||>space| |space<||>space| |space<||>space|<\\/p><p>5. |space<||>space|<\\/p>\", \"单元名称\" : \"Unit 3 Same or Different?\", \"设置的题目数量\" : 1, \"级别\" : \"听短文完成题目\", \"学科\" : \"英语\", \"对应端类型\" : \"通用\"}"
"{\"年级\" : \"四年级\", \"关联题目数量\" : 13, \"版本\" : \"湘鲁版\", \"册\" : \"上册\", \"题干集合\" : \"<p>|space<||>space| |space<||>space| |space<||>space| |space<||>space| |space<||>space| |space<||>space|<\\/p>,<p>|space<||>space| |space<||>space| |space<||>space| |space<||>space| |space<||>space|<\\/p>,,<p>|space<||>space| |space<||>space| |space<||>space| |space<||>space| |space<||>space|<\\/p>,<p>|space<||>space| |space<||>space| |space<||>space| |space<||>space| |space<||>space|<\\/p>,<p>|space<||>space| |space<||>space| |space<||>space| |space<||>space| |space<||>space| |space<||>space|<\\/p>,,,,,,<p>|space<||>space| |space<||>space| |space<||>space| |space<||>space|<\\/p>,\", \"单元名称\" : \"Unit 4 Let's have some fruit.\", \"设置的题目数量\" : 5, \"级别\" : \"难点突破\", \"学科\" : \"英语\", \"对应端类型\" : \"app\"}"
"{\"年级\" : \"八年级\", \"关联题目数量\" : \"\", \"版本\" : \"\", \"册\" : \"上册\", \"题干集合\" : \"\", \"单元名称\" : \"期中复习\", \"设置的题目数量\" : 5, \"级别\" : \"难点突破\", \"学科\" : \"英语\", \"对应端类型\" : \"通用\"}"
"{\"年级\" : \"六年级\", \"关联题目数量\" : \"\", \"版本\" : \"湘少版\", \"册\" : \"上册\", \"题干集合\" : \"\", \"单元名称\" : \"期末测试卷（二）\", \"设置的题目数量\" : 5, \"级别\" : \"综合进阶\", \"学科\" : \"英语\", \"对应端类型\" : \"app\"}"
"{\"年级\" : \"五年级\", \"关联题目数量\" : 9, \"版本\" : \"湘少版\", \"册\" : \"上册\", \"题干集合\" : \",,,,,,,,\", \"单元名称\" : \"Unit 7 What time do you get up?\", \"设置的题目数量\" : 5, \"级别\" : \"综合进阶\", \"学科\" : \"英语\", \"对应端类型\" : \"app\"}"
"{\"年级\" : \"八年级\", \"关联题目数量\" : 1, \"版本\" : \"人教版\", \"册\" : \"下册\", \"题干集合\" : \"\", \"单元名称\" : \"Unit 9 Have you ever been to a museum?\", \"设置的题目数量\" : 1, \"级别\" : \"听独白选答案\", \"学科\" : \"英语\", \"对应端类型\" : \"通用\"}"
"{\"年级\" : \"六年级\", \"关联题目数量\" : 10, \"版本\" : \"湘少版\", \"册\" : \"下册\", \"题干集合\" : \"<p>|space<||>space| |space<||>space| |space<||>space| |space<||>space|<\\/p>,<p>|space<||>space| |space<||>space| |space<||>space| |space<||>space| |space<||>space|<\\/p>,,,,,,,<p>|space<||>space| |space<||>space| |space<||>space| |space<||>space| |space<||>space|<\\/p>,\", \"单元名称\" : \"Unit 5 Our Earth looks like this in space\", \"设置的题目数量\" : 5, \"级别\" : \"综合进阶\", \"学科\" : \"英语\", \"对应端类型\" : \"app\"}"
"{\"年级\" : \"六年级\", \"关联题目数量\" : \"\", \"版本\" : \"湘少版\", \"册\" : \"下册\", \"题干集合\" : \"\", \"单元名称\" : \"U10\", \"设置的题目数量\" : 5, \"级别\" : \"基础巩固\", \"学科\" : \"英语\", \"对应端类型\" : \"app\"}"
"{\"年级\" : \"四年级\", \"关联题目数量\" : 15, \"版本\" : \"教科版（2024审定）\", \"册\" : \"上册\", \"题干集合\" : \"<p>Jenny在描述煮饺子的过程。听一听，她提到的这个单词是什么意思呢？<\\/p>,<p>Linda在带妹妹体验饮品的温度。听一听，她们谈论的是哪一杯呢？<\\/p>,<p>Mary在分享一次有趣的职业体验。听一听，图片是她提到的内容吗？<\\/p>,<p>Mary在分享一次有趣的职业体验。听一听，图片是她提到的内容吗？<\\/p>,<p>Mary在分享一次有趣的职业体验。听一听，图片是她提到的内容吗？<\\/p>,<p>Jenny在描述煮饺子的过程。听一听，她提到的这个单词是什么意思呢？<\\/p>,<p>早晨，Bob在家朗读单词。听一听，他读的是哪个单词呢？<\\/p>,<p>Linda在整理冰箱里的食物。听一听，她整理的是哪种食物呢？<\\/p>,<p>Piggy在分享一次有趣的职业体验。听一听，图片是他提到的内容吗？<\\/p>,<p>早晨，Bob在家朗读单词。听一听，他读的是哪个单词呢？<\\/p>,<p>早晨，Bob在家朗读单词。听一听，他读的是哪个单词呢？<\\/p>,<p>早晨，Bob在家朗读单词。听一听，他读的是哪个单词呢？<\\/p>,<p>Jenny在描述煮饺子的过程。听一听，她提到的这个单词是什么意思呢？<\\/p>,<p>Linda在整理冰箱里的食物。听一听，她整理的是哪种食物呢？<\\/p>,<p>Linda和妹妹在吃下午茶。听一听，她们谈论的是哪种食物呢？<\\/p><p><br><\\/p>\", \"单元名称\" : \"Unit 3 I'm the Chef Today!\", \"设置的题目数量\" : 5, \"级别\" : \"基础巩固\", \"学科\" : \"英语\", \"对应端类型\" : \"通用\"}"
"{\"年级\" : \"三年级\", \"关联题目数量\" : 15, \"版本\" : \"湘少版（2024审定）\", \"册\" : \"上册\", \"题干集合\" : \",,,<p>摸；接触<\\/p>,,,,,,,,,<p>ear<\\/p>,,<p>mouth<\\/p>\", \"单元名称\" : \"Unit 6 Touch your head\", \"设置的题目数量\" : 5, \"级别\" : \"基础巩固\", \"学科\" : \"英语\", \"对应端类型\" : \"通用\"}"
"{\"年级\" : \"七年级\", \"关联题目数量\" : 1, \"版本\" : \"人教版\", \"册\" : \"下册\", \"题干集合\" : \"\", \"单元名称\" : \"Unit 11 How was your school trip?\", \"设置的题目数量\" : 1, \"级别\" : \"听独白选答案\", \"学科\" : \"英语\", \"对应端类型\" : \"通用\"}"
"{\"年级\" : \"三年级\", \"关联题目数量\" : 10, \"版本\" : \"湘少版（2024审定）\", \"册\" : \"下册\", \"题干集合\" : \"<p>Peter和妹妹在超市的蔬果区。听一听，选出与Peter所说单词相符的食物。<\\/p>,<p>Peter和妹妹在超市的蔬果区。听一听，选出与Peter所说单词相符的食物。<\\/p>,<p>Peter和妹妹在超市的蔬果区。听一听，选出与Peter所说单词相符的食物。<\\/p>,<p>Peter在教妹妹认识蔬菜。听录音，判断Peter所说单词与所给图片是否相符。<\\/p>,<p>Peter在教妹妹说单词。听一听，选出你所听到的词汇。<\\/p>,<p>Peter在教妹妹说单词。听一听，选出你所听到的词汇。<\\/p>,<p>Peter和妹妹在超市的蔬果区。听一听，选出与Peter所说单词相符的食物。<\\/p>,<p>Peter在教妹妹说单词。听一听，选出你所听到的词汇。<\\/p>,<p>Peter在教妹妹认识蔬菜。听录音，判断Peter所说单词与所给图片是否相符。<\\/p>,<p>Peter和妹妹在超市的蔬果区。听一听，选出与Peter所说单词相符的食物。<\\/p>\", \"单元名称\" : \"Unit 6 There is an egg here\", \"设置的题目数量\" : 5, \"级别\" : \"基础巩固\", \"学科\" : \"英语\", \"对应端类型\" : \"通用\"}"
"{\"年级\" : \"三年级\", \"关联题目数量\" : 10, \"版本\" : \"人教版（三起）\", \"册\" : \"下册\", \"题干集合\" : \",,,,,,,,,\", \"单元名称\" : \"Unit 6 How many?\", \"设置的题目数量\" : 5, \"级别\" : \"难点突破\", \"学科\" : \"英语\", \"对应端类型\" : \"通用\"}"
"{\"年级\" : \"三年级\", \"关联题目数量\" : \"\", \"版本\" : \"人教版（三起）\", \"册\" : \"上册\", \"题干集合\" : \"\", \"单元名称\" : \"Units 4-6 测试卷\", \"设置的题目数量\" : 5, \"级别\" : \"综合进阶\", \"学科\" : \"英语\", \"对应端类型\" : \"app\"}"
"{\"年级\" : \"六年级\", \"关联题目数量\" : \"\", \"版本\" : \"湘鲁版\", \"册\" : \"下册\", \"题干集合\" : \"\", \"单元名称\" : \"U12\", \"设置的题目数量\" : 5, \"级别\" : \"难点突破\", \"学科\" : \"英语\", \"对应端类型\" : \"app\"}"
"{\"年级\" : \"四年级\", \"关联题目数量\" : 13, \"版本\" : \"湘鲁版\", \"册\" : \"上册\", \"题干集合\" : \",<p>|space<||>space| |space<||>space| |space<||>space|<\\/p>,,<p>|space<||>space| |space<||>space| |space<||>space| |space<||>space|<\\/p>,,,<p>|space<||>space| |space<||>space| |space<||>space| |space<||>space|<\\/p>,,,,<p>|space<||>space| |space<||>space| |space<||>space| |space<||>space|<\\/p>,,\", \"单元名称\" : \"Unit 3 I can run fast!\", \"设置的题目数量\" : 5, \"级别\" : \"难点突破\", \"学科\" : \"英语\", \"对应端类型\" : \"app\"}"
"{\"年级\" : \"七年级\", \"关联题目数量\" : \"\", \"版本\" : \"人教版\", \"册\" : \"上册\", \"题干集合\" : \"\", \"单元名称\" : \"Starter Unit 2 What's this in English?\", \"设置的题目数量\" : 5, \"级别\" : \"基础巩固\", \"学科\" : \"英语\", \"对应端类型\" : \"通用\"}"
"{\"年级\" : \"三年级\", \"关联题目数量\" : 10, \"版本\" : \"教科版（2024审定）\", \"册\" : \"上册\", \"题干集合\" : \"<p>Linda整理了成为好的倾听者的建议。听一听，按照听到的顺序给下面的建议排序。<\\/p>,<p>课间，Helen正在和同学们聊天。听一听他们的对话，判断图片与对话内容是否相符。<\\/p>,<p>课间，Helen正在和同学们聊天。听一听他们的对话，判断图片与对话内容是否相符。<\\/p>,<p>课间，Helen正在和同学们聊天。听一听他们的对话，判断图片与对话内容是否相符。<\\/p>,<p>Linda正在实践自己收集的成为好的倾听者的建议。听一听，帮助Linda选择恰当的答语。<\\/p>,<p> Linda正在实践自己收集的成为好的倾听者的建议。听一听，帮助Linda选择恰当的答语。<\\/p>,<p>课间，Helen正在和同学们聊天。听一听他们的对话，判断图片与对话内容是否相符。<\\/p>,<p> Linda正在实践自己收集的成为好的倾听者的建议。听一听，帮助Linda选择恰当的答语。<\\/p>,<p>生活中你会倾听些什么？同学们都给出了自己的答案。听一听，给下面的图片排序。<\\/p>,<p>Linda正在实践自己收集的成为好的倾听者的建议。听一听，帮助Linda选择恰当的答语。<\\/p>\", \"单元名称\" : \"Unit 7 Be a Good Listener\", \"设置的题目数量\" : 5, \"级别\" : \"难点突破\", \"学科\" : \"英语\", \"对应端类型\" : \"通用\"}"
"{\"年级\" : \"六年级\", \"关联题目数量\" : \"\", \"版本\" : \"湘鲁版\", \"册\" : \"上册\", \"题干集合\" : \"\", \"单元名称\" : \"期中复习\", \"设置的题目数量\" : 5, \"级别\" : \"基础巩固\", \"学科\" : \"英语\", \"对应端类型\" : \"app\"}"
"{\"年级\" : \"六年级\", \"关联题目数量\" : 12, \"版本\" : \"湘少版\", \"册\" : \"下册\", \"题干集合\" : \",,,<p>|space<||>space| |space<||>space| |space<||>space| |space<||>space| |space<||>space|<\\/p>,<p>|space<||>space| |space<||>space| |space<||>space| |space<||>space| |space<||>space| |space<||>space|<\\/p>,,,,<p>|space<||>space| |space<||>space| |space<||>space| |space<||>space| |space<||>space|<\\/p>,,,<p>|space<||>space| |space<||>space| |space<||>space|<\\/p>\", \"单元名称\" : \"Unit 4 Planting trees is good for us\", \"设置的题目数量\" : 5, \"级别\" : \"综合进阶\", \"学科\" : \"英语\", \"对应端类型\" : \"app\"}"
"{\"年级\" : \"四年级\", \"关联题目数量\" : 10, \"版本\" : \"湘鲁版\", \"册\" : \"下册\", \"题干集合\" : \"<p>usually<\\/p>,<p>date<\\/p>,<p>Saturday<\\/p>,<p>学习<\\/p>,<p>运动<\\/p>,<p>音乐（课）<\\/p>,<p>wind<\\/p>,<p>also<\\/p>,<p>星期日<\\/p>,<p>和，与<\\/p>\", \"单元名称\" : \"Unit 5  What do you do on Saturdays?\", \"设置的题目数量\" : 5, \"级别\" : \"综合进阶\", \"学科\" : \"英语\", \"对应端类型\" : \"app\"}"
"{\"年级\" : \"四年级\", \"关联题目数量\" : \"\", \"版本\" : \"湘少版\", \"册\" : \"上册\", \"题干集合\" : \"\", \"单元名称\" : \"期中复习\", \"设置的题目数量\" : 5, \"级别\" : \"综合进阶\", \"学科\" : \"英语\", \"对应端类型\" : \"app\"}"
"{\"年级\" : \"四年级\", \"关联题目数量\" : \"\", \"版本\" : \"湘少版（2024审定）\", \"册\" : \"下册\", \"题干集合\" : \"\", \"单元名称\" : \"Units 1-3 测试卷\", \"设置的题目数量\" : 5, \"级别\" : \"综合进阶\", \"学科\" : \"英语\", \"对应端类型\" : \"通用\"}"
"{\"年级\" : \"六年级\", \"关联题目数量\" : \"\", \"版本\" : \"人教版（三起）\", \"册\" : \"上册\", \"题干集合\" : \"\", \"单元名称\" : \"期中测试卷\", \"设置的题目数量\" : 5, \"级别\" : \"难点突破\", \"学科\" : \"英语\", \"对应端类型\" : \"app\"}"
"{\"年级\" : \"八年级\", \"关联题目数量\" : 1, \"版本\" : \"\", \"册\" : \"上册\", \"题干集合\" : \"\", \"单元名称\" : \"Unit 4 Amazing Plants and Animals\", \"设置的题目数量\" : 1, \"级别\" : \"听长对话选答案\", \"学科\" : \"英语\", \"对应端类型\" : \"通用\"}"
"{\"年级\" : \"六年级\", \"关联题目数量\" : 10, \"版本\" : \"湘少版\", \"册\" : \"下册\", \"题干集合\" : \",,,,,,,,,\", \"单元名称\" : \"Unit 4 Planting trees is good for us\", \"设置的题目数量\" : 5, \"级别\" : \"难点突破\", \"学科\" : \"英语\", \"对应端类型\" : \"app\"}"
"{\"年级\" : \"五年级\", \"关联题目数量\" : \"\", \"版本\" : \"人教版（三起）\", \"册\" : \"下册\", \"题干集合\" : \"\", \"单元名称\" : \"期中复习\", \"设置的题目数量\" : 5, \"级别\" : \"综合进阶\", \"学科\" : \"英语\", \"对应端类型\" : \"app\"}"
"{\"年级\" : \"四年级\", \"关联题目数量\" : \"\", \"版本\" : \"人教版（三起）（2024审定）\", \"册\" : \"上册\", \"题干集合\" : \"\", \"单元名称\" : \"期中复习\", \"设置的题目数量\" : 5, \"级别\" : \"难点突破\", \"学科\" : \"英语\", \"对应端类型\" : \"通用\"}"
"{\"年级\" : \"三年级\", \"关联题目数量\" : \"\", \"版本\" : \"湘少版\", \"册\" : \"下册\", \"题干集合\" : \"\", \"单元名称\" : \"期末复习\", \"设置的题目数量\" : 5, \"级别\" : \"难点突破\", \"学科\" : \"英语\", \"对应端类型\" : \"app\"}"
"{\"年级\" : \"八年级\", \"关联题目数量\" : 1, \"版本\" : \"人教版\", \"册\" : \"上册\", \"题干集合\" : \"\", \"单元名称\" : \"Unit 5 Do you want to watch a game show?\", \"设置的题目数量\" : 1, \"级别\" : \"听独白选答案\", \"学科\" : \"英语\", \"对应端类型\" : \"通用\"}"
"{\"年级\" : \"三年级\", \"关联题目数量\" : 10, \"版本\" : \"人教版（三起）\", \"册\" : \"上册\", \"题干集合\" : \",<p>pencil<\\/p>,<p>crayon<\\/p>,<p>pencil box<\\/p>,,,,<p>book<\\/p>,<p>not<\\/p>,\", \"单元名称\" : \"Unit 1 Hello!\", \"设置的题目数量\" : 5, \"级别\" : \"综合进阶\", \"学科\" : \"英语\", \"对应端类型\" : \"app\"}"
"{\"年级\" : \"四年级\", \"关联题目数量\" : \"\", \"版本\" : \"湘少版（2024审定）\", \"册\" : \"下册\", \"题干集合\" : \"\", \"单元名称\" : \"期中复习\", \"设置的题目数量\" : 5, \"级别\" : \"基础巩固\", \"学科\" : \"英语\", \"对应端类型\" : \"通用\"}"
"{\"年级\" : \"三年级\", \"关联题目数量\" : 10, \"版本\" : \"人教版（三起）（2024审定）\", \"册\" : \"下册\", \"题干集合\" : \"<p>父亲节要到了，听一听Amy和Linda的对话，选择Amy为爸爸做的事情。<\\/p>,<p>课堂上，同学们在争先恐后地介绍自己喜欢的动物。听一听他们的介绍，给下列图片排序。<\\/p>,<p>Tom在根据老师的描述猜动物。听一听，判断下列信息与对话内容是否相符。<\\/p><p><span style=\\\"color: rgb(255, 0, 0);\\\"><span class=\\\"ql-cursor\\\">﻿<\\/span><\\/span>The fox has big ears.<\\/p>,<p>听一听Amy和Linda在手工课的对话，选择与对话相符的图片。<\\/p>,<p>Tom在根据老师的描述猜动物。听一听，判断下列信息与对话内容是否相符。<\\/p><p>The fish has a small tail.<\\/p>,<p>Tom在根据老师的描述猜动物。听一听，判断下列信息与对话内容是否相符。<\\/p><p>The dog has big eyes.<\\/p>,<p>Mike在公园遛狗时碰到了Tom。听一听他们的聊天，选择合适的答语。<\\/p>,<p>Mike在玩“句子大比拼”。听一听，将Mike说的句子按顺序排列。<\\/p>,<p>Mike妈妈的生日要到了。听一听Mike和Tom的聊天，选择合适的答语。<\\/p>,<p>Mike在公园遛狗时碰到了Tom。听一听他们的聊天，选择合适的答语。<\\/p>\", \"单元名称\" : \"Unit 2 Expressing yourself\", \"设置的题目数量\" : 5, \"级别\" : \"难点突破\", \"学科\" : \"英语\", \"对应端类型\" : \"通用\"}"
"{\"年级\" : \"八年级\", \"关联题目数量\" : \"\", \"版本\" : \"\", \"册\" : \"上册\", \"题干集合\" : \"\", \"单元名称\" : \"U9\", \"设置的题目数量\" : 5, \"级别\" : \"综合进阶\", \"学科\" : \"英语\", \"对应端类型\" : \"通用\"}"
"{\"年级\" : \"四年级\", \"关联题目数量\" : 16, \"版本\" : \"湘少版（2024审定）\", \"册\" : \"下册\", \"题干集合\" : \",,<p>Jackson在分享他今天的课程安排。听一听，选择Jackson提及的学科。<\\/p>,<p>Jackson在分享他今天的课程安排。听一听，选择Jackson提及的学科。<\\/p>,,,<p>英语课上，老师在播放一段英语绕口令。听一听，绕口令中包含下面哪个单词？<\\/p>,<p>英语课上，老师在播放一段英语绕口令。听一听，绕口令中包含下面哪个单词？<\\/p>,<p>Jackson在分享他今天的课程安排。听一听，选择Jackson提及的学科。<\\/p>,<p>Jackson在分享他今天的课程安排。听一听，选择Jackson提及的学科。<\\/p>,<p>英语课上，老师在播放一段英语绕口令。听一听，绕口令中包含下面哪个单词？<\\/p>,<p>Jackson在分享他今天的课程安排。听一听，选择Jackson提及的学科。<\\/p>,<p>英语课上，老师在播放一段英语绕口令。听一听，绕口令中包含下面哪个单词？<\\/p>,,<p>英语课上，老师在播放一段英语绕口令。听一听，绕口令中包含下面哪个单词？<\\/p>,\", \"单元名称\" : \"Unit 2 What classes do you have this morning?\", \"设置的题目数量\" : 5, \"级别\" : \"基础巩固\", \"学科\" : \"英语\", \"对应端类型\" : \"通用\"}"
"{\"年级\" : \"八年级\", \"关联题目数量\" : 1, \"版本\" : \"人教版\", \"册\" : \"上册\", \"题干集合\" : \"\", \"单元名称\" : \"Unit 9 Can you come to my party?\", \"设置的题目数量\" : 1, \"级别\" : \"听长对话选答案\", \"学科\" : \"英语\", \"对应端类型\" : \"通用\"}"
"{\"年级\" : \"五年级\", \"关联题目数量\" : \"\", \"版本\" : \"湘鲁版\", \"册\" : \"上册\", \"题干集合\" : \"\", \"单元名称\" : \"Units 1-5 测试卷\", \"设置的题目数量\" : 5, \"级别\" : \"综合进阶\", \"学科\" : \"英语\", \"对应端类型\" : \"app\"}"
"{\"年级\" : \"三年级\", \"关联题目数量\" : 13, \"版本\" : \"湘少版\", \"册\" : \"上册\", \"题干集合\" : \",,,,,,,,,,,,\", \"单元名称\" : \"Unit 11 I like the bird\", \"设置的题目数量\" : 5, \"级别\" : \"基础巩固\", \"学科\" : \"英语\", \"对应端类型\" : \"app\"}"
"{\"年级\" : \"四年级\", \"关联题目数量\" : \"\", \"版本\" : \"人教版（三起）（2024审定）\", \"册\" : \"上册\", \"题干集合\" : \"\", \"单元名称\" : \"Units 3-4 测试卷\", \"设置的题目数量\" : 5, \"级别\" : \"综合进阶\", \"学科\" : \"英语\", \"对应端类型\" : \"通用\"}"
"{\"年级\" : \"六年级\", \"关联题目数量\" : 10, \"版本\" : \"湘少版\", \"册\" : \"下册\", \"题干集合\" : \"<p>We should eat healthy food every day.\\t<\\/p>,<p>He usually reads newspapers and listens to music.<\\/p>,,,<p>We should wash our face before eating.\\t<\\/p>,<p>Doing morning exercises is bad for us.\\t<\\/p>,<p>I want to be strong.<\\/p>,,,\", \"单元名称\" : \"Unit 3 We should learn to take care of ourselves\", \"设置的题目数量\" : 5, \"级别\" : \"难点突破\", \"学科\" : \"英语\", \"对应端类型\" : \"app\"}"
"{\"年级\" : \"三年级\", \"关联题目数量\" : \"\", \"版本\" : \"教科版（2024审定）\", \"册\" : \"下册\", \"题干集合\" : \"\", \"单元名称\" : \"U12\", \"设置的题目数量\" : 5, \"级别\" : \"综合进阶\", \"学科\" : \"英语\", \"对应端类型\" : \"通用\"}"
"{\"年级\" : \"四年级\", \"关联题目数量\" : 11, \"版本\" : \"湘少版\", \"册\" : \"下册\", \"题干集合\" : \",,,,,,,,,,\", \"单元名称\" : \"Unit 7 Today is Saturday\", \"设置的题目数量\" : 5, \"级别\" : \"综合进阶\", \"学科\" : \"英语\", \"对应端类型\" : \"app\"}"
"{\"年级\" : \"四年级\", \"关联题目数量\" : \"\", \"版本\" : \"\", \"册\" : \"上册\", \"题干集合\" : \"\", \"单元名称\" : \"U10\", \"设置的题目数量\" : 5, \"级别\" : \"综合进阶\", \"学科\" : \"英语\", \"对应端类型\" : \"通用\"}"
"{\"年级\" : \"六年级\", \"关联题目数量\" : \"\", \"版本\" : \"人教版（三起）\", \"册\" : \"下册\", \"题干集合\" : \"\", \"单元名称\" : \"U9\", \"设置的题目数量\" : 5, \"级别\" : \"基础巩固\", \"学科\" : \"英语\", \"对应端类型\" : \"通用\"}"
"{\"年级\" : \"七年级\", \"关联题目数量\" : 1, \"版本\" : \"人教版\", \"册\" : \"下册\", \"题干集合\" : \"\", \"单元名称\" : \"Unit 9 What does he look like?\", \"设置的题目数量\" : 1, \"级别\" : \"听独白选答案\", \"学科\" : \"英语\", \"对应端类型\" : \"通用\"}"
"{\"年级\" : \"三年级\", \"关联题目数量\" : 15, \"版本\" : \"人教版（三起）（2024审定）\", \"册\" : \"下册\", \"题干集合\" : \"<p>妈妈和Peter正在整理新买的文具和书本。听一听，选出妈妈所说的句子。<\\/p>,<p>Peter在街边售卖自己的旧物品。听一听，选出与Peter所说价格相符的图片。<\\/p>,<p>Lucy在出售自己闲置的学习用品。听一听，选择与Lucy所说内容相符的翻译。<\\/p>,<p>妈妈和Peter正在整理新买的文具和书本。听一听，选出Peter所说的句子。<\\/p>,<p>Peter在街边售卖自己的旧物品。听一听，选出与Peter所说价格相符的图片。<\\/p>,<p>Peter在街边售卖自己的旧物品。听一听，判断图片与他所说的内容是否相符。 <\\/p>,<p>Lucy和Lily在商店买东西。听一听，判断下面句子与她们所说内容是否相符。<\\/p><p>How much is the egg?<\\/p>,<p>Peter在清点自己的文具。听一听，判断图片与他所说的内容是否相符。<\\/p>,<p>Lucy在出售自己闲置的学习用品。听一听，选择与Lucy所说内容相符的翻译。<\\/p>,<p>Peter在文具店购物。听一听，选出Peter所说的句子。<\\/p>,<p> Peter在准备明天上学要带的东西。听一听，判断图片与他所说的内容是否相符。<\\/p>,<p>Lucy和Lily在商店买东西。听一听，判断下面句子与她们所说内容是否相符。<\\/p><p>We need thirteen oranges.<\\/p>,<p>Lucy和Lily在商店买东西。听一听，判断下面句子与她们所说内容是否相符。<\\/p><p>How many apples do you have?<\\/p>,<p>Lucy在出售自己闲置的学习用品。听一听，选择与Lucy所说内容相符的翻译。<\\/p>,<p>妈妈和Peter正在整理新买的文具和书本。听一听，选出妈妈所说的句子。<\\/p>\", \"单元名称\" : \"Unit 6 Numbers in life\", \"设置的题目数量\" : 5, \"级别\" : \"综合进阶\", \"学科\" : \"英语\", \"对应端类型\" : \"通用\"}"
"{\"年级\" : \"七年级\", \"关联题目数量\" : \"\", \"版本\" : \"人教版\", \"册\" : \"上册\", \"题干集合\" : \"\", \"单元名称\" : \"Starter Unit 2 What's this in English?\", \"设置的题目数量\" : 5, \"级别\" : \"难点突破\", \"学科\" : \"英语\", \"对应端类型\" : \"通用\"}"
"{\"年级\" : \"四年级\", \"关联题目数量\" : 15, \"版本\" : \"\", \"册\" : \"下册\", \"题干集合\" : \"<p>Mike在评价自己最喜欢的动物。听一听，下面句子是他说的话吗？<\\/p><p>Sheep are lovely and helpful.<\\/p>,,,<p>Nancy在农场给爷爷帮忙。听一听，图片与她的描述相符吗？<\\/p>,<p>We get wool from sheep.<\\/p>,,,,<p>Jack在参观农场时看到了很多有趣的事情。听一听，图片与他的描述相符吗？<\\/p>,,,,,,<p>Tom在描述动物对人类的帮助。听一听，下面句子是他说的话吗？<\\/p><p>Some dogs help blind people find their way.<\\/p>\", \"单元名称\" : \"Unit 9 We get milk from cows\", \"设置的题目数量\" : 15, \"级别\" : \"综合进阶\", \"学科\" : \"英语\", \"对应端类型\" : \"通用\"}"
"{\"年级\" : \"三年级\", \"关联题目数量\" : 10, \"版本\" : \"人教版（三起）\", \"册\" : \"下册\", \"题干集合\" : \",,,,,,,,,\", \"单元名称\" : \"Unit 6 How many?\", \"设置的题目数量\" : 5, \"级别\" : \"基础巩固\", \"学科\" : \"英语\", \"对应端类型\" : \"通用\"}"
"{\"年级\" : \"六年级\", \"关联题目数量\" : \"\", \"版本\" : \"湘少版\", \"册\" : \"上册\", \"题干集合\" : \"\", \"单元名称\" : \"期末测试卷（二）\", \"设置的题目数量\" : 5, \"级别\" : \"基础巩固\", \"学科\" : \"英语\", \"对应端类型\" : \"app\"}"
"{\"年级\" : \"四年级\", \"关联题目数量\" : \"\", \"版本\" : \"教科版\", \"册\" : \"上册\", \"题干集合\" : \"\", \"单元名称\" : \"Unit 6 How many classrooms are there in your school?\", \"设置的题目数量\" : 5, \"级别\" : \"难点突破\", \"学科\" : \"英语\", \"对应端类型\" : \"通用\"}"
"{\"年级\" : \"四年级\", \"关联题目数量\" : \"\", \"版本\" : \"\", \"册\" : \"下册\", \"题干集合\" : \"\", \"单元名称\" : \"期中复习\", \"设置的题目数量\" : 5, \"级别\" : \"综合进阶\", \"学科\" : \"英语\", \"对应端类型\" : \"通用\"}"
"{\"年级\" : \"三年级\", \"关联题目数量\" : \"\", \"版本\" : \"人教版（三起）\", \"册\" : \"上册\", \"题干集合\" : \"\", \"单元名称\" : \"Units 1-3 测试卷\", \"设置的题目数量\" : 5, \"级别\" : \"难点突破\", \"学科\" : \"英语\", \"对应端类型\" : \"app\"}"
"{\"年级\" : \"七年级\", \"关联题目数量\" : 1, \"版本\" : \"人教版\", \"册\" : \"下册\", \"题干集合\" : \"\", \"单元名称\" : \"Unit 12 What did you do last weekend?\", \"设置的题目数量\" : 1, \"级别\" : \"听独白选答案\", \"学科\" : \"英语\", \"对应端类型\" : \"通用\"}"
"{\"年级\" : \"五年级\", \"关联题目数量\" : 10, \"版本\" : \"湘少版\", \"册\" : \"上册\", \"题干集合\" : \",,,,,,,,,\", \"单元名称\" : \"Unit 6 Which one do you want?\", \"设置的题目数量\" : 5, \"级别\" : \"综合进阶\", \"学科\" : \"英语\", \"对应端类型\" : \"app\"}"
"{\"年级\" : \"四年级\", \"关联题目数量\" : \"\", \"版本\" : \"湘少版（2024审定）\", \"册\" : \"上册\", \"题干集合\" : \"\", \"单元名称\" : \"期末复习\", \"设置的题目数量\" : 5, \"级别\" : \"综合进阶\", \"学科\" : \"英语\", \"对应端类型\" : \"通用\"}"
"{\"年级\" : \"四年级\", \"关联题目数量\" : 15, \"版本\" : \"湘少版（2024审定）\", \"册\" : \"下册\", \"题干集合\" : \",,,,,,,,,,,,,,\", \"单元名称\" : \"Unit 5 She helps students\", \"设置的题目数量\" : 5, \"级别\" : \"综合进阶\", \"学科\" : \"英语\", \"对应端类型\" : \"通用\"}"
"{\"年级\" : \"四年级\", \"关联题目数量\" : 15, \"版本\" : \"教科版（2024审定）\", \"册\" : \"下册\", \"题干集合\" : \",,,,,,,,,,,,,,\", \"单元名称\" : \"Unit 5 How's the Weather?\", \"设置的题目数量\" : 5, \"级别\" : \"基础巩固\", \"学科\" : \"英语\", \"对应端类型\" : \"通用\"}"
"{\"年级\" : \"四年级\", \"关联题目数量\" : 15, \"版本\" : \"湘少版（2024审定）\", \"册\" : \"下册\", \"题干集合\" : \"<p>英语课上，老师在播放一段英语绕口令。听一听，绕口令中包含下面哪个单词？<\\/p>,,,,,,,,,<p>英语课上，老师在播放一段英语绕口令。听一听，绕口令中包含下面哪个单词？<\\/p>,,,,,\", \"单元名称\" : \"Unit 9 The Dragon Boat Festival\", \"设置的题目数量\" : 5, \"级别\" : \"基础巩固\", \"学科\" : \"英语\", \"对应端类型\" : \"通用\"}"
"{\"年级\" : \"五年级\", \"关联题目数量\" : \"\", \"版本\" : \"教科版\", \"册\" : \"上册\", \"题干集合\" : \"\", \"单元名称\" : \"Unit 7 Do you want coffee or tea?\", \"设置的题目数量\" : 5, \"级别\" : \"难点突破\", \"学科\" : \"英语\", \"对应端类型\" : \"通用\"}"
"{\"年级\" : \"七年级\", \"关联题目数量\" : \"\", \"版本\" : \"\", \"册\" : \"上册\", \"题干集合\" : \"\", \"单元名称\" : \"Starter Unit 3 Welcome!\", \"设置的题目数量\" : 5, \"级别\" : \"基础巩固\", \"学科\" : \"英语\", \"对应端类型\" : \"通用\"}"
"{\"年级\" : \"三年级\", \"关联题目数量\" : 10, \"版本\" : \"人教版（三起）\", \"册\" : \"上册\", \"题干集合\" : \",,,,,,,,,\", \"单元名称\" : \"Unit 5 Let's eat!\", \"设置的题目数量\" : 5, \"级别\" : \"基础巩固\", \"学科\" : \"英语\", \"对应端类型\" : \"app\"}"
"{\"年级\" : \"四年级\", \"关联题目数量\" : \"\", \"版本\" : \"湘鲁版\", \"册\" : \"上册\", \"题干集合\" : \"\", \"单元名称\" : \"Units 1-3 测试卷\", \"设置的题目数量\" : 5, \"级别\" : \"基础巩固\", \"学科\" : \"英语\", \"对应端类型\" : \"app\"}"
"{\"年级\" : \"五年级\", \"关联题目数量\" : 10, \"版本\" : \"人教版（三起）\", \"册\" : \"下册\", \"题干集合\" : \",,,,,,,,,\", \"单元名称\" : \"Unit 4 When is the art show?\", \"设置的题目数量\" : 5, \"级别\" : \"综合进阶\", \"学科\" : \"英语\", \"对应端类型\" : \"app\"}"
"{\"年级\" : \"五年级\", \"关联题目数量\" : 10, \"版本\" : \"湘少版\", \"册\" : \"上册\", \"题干集合\" : \",<p>|space<||>space| |space<||>space| |space<||>space| |space<||>space|<\\/p>,<p>|space<||>space| |space<||>space| |space<||>space| |space<||>space| |space<||>space| |space<||>space|<\\/p>,<p>玫瑰花<\\/p>,<p>兔子<\\/p>,,,<p>|space<||>space| |space<||>space| |space<||>space| |space<||>space| |space<||>space| |space<||>space|<\\/p>,,<p>|space<||>space| |space<||>space| |space<||>space| |space<||>space|<\\/p>\", \"单元名称\" : \"Unit 5 Can I have a pet?\", \"设置的题目数量\" : 5, \"级别\" : \"难点突破\", \"学科\" : \"英语\", \"对应端类型\" : \"app\"}"
"{\"年级\" : \"六年级\", \"关联题目数量\" : \"\", \"版本\" : \"湘鲁版\", \"册\" : \"下册\", \"题干集合\" : \"\", \"单元名称\" : \"期末复习\", \"设置的题目数量\" : 5, \"级别\" : \"难点突破\", \"学科\" : \"英语\", \"对应端类型\" : \"app\"}"
"{\"年级\" : \"三年级\", \"关联题目数量\" : 15, \"版本\" : \"教科版（2024审定）\", \"册\" : \"下册\", \"题干集合\" : \"<p>交换生Tim第一次来到Mulan的学校。听一听Tim的提问，帮助Mulan选择正确的中文翻译。<\\/p>,<p>Mulan在给交换生Tim介绍食堂里的行为规范。听一听，选择正确的中文翻译。<\\/p>,<p>Mulan在给交换生Tim介绍食堂里的行为规范。听一听，选择正确的中文翻译。<\\/p>,<p>Sam在整理一些良好的行为。听一听，选出对应的图片。<\\/p>,<p> Sam在整理一些良好的行为。听一听，选出对应的图片。<\\/p>,<p>新同学Tom和Mulan在音乐室里聊天。听一听，选出你所听到的句子。<\\/p>,<p>听一听Sam对于学校不同场所的行为规范的描述，判断所给图片与Sam的描述是否相符。<\\/p>,<p>Mulan在给交换生Tim介绍课堂上的行为规范。听一听，选择正确的中文翻译。<\\/p>,<p>听一听Sam对于学校不同场所的行为规范的描述，判断所给图片与Sam的描述是否相符。<\\/p>,<p>听一听Sam对于学校不同场所的行为规范的描述，判断所给图片与Sam的描述是否相符。<\\/p>,<p>Sam在整理一些良好的行为。听一听，选出对应的图片。<\\/p>,<p>新同学Tom和Mulan在音乐室里聊天。听一听，选出你所听到的句子。<\\/p>,<p>Sam正在对Mulan学校各个场所的行为进行调查。听一听，选出你所听到的句子。<\\/p>,<p>听一听Sam对于学校不同场所的行为规范的描述，判断所给图片与Sam的描述是否相符。<\\/p>,<p>听一听Sam对于学校不同场所的行为规范的描述，判断所给图片与Sam的描述是否相符。<\\/p>\", \"单元名称\" : \"Unit 8 A Polite Way\", \"设置的题目数量\" : 5, \"级别\" : \"综合进阶\", \"学科\" : \"英语\", \"对应端类型\" : \"通用\"}"
"{\"年级\" : \"四年级\", \"关联题目数量\" : 10, \"版本\" : \"\", \"册\" : \"上册\", \"题干集合\" : \"<p>家庭会议上，爸爸提供了一些缓解情绪的建议。听一听，图片是爸爸的建议吗？<\\/p>,<p>Tommy在记录朋友们缓解情绪的方法。听一听，他记录对了吗？<\\/p><p>Having an ice cream makes Bob feel better.<\\/p>,<p>Andy在写日记。听一听，他依次写了哪些句子呢？<\\/p>,<p>家庭会议上，爸爸提供了一些缓解情绪的建议。听一听，图片是爸爸的建议吗？<\\/p>,<p>爸爸在开导心情低落的John。听一听，帮John回复爸爸的话吧！<\\/p>,<p>Tommy在记录朋友们缓解情绪的方法。听一听，他记录对了吗？<\\/p><p>Playing games makes Mike feel better.<\\/p>,<p>课堂上，同学们在分享让自己开心的方法。听一听，他们的方法是什么呢？<\\/p>,<p>同学们在分享让自己缓解情绪的方法。听一听，他们分享了什么方法呢？<\\/p>,<p>爸爸在开导心情低落的John。听一听，帮John回复爸爸的话吧！<\\/p>,<p>同学们在分享让自己缓解情绪的方法。听一听，他们分享了什么方法呢？<\\/p>\", \"单元名称\" : \"Unit 3 Playing the piano makes me happy!\", \"设置的题目数量\" : 5, \"级别\" : \"难点突破\", \"学科\" : \"英语\", \"对应端类型\" : \"通用\"}"
"{\"年级\" : \"三年级\", \"关联题目数量\" : \"\", \"版本\" : \"人教版（三起）（2024审定）\", \"册\" : \"上册\", \"题干集合\" : \"\", \"单元名称\" : \"Units 4-6 测试卷（B）\", \"设置的题目数量\" : 5, \"级别\" : \"难点突破\", \"学科\" : \"英语\", \"对应端类型\" : \"通用\"}"
"{\"年级\" : \"五年级\", \"关联题目数量\" : 13, \"版本\" : \"湘少版\", \"册\" : \"上册\", \"题干集合\" : \",,,,,<p>think<\\/p>,,,,,<p>lovely<\\/p>,<p>clothes<\\/p>,\", \"单元名称\" : \"Unit 6 Which one do you want?\", \"设置的题目数量\" : 5, \"级别\" : \"基础巩固\", \"学科\" : \"英语\", \"对应端类型\" : \"app\"}"
"{\"年级\" : \"四年级\", \"关联题目数量\" : \"\", \"版本\" : \"人教版（三起）\", \"册\" : \"下册\", \"题干集合\" : \"\", \"单元名称\" : \"U12\", \"设置的题目数量\" : 5, \"级别\" : \"基础巩固\", \"学科\" : \"英语\", \"对应端类型\" : \"app\"}"
"{\"年级\" : \"七年级\", \"关联题目数量\" : 1, \"版本\" : \"人教版\", \"册\" : \"上册\", \"题干集合\" : \"\", \"单元名称\" : \"Unit 1 My name's Gina.\", \"设置的题目数量\" : 1, \"级别\" : \"听独白选答案\", \"学科\" : \"英语\", \"对应端类型\" : \"通用\"}"
"{\"年级\" : \"四年级\", \"关联题目数量\" : \"\", \"版本\" : \"湘鲁版\", \"册\" : \"下册\", \"题干集合\" : \"\", \"单元名称\" : \"U11\", \"设置的题目数量\" : 5, \"级别\" : \"难点突破\", \"学科\" : \"英语\", \"对应端类型\" : \"app\"}"
"{\"年级\" : \"五年级\", \"关联题目数量\" : \"\", \"版本\" : \"教科版\", \"册\" : \"上册\", \"题干集合\" : \"\", \"单元名称\" : \"Unit 10 Different tastes\", \"设置的题目数量\" : 5, \"级别\" : \"基础巩固\", \"学科\" : \"英语\", \"对应端类型\" : \"通用\"}"
"{\"年级\" : \"四年级\", \"关联题目数量\" : \"\", \"版本\" : \"教科版\", \"册\" : \"上册\", \"题干集合\" : \"\", \"单元名称\" : \"期中复习\", \"设置的题目数量\" : 5, \"级别\" : \"基础巩固\", \"学科\" : \"英语\", \"对应端类型\" : \"通用\"}"
"{\"年级\" : \"四年级\", \"关联题目数量\" : 10, \"版本\" : \"湘少版\", \"册\" : \"下册\", \"题干集合\" : \",,,,,,,,,\", \"单元名称\" : \"Unit 11 Do you have a ticket？\", \"设置的题目数量\" : 5, \"级别\" : \"综合进阶\", \"学科\" : \"英语\", \"对应端类型\" : \"app\"}"
"{\"年级\" : \"六年级\", \"关联题目数量\" : 15, \"版本\" : \"湘鲁版\", \"册\" : \"上册\", \"题干集合\" : \"<p>|space<||>space| |space<||>space| |space<||>space| |space<||>space| |space<||>space| |space<||>space| |space<||>space| |space<||>space|<\\/p>,,,,<p>|space<||>space| |space<||>space| |space<||>space| |space<||>space| |space<||>space| |space<||>space|<\\/p>,,,,,,,<p>|space<||>space| |space<||>space| |space<||>space| |space<||>space| |space<||>space| |space<||>space|<\\/p>,<p>|space<||>space| |space<||>space| |space<||>space| |space<||>space| |space<||>space|<\\/p>,<p>|space<||>space| |space<||>space| |space<||>space| |space<||>space|<\\/p>,<p>|space<||>space| |space<||>space| |space<||>space| |space<||>space| |space<||>space| |space<||>space| |space<||>space|<\\/p>\", \"单元名称\" : \"Unit 1 Who is Cousin Harry?\", \"设置的题目数量\" : 5, \"级别\" : \"难点突破\", \"学科\" : \"英语\", \"对应端类型\" : \"app\"}"
"{\"年级\" : \"七年级\", \"关联题目数量\" : 1, \"版本\" : \"\", \"册\" : \"下册\", \"题干集合\" : \"\", \"单元名称\" : \"Unit 6 Rain or Shine\", \"设置的题目数量\" : 1, \"级别\" : \"听长对话选答案\", \"学科\" : \"英语\", \"对应端类型\" : \"通用\"}"
"{\"年级\" : \"四年级\", \"关联题目数量\" : 10, \"版本\" : \"\", \"册\" : \"上册\", \"题干集合\" : \"<p>今天学校秋游，同学们看到了一些标志。听一听，图片是他们看到的标志吗？<\\/p>,<p>今天学校秋游，同学们看到了一些标志。听一听，图片是他们看到的标志吗？<\\/p>,<p>Lily一家在郊区露营，Lily对周围的事物很好奇。听一听，帮妈妈回复她吧！<\\/p>,<p>Tim在询问家庭旅游的一些注意事项。听一听，爸爸依次提醒了他哪些事情？<\\/p>,<p>Lily一家在郊区露营，Lily对周围的事物很好奇。听一听，帮妈妈回复她吧！<\\/p>,<p>爸爸发现Lily四处乱跑，在大声地提醒她。听一听，帮Lily回复爸爸吧！<\\/p>,<p>同学们在分享不同场所看到的标志。听一听，他们依次分享了哪些标志呢？<\\/p>,<p>今天学校秋游，同学们看到了一些标志。听一听，图片是他们看到的标志吗？<\\/p>,<p>Andy在收集其他场所的标志。听一听，他收集了什么标志呢？<\\/p>,<p>Andy在收集其他场所的标志。听一听，他收集了什么标志呢？<\\/p>\", \"单元名称\" : \"Unit 5 Can I swim in the lake?\", \"设置的题目数量\" : 5, \"级别\" : \"难点突破\", \"学科\" : \"英语\", \"对应端类型\" : \"通用\"}"
"{\"年级\" : \"四年级\", \"关联题目数量\" : \"\", \"版本\" : \"人教版（三起）（2024审定）\", \"册\" : \"上册\", \"题干集合\" : \"\", \"单元名称\" : \"U10\", \"设置的题目数量\" : 5, \"级别\" : \"基础巩固\", \"学科\" : \"英语\", \"对应端类型\" : \"通用\"}"
"{\"年级\" : \"六年级\", \"关联题目数量\" : 10, \"版本\" : \"湘少版\", \"册\" : \"上册\", \"题干集合\" : \"<p>大量的；重的<\\/p>,<p>|space<||>space| |space<||>space| |space<||>space| |space<||>space| |space<||>space|<\\/p>,,<p>暴风雨的<\\/p>,<p>|space<||>space| |space<||>space| |space<||>space| |space<||>space|<\\/p>,,<p>轻柔的；微弱的<\\/p>,,,<p>|space<||>space| |space<||>space| |space<||>space| |space<||>space| |space<||>space|<\\/p>\", \"单元名称\" : \"Unit 5 It will be sunny and cool tomorrow\", \"设置的题目数量\" : 5, \"级别\" : \"难点突破\", \"学科\" : \"英语\", \"对应端类型\" : \"app\"}"
"{\"年级\" : \"三年级\", \"关联题目数量\" : 10, \"版本\" : \"湘少版\", \"册\" : \"上册\", \"题干集合\" : \",,,,,,,,,\", \"单元名称\" : \"Unit 8 What's this?\", \"设置的题目数量\" : 5, \"级别\" : \"难点突破\", \"学科\" : \"英语\", \"对应端类型\" : \"app\"}"
"{\"年级\" : \"三年级\", \"关联题目数量\" : \"\", \"版本\" : \"教科版（2024审定）\", \"册\" : \"上册\", \"题干集合\" : \"\", \"单元名称\" : \"期中复习\", \"设置的题目数量\" : 5, \"级别\" : \"综合进阶\", \"学科\" : \"英语\", \"对应端类型\" : \"通用\"}"
"{\"年级\" : \"七年级\", \"关联题目数量\" : \"\", \"版本\" : \"\", \"册\" : \"上册\", \"题干集合\" : \"\", \"单元名称\" : \"Starter Unit 1 Hello!\", \"设置的题目数量\" : 5, \"级别\" : \"难点突破\", \"学科\" : \"英语\", \"对应端类型\" : \"通用\"}"
"{\"年级\" : \"六年级\", \"关联题目数量\" : 10, \"版本\" : \"湘少版\", \"册\" : \"上册\", \"题干集合\" : \",<p>forecast<\\/p>,<p>send<\\/p>,,,,,,<p>warm<\\/p>,<p>night<\\/p>\", \"单元名称\" : \"Unit 5 It will be sunny and cool tomorrow\", \"设置的题目数量\" : 5, \"级别\" : \"基础巩固\", \"学科\" : \"英语\", \"对应端类型\" : \"app\"}"
"{\"年级\" : \"三年级\", \"关联题目数量\" : 15, \"版本\" : \"人教版（三起）（2024审定）\", \"册\" : \"下册\", \"题干集合\" : \"<p>Lucy在收拾自己的房间。听一听，判断图片与Lucy所说的内容是否相符。<\\/p>,<p> Lucy在收拾自己的房间。听一听，判断图片与Lucy所说的内容是否相符。<\\/p>,<p>Lily在教弟弟读英语绕口令。听一听，选出包含Lily所读音标对应的单词。<\\/p>,<p> Lucy在教弟弟认识新单词。听一听，选出Lucy所教的单词。<\\/p>,<p>Lucy对今天学习的几个方位介词不太熟悉。听一听，帮Lucy选出方位介词的释义。<\\/p>,<p>Lucy对今天学习的几个方位介词不太熟悉。听一听，帮Lucy选出方位介词的释义。<\\/p>,<p>Lucy在教弟弟认识新单词。听一听，选出Lucy所教的单词。<\\/p>,<p>Lucy和弟弟在整理家里的玩具。听一听，选出与Lucy所说玩具相符的图片。<\\/p>,<p>Lily在教弟弟读英语绕口令。听一听，选出包含Lily所读音标对应的单词。<\\/p>,<p>Lucy和弟弟在整理家里的玩具。听一听，选出与Lucy所说玩具相符的图片。<\\/p>,<p>Lucy在教弟弟认识新单词。听一听，选出Lucy所教的单词。<\\/p>,<p>Lucy在收拾自己的房间。听一听，判断图片与Lucy所说的内容是否相符。<\\/p>,<p>Lucy在收拾自己的房间。听一听，判断图片与Lucy所说的内容是否相符。<\\/p>,<p>Lucy和弟弟在整理家里的玩具。听一听，选出与Lucy所说玩具相符的图片。<\\/p>,<p>Lucy对今天学习的几个方位介词不太熟悉。听一听，帮Lucy选出方位介词的释义。<\\/p>\", \"单元名称\" : \"Unit 5 Old toys\", \"设置的题目数量\" : 5, \"级别\" : \"基础巩固\", \"学科\" : \"英语\", \"对应端类型\" : \"通用\"}"
"{\"年级\" : \"四年级\", \"关联题目数量\" : \"\", \"版本\" : \"人教版（三起）（2024审定）\", \"册\" : \"下册\", \"题干集合\" : \"\", \"单元名称\" : \"U12\", \"设置的题目数量\" : 5, \"级别\" : \"难点突破\", \"学科\" : \"英语\", \"对应端类型\" : \"通用\"}"
"{\"年级\" : \"五年级\", \"关联题目数量\" : 9, \"版本\" : \"湘少版\", \"册\" : \"上册\", \"题干集合\" : \",,,,,,,,\", \"单元名称\" : \"Unit 3 Do you want some rice?\", \"设置的题目数量\" : 5, \"级别\" : \"综合进阶\", \"学科\" : \"英语\", \"对应端类型\" : \"app\"}"
"{\"年级\" : \"四年级\", \"关联题目数量\" : 10, \"版本\" : \"教科版（2024审定）\", \"册\" : \"上册\", \"题干集合\" : \"<p>Sam在制作三明治。听一听，他的制作步骤是怎样的呢？<\\/p>,<p>Lily在煮水饺。听一听，她依次进行了哪些步骤？<\\/p>,<p>烹饪课上，Peter在询问老师问题。听一听，帮老师回答Peter吧！<\\/p>,<p>John在煮面条。听一听，他依次进行了哪些步骤？<\\/p>,<p>Ludi和Owen在谈论如何制作食物。听一听，图片是他们谈到的制作过程吗？<\\/p>,<p>Lucus和Aiwen在录制一档烹饪节目。听一听，他们依次提到了哪些步骤？<\\/p>,<p>Ludi和Owen在谈论如何制作食物。听一听，图片与他们的对话相符吗？<\\/p>,<p>Ludi和Owen在谈论如何制作食物。听一听，哪张图片是他们说的内容呢？<\\/p>,<p>烹饪课上，Peter在询问老师问题。听一听，帮老师回答Peter吧！<\\/p>,<p>同学们在谈论如何制作食物。听一听，哪张图片是他们说的内容呢？<\\/p>\", \"单元名称\" : \"Unit 3 I'm the Chef Today!\", \"设置的题目数量\" : 5, \"级别\" : \"难点突破\", \"学科\" : \"英语\", \"对应端类型\" : \"通用\"}"
"{\"年级\" : \"三年级\", \"关联题目数量\" : \"\", \"版本\" : \"人教版（三起）\", \"册\" : \"下册\", \"题干集合\" : \"\", \"单元名称\" : \"期中复习\", \"设置的题目数量\" : 5, \"级别\" : \"综合进阶\", \"学科\" : \"英语\", \"对应端类型\" : \"通用\"}"
"{\"年级\" : \"三年级\", \"关联题目数量\" : 12, \"版本\" : \"人教版（三起）（2024审定）\", \"册\" : \"下册\", \"题干集合\" : \"<p>Linda在读自然拼读绘本，听一听，选出包含Linda所读音标的单词。<\\/p>,<p>Linda在教妹妹认识数字。听录音，选出与Linda所说单词相符的数字。<\\/p>,<p>Amy在给单词匹配释义。听一听，帮助Amy选出与所听单词相符的释义。<\\/p>,<p>Linda在教妹妹认识数字。听录音，选出与Linda所说单词相符的数字。<\\/p>,<p>Tom在朗读单词。听一听，选出Tom所读的单词。<\\/p>,<p>Lily的妹妹在朗读单词。听一听，选出Lily妹妹所读的单词。<\\/p>,<p>Linda在教妹妹认识数字。听录音，选出与Linda所说单词相符的数字。<\\/p>,<p>E宝在超市购物。听一听，判断图片与E宝所说单词是否相符。<\\/p>,<p>E宝在超市购物。听一听，判断图片与E宝所说词组是否相符。<\\/p>,<p>Linda在教妹妹认识数字。听录音，选出与Linda所说单词相符的数字。<\\/p>,<p>Lily的妹妹在朗读单词。听一听，选出Lily妹妹所读的单词。<\\/p>,<p>Linda在读自然拼读绘本，听一听，选出包含Linda所读音标的单词。<\\/p>\", \"单元名称\" : \"Unit 6 Numbers in life\", \"设置的题目数量\" : 5, \"级别\" : \"基础巩固\", \"学科\" : \"英语\", \"对应端类型\" : \"通用\"}"
"{\"年级\" : \"六年级\", \"关联题目数量\" : 18, \"版本\" : \"人教版（三起）\", \"册\" : \"上册\", \"题干集合\" : \",<p>|space<||>space| |space<||>space| |space<||>space| |space<||>space| |space<||>space| |space<||>space| ary<\\/p>,,,<p>|space<||>space| |space<||>space| |space<||>space| |space<||>space| |space<||>space| |space<||>space| |space<||>space| |space<||>space| man<\\/p>,<p>|space<||>space| |space<||>space| |space<||>space| |space<||>space| |space<||>space| |space<||>space| man<\\/p>,,,<p>|space<||>space| |space<||>space| |space<||>space| |space<||>space| |space<||>space| |space<||>space|<\\/p>,<p>|space<||>space| |space<||>space| |space<||>space| |space<||>space| |space<||>space|<\\/p>,<p>|space<||>space| |space<||>space| |space<||>space| |space<||>space| |space<||>space| |space<||>space| er<\\/p>,,<p>|space<||>space| |space<||>space| |space<||>space| |space<||>space| |space<||>space| |space<||>space| |space<||>space|<\\/p>,,,<p>|space<||>space| |space<||>space| |space<||>space| |space<||>space| |space<||>space| |space<||>space| |space<||>space| |space<||>space| |space<||>space|<\\/p>,,\", \"单元名称\" : \"Unit 5 What does he do?\", \"设置的题目数量\" : 5, \"级别\" : \"难点突破\", \"学科\" : \"英语\", \"对应端类型\" : \"app\"}"
"{\"年级\" : \"六年级\", \"关联题目数量\" : 10, \"版本\" : \"湘少版\", \"册\" : \"上册\", \"题干集合\" : \"NULL,,<p>holiday<\\/p>,<p>dictionary<\\/p>,,NULL,<p>rang<\\/p>,<p>practise<\\/p>,,\", \"单元名称\" : \"Unit 1 What did you do during the holidays?\", \"设置的题目数量\" : 5, \"级别\" : \"基础巩固\", \"学科\" : \"英语\", \"对应端类型\" : \"app\"}"
"{\"年级\" : \"三年级\", \"关联题目数量\" : \"\", \"版本\" : \"人教版（三起）（2024审定）\", \"册\" : \"下册\", \"题干集合\" : \"\", \"单元名称\" : \"U11\", \"设置的题目数量\" : 5, \"级别\" : \"难点突破\", \"学科\" : \"英语\", \"对应端类型\" : \"通用\"}"
"{\"年级\" : \"四年级\", \"关联题目数量\" : \"\", \"版本\" : \"湘少版（2024审定）\", \"册\" : \"下册\", \"题干集合\" : \"\", \"单元名称\" : \"U11\", \"设置的题目数量\" : 5, \"级别\" : \"基础巩固\", \"学科\" : \"英语\", \"对应端类型\" : \"通用\"}"
"{\"年级\" : \"八年级\", \"关联题目数量\" : \"\", \"版本\" : \"人教版\", \"册\" : \"上册\", \"题干集合\" : \"\", \"单元名称\" : \"期末复习\", \"设置的题目数量\" : 5, \"级别\" : \"难点突破\", \"学科\" : \"英语\", \"对应端类型\" : \"通用\"}"
"{\"年级\" : \"五年级\", \"关联题目数量\" : \"\", \"版本\" : \"人教版（三起）\", \"册\" : \"下册\", \"题干集合\" : \"\", \"单元名称\" : \"U10\", \"设置的题目数量\" : 5, \"级别\" : \"综合进阶\", \"学科\" : \"英语\", \"对应端类型\" : \"app\"}"
"{\"年级\" : \"七年级\", \"关联题目数量\" : 1, \"版本\" : \"人教版\", \"册\" : \"上册\", \"题干集合\" : \"\", \"单元名称\" : \"Starter Units\", \"设置的题目数量\" : 1, \"级别\" : \"听独白选答案\", \"学科\" : \"英语\", \"对应端类型\" : \"通用\"}"
"{\"年级\" : \"八年级\", \"关联题目数量\" : 1, \"版本\" : \"人教版\", \"册\" : \"下册\", \"题干集合\" : \"\", \"单元名称\" : \"Unit 5 What were you doing when the rainstorm came?\", \"设置的题目数量\" : 1, \"级别\" : \"听长对话选答案\", \"学科\" : \"英语\", \"对应端类型\" : \"通用\"}"
"{\"年级\" : \"六年级\", \"关联题目数量\" : \"\", \"版本\" : \"教科版\", \"册\" : \"上册\", \"题干集合\" : \"\", \"单元名称\" : \"Unit 11 I like the Spring Festival best\", \"设置的题目数量\" : 5, \"级别\" : \"综合进阶\", \"学科\" : \"英语\", \"对应端类型\" : \"通用\"}"
"{\"年级\" : \"四年级\", \"关联题目数量\" : \"\", \"版本\" : \"湘少版（2024审定）\", \"册\" : \"上册\", \"题干集合\" : \"\", \"单元名称\" : \"U11\", \"设置的题目数量\" : 5, \"级别\" : \"难点突破\", \"学科\" : \"英语\", \"对应端类型\" : \"通用\"}"
"{\"年级\" : \"四年级\", \"关联题目数量\" : \"\", \"版本\" : \"湘少版（2024审定）\", \"册\" : \"下册\", \"题干集合\" : \"\", \"单元名称\" : \"U12\", \"设置的题目数量\" : 5, \"级别\" : \"难点突破\", \"学科\" : \"英语\", \"对应端类型\" : \"通用\"}"
"{\"年级\" : \"四年级\", \"关联题目数量\" : 11, \"版本\" : \"湘少版\", \"册\" : \"下册\", \"题干集合\" : \",,,,,,,,,,\", \"单元名称\" : \"Unit 10 He has two feet\", \"设置的题目数量\" : 5, \"级别\" : \"综合进阶\", \"学科\" : \"英语\", \"对应端类型\" : \"app\"}"
"{\"年级\" : \"八年级\", \"关联题目数量\" : 1, \"版本\" : \"人教版\", \"册\" : \"下册\", \"题干集合\" : \"\", \"单元名称\" : \"Unit 4 Why don't you talk to your parents?\", \"设置的题目数量\" : 1, \"级别\" : \"听长对话选答案\", \"学科\" : \"英语\", \"对应端类型\" : \"通用\"}"
"{\"年级\" : \"四年级\", \"关联题目数量\" : \"\", \"版本\" : \"人教版（三起）（2024审定）\", \"册\" : \"下册\", \"题干集合\" : \"\", \"单元名称\" : \"期中复习\", \"设置的题目数量\" : 5, \"级别\" : \"基础巩固\", \"学科\" : \"英语\", \"对应端类型\" : \"通用\"}"
"{\"年级\" : \"五年级\", \"关联题目数量\" : 10, \"版本\" : \"人教版（三起）\", \"册\" : \"下册\", \"题干集合\" : \"<p>My birthday is on May |space<||>space|.<\\/p>,,,,<p>There are some |space<||>space| days in May.<\\/p>,,,<p>It's on March |space<||>space|.<\\/p>,<p>When is the reading |space<||>space|?<\\/p>,<p>Monday is the |space<||>space| day of a week.<\\/p>\", \"单元名称\" : \"Unit 4 When is the art show?\", \"设置的题目数量\" : 5, \"级别\" : \"难点突破\", \"学科\" : \"英语\", \"对应端类型\" : \"app\"}"
"{\"年级\" : \"七年级\", \"关联题目数量\" : 5, \"版本\" : \"\", \"册\" : \"上册\", \"题干集合\" : \"<p>Who is Miss Miller?<\\/p>,<p>What does Lucy think of geography?<\\/p>,<p>Why does the boy like history?<\\/p>,<p>What subject does Mike like?<\\/p>,<p>What's the girl's favourite subject?<\\/p>\", \"单元名称\" : \"Unit 4 My Favourite Subject\", \"设置的题目数量\" : 5, \"级别\" : \"听短对话选答案\", \"学科\" : \"英语\", \"对应端类型\" : \"通用\"}"
"{\"年级\" : \"三年级\", \"关联题目数量\" : 10, \"版本\" : \"湘鲁版\", \"册\" : \"下册\", \"题干集合\" : \"<p>rabbit<\\/p>,,<p>sleep<\\/p>,<p>pen<\\/p>,<p>her<\\/p>,,<p>dog<\\/p>,,<p>cow<\\/p>,\", \"单元名称\" : \"Unit 8  Do you have a pet?\", \"设置的题目数量\" : 5, \"级别\" : \"基础巩固\", \"学科\" : \"英语\", \"对应端类型\" : \"app\"}"
"{\"年级\" : \"四年级\", \"关联题目数量\" : \"\", \"版本\" : \"湘少版\", \"册\" : \"上册\", \"题干集合\" : \"\", \"单元名称\" : \"期中复习\", \"设置的题目数量\" : 5, \"级别\" : \"难点突破\", \"学科\" : \"英语\", \"对应端类型\" : \"app\"}"
"{\"年级\" : \"四年级\", \"关联题目数量\" : \"\", \"版本\" : \"人教版（三起）\", \"册\" : \"下册\", \"题干集合\" : \"\", \"单元名称\" : \"U8\", \"设置的题目数量\" : 5, \"级别\" : \"难点突破\", \"学科\" : \"英语\", \"对应端类型\" : \"app\"}"
"{\"年级\" : \"六年级\", \"关联题目数量\" : \"\", \"版本\" : \"人教版（三起）\", \"册\" : \"上册\", \"题干集合\" : \"\", \"单元名称\" : \"期末复习\", \"设置的题目数量\" : 5, \"级别\" : \"基础巩固\", \"学科\" : \"英语\", \"对应端类型\" : \"app\"}"
"{\"年级\" : \"四年级\", \"关联题目数量\" : 15, \"版本\" : \"湘少版（2024审定）\", \"册\" : \"下册\", \"题干集合\" : \",<p>英语课上，老师在播放一段英语绕口令。听一听，绕口令中包含下面哪个单词？<\\/p>,,,,,,,,<p>英语课上，老师在播放一段英语绕口令。听一听，绕口令中包含下面哪个单词？<\\/p>,,,,,\", \"单元名称\" : \"Unit 7 What can you see?\", \"设置的题目数量\" : 5, \"级别\" : \"基础巩固\", \"学科\" : \"英语\", \"对应端类型\" : \"通用\"}"
"{\"年级\" : \"四年级\", \"关联题目数量\" : 5, \"版本\" : \"湘少版\", \"册\" : \"下册\", \"题干集合\" : \",,,,\", \"单元名称\" : \"期末复习\", \"设置的题目数量\" : 5, \"级别\" : \"基础巩固\", \"学科\" : \"英语\", \"对应端类型\" : \"app\"}"
"{\"年级\" : \"五年级\", \"关联题目数量\" : 14, \"版本\" : \"湘少版\", \"册\" : \"上册\", \"题干集合\" : \",,,,<p>his<\\/p>,,<p>often<\\/p>,,,,,,,\", \"单元名称\" : \"Unit 8 Lingling helps her parents\", \"设置的题目数量\" : 5, \"级别\" : \"基础巩固\", \"学科\" : \"英语\", \"对应端类型\" : \"app\"}"
"{\"年级\" : \"四年级\", \"关联题目数量\" : 10, \"版本\" : \"湘少版\", \"册\" : \"下册\", \"题干集合\" : \",,,,,,,,,\", \"单元名称\" : \"Unit 1 It's on your head!\", \"设置的题目数量\" : 5, \"级别\" : \"综合进阶\", \"学科\" : \"英语\", \"对应端类型\" : \"app\"}"
"{\"年级\" : \"三年级\", \"关联题目数量\" : 10, \"版本\" : \"\", \"册\" : \"下册\", \"题干集合\" : \"<p>Lily和妈妈在书房整理东西，她们会说些什么呢？听一听，选择恰当的答语。<span class=\\\"ql-cursor\\\">﻿<\\/span><\\/p>,<p>Lily和妈妈在书房整理东西，她们会说些什么呢？听一听，选择恰当的答语。<\\/p>,<p>Amy在准备明天要用的学习用品。听一听她和爸爸的对话，选出与对话相符的图片。<\\/p>,<p>Lily的妈妈和Lily在一起收拾房间，Lily发现她有些物品找不到了。听一听，判断下列图片与她们的对话是否相符。<\\/p>,<p>Amy在准备明天要用的学习用品。听一听她和爸爸的对话，选出与对话相符的图片。<\\/p>,<p>Lily的妈妈和Lily在一起收拾房间，Lily发现她有些物品找不到了。听一听，判断下列图片与她们的对话是否相符。<\\/p>,<p>Lily在描述自己的房间。听一听，按照Lily的描述给下面的句子排序。<\\/p>,<p>Lily的妈妈和Lily在一起收拾房间，Lily发现她有些物品找不到了。听一听，判断下列图片与她们的对话是否相符。<\\/p>,<p>Lily和妈妈在书房整理东西，她们会说些什么呢？听一听，选择恰当的答语。<\\/p>,<p>Lily在收拾自己的学习用品。听一听Lily的陈述，给图片排序。<\\/p>\", \"单元名称\" : \"Unit 2 Where is my pen?\", \"设置的题目数量\" : 5, \"级别\" : \"难点突破\", \"学科\" : \"英语\", \"对应端类型\" : \"通用\"}"
"{\"年级\" : \"四年级\", \"关联题目数量\" : \"\", \"版本\" : \"人教版（三起）（2024审定）\", \"册\" : \"上册\", \"题干集合\" : \"\", \"单元名称\" : \"U12\", \"设置的题目数量\" : 5, \"级别\" : \"综合进阶\", \"学科\" : \"英语\", \"对应端类型\" : \"通用\"}"
"{\"年级\" : \"五年级\", \"关联题目数量\" : \"\", \"版本\" : \"教科版\", \"册\" : \"上册\", \"题干集合\" : \"\", \"单元名称\" : \"Unit 2 His hobby is drawing\", \"设置的题目数量\" : 5, \"级别\" : \"难点突破\", \"学科\" : \"英语\", \"对应端类型\" : \"通用\"}"
"{\"年级\" : \"三年级\", \"关联题目数量\" : 13, \"版本\" : \"湘少版\", \"册\" : \"下册\", \"题干集合\" : \",,,<p>|space<||>space| |space<||>space| |space<||>space| |space<||>space|<\\/p>,,,,,,,<p>|space<||>space| |space<||>space| |space<||>space| |space<||>space| |space<||>space| |space<||>space|<\\/p>,,<p>|space<||>space| |space<||>space| |space<||>space| |space<||>space| |space<||>space|<\\/p>\", \"单元名称\" : \"Unit 3 What colour is this balloon?\", \"设置的题目数量\" : 5, \"级别\" : \"综合进阶\", \"学科\" : \"英语\", \"对应端类型\" : \"app\"}"
"{\"年级\" : \"六年级\", \"关联题目数量\" : \"\", \"版本\" : \"人教版（三起）\", \"册\" : \"下册\", \"题干集合\" : \"\", \"单元名称\" : \"U9\", \"设置的题目数量\" : 5, \"级别\" : \"难点突破\", \"学科\" : \"英语\", \"对应端类型\" : \"通用\"}"
"{\"年级\" : \"四年级\", \"关联题目数量\" : 15, \"版本\" : \"湘少版（2024审定）\", \"册\" : \"上册\", \"题干集合\" : \"<p>今天是学校开放日，带队的老师正在向家长们介绍学校。听一听，场所与老师的介绍相符吗？<\\/p>,<p>Anna在用英语给爷爷介绍学校的地图，有些内容爷爷听不懂。听一听，请你来做小小翻译官吧！<\\/p>,<p>Anna在用英语给爷爷介绍学校的地图，有些内容爷爷听不懂。听一听，请你来做小小翻译官吧！<\\/p>,<p>Linda看到了Anna桌上的学校地图。听一听，下面句子是Linda所说的吗？<\\/p><p>Is this the computer room?<\\/p>,<p>Andy在和好朋友们分享自己的校园生活。听一听，图片与他的分享相符吗？<\\/p>,<p>Tim邀请好朋友来参观自己的学校。听一听，他的开场白是什么呢？<\\/p>,<p>Linda看到了Anna学校地图上的教室细节图。听一听，下面句子是Linda所说的吗？<\\/p><p>It's big and clean.<\\/p>,<p>Linda看到了Anna桌上的学校地图。听一听，下面句子是Linda所说的吗？<\\/p><p>Is that the classroom?<\\/p>,<p>Tim邀请好朋友来参观自己的学校。听一听，他向好朋友介绍了哪些场所？<\\/p>,<p>Andy在和好朋友们分享自己的校园生活，听一听，他分享了什么呢？<\\/p>,<p>今天是学校开放日，带队的老师正在向家长们介绍学校。听一听，图中场所与老师的介绍相符吗？<\\/p>,<p>Anna在给姑姑介绍自己学校的地图。听一听，Anna给姑姑介绍的是哪里呢？<\\/p>,<p>Anna在给姑姑介绍自己学校的地图。听一听，Anna给姑姑介绍的是哪里呢？<\\/p>,<p>Tim在向好朋友介绍自己的学校活动。听一听，他介绍的是什么活动？<\\/p>,<p>Tim邀请好朋友来参观自己的学校。听一听，他向好朋友介绍了哪些场所？<\\/p>\", \"单元名称\" : \"Unit 1 This is our school\", \"设置的题目数量\" : 5, \"级别\" : \"综合进阶\", \"学科\" : \"英语\", \"对应端类型\" : \"通用\"}"
"{\"年级\" : \"四年级\", \"关联题目数量\" : \"\", \"版本\" : \"教科版（2024审定）\", \"册\" : \"下册\", \"题干集合\" : \"\", \"单元名称\" : \"期末复习\", \"设置的题目数量\" : 5, \"级别\" : \"难点突破\", \"学科\" : \"英语\", \"对应端类型\" : \"通用\"}"
"{\"年级\" : \"五年级\", \"关联题目数量\" : \"\", \"版本\" : \"人教版（三起）\", \"册\" : \"上册\", \"题干集合\" : \"\", \"单元名称\" : \"期末复习\", \"设置的题目数量\" : 5, \"级别\" : \"综合进阶\", \"学科\" : \"英语\", \"对应端类型\" : \"app\"}"
"{\"年级\" : \"三年级\", \"关联题目数量\" : \"\", \"版本\" : \"湘少版（2024审定）\", \"册\" : \"下册\", \"题干集合\" : \"\", \"单元名称\" : \"期中复习\", \"设置的题目数量\" : 5, \"级别\" : \"综合进阶\", \"学科\" : \"英语\", \"对应端类型\" : \"通用\"}"
"{\"年级\" : \"六年级\", \"关联题目数量\" : \"\", \"版本\" : \"人教版（三起）\", \"册\" : \"上册\", \"题干集合\" : \"\", \"单元名称\" : \"期末测试卷\", \"设置的题目数量\" : 5, \"级别\" : \"综合进阶\", \"学科\" : \"英语\", \"对应端类型\" : \"app\"}"
"{\"年级\" : \"六年级\", \"关联题目数量\" : \"\", \"版本\" : \"教科版\", \"册\" : \"上册\", \"题干集合\" : \"\", \"单元名称\" : \"Unit 6 The secret to good health.\", \"设置的题目数量\" : 5, \"级别\" : \"基础巩固\", \"学科\" : \"英语\", \"对应端类型\" : \"通用\"}"
"{\"年级\" : \"四年级\", \"关联题目数量\" : 5, \"版本\" : \"湘少版\", \"册\" : \"下册\", \"题干集合\" : \",,,,\", \"单元名称\" : \"期末复习\", \"设置的题目数量\" : 5, \"级别\" : \"综合进阶\", \"学科\" : \"英语\", \"对应端类型\" : \"app\"}"
"{\"年级\" : \"七年级\", \"关联题目数量\" : 1, \"版本\" : \"人教版\", \"册\" : \"上册\", \"题干集合\" : \"\", \"单元名称\" : \"Unit 5 Do you have a soccer ball?\", \"设置的题目数量\" : 1, \"级别\" : \"听独白选答案\", \"学科\" : \"英语\", \"对应端类型\" : \"通用\"}"
"{\"年级\" : \"四年级\", \"关联题目数量\" : \"\", \"版本\" : \"人教版（三起）\", \"册\" : \"下册\", \"题干集合\" : \"\", \"单元名称\" : \"U9\", \"设置的题目数量\" : 5, \"级别\" : \"综合进阶\", \"学科\" : \"英语\", \"对应端类型\" : \"app\"}"
"{\"年级\" : \"三年级\", \"关联题目数量\" : \"\", \"版本\" : \"教科版（2024审定）\", \"册\" : \"下册\", \"题干集合\" : \"\", \"单元名称\" : \"U11\", \"设置的题目数量\" : 5, \"级别\" : \"基础巩固\", \"学科\" : \"英语\", \"对应端类型\" : \"通用\"}"
"{\"年级\" : \"六年级\", \"关联题目数量\" : 10, \"版本\" : \"湘鲁版\", \"册\" : \"下册\", \"题干集合\" : \",<p>|space<||>space|ct<\\/p>,<p>v|space<||>space| |space<||>space|lin<\\/p>,,,<p>pi|space<||>space|n|space<||>space|<\\/p>,<p>l|space<||>space|ttle<\\/p>,,,<p>p|space<||>space| |space<||>space|formance<\\/p>\", \"单元名称\" : \"Unit 6  I danced on Children's Day last year.\", \"设置的题目数量\" : 5, \"级别\" : \"综合进阶\", \"学科\" : \"英语\", \"对应端类型\" : \"app\"}"
"{\"年级\" : \"四年级\", \"关联题目数量\" : \"\", \"版本\" : \"教科版（2024审定）\", \"册\" : \"下册\", \"题干集合\" : \"\", \"单元名称\" : \"U11\", \"设置的题目数量\" : 5, \"级别\" : \"难点突破\", \"学科\" : \"英语\", \"对应端类型\" : \"通用\"}"
"{\"年级\" : \"四年级\", \"关联题目数量\" : 15, \"版本\" : \"湘少版（2024审定）\", \"册\" : \"上册\", \"题干集合\" : \"<p>在森林探险时，Peter在和Anne聊眼前的植物。听听他说了什么呢？<\\/p>,<p>在自然博物馆里，讲解员在介绍馆内展品。听听他在介绍什么呢？<\\/p>,<p>在魔法世界的自然知识考试中，小精灵们在听句子选择中文<span style=\\\"color: rgb(63, 74, 86);\\\">翻译<\\/span>！一起加入它们吧！<\\/p>,<p>在森林中的动物学校里，老师在教大家认识自然事物。听听他说的是哪个事物呢？<\\/p>,<p>在自然科学的线上课程中，老师在播放描述动物的句子。听听是哪个句子呢？<\\/p>,<p>在动物园里，饲养员在给小朋友们介绍动物。听听他说了什么呢？<\\/p>,<p>在自然博物馆里，讲解员在介绍馆内展品。听听他说的是什么事物呢？<\\/p>,<p>在魔法世界的自然知识考试中，小精灵们在听句子选择中文<span style=\\\"color: rgb(63, 74, 86);\\\">翻译<\\/span>！一起加入它们吧！<\\/p>,<p>在自然主题的绘画课上，老师在描述绘画的内容。听一听，图片与描述相符吗？<\\/p>,<p>在魔法世界的自然知识考试中，小精灵们在听句子选择中文<span style=\\\"color: rgb(63, 74, 86);\\\">翻译<\\/span>！一起加入它们吧！<\\/p>,<p>学校组织去植物园春游，老师在介绍看到的植物。听听他说了什么呢？<\\/p>,<p>在神奇的精灵世界里，精灵老师在森林里给小精灵们上课。听听老师在教哪种植物呢？<\\/p>,<p>在魔法世界的自然知识考试中，小精灵们在听句子选择中文翻译！一起加入它们吧！<\\/p>,<p>在魔法世界的自然知识考试中，小精灵们在听句子选择中文翻译！一起加入它们吧！<\\/p>,<p>在自然主题的绘画课上，老师在描述绘画的内容。听一听，图片与描述相符吗？<\\/p>\", \"单元名称\" : \"Unit 6 What are those?\", \"设置的题目数量\" : 5, \"级别\" : \"综合进阶\", \"学科\" : \"英语\", \"对应端类型\" : \"通用\"}"
"{\"年级\" : \"三年级\", \"关联题目数量\" : 10, \"版本\" : \"教科版（2024审定）\", \"册\" : \"上册\", \"题干集合\" : \"<p>课间，同学们在一起玩画画游戏。听一听，选择合适的答语。<\\/p>,<p>Kevin正在和同学们介绍自己爷爷珍藏的京剧脸谱。听一听，判断下列图片与所听内容是否相符。 <\\/p>,<p>Kevin正在和同学们介绍自己爷爷珍藏的京剧脸谱。听一听，判断下列图片与所听内容是否相符。<\\/p>,<p>课间，同学们在一起玩画画游戏。听一听，选择合适的答语。<\\/p>,<p>Lucy的爸爸准备给Lucy制作一个小玩偶，正在给Lucy介绍他的设计图。听一听，根据听到的顺序给玩偶的五官排序。<\\/p><p>|space<||>space| |space<||>space| |space<||>space| |space<||>space| |space<||>space|<\\/p>,<p>Wendy正在向大家介绍自己的五官。听一听，写出正确的单词补全她的发言。<\\/p><p>This is my |space<||>space|.<\\/p>,<p>Wendy正在向大家介绍自己的五官。听一听，写出正确的单词补全她的发言。<\\/p><p>These are my |space<||>space|.<\\/p>,<p>Wendy正在向大家介绍自己的五官。听一听，写出正确的单词补全她的发言。<\\/p><p>This is my |space<||>space|.<\\/p>,<p> Lucy的爸爸准备给Lucy制作一个小玩偶，正在询问Lucy的上色建议。听一听，根据Lucy的想法，将玩偶的五官与对应的颜色连线。<\\/p>,<p>Kevin正在和同学们介绍自己爷爷珍藏的京剧脸谱。听一听，判断下列图片与所听内容是否相符。 <\\/p>\", \"单元名称\" : \"Unit 6 I Can Draw\", \"设置的题目数量\" : 5, \"级别\" : \"难点突破\", \"学科\" : \"英语\", \"对应端类型\" : \"通用\"}"
"{\"年级\" : \"四年级\", \"关联题目数量\" : 15, \"版本\" : \"教科版（2024审定）\", \"册\" : \"下册\", \"题干集合\" : \",,,,,,,,,,,,,,\", \"单元名称\" : \"Unit 4 Let's Do It!\", \"设置的题目数量\" : 5, \"级别\" : \"基础巩固\", \"学科\" : \"英语\", \"对应端类型\" : \"通用\"}"
"{\"年级\" : \"五年级\", \"关联题目数量\" : 19, \"版本\" : \"人教版（三起）\", \"册\" : \"上册\", \"题干集合\" : \",<p>|space<||>space| |space<||>space| |space<||>space| |space<||>space| |space<||>space| |space<||>space| |space<||>space| |space<||>space|<\\/p>,,<p>|space<||>space| |space<||>space| |space<||>space| |space<||>space| |space<||>space|<\\/p>,,,<p>delici |space<||>space| |space<||>space| |space<||>space|<\\/p>,<p>h |space<||>space| |space<||>space| lthy<\\/p>,<p>|space<||>space| |space<||>space| |space<||>space| |space<||>space| |space<||>space|<\\/p>,<p>|space<||>space| |space<||>space| |space<||>space| |space<||>space| |space<||>space|<\\/p>,<p>ham |space<||>space| |space<||>space| |space<||>space| ger<\\/p>,,,,,,,,\", \"单元名称\" : \"Unit 3 What would you like?\", \"设置的题目数量\" : 5, \"级别\" : \"难点突破\", \"学科\" : \"英语\", \"对应端类型\" : \"app\"}"
"{\"年级\" : \"四年级\", \"关联题目数量\" : \"\", \"版本\" : \"\", \"册\" : \"下册\", \"题干集合\" : \"\", \"单元名称\" : \"Units 1-3 测试卷\", \"设置的题目数量\" : 5, \"级别\" : \"难点突破\", \"学科\" : \"英语\", \"对应端类型\" : \"通用\"}"
"{\"年级\" : \"五年级\", \"关联题目数量\" : 10, \"版本\" : \"湘鲁版\", \"册\" : \"上册\", \"题干集合\" : \"<p>乘公共汽车<\\/p>,,<p>坐小汽车<\\/p>,,,<p>步行<\\/p>,,,,\", \"单元名称\" : \"Unit 6 I often walk to school.\", \"设置的题目数量\" : 5, \"级别\" : \"基础巩固\", \"学科\" : \"英语\", \"对应端类型\" : \"app\"}"
"{\"年级\" : \"四年级\", \"关联题目数量\" : \"\", \"版本\" : \"教科版（2024审定）\", \"册\" : \"上册\", \"题干集合\" : \"\", \"单元名称\" : \"U12\", \"设置的题目数量\" : 5, \"级别\" : \"基础巩固\", \"学科\" : \"英语\", \"对应端类型\" : \"通用\"}"
"{\"年级\" : \"三年级\", \"关联题目数量\" : 15, \"版本\" : \"人教版（三起）（2024审定）\", \"册\" : \"上册\", \"题干集合\" : \",,,,<p>Green can say \\\"Go!\\\"<\\/p>,,,,<p>Red and yellow make orange.<\\/p>,<p>Green can say \\\"Go!\\\"<\\/p>,,<p>Good idea!<\\/p>,<p>I like pink, purple and orange.<\\/p>,,<p>Red and white make pink.<\\/p>\", \"单元名称\" : \"Unit 5 The colourful world\", \"设置的题目数量\" : 5, \"级别\" : \"综合进阶\", \"学科\" : \"英语\", \"对应端类型\" : \"通用\"}"
"{\"年级\" : \"三年级\", \"关联题目数量\" : \"\", \"版本\" : \"人教版（三起）（2024审定）\", \"册\" : \"下册\", \"题干集合\" : \"\", \"单元名称\" : \"U8\", \"设置的题目数量\" : 5, \"级别\" : \"基础巩固\", \"学科\" : \"英语\", \"对应端类型\" : \"通用\"}"
"{\"年级\" : \"四年级\", \"关联题目数量\" : 10, \"版本\" : \"人教版（三起）（2024审定）\", \"册\" : \"下册\", \"题干集合\" : \",,,,<p>It's time to have lunch.<\\/p>,<p>Jackson在介绍他的日常作息。听一听，匹配时间和活动。<\\/p><p>7:00|space<||>space|<\\/p><p>7:50|space<||>space|<\\/p><p>9:30|space<||>space|<\\/p><p>4:30|space<||>space|<\\/p><p>6:30|space<||>space|<\\/p>,,,<p>Mark正在介绍日常活动。听一听，他介绍的顺序是怎样的？<\\/p>,<p>It's 4 o'clock. It's time to play games.<\\/p>\", \"单元名称\" : \"Unit 3 Time for school\", \"设置的题目数量\" : 5, \"级别\" : \"难点突破\", \"学科\" : \"英语\", \"对应端类型\" : \"通用\"}"
"{\"年级\" : \"四年级\", \"关联题目数量\" : 10, \"版本\" : \"湘少版\", \"册\" : \"上册\", \"题干集合\" : \",<p>d|space<||>space| |space<||>space|n<\\/p>,,,,<p>r|space<||>space| |space<||>space| |space<||>space|t<\\/p>,,<p>t|space<||>space| |space<||>space|n<\\/p>,<p>tr|space<||>space|ff|space<||>space|c<\\/p>,\", \"单元名称\" : \"Unit 6 Turn right!\", \"设置的题目数量\" : 5, \"级别\" : \"综合进阶\", \"学科\" : \"英语\", \"对应端类型\" : \"app\"}"
"{\"年级\" : \"三年级\", \"关联题目数量\" : 15, \"版本\" : \"\", \"册\" : \"下册\", \"题干集合\" : \"<p>Mike在介绍自己去年的照片。听一听Mike的介绍，判断下面句子与介绍内容是否相符。<\\/p><p>It's warm.<\\/p>,<p>同学们在分享去年的照片。听一听，选择与他们分享内容相符的翻译。<\\/p>,<p>Tom的外婆在给Tom和妹妹打视频电话。听一听，选出他们所说的句子。<\\/p>,<p>Anna和好朋友们在参加服装秀。听一听，选出与Anna穿着相符的图片。<\\/p>,<p>Mike在介绍自己去年的照片。听一听Mike的介绍，判断下面句子与介绍内容是否相符。<\\/p><p>It's summer in Changsha.<\\/p>,<p>Tom在根据图片写句子。听一听Tom的句子，判断所给图片与句子内容是否相符。<\\/p>,<p>Tom的外婆在给Tom和妹妹打视频电话。听一听，选出他们所说的句子。<\\/p>,<p>Mike和好朋友们在参加服装秀。听一听，选出与Mike穿着相符的图片。<\\/p>,<p>Tom在根据图片写句子。听一听Tom的句子，判断所给图片与句子内容是否相符。<\\/p>,<p>Tom的外婆在给Tom和妹妹打视频电话。听一听，选出他们所说的句子。<\\/p>,<p>Amy和好朋友们在参加服装秀。听一听，选出与Amy穿着相符的图片。<\\/p>,<p>同学们在分享去年的照片。听录音，选择与他们分享内容相符的翻译。<\\/p>,<p>Tom的外婆在给Tom和妹妹打视频电话。听一听，选出他们所说的句子。<\\/p>,<p>Tom在根据图片写句子。听一听Tom的句子，判断所给图片与句子内容是否相符。<\\/p>,<p>Mike在介绍自己去年的照片。听一听Mike的介绍，判断下面句子与介绍内容是否相符。<\\/p><p>I wear a coat in winter.<\\/p>\", \"单元名称\" : \"Unit 8 I wear a coat in winter\", \"设置的题目数量\" : 5, \"级别\" : \"综合进阶\", \"学科\" : \"英语\", \"对应端类型\" : \"通用\"}"
"{\"年级\" : \"三年级\", \"关联题目数量\" : \"\", \"版本\" : \"湘鲁版\", \"册\" : \"上册\", \"题干集合\" : \"\", \"单元名称\" : \"Units 4-6 测试卷\", \"设置的题目数量\" : 5, \"级别\" : \"综合进阶\", \"学科\" : \"英语\", \"对应端类型\" : \"app\"}"
"{\"年级\" : \"六年级\", \"关联题目数量\" : 12, \"版本\" : \"湘鲁版\", \"册\" : \"上册\", \"题干集合\" : \",,,,,,,,,,,\", \"单元名称\" : \"Unit 5 I hurt my knee.\", \"设置的题目数量\" : 5, \"级别\" : \"综合进阶\", \"学科\" : \"英语\", \"对应端类型\" : \"app\"}"
"{\"年级\" : \"三年级\", \"关联题目数量\" : \"\", \"版本\" : \"湘鲁版\", \"册\" : \"上册\", \"题干集合\" : \"\", \"单元名称\" : \"Units 7-9 测试卷\", \"设置的题目数量\" : 5, \"级别\" : \"综合进阶\", \"学科\" : \"英语\", \"对应端类型\" : \"app\"}"
"{\"年级\" : \"三年级\", \"关联题目数量\" : \"\", \"版本\" : \"人教版（三起）\", \"册\" : \"上册\", \"题干集合\" : \"\", \"单元名称\" : \"U11\", \"设置的题目数量\" : 5, \"级别\" : \"综合进阶\", \"学科\" : \"英语\", \"对应端类型\" : \"app\"}"
"{\"年级\" : \"三年级\", \"关联题目数量\" : 14, \"版本\" : \"\", \"册\" : \"上册\", \"题干集合\" : \",,,,<p>Good morning, Miss Li.<\\/p>,,,<p>Good morning, boys and girls.<\\/p>,<p>This is my friend, Peter.<\\/p>,,,,,\", \"单元名称\" : \"Unit 2 Nice to meet you!\", \"设置的题目数量\" : 5, \"级别\" : \"综合进阶\", \"学科\" : \"英语\", \"对应端类型\" : \"通用\"}"
"{\"年级\" : \"四年级\", \"关联题目数量\" : 9, \"版本\" : \"湘少版\", \"册\" : \"上册\", \"题干集合\" : \"<p>Where is my brown scarf?<\\/p>,,,,,,,,<p>She wears a white skirt.<\\/p>\", \"单元名称\" : \"Unit 8 She wears a white and black sweater\", \"设置的题目数量\" : 5, \"级别\" : \"难点突破\", \"学科\" : \"英语\", \"对应端类型\" : \"app\"}"
"{\"年级\" : \"六年级\", \"关联题目数量\" : \"\", \"版本\" : \"教科版\", \"册\" : \"上册\", \"题干集合\" : \"\", \"单元名称\" : \"Unit 7 What did you do yesterday?\", \"设置的题目数量\" : 5, \"级别\" : \"难点突破\", \"学科\" : \"英语\", \"对应端类型\" : \"通用\"}"
"{\"年级\" : \"五年级\", \"关联题目数量\" : 10, \"版本\" : \"湘少版\", \"册\" : \"上册\", \"题干集合\" : \",,,,,<p>take<\\/p>,,,,<p>collect<\\/p>\", \"单元名称\" : \"Unit 9 What's your hobby?\", \"设置的题目数量\" : 5, \"级别\" : \"基础巩固\", \"学科\" : \"英语\", \"对应端类型\" : \"app\"}"
"{\"年级\" : \"三年级\", \"关联题目数量\" : \"\", \"版本\" : \"湘少版\", \"册\" : \"上册\", \"题干集合\" : \"\", \"单元名称\" : \"期中复习\", \"设置的题目数量\" : 5, \"级别\" : \"难点突破\", \"学科\" : \"英语\", \"对应端类型\" : \"app\"}"
"{\"年级\" : \"三年级\", \"关联题目数量\" : 10, \"版本\" : \"人教版（三起）\", \"册\" : \"下册\", \"题干集合\" : \",,<p>Look at that ____.<\\/p>,,,<p>Make your arms ____.<\\/p>,<p>It's ____.<\\/p>,,<p>It has a short ____.<\\/p>,<p>It has a ____ head.<\\/p>\", \"单元名称\" : \"Unit 3 At the zoo\", \"设置的题目数量\" : 5, \"级别\" : \"难点突破\", \"学科\" : \"英语\", \"对应端类型\" : \"通用\"}"
"{\"年级\" : \"三年级\", \"关联题目数量\" : 9, \"版本\" : \"教科版（2024审定）\", \"册\" : \"下册\", \"题干集合\" : \"<p>班会上，老师和同学们正在讨论值日生要做哪些工作。听一听，判断所给图片与他们所说的内容是否相符。<\\/p>,<p>老师正在宣布本周班级小帮手的名单。听一听，判断下面短语与老师所说的内容是否相符。<\\/p><p><br><\\/p><p>teacher helper<\\/p>,<p>班会上，老师和同学们正在讨论值日生要做哪些工作。听一听，判断所给图片与他们所说的内容是否相符。<\\/p>,<p>班会上，老师和同学们正在讨论值日生要做哪些工作。听一听，判断所给图片与他们所说的内容是否相符。<\\/p>,<p>老师正在宣布本周班级小帮手的名单。听一听，判断下面短语与老师所说的内容是否相符。<\\/p><p><br><\\/p><p>line leader<\\/p>,<p>班会上，老师和同学们正在讨论值日生要做哪些工作。听一听，选出与他们所说内容相符的中文释义。<\\/p>,<p>班会上，老师和同学们正在讨论值日生要做哪些工作。听一听，选出与他们所说内容相符的中文释义。<\\/p>,<p>老师正在宣布本周班级小帮手的名单。听一听，判断下面短语与老师所说的内容是否相符。<\\/p><p><br><\\/p><p>lunch helper<\\/p>,<p>班会上，老师和同学们正在讨论值日生要做哪些工作。听一听，选出与他们所说内容相符的中文释义。<\\/p>\", \"单元名称\" : \"Unit 6 I'm on Duty\", \"设置的题目数量\" : 5, \"级别\" : \"基础巩固\", \"学科\" : \"英语\", \"对应端类型\" : \"通用\"}"
"{\"年级\" : \"三年级\", \"关联题目数量\" : 13, \"版本\" : \"\", \"册\" : \"上册\", \"题干集合\" : \"<p>They are red, blue and black.<\\/p>,<p>It's yellow and ____.<\\/p>,<p>What colour are they?<\\/p>,<p>Do you have a dog?<\\/p>,,<p>They are ____ and white.<\\/p>,,,,,<p>I have three ____ birds.<\\/p>,,\", \"单元名称\" : \"Unit 9 I have a white rabbit\", \"设置的题目数量\" : 5, \"级别\" : \"综合进阶\", \"学科\" : \"英语\", \"对应端类型\" : \"通用\"}"
"{\"年级\" : \"三年级\", \"关联题目数量\" : 21, \"版本\" : \"湘少版\", \"册\" : \"下册\", \"题干集合\" : \",,,,,,<p>by<\\/p>,,,,,,,,,,<p>them<\\/p>,,,,\", \"单元名称\" : \"Unit 12 I go to school by bus\", \"设置的题目数量\" : 5, \"级别\" : \"基础巩固\", \"学科\" : \"英语\", \"对应端类型\" : \"app\"}"
"{\"年级\" : \"六年级\", \"关联题目数量\" : 10, \"版本\" : \"湘鲁版\", \"册\" : \"下册\", \"题干集合\" : \",,,,,,,,,\", \"单元名称\" : \"Unit 10  Goodbye to all our friends.\", \"设置的题目数量\" : 5, \"级别\" : \"基础巩固\", \"学科\" : \"英语\", \"对应端类型\" : \"app\"}"
"{\"年级\" : \"六年级\", \"关联题目数量\" : \"\", \"版本\" : \"湘鲁版\", \"册\" : \"下册\", \"题干集合\" : \"\", \"单元名称\" : \"期中复习\", \"设置的题目数量\" : 5, \"级别\" : \"综合进阶\", \"学科\" : \"英语\", \"对应端类型\" : \"app\"}"
"{\"年级\" : \"三年级\", \"关联题目数量\" : \"\", \"版本\" : \"人教版（三起）\", \"册\" : \"下册\", \"题干集合\" : \"\", \"单元名称\" : \"U12\", \"设置的题目数量\" : 5, \"级别\" : \"综合进阶\", \"学科\" : \"英语\", \"对应端类型\" : \"通用\"}"
"{\"年级\" : \"七年级\", \"关联题目数量\" : 5, \"版本\" : \"人教版\", \"册\" : \"上册\", \"题干集合\" : \"<p>Who likes salad?<\\/p>,<p>What are they talking about?<\\/p>,<p>What does Mary want to eat for dinner?<\\/p>,<p>What does Frank like?<\\/p>,<p>Who wants to eat a hamburger?<\\/p>\", \"单元名称\" : \"Unit 6 Do you like bananas?\", \"设置的题目数量\" : 5, \"级别\" : \"听短对话选答案\", \"学科\" : \"英语\", \"对应端类型\" : \"通用\"}"
"{\"年级\" : \"八年级\", \"关联题目数量\" : 5, \"版本\" : \"人教版\", \"册\" : \"下册\", \"题干集合\" : \"<p>What can Andy do?<\\/p>,<p>What does Claire mean?<\\/p>,<p>What are the speakers talking about?<\\/p>,<p>Who's an animal doctor?<\\/p>,<p>When will the man visit America?<\\/p>\", \"单元名称\" : \"Unit 2 I'll help to clean up the city parks.\", \"设置的题目数量\" : 5, \"级别\" : \"听短对话选答案\", \"学科\" : \"英语\", \"对应端类型\" : \"通用\"}"
"{\"年级\" : \"七年级\", \"关联题目数量\" : 5, \"版本\" : \"人教版\", \"册\" : \"下册\", \"题干集合\" : \"<p>Who takes the bus to school?<\\/p>,<p>What time does the boy usually leave home?<\\/p>,<p>How far is it from Tom's home to the zoo?<\\/p>,<p>How long does it take Jack to get to the city by train?<\\/p>,<p>How does Alan get to school?<\\/p>\", \"单元名称\" : \"Unit 3 How do you get to school?\", \"设置的题目数量\" : 5, \"级别\" : \"听短对话选答案\", \"学科\" : \"英语\", \"对应端类型\" : \"通用\"}"
"{\"年级\" : \"五年级\", \"关联题目数量\" : 8, \"版本\" : \"湘鲁版\", \"册\" : \"上册\", \"题干集合\" : \"<p>My dad works in this shop.<\\/p>,<p>He usually goes to school by bus.<\\/p>,<p>My grandparents work very hard.<\\/p>,<p>They fight fires and help people.<\\/p>,,<p>My mum works in a hospital.<\\/p>,,\", \"单元名称\" : \"Unit 8 What does your father do?\", \"设置的题目数量\" : 5, \"级别\" : \"难点突破\", \"学科\" : \"英语\", \"对应端类型\" : \"app\"}"
"{\"年级\" : \"八年级\", \"关联题目数量\" : 5, \"版本\" : \"人教版\", \"册\" : \"下册\", \"题干集合\" : \"<p>Which book has the girl read?<\\/p>,<p>What has the boy found on the island?<\\/p>,<p>How does the girl feel now?<\\/p>,<p>Why does the boy like rock music?<\\/p>,<p>What did Robinson use to kill the cannibals?<\\/p>\", \"单元名称\" : \"Unit 8 Have you read Treasure Island yet?\", \"设置的题目数量\" : 5, \"级别\" : \"听短对话选答案\", \"学科\" : \"英语\", \"对应端类型\" : \"通用\"}"
"{\"年级\" : \"三年级\", \"关联题目数量\" : 10, \"版本\" : \"教科版（2024审定）\", \"册\" : \"下册\", \"题干集合\" : \"<p>Peter在和妹妹分享自己的上学日常。听一听，判断图片与Peter所说的内容是否相符。<\\/p>,<p>Peter在给妹妹规划作息时间。听一听，选出与Peter所说活动相符的图片。<\\/p>,<p>Amy在给短语匹配释义。听一听，选择与Amy所说短语相符的释义。<\\/p>,<p>Amy在给短语匹配释义。听一听，选择与Amy所说短语相符的释义。<\\/p>,<p>Peter在给妹妹规划作息时间。听一听，选出与Peter所说活动相符的图片。<\\/p>,<p>Amy在给单词匹配释义。听一听，选择与Amy所说单词相符的释义。<\\/p>,<p>Peter在和妹妹分享自己的上学日常。听一听，判断图片与Peter所说的内容是否相符。<\\/p>,<p>Tim在教弟弟认识钟表。听录音，选出与Tim所说时间相符的钟表。<\\/p>,<p>Peter在和妹妹分享自己的上学日常。听一听，判断图片与Peter所说的内容是否相符。<\\/p>,<p>Tim在教弟弟认识钟表。听录音，选出与Tim所说时间相符的钟表。<\\/p>\", \"单元名称\" : \"Unit 2 What a Day!\", \"设置的题目数量\" : 5, \"级别\" : \"基础巩固\", \"学科\" : \"英语\", \"对应端类型\" : \"通用\"}"
"{\"年级\" : \"四年级\", \"关联题目数量\" : 15, \"版本\" : \"教科版（2024审定）\", \"册\" : \"上册\", \"题干集合\" : \"<p>John在和好朋友谈论烹饪食物。听一听John的发言，下面句子是他说的吗？<\\/p><p>What else?<\\/p>,<p>John在和好朋友谈论烹饪食物。听一听John的发言，下面句子是他说的吗？<\\/p><p>Wash the greens.<\\/p>,<p>John在和好朋友谈论烹饪食物。听一听，John说了什么呢？<\\/p>,<p>Anne正在制作煮面条的步骤图。听一听，图片步骤与她说的相符吗？<\\/p>,<p>Aiwen在学习烹饪。听一听，她在学习哪个步骤呢？<\\/p>,<p>Mike想向中国朋友学习如何做菜。听一听，请你帮他们翻译一下吧！<\\/p>,<p>John在和好朋友谈论烹饪食物。听一听，John说了什么呢？<\\/p>,<p>Aiwen在学习烹饪。听一听，她在学习哪个步骤呢？<\\/p><p><br><\\/p>,<p>John在和好朋友谈论烹饪食物。听一听，John说了什么呢？<\\/p>,<p>Anne正在制作煮面条的步骤图。听一听，图片步骤与她说的相符吗？<\\/p>,<p>Anne正在制作煮面条的步骤图。听一听，图片步骤与她说的相符吗？<\\/p>,<p>John在和好朋友谈论烹饪食物。听一听，John说了什么呢？<\\/p>,<p>Alice在教中国朋友做西餐。听一听，请你帮她们翻译一下吧！<\\/p>,<p>Anne正在制作煮面条的步骤图。听一听，图片步骤与她说的相符吗？<\\/p>,<p>John在和好朋友谈论烹饪食物。听一听John的发言，下面句子是他说的吗？<\\/p><p>How do you cook noodles?<\\/p>\", \"单元名称\" : \"Unit 3 I'm the Chef Today!\", \"设置的题目数量\" : 5, \"级别\" : \"综合进阶\", \"学科\" : \"英语\", \"对应端类型\" : \"通用\"}"
"{\"年级\" : \"三年级\", \"关联题目数量\" : 10, \"版本\" : \"\", \"册\" : \"上册\", \"题干集合\" : \",,,,,,,,,\", \"单元名称\" : \"Unit 6 His hair is short\", \"设置的题目数量\" : 5, \"级别\" : \"难点突破\", \"学科\" : \"英语\", \"对应端类型\" : \"通用\"}"
"{\"年级\" : \"四年级\", \"关联题目数量\" : 15, \"版本\" : \"\", \"册\" : \"下册\", \"题干集合\" : \",,<p>Ken在描述动物的特征。听一听，图中动物与他描述的相符吗？<\\/p>,<p>What animal is it?<\\/p>,,,,<p>Tim在描述动物的特征。听一听，图中动物与他描述的相符吗？<\\/p>,<p>It's a strong elephant.<\\/p>,,,,,<p>Bob在给弟弟介绍电视上的动物。听一听，他介绍的是什么动物呢？<\\/p>,\", \"单元名称\" : \"Unit 7 It has a long tail\", \"设置的题目数量\" : 15, \"级别\" : \"综合进阶\", \"学科\" : \"英语\", \"对应端类型\" : \"通用\"}"
"{\"年级\" : \"七年级\", \"关联题目数量\" : 1, \"版本\" : \"\", \"册\" : \"上册\", \"题干集合\" : \"\", \"单元名称\" : \"Unit 5 Fun Clubs\", \"设置的题目数量\" : 1, \"级别\" : \"听独白选答案\", \"学科\" : \"英语\", \"对应端类型\" : \"通用\"}"
"{\"年级\" : \"三年级\", \"关联题目数量\" : \"\", \"版本\" : \"人教版（三起）\", \"册\" : \"上册\", \"题干集合\" : \"\", \"单元名称\" : \"期末复习\", \"设置的题目数量\" : 5, \"级别\" : \"综合进阶\", \"学科\" : \"英语\", \"对应端类型\" : \"app\"}"
"{\"年级\" : \"三年级\", \"关联题目数量\" : 11, \"版本\" : \"湘少版（2024审定）\", \"册\" : \"下册\", \"题干集合\" : \"<p>Anna给Lily分享自己的全家福，Lily问起大家的职业。听一听，帮Anna选择合适的答语。<\\/p>,<p>Mingming和同学们在玩“猜职业”的游戏。听一听，判断所给图片与所听内容是否相符。<\\/p>,<p>Anna给Lily分享自己的全家福，Lily问起大家的职业。听一听，帮Anna选择合适的答语。<\\/p>,<p>Anna给Lily分享自己的全家福，Lily问起大家的职业。听一听，帮Anna选择合适的答语。<\\/p>,<p>Mingming和同学们在玩“猜职业”的游戏。听一听，判断所给图片与所听内容是否相符。<\\/p>,<p>Lingling在向同学们介绍家人的职业。听一听，根据描述，将人物与其职业连线。<\\/p>,<p>Anna给Lily分享自己的全家福，Lily问起大家的职业。听一听，帮Anna选择合适的答语。<\\/p>,<p>Andy在向妈妈询问邻居叔叔阿姨的职业。听录音，判断录音内容与所给信息是否相符。<\\/p><p><br><\\/p><p>Uncle Wang is a doctor.<\\/p>,<p>Mingming和同学们在玩“猜职业”的游戏。听一听，判断所给图片与所听内容是否相符。<\\/p>,<p>Mingming和同学们在玩“猜职业”的游戏。听一听，判断所给图片与所听内容是否相符。<\\/p>,<p>Andy在向妈妈询问邻居叔叔阿姨的职业。听录音，判断录音内容与所给信息是否相符。<\\/p><p><br><\\/p><p>Aunt Li is a farmer.<\\/p>\", \"单元名称\" : \"Unit 10 Is she a driver?\", \"设置的题目数量\" : 5, \"级别\" : \"难点突破\", \"学科\" : \"英语\", \"对应端类型\" : \"通用\"}"
"{\"年级\" : \"四年级\", \"关联题目数量\" : 15, \"版本\" : \"湘少版（2024审定）\", \"册\" : \"上册\", \"题干集合\" : \"<p>课堂上，同学们在完成听单词排序挑战。一起来做一做吧！<\\/p>,<p>Amy在唱字母歌谣，听听她<span style=\\\"color: rgb(63, 74, 86);\\\">唱<\\/span>的是哪一个呢？<\\/p>,<p>神秘岛的探险队员们发现了一些奇怪的遗迹，上面刻着单词。听一听，是哪个单词呢？<\\/p>,<p>魔法森林里，小精灵在给小动物们介绍森林里的动物。听听它在说什么呢？<\\/p>,<p>魔法森林里，小精灵在给小动物们介绍森林里的事物。听听它在说什么呢？<\\/p>,<p>神秘岛的探险队员们发现了一些奇怪的遗迹，上面刻着单词。听一听，是哪个单词呢？<\\/p>,<p>魔法森林里，小精灵在给小动物们介绍森林里的植物。听听它在说什么呢？<\\/p>,<p>神秘岛的探险队员们发现了一些奇怪的遗迹，上面刻着单词。听一听，是哪个单词呢？<\\/p>,<p>春天到了，老师在向学生介绍森林里的植物。听听老师在介绍什么呢？<\\/p>,<p>神秘岛的探险队员们发现了一些奇怪的遗迹，上面刻着单词。听一听，是哪个单词呢？<\\/p>,<p>在森林运动大会上，摄影师拍摄了很多森林的事物，但是顺序弄乱了。听一听，快来整理一下吧！<\\/p>,<p>童话世界里的小精灵们在举办单词魔法大赛。听一听，给单词选择正确的释义吧。<\\/p>,<p>童话世界里的小精灵们在举办单词魔法大赛。听一听，给单词选择正确的释义吧。<\\/p>,<p>Amy在唱字母歌谣，听听她唱的是哪一个呢？<\\/p>,<p>童话世界里的小精灵们在举办单词魔法大赛。听一听，给单词选择正确的释义吧。<\\/p>\", \"单元名称\" : \"Unit 6 What are those?\", \"设置的题目数量\" : 5, \"级别\" : \"基础巩固\", \"学科\" : \"英语\", \"对应端类型\" : \"通用\"}"
"{\"年级\" : \"三年级\", \"关联题目数量\" : 10, \"版本\" : \"湘鲁版\", \"册\" : \"上册\", \"题干集合\" : \",,,,<p>女士<\\/p>,,,,,\", \"单元名称\" : \"Unit 4 Is this your pen?\", \"设置的题目数量\" : 5, \"级别\" : \"基础巩固\", \"学科\" : \"英语\", \"对应端类型\" : \"app\"}"
"{\"年级\" : \"四年级\", \"关联题目数量\" : 17, \"版本\" : \"湘少版（2024审定）\", \"册\" : \"上册\", \"题干集合\" : \"<p>Mike要为他的玩偶布置一个温馨小窝，现在他在挑选不同功能的房间。听一听，选择对应的房间。<\\/p>,<p>小猪佩奇正在向大家介绍自己家里的物品。听一听，选出佩奇说的物品。<\\/p>,<p>小猪佩奇正在向大家介绍自己的家。听一听，选出佩奇说的房间。<\\/p>,<p>童话世界里的小精灵们在举办单词魔法大赛。听一听，给单词赋予释义吧。<\\/p>,<p>童话世界里的小精灵们在举办单词魔法大赛。听一听，给单词赋予释义吧。<\\/p>,<p>Amy在读字母绘本。听一听，句子中包含了哪个单词呢？<\\/p>,<p>在糖果小镇，居民们正在为聚会摆放一些家具。听一听，图中家具是他们要摆的家具吗？<\\/p>,<p>小猪佩奇正在向大家介绍自己家里的物品。听一听，选出佩奇说的物品。<\\/p>,<p>今天是大扫除的日子，妈妈让小红整理不同的房间。听一听，选择妈妈说的房间。<\\/p>,<p>在积木世界里，积木小人在往家里搬家具。听一听，它依次往房间放了哪些物品呢？<\\/p>,<p>童话世界里，小精灵要给自己建造一个魔法小屋，它在挑选房间。听一听，图中房间与它想要的房间一致吗？<\\/p>,<p>Amy在读字母绘本。听一听，句子中包含了哪个单词呢？<\\/p>,<p>神秘岛的探险队员们发现了一些奇怪的遗迹，上面刻着单词。听一听，是哪个单词呢？<\\/p>,<p>神秘岛的探险队员们发现了一些奇怪的遗迹，上面刻着单词。听一听，是哪个单词呢？<\\/p>,<p>童话世界里的小精灵们在举办单词魔法大赛。听一听，给单词赋予释义吧。<\\/p>,<p>童话世界里，小精灵要给自己建造一个新的魔法小屋，它在参观房间。听一听，它依次参观了哪些房间呢？<\\/p>,<p>神秘岛的探险队员们发现了一些奇怪的遗迹，上面刻着单词。听一听，是哪个单词呢？<\\/p>\", \"单元名称\" : \"Unit 9 Welcome to my home!\", \"设置的题目数量\" : 5, \"级别\" : \"基础巩固\", \"学科\" : \"英语\", \"对应端类型\" : \"通用\"}"
"{\"年级\" : \"八年级\", \"关联题目数量\" : 1, \"版本\" : \"人教版\", \"册\" : \"下册\", \"题干集合\" : \"<p>1. Xiao Ming has been to Beijing |space<||>space|.<\\/p><p>2. The whole class are |space<||>space| of Xiao Ming.<\\/p><p>3. Mark has |space<||>space| his pet dog.<\\/p><p>4. Miss Yang wants to |space<||>space| up Mark tomorrow.<\\/p><p>5. Xiao Ming will have a wonderful |space<||>space| in Beijing.<\\/p>\", \"单元名称\" : \"Unit 10 I've had this bike for three years.\", \"设置的题目数量\" : 1, \"级别\" : \"听短文完成题目\", \"学科\" : \"英语\", \"对应端类型\" : \"通用\"}"
"{\"年级\" : \"四年级\", \"关联题目数量\" : 15, \"版本\" : \"湘少版（2024审定）\", \"册\" : \"上册\", \"题干集合\" : \"<p>老师做了一个英文版的班规海报，你来做小小翻译官。听一听，翻译句子吧！<\\/p>,<p>班会课上，班长在宣布刚成立的新班规。听听他说了什么呢？<\\/p>,<p>教室里，Peter在帮助Anne认识一些标识。听句子，选择对应的图片。<\\/p>,<p>老师做了一个英文版的班规海报，你来做小小翻译官。听一听，翻译句子吧！<\\/p>,<p>教室里，Andy发现了不文明行为。听一听，判断图片与他的劝告是否相符。<\\/p>,<p>魔法学校的图书馆有特殊规定，图书精灵在给新同学介绍。听听他在说什么呢？<\\/p>,<p>图书馆里，Andy发现了不文明行为。听一听，判断图片与他的劝告是否相符。<\\/p>,<p>教室里，Andy发现了不文明行为。听一听，判断图片与他的劝告是否相符。<\\/p>,<p>学校图书馆来了一群可爱的小朋友，图书管理员正在提醒他们。听听他在说什么呢？<\\/p>,<p>老师做了一个英文版的班规海报，你来做小小翻译官。听一听，翻译句子吧！<\\/p>,<p>老师做了一个英文版的班规海报，你来做小小翻译官。听一听，翻译句子吧！<\\/p>,<p>老师做了一个英文版的班规海报，你来做小小翻译官。听一听，翻译句子吧！<\\/p>,<p>走廊上，Andy发现了不文明行为。听一听，判断图片与他的劝告是否相符。<\\/p>,<p>Peter正在听读睡前故事。听一听，选择符合描述的图片。<\\/p>,<p>新学期，老师在讲台上讲解校规。听听老师说了什么呢？<\\/p>\", \"单元名称\" : \"Unit 8 Don’t talk in the library\", \"设置的题目数量\" : 5, \"级别\" : \"综合进阶\", \"学科\" : \"英语\", \"对应端类型\" : \"通用\"}"
"{\"年级\" : \"六年级\", \"关联题目数量\" : 14, \"版本\" : \"湘少版\", \"册\" : \"下册\", \"题干集合\" : \",,,,<p>|space<||>space| |space<||>space| |space<||>space| |space<||>space| |space<||>space|<\\/p>,<p>|space<||>space| |space<||>space| |space<||>space| |space<||>space| |space<||>space|<\\/p>,,,<p>|space<||>space| |space<||>space| |space<||>space| |space<||>space| |space<||>space| |space<||>space|<\\/p>,,<p>|space<||>space| |space<||>space| |space<||>space| |space<||>space| |space<||>space|<\\/p>,,<p>|space<||>space| |space<||>space| |space<||>space| |space<||>space| |space<||>space| |space<||>space|<\\/p>,\", \"单元名称\" : \"Unit 7 I'm not afraid!\", \"设置的题目数量\" : 5, \"级别\" : \"综合进阶\", \"学科\" : \"英语\", \"对应端类型\" : \"app\"}"
"{\"年级\" : \"六年级\", \"关联题目数量\" : \"\", \"版本\" : \"教科版\", \"册\" : \"上册\", \"题干集合\" : \"\", \"单元名称\" : \"Unit 2 A country life is a healthy life\", \"设置的题目数量\" : 5, \"级别\" : \"难点突破\", \"学科\" : \"英语\", \"对应端类型\" : \"通用\"}"
"{\"年级\" : \"七年级\", \"关联题目数量\" : 1, \"版本\" : \"人教版\", \"册\" : \"上册\", \"题干集合\" : \"\", \"单元名称\" : \"Unit 8 When is your birthday?\", \"设置的题目数量\" : 1, \"级别\" : \"听长对话选答案\", \"学科\" : \"英语\", \"对应端类型\" : \"通用\"}"
"{\"年级\" : \"六年级\", \"关联题目数量\" : \"\", \"版本\" : \"人教版（三起）\", \"册\" : \"下册\", \"题干集合\" : \"\", \"单元名称\" : \"期中复习\", \"设置的题目数量\" : 5, \"级别\" : \"基础巩固\", \"学科\" : \"英语\", \"对应端类型\" : \"通用\"}"
"{\"年级\" : \"四年级\", \"关联题目数量\" : 10, \"版本\" : \"湘鲁版\", \"册\" : \"下册\", \"题干集合\" : \",,,,<p>sw|space<||>space|mming p|space<||>space| |space<||>space|l<\\/p>,<p>l|space<||>space|k|space<||>space|<\\/p>,<p>b|space<||>space| |space<||>space|<\\/p>,<p>s|space<||>space|perm|space<||>space| |space<||>space|ket<\\/p>,,\", \"单元名称\" : \"Unit 6  Where are you going?\", \"设置的题目数量\" : 5, \"级别\" : \"综合进阶\", \"学科\" : \"英语\", \"对应端类型\" : \"app\"}"
"{\"年级\" : \"四年级\", \"关联题目数量\" : \"\", \"版本\" : \"人教版（三起）\", \"册\" : \"下册\", \"题干集合\" : \"\", \"单元名称\" : \"期末复习\", \"设置的题目数量\" : 5, \"级别\" : \"基础巩固\", \"学科\" : \"英语\", \"对应端类型\" : \"app\"}"
"{\"年级\" : \"七年级\", \"关联题目数量\" : 1, \"版本\" : \"人教版\", \"册\" : \"下册\", \"题干集合\" : \"\", \"单元名称\" : \"Unit 6 I'm watching TV.\", \"设置的题目数量\" : 1, \"级别\" : \"听长对话选答案\", \"学科\" : \"英语\", \"对应端类型\" : \"通用\"}"
"{\"年级\" : \"五年级\", \"关联题目数量\" : 11, \"版本\" : \"湘少版\", \"册\" : \"下册\", \"题干集合\" : \"<p>|space<||>space| |space<||>space| |space<||>space| |space<||>space| |space<||>space| |space<||>space| |space<||>space| |space<||>space|<\\/p>,<p>|space<||>space| |space<||>space| |space<||>space| |space<||>space| |space<||>space|<\\/p>,<p>|space<||>space| |space<||>space| |space<||>space| |space<||>space| |space<||>space| |space<||>space|<\\/p>,,,,,<p>|space<||>space| |space<||>space| |space<||>space| |space<||>space| |space<||>space|<\\/p>,<p>|space<||>space| |space<||>space| |space<||>space| |space<||>space|<\\/p>,,\", \"单元名称\" : \"Unit 2 We're going to do some research\", \"设置的题目数量\" : 5, \"级别\" : \"难点突破\", \"学科\" : \"英语\", \"对应端类型\" : \"app\"}"
"{\"年级\" : \"五年级\", \"关联题目数量\" : \"\", \"版本\" : \"教科版\", \"册\" : \"上册\", \"题干集合\" : \"\", \"单元名称\" : \"Unit 2 His hobby is drawing\", \"设置的题目数量\" : 5, \"级别\" : \"综合进阶\", \"学科\" : \"英语\", \"对应端类型\" : \"通用\"}"
"{\"年级\" : \"七年级\", \"关联题目数量\" : \"\", \"版本\" : \"\", \"册\" : \"下册\", \"题干集合\" : \"\", \"单元名称\" : \"U10\", \"设置的题目数量\" : 5, \"级别\" : \"难点突破\", \"学科\" : \"英语\", \"对应端类型\" : \"通用\"}"
"{\"年级\" : \"七年级\", \"关联题目数量\" : 1, \"版本\" : \"人教版\", \"册\" : \"上册\", \"题干集合\" : \"<p>1. |space<||>space|<\\/p><p>2. |space<||>space|<\\/p><p>3. |space<||>space|<\\/p><p>4. |space<||>space|<\\/p><p>5. |space<||>space|<\\/p>\", \"单元名称\" : \"Unit 2 This is my sister.\", \"设置的题目数量\" : 1, \"级别\" : \"听短文完成题目\", \"学科\" : \"英语\", \"对应端类型\" : \"通用\"}"
"{\"年级\" : \"五年级\", \"关联题目数量\" : 17, \"版本\" : \"人教版（三起）\", \"册\" : \"上册\", \"题干集合\" : \"<p>no question<\\/p>,,,,,<p>wonderful<\\/p>,,,<p>cartoon <\\/p>,,<p>练武术<\\/p>,<p>play football<\\/p>,<p>cook <\\/p>,,,,\", \"单元名称\" : \"Unit 4 What can you do?\", \"设置的题目数量\" : 5, \"级别\" : \"基础巩固\", \"学科\" : \"英语\", \"对应端类型\" : \"app\"}"
"{\"年级\" : \"四年级\", \"关联题目数量\" : 5, \"版本\" : \"湘少版\", \"册\" : \"下册\", \"题干集合\" : \",,,,\", \"单元名称\" : \"期中复习\", \"设置的题目数量\" : 5, \"级别\" : \"难点突破\", \"学科\" : \"英语\", \"对应端类型\" : \"app\"}"
"{\"年级\" : \"四年级\", \"关联题目数量\" : 10, \"版本\" : \"湘少版\", \"册\" : \"上册\", \"题干集合\" : \",<p>What's this?<\\/p>,,,<p>Peter draws a pen.<\\/p>,<p>It's a square.<\\/p>,<p>This is a red dot.\\t<\\/p>,,<p>How many dots are there?<\\/p>,\", \"单元名称\" : \"Unit 2 It's a circle\", \"设置的题目数量\" : 5, \"级别\" : \"难点突破\", \"学科\" : \"英语\", \"对应端类型\" : \"app\"}"
"{\"年级\" : \"三年级\", \"关联题目数量\" : 10, \"版本\" : \"教科版（2024审定）\", \"册\" : \"上册\", \"题干集合\" : \"<p>Aiwen的妹妹也想学打字。听一听，选择合适的答语。<\\/p>,<p>Aiwen的键盘做好了，她开始练习打字。听一听她敲击的颜色顺序，判断下列单词是否可能为Aiwen输入的单词。<\\/p><p>boy<\\/p>,<p>Aiwen和妹妹正在画画。听一听，选出与录音内容相符的图片。<\\/p>,<p>Aiwen的键盘做好了，她开始练习打字。听一听她敲击的颜色顺序，判断下列单词是否可能为Aiwen输入的单词。<\\/p><p>tank<\\/p>,<p>Aiwen的妹妹也想学打字。听一听，帮Aiwen选择合适的答语。<\\/p>,<p>Aiwen的键盘做好了，她开始练习打字。听一听她敲击的颜色顺序，判断下列单词是否可能为Aiwen输入的单词。<\\/p><p>tofu<\\/p>,<p>Aiwen和妹妹正在画画。听一听，选出与录音内容相符的图片。<\\/p>,<p>Aiwen的妹妹也想学打字。听一听，帮Aiwen选择合适的答语。<\\/p>,<p>Kevin正在键盘上输入单词，听一听他输入的单词，根据输入的字母顺序给对应的颜色排序。<\\/p>,<p>Aiwen和妹妹正在画画。听一听，选出与录音内容相符的图片。<\\/p>\", \"单元名称\" : \"Unit 4 Colour a Keyboard\", \"设置的题目数量\" : 5, \"级别\" : \"难点突破\", \"学科\" : \"英语\", \"对应端类型\" : \"通用\"}"
"{\"年级\" : \"五年级\", \"关联题目数量\" : \"\", \"版本\" : \"湘鲁版\", \"册\" : \"上册\", \"题干集合\" : \"\", \"单元名称\" : \"期中复习\", \"设置的题目数量\" : 5, \"级别\" : \"综合进阶\", \"学科\" : \"英语\", \"对应端类型\" : \"app\"}"
"{\"年级\" : \"八年级\", \"关联题目数量\" : 5, \"版本\" : \"人教版\", \"册\" : \"上册\", \"题干集合\" : \"<p>How much milk do the speakers need?<\\/p>,<p>What does the boy want to do?<\\/p>,<p>What do the speakers need to add to the eggs?<\\/p>,<p>Who taught Lucy how to make a fruit salad?<\\/p>,<p>What is Sarah's favorite food?<\\/p>\", \"单元名称\" : \"Unit 8 How do you make a banana milk shake?\", \"设置的题目数量\" : 5, \"级别\" : \"听短对话选答案\", \"学科\" : \"英语\", \"对应端类型\" : \"通用\"}"
"{\"年级\" : \"三年级\", \"关联题目数量\" : 10, \"版本\" : \"湘鲁版\", \"册\" : \"上册\", \"题干集合\" : \",,,,,<p>是，是的<\\/p>,,,,\", \"单元名称\" : \"Unit 3 It has two big eyes.\", \"设置的题目数量\" : 5, \"级别\" : \"基础巩固\", \"学科\" : \"英语\", \"对应端类型\" : \"app\"}"
"{\"年级\" : \"六年级\", \"关联题目数量\" : \"\", \"版本\" : \"人教版（三起）\", \"册\" : \"下册\", \"题干集合\" : \"\", \"单元名称\" : \"期中复习\", \"设置的题目数量\" : 5, \"级别\" : \"难点突破\", \"学科\" : \"英语\", \"对应端类型\" : \"通用\"}"
"{\"年级\" : \"四年级\", \"关联题目数量\" : \"\", \"版本\" : \"教科版（2024审定）\", \"册\" : \"上册\", \"题干集合\" : \"\", \"单元名称\" : \"U11\", \"设置的题目数量\" : 5, \"级别\" : \"难点突破\", \"学科\" : \"英语\", \"对应端类型\" : \"通用\"}"
"{\"年级\" : \"四年级\", \"关联题目数量\" : \"\", \"版本\" : \"人教版（三起）\", \"册\" : \"下册\", \"题干集合\" : \"\", \"单元名称\" : \"U11\", \"设置的题目数量\" : 5, \"级别\" : \"难点突破\", \"学科\" : \"英语\", \"对应端类型\" : \"app\"}"
"{\"年级\" : \"三年级\", \"关联题目数量\" : 10, \"版本\" : \"湘少版（2024审定）\", \"册\" : \"上册\", \"题干集合\" : \",<p>Is this a |space<||>space|?<\\/p>,<p>Is this your |space<||>space|?<\\/p>,,,<p>This is |space<||>space| bag.<\\/p>,,,,\", \"单元名称\" : \"Unit 5 Is this your pen?\", \"设置的题目数量\" : 5, \"级别\" : \"难点突破\", \"学科\" : \"英语\", \"对应端类型\" : \"通用\"}"
"{\"年级\" : \"三年级\", \"关联题目数量\" : \"\", \"版本\" : \"人教版（三起）（2024审定）\", \"册\" : \"上册\", \"题干集合\" : \"\", \"单元名称\" : \"Units 4-6 举一反三训练（B）\", \"设置的题目数量\" : 5, \"级别\" : \"综合进阶\", \"学科\" : \"英语\", \"对应端类型\" : \"通用\"}"
"{\"年级\" : \"四年级\", \"关联题目数量\" : 10, \"版本\" : \"人教版（三起）\", \"册\" : \"下册\", \"题干集合\" : \",<p>pants<\\/p>,<p>socks<\\/p>,,<p>weather<\\/p>,,<p>just<\\/p>,<p>clothes<\\/p>,,\", \"单元名称\" : \"Unit 5 My clothes\", \"设置的题目数量\" : 5, \"级别\" : \"基础巩固\", \"学科\" : \"英语\", \"对应端类型\" : \"app\"}"
"{\"年级\" : \"三年级\", \"关联题目数量\" : 10, \"版本\" : \"湘少版\", \"册\" : \"上册\", \"题干集合\" : \"<p><span style=\\\"color: rgb(24, 43, 80);\\\">邪恶的<\\/span><\\/p>,,<p>好的<\\/p>,,<p>下午<\\/p>,,,,,<p>班级；全班<\\/p>\", \"单元名称\" : \"Unit 2 Good morning\", \"设置的题目数量\" : 5, \"级别\" : \"基础巩固\", \"学科\" : \"英语\", \"对应端类型\" : \"app\"}"
"{\"年级\" : \"三年级\", \"关联题目数量\" : 10, \"版本\" : \"\", \"册\" : \"下册\", \"题干集合\" : \"<p>爸爸妈妈去旅游了，Lucy正在给他们打电话。听录音，选出与所听内容相符的图片。<\\/p>,<p>Mingming和爸爸在看书，他有一些问题想问爸爸。听一听，帮爸爸选择恰当的答语。<\\/p>,<p>课间，几个同学在谈论自己四个季节的穿着。听一听，按照听到的顺序给下面的句子排序。<\\/p>,<p>Mingming在给国外的表弟打电话询问天气。听一听，判断所给图片与对话内容是否相符。<\\/p>,<p>Mingming在描述自己对四季天气的感受。听一听，按照他的描述给图片排序。<\\/p>,<p>Mingming在给国外的表弟打电话询问天气。听一听，判断所给图片与对话内容是否相符。<\\/p>,<p>Mingming和爸爸在看书，他有一些问题想问爸爸。听一听，帮爸爸选择恰当的答语。<\\/p>,<p>夏天到了，同学们在介绍自己的着装。听一听，根据描述，将人物与其穿着连线。<\\/p>,<p>爸爸妈妈去旅游了，Lucy正在给他们打电话。听录音，选出与所听内容相符的图片。<\\/p>,<p>Mingming和爸爸在看书，他有一些问题想问爸爸。听一听，帮爸爸选择恰当的答语。<\\/p>\", \"单元名称\" : \"Unit 8 I wear a coat in winter\", \"设置的题目数量\" : 5, \"级别\" : \"难点突破\", \"学科\" : \"英语\", \"对应端类型\" : \"通用\"}"
"{\"年级\" : \"四年级\", \"关联题目数量\" : \"\", \"版本\" : \"人教版（三起）\", \"册\" : \"上册\", \"题干集合\" : \"\", \"单元名称\" : \"期末复习\", \"设置的题目数量\" : 5, \"级别\" : \"基础巩固\", \"学科\" : \"英语\", \"对应端类型\" : \"app\"}"
"{\"年级\" : \"七年级\", \"关联题目数量\" : 1, \"版本\" : \"人教版\", \"册\" : \"下册\", \"题干集合\" : \"<p>1.|space<||>space|<\\/p><p>2.|space<||>space|<\\/p><p>3.|space<||>space|<\\/p><p>4.|space<||>space|<\\/p><p>5.|space<||>space|<\\/p>\", \"单元名称\" : \"Unit 2 What time do you go to school?\", \"设置的题目数量\" : 1, \"级别\" : \"听短文完成题目\", \"学科\" : \"英语\", \"对应端类型\" : \"通用\"}"
"{\"年级\" : \"三年级\", \"关联题目数量\" : \"\", \"版本\" : \"湘少版（2024审定）\", \"册\" : \"下册\", \"题干集合\" : \"\", \"单元名称\" : \"期中复习\", \"设置的题目数量\" : 5, \"级别\" : \"难点突破\", \"学科\" : \"英语\", \"对应端类型\" : \"通用\"}"
"{\"年级\" : \"六年级\", \"关联题目数量\" : 13, \"版本\" : \"湘少版\", \"册\" : \"下册\", \"题干集合\" : \",,,,,,,,,,,,\", \"单元名称\" : \"Unit 2 Some stories are more interesting\", \"设置的题目数量\" : 5, \"级别\" : \"难点突破\", \"学科\" : \"英语\", \"对应端类型\" : \"app\"}"
"{\"年级\" : \"八年级\", \"关联题目数量\" : 5, \"版本\" : \"\", \"册\" : \"上册\", \"题干集合\" : \"<p>What can you learn from the man?<\\/p>,<p>What's amazing about the redwood tree?<\\/p>,<p>What's the most beautiful flower according to the girl?<\\/p>,<p>Why does Jack like pandas?<\\/p>,<p>What can you learn from them?<\\/p>\", \"单元名称\" : \"Unit 4 Amazing Plants and Animals\", \"设置的题目数量\" : 5, \"级别\" : \"听短对话选答案\", \"学科\" : \"英语\", \"对应端类型\" : \"通用\"}"
"{\"年级\" : \"五年级\", \"关联题目数量\" : 10, \"版本\" : \"湘少版\", \"册\" : \"下册\", \"题干集合\" : \",<p>|space<||>space| |space<||>space| |space<||>space| |space<||>space| |space<||>space|<\\/p>,,,<p>|space<||>space| |space<||>space| |space<||>space| |space<||>space|<\\/p>,,,,<p>|space<||>space| |space<||>space| |space<||>space| |space<||>space| |space<||>space|<\\/p>,\", \"单元名称\" : \"Unit 1 We're going to read stories\", \"设置的题目数量\" : 5, \"级别\" : \"难点突破\", \"学科\" : \"英语\", \"对应端类型\" : \"app\"}"
"{\"年级\" : \"三年级\", \"关联题目数量\" : 15, \"版本\" : \"人教版（三起）（2024审定）\", \"册\" : \"下册\", \"题干集合\" : \"<p>Tom和Peter在谈论食堂午餐提供的食物。听一听，判断图片与Tom所说的内容是否相符。<\\/p>,<p>Tom和Peter在谈论食堂午餐提供的食物。听一听，判断图片与Peter所说的内容是否相符。<\\/p>,<p>Tom在计划用餐的时间。听一听，选择与Tom所说单词相符的释义。<\\/p>,<p>Wendy在读英语绕口令，听一听，选出包含Wendy所读音标对应的单词。<\\/p>,<p>Tom和妈妈在讨论明天的早餐。听一听，选出与妈妈所说食物相符的图片。<\\/p>,<p>Tom在评价刚刚吃的食物。听一听，选出Tom所说的单词。<\\/p>,<p>Tom放学回家，发现桌上有一些食物。听一听，按照Tom所说的顺序，给下列单词排序。<\\/p>,<p>Tom在读英语绕口令，听一听，选出包含Tom所读音标对应的单词。<\\/p>,<p>Tom和Peter在谈论食堂午餐提供的食物。听一听，判断图片与Tom所说的内容是否相符。<\\/p>,<p>Tom和妈妈在讨论明天的早餐。听一听，选出与妈妈所说食物相符的图片。<\\/p>,<p>Tom在计划用餐的时间。听一听，选择与Tom所说单词相符的释义。<\\/p>,<p>Tom和Peter在谈论食堂午餐提供的食物。听一听，判断图片与Peter所说的内容是否相符。<\\/p>,<p>Tom和妈妈在讨论明天的早餐。听一听，选出与妈妈所说食物相符的图片。<\\/p>,<p>Tom和妈妈在讨论明天的早餐。听一听，选出与妈妈所说食物相符的图片。<\\/p>,<p>Tom在评价桌上的食物。听一听，选出Tom所说的单词。<\\/p>\", \"单元名称\" : \"Unit 4 Healthy food\", \"设置的题目数量\" : 5, \"级别\" : \"基础巩固\", \"学科\" : \"英语\", \"对应端类型\" : \"通用\"}"
"{\"年级\" : \"五年级\", \"关联题目数量\" : 10, \"版本\" : \"人教版（三起）\", \"册\" : \"下册\", \"题干集合\" : \"<p>My parents always go for a |space<||>space| after dinner.<\\/p>,,,<p>I often go |space<||>space| on the weekend.<\\/p>,<p>In the afternoon, I play |space<||>space| with my friend.<\\/p>,,,<p>I usually eat |space<||>space| at 7 o'clock.<\\/p>,<p>Classes |space<||>space| at 8 o'clock.<\\/p>,\", \"单元名称\" : \"Unit 1 My day\", \"设置的题目数量\" : 5, \"级别\" : \"难点突破\", \"学科\" : \"英语\", \"对应端类型\" : \"app\"}"
"{\"年级\" : \"五年级\", \"关联题目数量\" : 11, \"版本\" : \"湘鲁版\", \"册\" : \"上册\", \"题干集合\" : \"<p>|space<||>space| |space<||>space|eir<\\/p>,,<p>|space<||>space| |space<||>space| |space<||>space| |space<||>space|<\\/p>,,<p>food<\\/p>,<p>|space<||>space| |space<||>space| |space<||>space| |space<||>space| |space<||>space|<\\/p>,,,<p>that<\\/p>,<p>|space<||>space| |space<||>space| |space<||>space| |space<||>space| |space<||>space|<\\/p>,\", \"单元名称\" : \"Unit 4 Whose toy is this?\", \"设置的题目数量\" : 5, \"级别\" : \"综合进阶\", \"学科\" : \"英语\", \"对应端类型\" : \"app\"}"
"{\"年级\" : \"三年级\", \"关联题目数量\" : 10, \"版本\" : \"湘少版（2024审定）\", \"册\" : \"下册\", \"题干集合\" : \"<p>晚上，Lingling和朋友一起散步。她们在聊些什么？听录音，判断下面图片与她们提到的内容是否相符。<\\/p>,<p>同学们正在朗读单词。听一听，选出你所听到的词汇。<\\/p>,<p>同学们正在朗读词汇。听一听，选出你所听到的词汇。<\\/p>,<p>晚上，Lingling和朋友一起散步。她们在聊些什么？听录音，判断下面图片与她们提到的内容是否相符。<\\/p>,<p>Tim在教妹妹认识数字。听录音，选出与Tim所说单词相符的数字。<\\/p>,<p>Tim在教妹妹认识数字。听录音，选出与Tim所说单词相符的数字。<\\/p>,<p>同学们正在朗读单词。听一听，选出你所听到的词汇。<\\/p>,<p>Lingling和好朋友在公园玩。听录音，判断Lingling所说的单词与她们看见的事物是否相符。<\\/p>,<p>Tim在教妹妹认识数字。听录音，选出与Tim所说单词相符的数字。<\\/p>,<p>Lingling和好朋友在公园玩。听录音，判断Lingling所说的单词与她们看见的事物是否相符。<\\/p>\", \"单元名称\" : \"Unit 5 How many kites are there?\", \"设置的题目数量\" : 5, \"级别\" : \"基础巩固\", \"学科\" : \"英语\", \"对应端类型\" : \"通用\"}"
"{\"年级\" : \"四年级\", \"关联题目数量\" : \"\", \"版本\" : \"教科版（2024审定）\", \"册\" : \"上册\", \"题干集合\" : \"\", \"单元名称\" : \"U9\", \"设置的题目数量\" : 5, \"级别\" : \"综合进阶\", \"学科\" : \"英语\", \"对应端类型\" : \"通用\"}"
"{\"年级\" : \"七年级\", \"关联题目数量\" : 5, \"版本\" : \"\", \"册\" : \"上册\", \"题干集合\" : \"<p>What can Mike do?<\\/p>,<p>Does Linda want to join the baseball club?<\\/p>,<p>Can Lisa sing or dance?<\\/p>,<p>What instruments can the boy play?<\\/p>,<p>What club does the girl want to join?<\\/p>\", \"单元名称\" : \"Unit 5 Fun Clubs\", \"设置的题目数量\" : 5, \"级别\" : \"听短对话选答案\", \"学科\" : \"英语\", \"对应端类型\" : \"通用\"}"
"{\"年级\" : \"五年级\", \"关联题目数量\" : 14, \"版本\" : \"湘少版\", \"册\" : \"上册\", \"题干集合\" : \",,,<p>|space<||>space| |space<||>space| |space<||>space| |space<||>space| |space<||>space|<\\/p>,<p>|space<||>space| |space<||>space| |space<||>space| |space<||>space| |space<||>space|<\\/p>,,,<p>|space<||>space| |space<||>space| |space<||>space| |space<||>space|<\\/p>,,,<p>|space<||>space| |space<||>space| |space<||>space| |space<||>space| |space<||>space|<\\/p>,,<p>|space<||>space| |space<||>space| |space<||>space| |space<||>space| |space<||>space|<\\/p>,<p>钢琴<\\/p>\", \"单元名称\" : \"Unit 9 What's your hobby?\", \"设置的题目数量\" : 5, \"级别\" : \"难点突破\", \"学科\" : \"英语\", \"对应端类型\" : \"app\"}"
"{\"年级\" : \"七年级\", \"关联题目数量\" : 1, \"版本\" : \"人教版\", \"册\" : \"下册\", \"题干集合\" : \"\", \"单元名称\" : \"Unit 4 Don't eat in class.\", \"设置的题目数量\" : 1, \"级别\" : \"听长对话选答案\", \"学科\" : \"英语\", \"对应端类型\" : \"通用\"}"
"{\"年级\" : \"三年级\", \"关联题目数量\" : \"\", \"版本\" : \"教科版（2024审定）\", \"册\" : \"下册\", \"题干集合\" : \"\", \"单元名称\" : \"U9\", \"设置的题目数量\" : 5, \"级别\" : \"基础巩固\", \"学科\" : \"英语\", \"对应端类型\" : \"通用\"}"
"{\"年级\" : \"四年级\", \"关联题目数量\" : 10, \"版本\" : \"人教版（三起）\", \"册\" : \"下册\", \"题干集合\" : \",,,,,,,,,\", \"单元名称\" : \"Unit 3 Weather\", \"设置的题目数量\" : 5, \"级别\" : \"难点突破\", \"学科\" : \"英语\", \"对应端类型\" : \"app\"}"
"{\"年级\" : \"七年级\", \"关联题目数量\" : 1, \"版本\" : \"\", \"册\" : \"下册\", \"题干集合\" : \"\", \"单元名称\" : \"Unit 4 Eat Well\", \"设置的题目数量\" : 1, \"级别\" : \"听独白选答案\", \"学科\" : \"英语\", \"对应端类型\" : \"通用\"}"
"{\"年级\" : \"六年级\", \"关联题目数量\" : 10, \"版本\" : \"湘鲁版\", \"册\" : \"下册\", \"题干集合\" : \"<p>|space<||>space| |space<||>space| |space<||>space|<\\/p>,,<p>|space<||>space| |space<||>space| |space<||>space| |space<||>space| |space<||>space|<\\/p>,<p>|space<||>space| |space<||>space| |space<||>space| |space<||>space| |space<||>space| |space<||>space|<\\/p>,<p>|space<||>space| |space<||>space| |space<||>space|<\\/p>,,,,<p>|space<||>space| |space<||>space| |space<||>space| |space<||>space| |space<||>space| |space<||>space|<\\/p>,\", \"单元名称\" : \"Unit 1  There are four seasons in a year.\", \"设置的题目数量\" : 5, \"级别\" : \"难点突破\", \"学科\" : \"英语\", \"对应端类型\" : \"app\"}"
"{\"年级\" : \"六年级\", \"关联题目数量\" : 10, \"版本\" : \"湘少版\", \"册\" : \"上册\", \"题干集合\" : \",,,NULL,,NULL,,,,\", \"单元名称\" : \"Unit 7 What can I do?\", \"设置的题目数量\" : 5, \"级别\" : \"综合进阶\", \"学科\" : \"英语\", \"对应端类型\" : \"app\"}"
"{\"年级\" : \"三年级\", \"关联题目数量\" : \"\", \"版本\" : \"教科版（2024审定）\", \"册\" : \"下册\", \"题干集合\" : \"\", \"单元名称\" : \"期末复习\", \"设置的题目数量\" : 5, \"级别\" : \"难点突破\", \"学科\" : \"英语\", \"对应端类型\" : \"通用\"}"
"{\"年级\" : \"七年级\", \"关联题目数量\" : \"\", \"版本\" : \"\", \"册\" : \"上册\", \"题干集合\" : \"\", \"单元名称\" : \"Starter Unit 2 Keep Tidy\", \"设置的题目数量\" : 5, \"级别\" : \"综合进阶\", \"学科\" : \"英语\", \"对应端类型\" : \"通用\"}"
"{\"年级\" : \"四年级\", \"关联题目数量\" : 8, \"版本\" : \"人教版（三起）\", \"册\" : \"上册\", \"题干集合\" : \",<p>He is tall and strong.  <\\/p>,<p>She is cute and friendly.   <\\/p>,<p>She has brown shoes. <\\/p>,,,,<p>Her glasses are blue.  <\\/p>\", \"单元名称\" : \"Unit 3 My friends\", \"设置的题目数量\" : 5, \"级别\" : \"难点突破\", \"学科\" : \"英语\", \"对应端类型\" : \"app\"}"
"{\"年级\" : \"八年级\", \"关联题目数量\" : 1, \"版本\" : \"\", \"册\" : \"上册\", \"题干集合\" : \"\", \"单元名称\" : \"Unit 1 Happy Holiday\", \"设置的题目数量\" : 1, \"级别\" : \"听独白选答案\", \"学科\" : \"英语\", \"对应端类型\" : \"通用\"}"
"{\"年级\" : \"四年级\", \"关联题目数量\" : 10, \"版本\" : \"湘少版\", \"册\" : \"上册\", \"题干集合\" : \"<p>sixty<\\/p>,<p>twelve<\\/p>,<p>|space<||>space| |space<||>space| |space<||>space| |space<||>space|ty<\\/p>,,<p>wr|space<||>space| |space<||>space| |space<||>space|<\\/p>,<p>homework<\\/p>,,<p>fifty-six<\\/p>,<p>wrong<\\/p>,<p>miss<\\/p>\", \"单元名称\" : \"Unit 9 It's one hundred\", \"设置的题目数量\" : 5, \"级别\" : \"综合进阶\", \"学科\" : \"英语\", \"对应端类型\" : \"app\"}"
"{\"年级\" : \"三年级\", \"关联题目数量\" : 15, \"版本\" : \"\", \"册\" : \"下册\", \"题干集合\" : \"<p>Liu Ming在用字母组合卡片拼读单词，听一听单词，选出Liu Ming所用的卡片。<\\/p>,<p>课堂上，老师和同学们在玩词组游戏，听一听，选出词组的释义。<\\/p>,<p>课堂上，老师和同学们在玩词组游戏。听一听，选出所听词组。<\\/p>,<p>课堂上，老师和同学们在玩词组游戏，听一听，选出词组的释义。<\\/p>,<p>课堂上，老师和同学们在玩词组游戏，听一听，选出词组的释义。<\\/p>,<p>妹妹不小心将Tom的活动安排计划打乱了，听一听，给活动重新排序。<\\/p>,<p>下列词组不小心被Amy打乱了，听一听，给词组重新排序。<\\/p>,<p>Liu Ming在用字母组合卡片拼读单词，听一听单词，选出Liu Ming所用的卡片。<\\/p>,<p>课堂上，老师和同学们在玩词组游戏，听一听，选出词组的释义。<\\/p>,<p> Liu Ming在用字母组合卡片拼读单词，听一听单词，选出Liu Ming所用的卡片。<\\/p>,<p>Liu Ming在用字母组合卡片拼读单词，听一听单词，选出Liu Ming所用的卡片。<\\/p>,<p>课堂上，老师和同学们在玩词组游戏，听一听，选出词组的释义。<\\/p>,<p>课堂上，老师和同学们在玩词组游戏，听一听，选出词组的释义。<\\/p>,<p>Liu Ming在用字母组合卡片拼读单词，听一听单词，选出Liu Ming所用的卡片。<\\/p>,<p>Liu Ming在用字母组合卡片拼读单词，听一听单词，选出Liu Ming所用的卡片。<\\/p>\", \"单元名称\" : \"Unit 9 What can you do in Sanya?\", \"设置的题目数量\" : 5, \"级别\" : \"基础巩固\", \"学科\" : \"英语\", \"对应端类型\" : \"通用\"}"
"{\"年级\" : \"六年级\", \"关联题目数量\" : \"\", \"版本\" : \"教科版\", \"册\" : \"上册\", \"题干集合\" : \"\", \"单元名称\" : \"Unit 9 Was I a good girl back then?\", \"设置的题目数量\" : 5, \"级别\" : \"综合进阶\", \"学科\" : \"英语\", \"对应端类型\" : \"通用\"}"
"{\"年级\" : \"三年级\", \"关联题目数量\" : \"\", \"版本\" : \"教科版（2024审定）\", \"册\" : \"下册\", \"题干集合\" : \"\", \"单元名称\" : \"U10\", \"设置的题目数量\" : 5, \"级别\" : \"基础巩固\", \"学科\" : \"英语\", \"对应端类型\" : \"通用\"}"
"{\"年级\" : \"六年级\", \"关联题目数量\" : 10, \"版本\" : \"湘鲁版\", \"册\" : \"下册\", \"题干集合\" : \",<p>s|space<||>space|ch<\\/p>,,<p>f|space<||>space| |space<||>space|get<\\/p>,,<p>hand|space<||>space|cr|space<||>space|ft<\\/p>,,<p>ch|space<||>space| |space<||>space| |space<||>space|man<\\/p>,,<p>c|space<||>space|p|space<||>space|tal<\\/p>\", \"单元名称\" : \"Unit 9  China is a great country!\", \"设置的题目数量\" : 5, \"级别\" : \"综合进阶\", \"学科\" : \"英语\", \"对应端类型\" : \"app\"}"
"{\"年级\" : \"四年级\", \"关联题目数量\" : 15, \"版本\" : \"湘少版（2024审定）\", \"册\" : \"下册\", \"题干集合\" : \",,,,,,,,,,,,,,\", \"单元名称\" : \"Unit 3 Today is Wednesday\", \"设置的题目数量\" : 5, \"级别\" : \"综合进阶\", \"学科\" : \"英语\", \"对应端类型\" : \"通用\"}"
"{\"年级\" : \"六年级\", \"关联题目数量\" : \"\", \"版本\" : \"湘鲁版\", \"册\" : \"下册\", \"题干集合\" : \"\", \"单元名称\" : \"U11\", \"设置的题目数量\" : 5, \"级别\" : \"难点突破\", \"学科\" : \"英语\", \"对应端类型\" : \"app\"}"
"{\"年级\" : \"三年级\", \"关联题目数量\" : 10, \"版本\" : \"湘少版\", \"册\" : \"下册\", \"题干集合\" : \",,,,,,,,,\", \"单元名称\" : \"Unit 11 What's he？\", \"设置的题目数量\" : 5, \"级别\" : \"难点突破\", \"学科\" : \"英语\", \"对应端类型\" : \"app\"}"
"{\"年级\" : \"八年级\", \"关联题目数量\" : 1, \"版本\" : \"\", \"册\" : \"上册\", \"题干集合\" : \"<p>1. |space<||>space|<\\/p><p>2. |space<||>space|<\\/p><p>3. |space<||>space|<\\/p><p>4. |space<||>space|<\\/p><p>5. |space<||>space|<\\/p>\", \"单元名称\" : \"Unit 1 Happy Holiday\", \"设置的题目数量\" : 1, \"级别\" : \"听短文完成题目\", \"学科\" : \"英语\", \"对应端类型\" : \"通用\"}"
"{\"年级\" : \"四年级\", \"关联题目数量\" : 10, \"版本\" : \"\", \"册\" : \"下册\", \"题干集合\" : \",,,,,<p>课堂上，同学们在分享自己喜欢的学科。听一听，他们分别喜欢什么学科呢？<\\/p>,,<p>Anne has Chinese, computer, PE and maths in the morning.<\\/p>,,<p>Mike likes English and art.<\\/p>\", \"单元名称\" : \"Unit 1 What subjects do you like?\", \"设置的题目数量\" : 10, \"级别\" : \"难点突破\", \"学科\" : \"英语\", \"对应端类型\" : \"通用\"}"
"{\"年级\" : \"四年级\", \"关联题目数量\" : \"\", \"版本\" : \"教科版\", \"册\" : \"上册\", \"题干集合\" : \"\", \"单元名称\" : \"Unit 5 Let me show you our new school\", \"设置的题目数量\" : 5, \"级别\" : \"基础巩固\", \"学科\" : \"英语\", \"对应端类型\" : \"通用\"}"
"{\"年级\" : \"三年级\", \"关联题目数量\" : 15, \"版本\" : \"\", \"册\" : \"上册\", \"题干集合\" : \",,<p>你；你们<\\/p>,,,<p>I<\\/p>,,<p>n|space<||>space|m|space<||>space|<\\/p>,,,,,,,\", \"单元名称\" : \"Unit 1 Hello!\", \"设置的题目数量\" : 5, \"级别\" : \"基础巩固\", \"学科\" : \"英语\", \"对应端类型\" : \"通用\"}"
"{\"年级\" : \"四年级\", \"关联题目数量\" : 19, \"版本\" : \"湘少版\", \"册\" : \"下册\", \"题干集合\" : \",,<p>Monday<\\/p>,,,,,<p>Monday<\\/p>,,,<p>Saturday<\\/p>,<p>glass<\\/p>,<p>tomorrow<\\/p>,<p>Saturday<\\/p>,<p>Tuesday<\\/p>,,,<p>glass<\\/p>,\", \"单元名称\" : \"Unit 7 Today is Saturday\", \"设置的题目数量\" : 5, \"级别\" : \"基础巩固\", \"学科\" : \"英语\", \"对应端类型\" : \"app\"}"
"{\"年级\" : \"五年级\", \"关联题目数量\" : 16, \"版本\" : \"人教版（三起）\", \"册\" : \"上册\", \"题干集合\" : \",<p>M |space<||>space| |space<||>space| |space<||>space| |space<||>space| |space<||>space|<\\/p>,,,<p>Th |space<||>space| |space<||>space| |space<||>space| day<\\/p>,,,,,<p>|space<||>space| |space<||>space| |space<||>space| |space<||>space| |space<||>space|<\\/p>,<p>|space<||>space| |space<||>space| |space<||>space| |space<||>space| |space<||>space| |space<||>space| |space<||>space|<\\/p>,<p>F |space<||>space| |space<||>space| |space<||>space| |space<||>space| |space<||>space|<\\/p>,,,<p>W |space<||>space| dnesd |space<||>space| |space<||>space|<\\/p>,\", \"单元名称\" : \"Unit 2 My week\", \"设置的题目数量\" : 5, \"级别\" : \"难点突破\", \"学科\" : \"英语\", \"对应端类型\" : \"app\"}"
"{\"年级\" : \"四年级\", \"关联题目数量\" : \"\", \"版本\" : \"\", \"册\" : \"下册\", \"题干集合\" : \"\", \"单元名称\" : \"Units 4-6 测试卷\", \"设置的题目数量\" : 5, \"级别\" : \"综合进阶\", \"学科\" : \"英语\", \"对应端类型\" : \"通用\"}"
"{\"年级\" : \"四年级\", \"关联题目数量\" : 16, \"版本\" : \"教科版（2024审定）\", \"册\" : \"下册\", \"题干集合\" : \",,,,,,,,,,,,,,,\", \"单元名称\" : \"Unit 6 Tidy Up My Closet\", \"设置的题目数量\" : 5, \"级别\" : \"基础巩固\", \"学科\" : \"英语\", \"对应端类型\" : \"通用\"}"
"{\"年级\" : \"四年级\", \"关联题目数量\" : \"\", \"版本\" : \"人教版（三起）\", \"册\" : \"上册\", \"题干集合\" : \"\", \"单元名称\" : \"U12\", \"设置的题目数量\" : 5, \"级别\" : \"难点突破\", \"学科\" : \"英语\", \"对应端类型\" : \"app\"}"
"{\"年级\" : \"四年级\", \"关联题目数量\" : \"\", \"版本\" : \"教科版（2024审定）\", \"册\" : \"上册\", \"题干集合\" : \"\", \"单元名称\" : \"期中复习\", \"设置的题目数量\" : 5, \"级别\" : \"基础巩固\", \"学科\" : \"英语\", \"对应端类型\" : \"通用\"}"
"{\"年级\" : \"四年级\", \"关联题目数量\" : 15, \"版本\" : \"教科版（2024审定）\", \"册\" : \"下册\", \"题干集合\" : \",,,,,,,,<p>I plan to have breakfast before 9 a.m.<\\/p>,<p>I want to have some vegetables.<\\/p>,,,,,<p>I plan to play sports every day.<\\/p>\", \"单元名称\" : \"Unit 3 Grow Taller\", \"设置的题目数量\" : 15, \"级别\" : \"综合进阶\", \"学科\" : \"英语\", \"对应端类型\" : \"通用\"}"
"{\"年级\" : \"六年级\", \"关联题目数量\" : \"\", \"版本\" : \"教科版\", \"册\" : \"上册\", \"题干集合\" : \"\", \"单元名称\" : \"期中复习\", \"设置的题目数量\" : 5, \"级别\" : \"难点突破\", \"学科\" : \"英语\", \"对应端类型\" : \"通用\"}"
"{\"年级\" : \"八年级\", \"关联题目数量\" : 1, \"版本\" : \"\", \"册\" : \"上册\", \"题干集合\" : \"\", \"单元名称\" : \"Unit 5 What a Delicious Meal!\", \"设置的题目数量\" : 1, \"级别\" : \"听独白选答案\", \"学科\" : \"英语\", \"对应端类型\" : \"通用\"}"
"{\"年级\" : \"四年级\", \"关联题目数量\" : 15, \"版本\" : \"教科版（2024审定）\", \"册\" : \"上册\", \"题干集合\" : \"<p>Anna和妈妈在谈论节日。听一听，妈妈对Anna说了什么呢？<\\/p>,<p>同学们在谈论自己最喜欢的节日风俗。听一听，图片是他们提到的风俗吗？<\\/p>,<p>Anna通过电话给好朋友送上自己的祝福。听一听，她对朋友说了什么呢？<\\/p>,<p>同学们在谈论自己最喜欢的节日风俗。听一听，他们说的是哪个风俗呢？<\\/p>,<p>Anna和妈妈在谈论节日。听一听，妈妈对Anna说了什么呢？<\\/p>,<p>同学们在谈论自己最喜欢的节日风俗。听一听，他们说的是哪个风俗呢？<\\/p>,<p>John在制定一份调查问卷。听一听，他把问卷的问题写对了吗？<\\/p><p>What do you do during that festival?<\\/p>,<p>同学们在谈论自己最喜欢的节日风俗。听一听，他们说的是哪个风俗呢？<\\/p>,<p>John在制定一份调查问卷。听一听，他把问卷的问题写对了吗？<\\/p><p>What's your favourite festival?<\\/p>,<p>同学们在谈论自己最喜欢的节日风俗。听一听，图片是他们提到的风俗吗？<\\/p>,<p>John在制定一份调查问卷。听一听，他把问卷的问题写对了吗？<\\/p><p>Which festival do you like?<\\/p>,<p>Anna通过电话给好朋友送上自己的祝福。听一听，她对朋友说了什么呢？<\\/p>,<p>Mike在学习中文。听一听，请你帮他找到对应的翻译吧！<\\/p>,<p>同学们在谈论自己最喜欢的节日风俗。听一听，图片是他们提到的风俗吗？<\\/p>,<p>Mike在学习中文。听一听，请你帮他找到对应的翻译吧！<\\/p>\", \"单元名称\" : \"Unit 8 Joy in the Air\", \"设置的题目数量\" : 5, \"级别\" : \"综合进阶\", \"学科\" : \"英语\", \"对应端类型\" : \"通用\"}"
"{\"年级\" : \"四年级\", \"关联题目数量\" : \"\", \"版本\" : \"教科版\", \"册\" : \"上册\", \"题干集合\" : \"\", \"单元名称\" : \"Unit 9 Look at this T-shirt\", \"设置的题目数量\" : 5, \"级别\" : \"综合进阶\", \"学科\" : \"英语\", \"对应端类型\" : \"通用\"}"
"{\"年级\" : \"三年级\", \"关联题目数量\" : 10, \"版本\" : \"教科版（2024审定）\", \"册\" : \"上册\", \"题干集合\" : \"<p>同学们都想和外国同学聊天，请你来当小翻译。听句子，选出与句意相符的一项。<\\/p>,<p>新同学正在和大家互相认识。听录音，判断下列图片与所听内容是否相符。相符的选“T”，不相符的选“F”。<\\/p>,<p>新同学正在和大家互相认识。听录音，判断下列图片与所听内容是否相符。相符的选“T”，不相符的选“F”。<\\/p>,<p>同学们正在互相问候。听一听，选出你所听到的句子。<\\/p>,<p>同学们正在互相问候。听一听，选出你所听到的句子。<\\/p>,<p>新同学正在和大家互相认识。听录音，判断下列图片与所听内容是否相符。相符的选“T”，不相符的选“F”。<\\/p>,<p>同学们正在互相问候。听一听，选出你所听到的句子。<\\/p>,<p>同学们都想和外国同学聊天，请你来当小翻译。听句子，选出与句意相符的一项。<\\/p>,<p>同学们正在互相问候。听一听，选出你所听到的句子。<\\/p>,<p>同学们都想和外国同学聊天，请你来当小翻译。听句子，选出与句意相符的一项。<\\/p>\", \"单元名称\" : \"Unit 3 Who's Who?\", \"设置的题目数量\" : 5, \"级别\" : \"综合进阶\", \"学科\" : \"英语\", \"对应端类型\" : \"通用\"}"
"{\"年级\" : \"五年级\", \"关联题目数量\" : 10, \"版本\" : \"湘少版\", \"册\" : \"上册\", \"题干集合\" : \",,,,,,,,,\", \"单元名称\" : \"Unit 12 The Spring Festival\", \"设置的题目数量\" : 5, \"级别\" : \"综合进阶\", \"学科\" : \"英语\", \"对应端类型\" : \"app\"}"
"{\"年级\" : \"八年级\", \"关联题目数量\" : 5, \"版本\" : \"人教版\", \"册\" : \"下册\", \"题干集合\" : \"<p>Where are they?<\\/p>,<p>How long does it take Kelly's mother to get to work by subway?<\\/p>,<p>What's the relationship between the two speakers?<\\/p>,<p>Where is the bank?<\\/p>,<p>What does Tyler do?<\\/p>\", \"单元名称\" : \"Unit 4 Why don't you talk to your parents?\", \"设置的题目数量\" : 5, \"级别\" : \"听短对话选答案\", \"学科\" : \"英语\", \"对应端类型\" : \"通用\"}"
"{\"年级\" : \"三年级\", \"关联题目数量\" : \"\", \"版本\" : \"人教版（三起）（2024审定）\", \"册\" : \"下册\", \"题干集合\" : \"\", \"单元名称\" : \"期末复习\", \"设置的题目数量\" : 5, \"级别\" : \"基础巩固\", \"学科\" : \"英语\", \"对应端类型\" : \"通用\"}"
"{\"年级\" : \"四年级\", \"关联题目数量\" : 5, \"版本\" : \"湘少版\", \"册\" : \"下册\", \"题干集合\" : \",,,,\", \"单元名称\" : \"期中复习\", \"设置的题目数量\" : 5, \"级别\" : \"综合进阶\", \"学科\" : \"英语\", \"对应端类型\" : \"app\"}"
"{\"年级\" : \"六年级\", \"关联题目数量\" : 10, \"版本\" : \"湘少版\", \"册\" : \"下册\", \"题干集合\" : \",,,<p>He likes to tell us about the places of interest.<\\/p>,,<p>I took a picture of the Great Wall.<\\/p>,,<p>My family travelled to London last year.<\\/p>,,\", \"单元名称\" : \"Unit 9 Look at these beautiful places in the world\", \"设置的题目数量\" : 5, \"级别\" : \"综合进阶\", \"学科\" : \"英语\", \"对应端类型\" : \"app\"}"
"{\"年级\" : \"三年级\", \"关联题目数量\" : \"\", \"版本\" : \"人教版（三起）（2024审定）\", \"册\" : \"上册\", \"题干集合\" : \"\", \"单元名称\" : \"Units 4-6 测试卷（A）\", \"设置的题目数量\" : 5, \"级别\" : \"难点突破\", \"学科\" : \"英语\", \"对应端类型\" : \"通用\"}"
"{\"年级\" : \"四年级\", \"关联题目数量\" : \"\", \"版本\" : \"教科版（2024审定）\", \"册\" : \"下册\", \"题干集合\" : \"\", \"单元名称\" : \"U9\", \"设置的题目数量\" : 5, \"级别\" : \"难点突破\", \"学科\" : \"英语\", \"对应端类型\" : \"通用\"}"
"{\"年级\" : \"四年级\", \"关联题目数量\" : 14, \"版本\" : \"\", \"册\" : \"下册\", \"题干集合\" : \",,,,,<p>Nancy在展示自己的特长。听一听，她擅长什么呢？<\\/p>,,,<p>John在介绍自己的爱好。听一听，他喜欢做什么呢？<\\/p>,<p>Coco在展示自己的特长。听一听，她擅长什么呢？<\\/p>,<p>Peter在复习今天学习的英语绕口令。听一听，绕口令中包含下面哪个单词？<\\/p>,,,\", \"单元名称\" : \"Unit 2 She is good at singing and dancing\", \"设置的题目数量\" : 15, \"级别\" : \"基础巩固\", \"学科\" : \"英语\", \"对应端类型\" : \"通用\"}"
"{\"年级\" : \"三年级\", \"关联题目数量\" : 10, \"版本\" : \"教科版（2024审定）\", \"册\" : \"下册\", \"题干集合\" : \"<p> Lily在将今天的学习内容归类。听一听，按照Lily所说的顺序给下面的句子排序。<\\/p>,<p>Lucy在记录同学们参加跳绳活动的意向。听一听，判断Lucy的记录与对话是否相符。<\\/p><p><br><\\/p><p>Lily wants to join us.<\\/p>,<p>Tom和好朋友们打算周末一起去农场玩。听一听，选择恰当的答语。<\\/p>,<p>Lucy在记录同学们参加跳绳活动的意向。听一听，判断Lucy的记录与对话是否相符。<\\/p><p><br><\\/p><p>Mike wants to join us.<\\/p>,<p>Lucy在记录同学们参加跳绳活动的意向。听一听，判断Lucy的记录与对话是否相符。<\\/p><p><br><\\/p><p>Tom wants to join us.<\\/p>,<p>Lily在将今天的学习内容归类。听一听，按照Lily所说的顺序给下面的句子排序。<\\/p>,<p>Tom和好朋友们打算周末一起去农场玩。听一听，选择恰当的答语。<\\/p>,<p>Yafei和Lucas在谈论周末的计划，Kumar加入了他们的聊天。听一听，判断图片与他们的对话是否相符。<\\/p>,<p>Tom和好朋友们在农场里玩耍。听一听，选择恰当的答语。<\\/p>,<p>放学后Yafei和Lucas在打扫教室，他们会说些什么呢？听一听，判断图片与他们的对话是否相符。<\\/p>\", \"单元名称\" : \"Unit 4 Come and Join Us!\", \"设置的题目数量\" : 5, \"级别\" : \"难点突破\", \"学科\" : \"英语\", \"对应端类型\" : \"通用\"}"
"{\"年级\" : \"三年级\", \"关联题目数量\" : 10, \"版本\" : \"湘少版\", \"册\" : \"下册\", \"题干集合\" : \",,,,,,,,,\", \"单元名称\" : \"Unit 2 Are you Lingling?\", \"设置的题目数量\" : 5, \"级别\" : \"难点突破\", \"学科\" : \"英语\", \"对应端类型\" : \"app\"}"
"{\"年级\" : \"五年级\", \"关联题目数量\" : \"\", \"版本\" : \"教科版\", \"册\" : \"上册\", \"题干集合\" : \"\", \"单元名称\" : \"Unit 3 I can swim very fast\", \"设置的题目数量\" : 5, \"级别\" : \"综合进阶\", \"学科\" : \"英语\", \"对应端类型\" : \"通用\"}"
"{\"年级\" : \"三年级\", \"关联题目数量\" : \"\", \"版本\" : \"湘鲁版\", \"册\" : \"下册\", \"题干集合\" : \"\", \"单元名称\" : \"期中复习\", \"设置的题目数量\" : 5, \"级别\" : \"难点突破\", \"学科\" : \"英语\", \"对应端类型\" : \"app\"}"
"{\"年级\" : \"三年级\", \"关联题目数量\" : 10, \"版本\" : \"湘鲁版\", \"册\" : \"下册\", \"题干集合\" : \",<p>read<\\/p>,<p>sit<\\/p>,,<p>do<\\/p>,<p>sleep<\\/p>,<p>jump<\\/p>,,,\", \"单元名称\" : \"Unit 3  I like running.\", \"设置的题目数量\" : 5, \"级别\" : \"基础巩固\", \"学科\" : \"英语\", \"对应端类型\" : \"app\"}"
"{\"年级\" : \"三年级\", \"关联题目数量\" : \"\", \"版本\" : \"人教版（三起）\", \"册\" : \"下册\", \"题干集合\" : \"\", \"单元名称\" : \"U10\", \"设置的题目数量\" : 5, \"级别\" : \"基础巩固\", \"学科\" : \"英语\", \"对应端类型\" : \"通用\"}"
"{\"年级\" : \"三年级\", \"关联题目数量\" : \"\", \"版本\" : \"教科版（2024审定）\", \"册\" : \"下册\", \"题干集合\" : \"\", \"单元名称\" : \"期中复习\", \"设置的题目数量\" : 5, \"级别\" : \"基础巩固\", \"学科\" : \"英语\", \"对应端类型\" : \"通用\"}"
"{\"年级\" : \"五年级\", \"关联题目数量\" : \"\", \"版本\" : \"湘鲁版\", \"册\" : \"上册\", \"题干集合\" : \"\", \"单元名称\" : \"期末复习\", \"设置的题目数量\" : 5, \"级别\" : \"综合进阶\", \"学科\" : \"英语\", \"对应端类型\" : \"app\"}"
"{\"年级\" : \"六年级\", \"关联题目数量\" : 12, \"版本\" : \"湘少版\", \"册\" : \"下册\", \"题干集合\" : \",,,,,,,,,,,\", \"单元名称\" : \"Unit 6 Anne wanted to dance\", \"设置的题目数量\" : 5, \"级别\" : \"难点突破\", \"学科\" : \"英语\", \"对应端类型\" : \"app\"}"
"{\"年级\" : \"五年级\", \"关联题目数量\" : \"\", \"版本\" : \"人教版（三起）\", \"册\" : \"上册\", \"题干集合\" : \"\", \"单元名称\" : \"U12\", \"设置的题目数量\" : 5, \"级别\" : \"综合进阶\", \"学科\" : \"英语\", \"对应端类型\" : \"app\"}"
"{\"年级\" : \"四年级\", \"关联题目数量\" : 10, \"版本\" : \"人教版（三起）\", \"册\" : \"上册\", \"题干集合\" : \",,,<p>书房<\\/p>,,<p>床<\\/p>,,,,\", \"单元名称\" : \"Unit 4 My home\", \"设置的题目数量\" : 5, \"级别\" : \"基础巩固\", \"学科\" : \"英语\", \"对应端类型\" : \"app\"}"
"{\"年级\" : \"三年级\", \"关联题目数量\" : \"\", \"版本\" : \"人教版（三起）\", \"册\" : \"上册\", \"题干集合\" : \"\", \"单元名称\" : \"期中测试卷\", \"设置的题目数量\" : 5, \"级别\" : \"难点突破\", \"学科\" : \"英语\", \"对应端类型\" : \"app\"}"
"{\"年级\" : \"八年级\", \"关联题目数量\" : \"\", \"版本\" : \"人教版\", \"册\" : \"上册\", \"题干集合\" : \"\", \"单元名称\" : \"U11\", \"设置的题目数量\" : 5, \"级别\" : \"难点突破\", \"学科\" : \"英语\", \"对应端类型\" : \"通用\"}"
"{\"年级\" : \"六年级\", \"关联题目数量\" : 18, \"版本\" : \"湘鲁版\", \"册\" : \"上册\", \"题干集合\" : \"<p>|space<||>space| |space<||>space| |space<||>space| |space<||>space| |space<||>space| |space<||>space| |space<||>space|<\\/p>,<p>|space<||>space| |space<||>space| |space<||>space| |space<||>space| |space<||>space| |space<||>space| |space<||>space|<\\/p>,<p>|space<||>space| |space<||>space| |space<||>space| |space<||>space| |space<||>space| |space<||>space| |space<||>space|<\\/p>,<p>|space<||>space| |space<||>space| |space<||>space| |space<||>space| |space<||>space|<\\/p>,,<p>|space<||>space| |space<||>space| |space<||>space| |space<||>space| |space<||>space| |space<||>space| |space<||>space|<\\/p>,<p>|space<||>space| |space<||>space| |space<||>space| |space<||>space|<\\/p>,<p>h|space<||>space| |space<||>space|b|space<||>space| |space<||>space|ger<\\/p>,,<p>|space<||>space| |space<||>space| |space<||>space| |space<||>space| |space<||>space|<\\/p>,,<p>|space<||>space| |space<||>space| |space<||>space| |space<||>space| |space<||>space| |space<||>space| |space<||>space|<\\/p>,<p>|space<||>space| |space<||>space| |space<||>space| |space<||>space| |space<||>space| |space<||>space| |space<||>space|<\\/p>,<p>|space<||>space| |space<||>space| |space<||>space| |space<||>space|<\\/p>,<p>|space<||>space| |space<||>space| |space<||>space| |space<||>space|<\\/p>,,,<p>|space<||>space| |space<||>space| |space<||>space| |space<||>space| |space<||>space| |space<||>space|<\\/p>\", \"单元名称\" : \"Unit 4 It's like an English salad.\", \"设置的题目数量\" : 5, \"级别\" : \"难点突破\", \"学科\" : \"英语\", \"对应端类型\" : \"app\"}"
"{\"年级\" : \"三年级\", \"关联题目数量\" : 10, \"版本\" : \"湘鲁版\", \"册\" : \"下册\", \"题干集合\" : \",,,,,,,,,\", \"单元名称\" : \"Unit 5  Pass me the milk, please!\", \"设置的题目数量\" : 5, \"级别\" : \"综合进阶\", \"学科\" : \"英语\", \"对应端类型\" : \"app\"}"
"{\"年级\" : \"四年级\", \"关联题目数量\" : \"\", \"版本\" : \"教科版\", \"册\" : \"上册\", \"题干集合\" : \"\", \"单元名称\" : \"Unit 4 I live in a big house\", \"设置的题目数量\" : 5, \"级别\" : \"难点突破\", \"学科\" : \"英语\", \"对应端类型\" : \"通用\"}"
"{\"年级\" : \"三年级\", \"关联题目数量\" : \"\", \"版本\" : \"人教版（三起）（2024审定）\", \"册\" : \"上册\", \"题干集合\" : \"\", \"单元名称\" : \"期中复习\", \"设置的题目数量\" : 5, \"级别\" : \"难点突破\", \"学科\" : \"英语\", \"对应端类型\" : \"通用\"}"
"{\"年级\" : \"三年级\", \"关联题目数量\" : 11, \"版本\" : \"湘少版（2024审定）\", \"册\" : \"下册\", \"题干集合\" : \"<p>课间，Lily在调查同学们对衣服的喜好。听一听，判断下列图片与所听内容是否相符。<\\/p>,<p>早晨，妈妈帮Anna挑选今天要穿的衣服。听一听，选择合适的答语。<\\/p>,<p>Lily 回到家，发现妈妈给她准备了一个小惊喜。听录音，判断录音内容与所给信息是否相符。<\\/p><p><br><\\/p><p>Lily doesn't like the dress.<\\/p>,<p>课间，Lily在调查同学们对衣服的喜好。听一听，选出正确的单词补全句子。<\\/p><p>I like the green |space<||>space|.<\\/p>,<p>课间，Lily在调查同学们对衣服的喜好。听一听，判断下列图片与所听内容是否相符。<\\/p>,<p>同学们在互相介绍自己喜欢的服装。听一听，根据描述，将人物与喜欢的服饰连线。<\\/p>,<p>课间，Lily在调查同学们对衣服的喜好。听一听，选出正确的单词补全句子。<\\/p><p>I like the |space<||>space|.<\\/p>,<p>Lily 回到家，发现妈妈给她准备了一个小惊喜。听录音，判断录音内容与所给信息是否相符。<\\/p><p><br><\\/p><p>Lily likes the doll very much.<\\/p>,<p>早晨，妈妈帮Anna挑选今天要穿的衣服。听一听，选择合适的答语。<\\/p>,<p>课间，Lily在调查同学们对衣服的喜好。听一听，判断下列图片与所听内容是否相符。<\\/p>,<p>今天是Anna的生日。听一听，选择合适的答语。<\\/p>\", \"单元名称\" : \"Unit 4 Do you like the dress?\", \"设置的题目数量\" : 5, \"级别\" : \"难点突破\", \"学科\" : \"英语\", \"对应端类型\" : \"通用\"}"
"{\"年级\" : \"四年级\", \"关联题目数量\" : 11, \"版本\" : \"湘鲁版\", \"册\" : \"上册\", \"题干集合\" : \"<p>thirty<\\/p>,,<p>土豆<\\/p>,<p>不用，谢谢。<\\/p>,,,<p>晚餐<\\/p>,,,,<p>你要做什么？<\\/p>\", \"单元名称\" : \"Unit 5 What would you like?\", \"设置的题目数量\" : 5, \"级别\" : \"基础巩固\", \"学科\" : \"英语\", \"对应端类型\" : \"app\"}"
"{\"年级\" : \"三年级\", \"关联题目数量\" : 10, \"版本\" : \"教科版（2024审定）\", \"册\" : \"上册\", \"题干集合\" : \"<p>午饭时间到，Tim正在餐厅。听录音，根据Tim的点单判断服务员是否送餐正确。正确选“T”，不正确选“F”。<\\/p>,<p>Helen正在和朋友讨论中英文中发音相似的事物。听录音，选出合适的答语。<\\/p>,<p>Helen正在餐厅点餐。听录音，选出合适的答语。<\\/p>,<p>Mulan收集了一些食物图片，它们的名称来自英文单词。听录音，判断下面的图片与录音内容是否相符。相符的选“T”，不相符的选“F”。<\\/p>,<p>Helen正在和朋友讨论中英文中发音相似的事物。听录音，选出合适的答语。<\\/p>,<p>Mulan帮助Sam学习中文，Sam帮助Mulan学习英语。听一听，按照听到的顺序给下面的句子排序。<\\/p>,<p>Mulan收集了一些食物图片，它们的名称来自英文单词。听录音，判断下面的图片与录音内容是否相符。相符的选“T”，不相符的选“F”。<\\/p>,<p>Mulan收集了一些食物图片，它们的名称来自中文。听录音，判断下面的图片与录音内容是否相符。相符的选“T”，不相符的选“F”。<\\/p>,<p>Mulan帮助Sam学习中文，Sam帮助Mulan学习英语。听一听，按照听到的顺序给下面的图片排序。<\\/p>,<p>Helen正在和朋友讨论中英文中发音相似的事物。听录音，选出合适的答语。<\\/p>\", \"单元名称\" : \"Unit 2 English and Chinese\", \"设置的题目数量\" : 5, \"级别\" : \"难点突破\", \"学科\" : \"英语\", \"对应端类型\" : \"通用\"}"
"{\"年级\" : \"五年级\", \"关联题目数量\" : \"\", \"版本\" : \"人教版（三起）\", \"册\" : \"下册\", \"题干集合\" : \"\", \"单元名称\" : \"U11\", \"设置的题目数量\" : 5, \"级别\" : \"综合进阶\", \"学科\" : \"英语\", \"对应端类型\" : \"app\"}"
"{\"年级\" : \"四年级\", \"关联题目数量\" : \"\", \"版本\" : \"湘鲁版\", \"册\" : \"下册\", \"题干集合\" : \"\", \"单元名称\" : \"U10\", \"设置的题目数量\" : 5, \"级别\" : \"基础巩固\", \"学科\" : \"英语\", \"对应端类型\" : \"app\"}"
"{\"年级\" : \"三年级\", \"关联题目数量\" : 10, \"版本\" : \"教科版（2024审定）\", \"册\" : \"上册\", \"题干集合\" : \"<p>Mulan和Sam正在玩你说我画的游戏。听录音，判断所听内容和所画图片是否相符。相符的选“T”，不相符的选“F”。<\\/p>,<p>Lily一家正在点餐。听录音，选出他们想要的食物。<\\/p>,<p>Lily一家正在点餐。听录音，选出他们想要的食物。<\\/p>,<p>Mulan和Sam正在玩你说我画的游戏。听录音，判断所听内容和所画图片是否相符。相符的选“T”，不相符的选“F”。<\\/p>,<p>Sam和Mulan互相帮助学习中文和英语。听一听，选出你听到的句子。<\\/p>,<p>Lily一家正在点餐。听录音，选出他们想要的食物。<\\/p>,<p>Lily一家正在点餐。听录音，选出他们想要的食物。<\\/p>,<p>Sam和Mulan互相帮助学习中文和英语。听一听，选出你听到的句子。<\\/p>,<p>Sam和Mulan互相帮助学习中文和英语。听一听，选出你听到的句子。<\\/p>,<p>Sam和Mulan互相帮助学习中文和英语。听一听，选出你听到的句子。<\\/p>\", \"单元名称\" : \"Unit 2 English and Chinese\", \"设置的题目数量\" : 5, \"级别\" : \"综合进阶\", \"学科\" : \"英语\", \"对应端类型\" : \"通用\"}"
"{\"年级\" : \"五年级\", \"关联题目数量\" : \"\", \"版本\" : \"人教版（三起）\", \"册\" : \"上册\", \"题干集合\" : \"\", \"单元名称\" : \"U11\", \"设置的题目数量\" : 5, \"级别\" : \"难点突破\", \"学科\" : \"英语\", \"对应端类型\" : \"app\"}"
"{\"年级\" : \"五年级\", \"关联题目数量\" : \"\", \"版本\" : \"教科版\", \"册\" : \"上册\", \"题干集合\" : \"\", \"单元名称\" : \"Unit 7 Do you want coffee or tea?\", \"设置的题目数量\" : 5, \"级别\" : \"基础巩固\", \"学科\" : \"英语\", \"对应端类型\" : \"通用\"}"
"{\"年级\" : \"三年级\", \"关联题目数量\" : \"\", \"版本\" : \"\", \"册\" : \"上册\", \"题干集合\" : \"\", \"单元名称\" : \"U10\", \"设置的题目数量\" : 5, \"级别\" : \"综合进阶\", \"学科\" : \"英语\", \"对应端类型\" : \"通用\"}"
"{\"年级\" : \"三年级\", \"关联题目数量\" : 13, \"版本\" : \"\", \"册\" : \"下册\", \"题干集合\" : \"<p>Tom在和Amy分享自己的假期，听一听，选择与Tom所述活动相符的场景。<\\/p>,<p> Jack在和Amy分享自己的假期，听一听，选择与Jack所述活动相符的物品。<\\/p>,<p>教室里，Jill在分享自己的假期，听一听Jill的分享，补全句子。<\\/p><p>It’s warm in Changsha. I can go|space<||>space|with my father. I like it.<\\/p>,<p>听一听E宝的活动分享，将E宝的活动排序。<\\/p>,<p>Jill在和Amy分享自己的假期，听一听，选择与Jill所述活动相符的物品。<\\/p>,<p>教室里，David在分享自己的假期，听一听David的分享，补全句子。<\\/p><p>It’s hot in summer. I can go |space<||>space|. I like it.<\\/p>,<p>Li Tingting在给北京度假的Mary打电话，听一听，帮助Mary选择合适的答语。<\\/p>,<p>Anna根据同学们的发言总结了他们在春天能做的活动，听一听，将人物与对应的活动连线。<\\/p>,<p>教室里，Nick在分享自己的假期，听一听Nick的分享，补全句子。<\\/p><p>It’s cool in New York. I can go|space<||>space|. I like it.<\\/p>,<p>Amy在和Mary分享自己的假期，听一听，选择与对话内容相符的图片。<\\/p>,<p>Li Tingting在给北京度假的Mary打电话，听一听，帮助Mary选择合适的答语。<\\/p>,<p>Mary在和Amy分享自己的假期，听一听，选择与Mary所述活动相符的物品。<\\/p>,<p> Nick在和Amy分享自己的假期，听一听，选择与Nick所述活动相符的场景。<\\/p>\", \"单元名称\" : \"Unit 9 What can you do in Sanya?\", \"设置的题目数量\" : 5, \"级别\" : \"难点突破\", \"学科\" : \"英语\", \"对应端类型\" : \"通用\"}"
"{\"年级\" : \"四年级\", \"关联题目数量\" : \"\", \"版本\" : \"湘鲁版\", \"册\" : \"下册\", \"题干集合\" : \"\", \"单元名称\" : \"期末复习\", \"设置的题目数量\" : 5, \"级别\" : \"综合进阶\", \"学科\" : \"英语\", \"对应端类型\" : \"app\"}"
"{\"年级\" : \"四年级\", \"关联题目数量\" : 10, \"版本\" : \"湘少版（2024审定）\", \"册\" : \"上册\", \"题干集合\" : \"<p>野餐时，Mary在根据同学们的喜好分发食物。听一听，她分发的食物与同学们的喜好相符吗？<\\/p>,<p>午餐时间，Lucy和同学在餐厅讨论各自喜欢的食物。听一听，Tom喜欢吃什么呢？<\\/p>,<p>午餐时间，Lucy和同学在餐厅讨论各自喜欢的食物。听一听，Mike喜欢吃什么呢？<\\/p>,<p> Peter去Linda家做客，他们在谈论自己喜欢的食物。听一听，帮Peter回答Linda的问题吧！<\\/p>,<p>课堂上，老师在调查同学们喜欢的食物。听一听，老师的记录与实际情况相符吗？<\\/p><p>Jack likes noodles and chicken.<\\/p>,<p>野餐时，Mary在根据同学们的喜好分发食物。听一听，她分发的食物与同学们的喜好相符吗？<\\/p>,<p>Andy在复习今天学习的英语内容。听一听，按照他读的顺序给句子排序。<\\/p>,<p>课堂上，同学们在分享自己喜欢的食物。听一听，按照分享的顺序给他们喜欢的食物排序吧！<\\/p>,<p>课堂上，老师在调查同学们喜欢的食物。听一听，老师的记录与实际情况相符吗？<\\/p><p>John likes hamburgers.<\\/p>,<p>Peter去Linda家做客，他们在谈论自己喜欢的食物。听一听，帮Peter回答Linda的问题吧！<\\/p>\", \"单元名称\" : \"Unit 3 I like dumplings\", \"设置的题目数量\" : 5, \"级别\" : \"难点突破\", \"学科\" : \"英语\", \"对应端类型\" : \"通用\"}"
"{\"年级\" : \"四年级\", \"关联题目数量\" : \"\", \"版本\" : \"湘少版\", \"册\" : \"上册\", \"题干集合\" : \"\", \"单元名称\" : \"期末复习\", \"设置的题目数量\" : 5, \"级别\" : \"基础巩固\", \"学科\" : \"英语\", \"对应端类型\" : \"app\"}"
"{\"年级\" : \"四年级\", \"关联题目数量\" : 15, \"版本\" : \"湘少版（2024审定）\", \"册\" : \"下册\", \"题干集合\" : \",,,,,,,,,,,,,,\", \"单元名称\" : \"Unit 7 What can you see?\", \"设置的题目数量\" : 5, \"级别\" : \"综合进阶\", \"学科\" : \"英语\", \"对应端类型\" : \"通用\"}"
"{\"年级\" : \"六年级\", \"关联题目数量\" : 10, \"版本\" : \"湘鲁版\", \"册\" : \"下册\", \"题干集合\" : \"<p>h|space<||>space|r|space<||>space|<\\/p>,,<p>pl|space<||>space| |space<||>space|<\\/p>,<p>w|space<||>space|s<\\/p>,,,,<p>l|space<||>space| |space<||>space|der<\\/p>,<p>w|space<||>space|se<\\/p>,\", \"单元名称\" : \"Unit 3  Who was she?\", \"设置的题目数量\" : 5, \"级别\" : \"综合进阶\", \"学科\" : \"英语\", \"对应端类型\" : \"app\"}"
"{\"年级\" : \"七年级\", \"关联题目数量\" : 1, \"版本\" : \"人教版\", \"册\" : \"上册\", \"题干集合\" : \"<p>1. |space<||>space|<\\/p><p>2. |space<||>space|<\\/p><p>3. |space<||>space|<\\/p><p>4. |space<||>space|<\\/p><p>5. |space<||>space|<\\/p>\", \"单元名称\" : \"Unit 7 How much are these socks?\", \"设置的题目数量\" : 1, \"级别\" : \"听短文完成题目\", \"学科\" : \"英语\", \"对应端类型\" : \"通用\"}"
"{\"年级\" : \"七年级\", \"关联题目数量\" : 1, \"版本\" : \"\", \"册\" : \"下册\", \"题干集合\" : \"\", \"单元名称\" : \"Unit 2 No Rules, No Order\", \"设置的题目数量\" : 1, \"级别\" : \"听长对话选答案\", \"学科\" : \"英语\", \"对应端类型\" : \"通用\"}"
"{\"年级\" : \"七年级\", \"关联题目数量\" : 1, \"版本\" : \"\", \"册\" : \"上册\", \"题干集合\" : \"\", \"单元名称\" : \"Unit 1 You and Me\", \"设置的题目数量\" : 1, \"级别\" : \"听长对话选答案\", \"学科\" : \"英语\", \"对应端类型\" : \"通用\"}"
"{\"年级\" : \"四年级\", \"关联题目数量\" : 15, \"版本\" : \"\", \"册\" : \"下册\", \"题干集合\" : \",,<p>课间，同学们在谈论下午的课程安排。听一听，图片与他们的描述相符吗？<\\/p>,,<p>I like English and PE.<\\/p>,,,<p>What lessons do you have today?<\\/p>,<p>Tom在采访同学们喜欢什么学科。听一听，Lucy是怎么回答的呢？<\\/p>,<p>We have science and computer in the morning.<\\/p>,,<p>新学期的第一天，同学们在教室里谈论课表。听一听，Lily说了什么呢？<\\/p>,<p>Tom在采访同学们喜欢什么学科。听一听，他是怎么提问的呢？<\\/p>,,\", \"单元名称\" : \"Unit 1 What subjects do you like?\", \"设置的题目数量\" : 15, \"级别\" : \"综合进阶\", \"学科\" : \"英语\", \"对应端类型\" : \"通用\"}"
"{\"年级\" : \"四年级\", \"关联题目数量\" : \"\", \"版本\" : \"教科版\", \"册\" : \"上册\", \"题干集合\" : \"\", \"单元名称\" : \"Unit 7 How many stars does each group have?\", \"设置的题目数量\" : 5, \"级别\" : \"难点突破\", \"学科\" : \"英语\", \"对应端类型\" : \"通用\"}"
"{\"年级\" : \"五年级\", \"关联题目数量\" : 15, \"版本\" : \"人教版（三起）\", \"册\" : \"上册\", \"题干集合\" : \",,,,,,,,,,,,,,\", \"单元名称\" : \"Unit 3 What would you like?\", \"设置的题目数量\" : 5, \"级别\" : \"综合进阶\", \"学科\" : \"英语\", \"对应端类型\" : \"app\"}"
"{\"年级\" : \"三年级\", \"关联题目数量\" : \"\", \"版本\" : \"湘鲁版\", \"册\" : \"下册\", \"题干集合\" : \"\", \"单元名称\" : \"期中复习\", \"设置的题目数量\" : 5, \"级别\" : \"综合进阶\", \"学科\" : \"英语\", \"对应端类型\" : \"app\"}"
"{\"年级\" : \"四年级\", \"关联题目数量\" : \"\", \"版本\" : \"\", \"册\" : \"上册\", \"题干集合\" : \"\", \"单元名称\" : \"期中复习\", \"设置的题目数量\" : 5, \"级别\" : \"难点突破\", \"学科\" : \"英语\", \"对应端类型\" : \"通用\"}"
"{\"年级\" : \"七年级\", \"关联题目数量\" : \"\", \"版本\" : \"\", \"册\" : \"上册\", \"题干集合\" : \"\", \"单元名称\" : \"Starter Unit 2 Keep Tidy\", \"设置的题目数量\" : 5, \"级别\" : \"基础巩固\", \"学科\" : \"英语\", \"对应端类型\" : \"通用\"}"
"{\"年级\" : \"七年级\", \"关联题目数量\" : \"\", \"版本\" : \"\", \"册\" : \"下册\", \"题干集合\" : \"\", \"单元名称\" : \"U12\", \"设置的题目数量\" : 5, \"级别\" : \"基础巩固\", \"学科\" : \"英语\", \"对应端类型\" : \"通用\"}"
"{\"年级\" : \"三年级\", \"关联题目数量\" : 10, \"版本\" : \"人教版（三起）\", \"册\" : \"下册\", \"题干集合\" : \"<p>图书<\\/p>,<p>小汽车<\\/p>,,,,<p>书桌<\\/p>,,<p>在······上<\\/p>,<p>帽子<\\/p>,\", \"单元名称\" : \"Unit 4 Where is my car?\", \"设置的题目数量\" : 5, \"级别\" : \"综合进阶\", \"学科\" : \"英语\", \"对应端类型\" : \"通用\"}"
"{\"年级\" : \"七年级\", \"关联题目数量\" : 1, \"版本\" : \"人教版\", \"册\" : \"下册\", \"题干集合\" : \"\", \"单元名称\" : \"Unit 8 Is there a post office near here?\", \"设置的题目数量\" : 1, \"级别\" : \"听长对话选答案\", \"学科\" : \"英语\", \"对应端类型\" : \"通用\"}"
"{\"年级\" : \"四年级\", \"关联题目数量\" : \"\", \"版本\" : \"人教版（三起）（2024审定）\", \"册\" : \"上册\", \"题干集合\" : \"\", \"单元名称\" : \"U12\", \"设置的题目数量\" : 5, \"级别\" : \"基础巩固\", \"学科\" : \"英语\", \"对应端类型\" : \"通用\"}"
"{\"年级\" : \"六年级\", \"关联题目数量\" : \"\", \"版本\" : \"教科版\", \"册\" : \"上册\", \"题干集合\" : \"\", \"单元名称\" : \"Unit 10 Then and now\", \"设置的题目数量\" : 5, \"级别\" : \"基础巩固\", \"学科\" : \"英语\", \"对应端类型\" : \"通用\"}"
"{\"年级\" : \"四年级\", \"关联题目数量\" : \"\", \"版本\" : \"\", \"册\" : \"上册\", \"题干集合\" : \"\", \"单元名称\" : \"Units 1-3 测试卷\", \"设置的题目数量\" : 5, \"级别\" : \"基础巩固\", \"学科\" : \"英语\", \"对应端类型\" : \"通用\"}"
"{\"年级\" : \"四年级\", \"关联题目数量\" : 15, \"版本\" : \"湘少版（2024审定）\", \"册\" : \"上册\", \"题干集合\" : \"<p>在学校房屋设计大赛中，评委和Mingming在讨论他设计的作品。听一听，下列句子与评委所说内容是否相符。<\\/p><p>This is my bedroom.<\\/p>,<p>在魔法世界的知识考试中，小精灵们在听句子选择中文释义！快来一起加入他们吧！<\\/p>,<p>Amy在小区里遇到了邻居Mike，Mike带Amy去参观他的新家。听听Mike说了什么呢？<\\/p>,<p>魔法学院的新生们正在参观学院宿舍，宿管老师为他们介绍不同的房间。听一听，选出老师介绍的房间。<\\/p>,<p>在魔法世界的知识考试中，小精灵们在听句子选择中文释义！快来一起加入他们吧！<\\/p>,<p>在魔法世界的知识考试中，小精灵们在听句子选择中文释义！快来一起加入他们吧！<\\/p>,<p>在“我爱我家”主题分享活动中，Amy在向大家介绍自己的家。听听她说了什么呢？<\\/p>,<p>在魔法世界的知识考试中，小精灵们在听句子选择中文释义！快来一起加入他们吧！<\\/p>,<p>在学校举办的“我的理想家园”主题摄影比赛中，同学们互相分享自己的创意。听一听，下列作品与同学们的分享一致吗？<\\/p>,<p>魔法学院的新生们正在参观学院宿舍，宿管老师为他们介绍不同的房间。听一听，选出老师介绍的房间。<\\/p>,<p>在学校举办的“我的理想家园”主题摄影比赛中，同学们互相分享自己的创意。听一听，下列作品与同学们的分享一致吗？<\\/p>,<p>在魔法世界的知识考试中，小精灵们在听句子选择中文释义！快来一起加入他们吧！<\\/p>,<p>在学校房屋设计大赛中，评委和Mingming在讨论他设计的作品。听一听，下列句子与Mingming所说内容是否相符。<\\/p><p>This is my living room.<\\/p>,<p>Peter在Anne家里参观她的房间。听听Peter说了什么呢？<\\/p>,<p>Amy来到Mike家门口，准备参观Mike的家。听一听Mike会对她说什么呢？<\\/p>\", \"单元名称\" : \"Unit 9 Welcome to my home!\", \"设置的题目数量\" : 5, \"级别\" : \"综合进阶\", \"学科\" : \"英语\", \"对应端类型\" : \"通用\"}"
"{\"年级\" : \"三年级\", \"关联题目数量\" : 10, \"版本\" : \"湘少版\", \"册\" : \"上册\", \"题干集合\" : \"<p>class<\\/p>,<p>how<\\/p>,,<p>grandmother<\\/p>,,<p>uncle<\\/p>,<p>hi<\\/p>,<p>grandpa<\\/p>,<p>cousin<\\/p>,\", \"单元名称\" : \"Unit 6 Who's he?\", \"设置的题目数量\" : 5, \"级别\" : \"综合进阶\", \"学科\" : \"英语\", \"对应端类型\" : \"app\"}"
"{\"年级\" : \"四年级\", \"关联题目数量\" : \"\", \"版本\" : \"\", \"册\" : \"下册\", \"题干集合\" : \"\", \"单元名称\" : \"U11\", \"设置的题目数量\" : 5, \"级别\" : \"基础巩固\", \"学科\" : \"英语\", \"对应端类型\" : \"通用\"}"
"{\"年级\" : \"三年级\", \"关联题目数量\" : 10, \"版本\" : \"湘鲁版\", \"册\" : \"下册\", \"题干集合\" : \",,,,,,,,,\", \"单元名称\" : \"Unit 2  She is a new pupil.\", \"设置的题目数量\" : 5, \"级别\" : \"综合进阶\", \"学科\" : \"英语\", \"对应端类型\" : \"app\"}"
"{\"年级\" : \"六年级\", \"关联题目数量\" : 12, \"版本\" : \"湘鲁版\", \"册\" : \"上册\", \"题干集合\" : \",,,,,,,,,,,\", \"单元名称\" : \"Unit 8 Do you enjoy playing tennis?\", \"设置的题目数量\" : 5, \"级别\" : \"综合进阶\", \"学科\" : \"英语\", \"对应端类型\" : \"app\"}"
"{\"年级\" : \"六年级\", \"关联题目数量\" : \"\", \"版本\" : \"人教版（三起）\", \"册\" : \"下册\", \"题干集合\" : \"\", \"单元名称\" : \"U8\", \"设置的题目数量\" : 5, \"级别\" : \"难点突破\", \"学科\" : \"英语\", \"对应端类型\" : \"通用\"}"
"{\"年级\" : \"六年级\", \"关联题目数量\" : \"\", \"版本\" : \"湘鲁版\", \"册\" : \"下册\", \"题干集合\" : \"\", \"单元名称\" : \"U11\", \"设置的题目数量\" : 5, \"级别\" : \"综合进阶\", \"学科\" : \"英语\", \"对应端类型\" : \"app\"}"
"{\"年级\" : \"六年级\", \"关联题目数量\" : 24, \"版本\" : \"人教版（三起）\", \"册\" : \"下册\", \"题干集合\" : \"<p>更高的<\\/p>,,,,,,,,,<p>heavy<\\/p>,,,<p>that<\\/p>,,<p>dinner<\\/p>,,,<p>boat<\\/p>,,,,,<p>long<\\/p>,<p>smaller<\\/p>\", \"单元名称\" : \"Unit 1 How tall are you?\", \"设置的题目数量\" : 5, \"级别\" : \"基础巩固\", \"学科\" : \"英语\", \"对应端类型\" : \"通用\"}"
"{\"年级\" : \"四年级\", \"关联题目数量\" : 10, \"版本\" : \"湘鲁版\", \"册\" : \"下册\", \"题干集合\" : \",,,,,,,,,\", \"单元名称\" : \"Unit 3  They are playing.\", \"设置的题目数量\" : 5, \"级别\" : \"难点突破\", \"学科\" : \"英语\", \"对应端类型\" : \"app\"}"
"{\"年级\" : \"三年级\", \"关联题目数量\" : \"\", \"版本\" : \"\", \"册\" : \"上册\", \"题干集合\" : \"\", \"单元名称\" : \"U11\", \"设置的题目数量\" : 5, \"级别\" : \"综合进阶\", \"学科\" : \"英语\", \"对应端类型\" : \"通用\"}"
"{\"年级\" : \"三年级\", \"关联题目数量\" : 10, \"版本\" : \"湘少版\", \"册\" : \"下册\", \"题干集合\" : \",,,,,,,,,\", \"单元名称\" : \"Unit 11 What's he？\", \"设置的题目数量\" : 5, \"级别\" : \"基础巩固\", \"学科\" : \"英语\", \"对应端类型\" : \"app\"}"
"{\"年级\" : \"五年级\", \"关联题目数量\" : 10, \"版本\" : \"人教版（三起）\", \"册\" : \"下册\", \"题干集合\" : \",,,,,,,,,\", \"单元名称\" : \"Unit 2 My favourite season\", \"设置的题目数量\" : 5, \"级别\" : \"基础巩固\", \"学科\" : \"英语\", \"对应端类型\" : \"app\"}"
"{\"年级\" : \"四年级\", \"关联题目数量\" : 17, \"版本\" : \"湘少版（2024审定）\", \"册\" : \"上册\", \"题干集合\" : \"<p>童话世界里的小精灵们在举办单词魔法大赛。听一听，给单词赋予释义吧。<\\/p>,<p>教室里，大家在玩“传声筒”的游戏，听一听，判断卡片与单词是否一致。<\\/p>,<p>课堂上，Peter在给单词配图。听一听，帮他找到合适的图片！<\\/p>,<p>Amy在说绕口令。听一听，绕口令中包含了哪个单词呢？<\\/p>,<p>Amy在说绕口令。听一听，绕口令中包含了哪个单词呢？<\\/p>,<p>神秘岛的探险队员们发现了一些奇怪的遗迹，上面刻着单词。听一听，是哪个单词呢？<\\/p>,<p>Peter在认读教室里的单词。听听他读的是哪个单词呢？<\\/p>,<p>在课堂游戏环节，老师要求同学们按照她说的顺序将下列单词排序。一起来做一做吧！<\\/p>,<p>神秘岛的探险队员们发现了一些奇怪的遗迹，上面刻着单词。听一听，是哪个单词呢？<\\/p>,<p>神秘岛的探险队员们发现了一些奇怪的遗迹，上面刻着单词。听一听，是哪个单词呢？<\\/p>,<p>童话世界里的小精灵们在举办单词魔法大赛。听一听，给单词赋予释义吧。<\\/p>,<p>神秘岛的探险队员们发现了一些奇怪的遗迹，上面刻着单词。听一听，是哪个单词呢？<\\/p>,<p>童话世界里的小精灵们在举办单词魔法大赛。听一听，给单词赋予释义吧。<\\/p>,<p>童话世界里的小精灵们在举办单词魔法大赛。听一听，给单词赋予释义吧。<\\/p>,<p>童话世界里的小精灵们在举办单词魔法大赛。听一听，给单词赋予释义吧。<\\/p>,<p>周末，Lucy在给弟弟介绍自己学校的场所。听听她说的是哪个场所呢？<\\/p>,<p>神秘岛的探险队员们发现了一些奇怪的遗迹，上面刻着单词。听一听，是哪个单词呢？<\\/p>\", \"单元名称\" : \"Unit 8 Don’t talk in the library\", \"设置的题目数量\" : 5, \"级别\" : \"基础巩固\", \"学科\" : \"英语\", \"对应端类型\" : \"通用\"}"
"{\"年级\" : \"四年级\", \"关联题目数量\" : \"\", \"版本\" : \"教科版（2024审定）\", \"册\" : \"下册\", \"题干集合\" : \"\", \"单元名称\" : \"期中复习\", \"设置的题目数量\" : 5, \"级别\" : \"综合进阶\", \"学科\" : \"英语\", \"对应端类型\" : \"通用\"}"
"{\"年级\" : \"四年级\", \"关联题目数量\" : 15, \"版本\" : \"教科版（2024审定）\", \"册\" : \"上册\", \"题干集合\" : \"<p>Peter在听写单词。听一听，他写对了吗？<\\/p><p>sweep<\\/p>,<p>周末，Lucy和妹妹在搞大扫除。听一听，她们做了哪些家务？<\\/p>,<p>Peter在听写单词。听一听，他写对了吗？<\\/p><p>sure <\\/p>,<p>Bob一家在开家庭会议。听一听，爸爸提到了哪些单词？<\\/p>,<p>Amy在完成释义匹配作业。听一听，请你来帮帮她吧！<\\/p>,<p>Andy在厨房整理物品。听一听，图片与Andy对厨房的评价相符吗？<\\/p>,<p>Amy在完成释义匹配作业。听一听，请你来帮帮她吧！<\\/p>,<p>Amy在完成释义匹配作业。听一听，请你来帮帮她吧！<\\/p>,<p>Andy在厨房整理物品。听一听，图片是Andy整理的物品吗？<\\/p>,<p>Peter在听写单词。听一听，他写对了吗？<\\/p><p>dirty <\\/p>,<p>Bob一家在开家庭会议。听一听，爸爸提到了哪些单词？<\\/p>,<p>周末，Lucy和妹妹在搞大扫除。听一听，她们做了哪些家务？<\\/p>,<p>Bob一家在开家庭会议。听一听，爸爸提到了哪些单词？<\\/p>,<p>周末，Lucy和妹妹在搞大扫除。听一听，她们做了哪些家务？<\\/p>,<p>Andy在厨房整理物品。听一听，图片是Andy整理的物品吗？<\\/p>\", \"单元名称\" : \"Unit 4 Help Out in the Kitchen\", \"设置的题目数量\" : 5, \"级别\" : \"基础巩固\", \"学科\" : \"英语\", \"对应端类型\" : \"通用\"}"
"{\"年级\" : \"五年级\", \"关联题目数量\" : 8, \"版本\" : \"湘鲁版\", \"册\" : \"上册\", \"题干集合\" : \"<p>Whose football is this?<\\/p>,,<p>Are these yours?<\\/p>,,<p>It's hers.<\\/p>,<p>They're so dirty.<\\/p>,,\", \"单元名称\" : \"Unit 4 Whose toy is this?\", \"设置的题目数量\" : 5, \"级别\" : \"难点突破\", \"学科\" : \"英语\", \"对应端类型\" : \"app\"}"
"{\"年级\" : \"四年级\", \"关联题目数量\" : \"\", \"版本\" : \"\", \"册\" : \"上册\", \"题干集合\" : \"\", \"单元名称\" : \"Units 4-6 测试卷\", \"设置的题目数量\" : 5, \"级别\" : \"难点突破\", \"学科\" : \"英语\", \"对应端类型\" : \"通用\"}"
"{\"年级\" : \"五年级\", \"关联题目数量\" : 20, \"版本\" : \"人教版（三起）\", \"册\" : \"上册\", \"题干集合\" : \"<p><span style=\\\"color: rgb(0, 0, 0);\\\">处处；到处<\\/span><\\/p>,,,<p>beside<\\/p>,,<p>在（或向）······后面<\\/p>,,<p>floor<\\/p>,,,,,<p>behind<\\/p>,<p>by<\\/p>,<p>live<\\/p>,,,,,\", \"单元名称\" : \"Unit 5 There is a big bed\", \"设置的题目数量\" : 5, \"级别\" : \"基础巩固\", \"学科\" : \"英语\", \"对应端类型\" : \"app\"}"
"{\"年级\" : \"三年级\", \"关联题目数量\" : \"\", \"版本\" : \"人教版（三起）（2024审定）\", \"册\" : \"下册\", \"题干集合\" : \"\", \"单元名称\" : \"期中复习\", \"设置的题目数量\" : 5, \"级别\" : \"基础巩固\", \"学科\" : \"英语\", \"对应端类型\" : \"通用\"}"
"{\"年级\" : \"五年级\", \"关联题目数量\" : \"\", \"版本\" : \"湘鲁版\", \"册\" : \"上册\", \"题干集合\" : \"\", \"单元名称\" : \"期末复习\", \"设置的题目数量\" : 5, \"级别\" : \"难点突破\", \"学科\" : \"英语\", \"对应端类型\" : \"app\"}"
"{\"年级\" : \"四年级\", \"关联题目数量\" : 15, \"版本\" : \"人教版（三起）（2024审定）\", \"册\" : \"上册\", \"题干集合\" : \"<p>课堂上，同学们在介绍自己家人的职业。听一听，图片与他们的介绍相符吗？<\\/p>,<p>Peter看到了Sarah的全家福。听一听，他们会聊些什么？<\\/p>,<p>课堂上，同学们在介绍自己家人的职业。听一听，图片与他们的介绍相符吗？<\\/p>,<p>Anna在总结自己本周为家庭所做的事情。听一听，她做了些什么呢？<\\/p>,<p>Chen Jie在和新来的外国同学聊天。听一听，请你来做小小翻译官吧！<\\/p>,<p>同学们在职业体验馆体验不同的职业。听一听，下面句子与他们所说的一致吗？<\\/p><p>They are tired.<\\/p>,<p>Chen Jie在和新来的外国同学聊天。听一听，请你来做小小翻译官吧！<\\/p>,<p>Peter看到了Sarah的全家福。听一听，Sarah会说些什么？<\\/p>,<p>Peter看到了Sarah的全家福。听一听，他们会聊些什么？<\\/p>,<p>课堂上，同学们在介绍自己家人的职业。听一听，图片与他们的介绍相符吗？<\\/p>,<p>同学们在职业体验馆体验不同的职业。听一听，下面句子与他们所说的一致吗？<\\/p><p>What can we do for Amy? <\\/p>,<p>Anna在总结自己本周为家庭所做的事情。听一听，她做了些什么呢？<\\/p>,<p>Peter看到了Sarah的全家福。听一听，Peter会说些什么？<\\/p>,<p>Anna在分享周末和家人一起进行的活动。听一听，她分享了什么呢？<\\/p>,<p>同学们在职业体验馆体验不同的职业。听一听，下面句子与他们所说的一致吗？<\\/p><p>She is an office worker.<\\/p>\", \"单元名称\" : \"Unit 1 Helping at home\", \"设置的题目数量\" : 5, \"级别\" : \"综合进阶\", \"学科\" : \"英语\", \"对应端类型\" : \"通用\"}"
"{\"年级\" : \"五年级\", \"关联题目数量\" : \"\", \"版本\" : \"湘鲁版\", \"册\" : \"下册\", \"题干集合\" : \"\", \"单元名称\" : \"期末复习\", \"设置的题目数量\" : 5, \"级别\" : \"综合进阶\", \"学科\" : \"英语\", \"对应端类型\" : \"app\"}"
"{\"年级\" : \"六年级\", \"关联题目数量\" : 13, \"版本\" : \"湘少版\", \"册\" : \"下册\", \"题干集合\" : \",,,,,,,,,,,,\", \"单元名称\" : \"Unit 1 A family outing\", \"设置的题目数量\" : 5, \"级别\" : \"基础巩固\", \"学科\" : \"英语\", \"对应端类型\" : \"app\"}"
"{\"年级\" : \"三年级\", \"关联题目数量\" : 10, \"版本\" : \"教科版（2024审定）\", \"册\" : \"下册\", \"题干集合\" : \"<p>老师想选出新一周的班级小帮手。听一听，判断下面句子与老师所说内容是否相符。<\\/p><p><br><\\/p><p>What do you want to do, Tom?<\\/p>,<p>Anna在表达自己对班级小助手的意向。听一听，选出Anna所说的句子。<\\/p>,<p>Peter在表达自己对班级小帮手的想法。听一听，选择与Peter所说内容相符的翻译。<\\/p>,<p>Andy在询问同学们对班级小帮手的意向。听一听，选出Andy所说的句子。<\\/p>,<p>Sam正在分享今天作为班级小帮手的经历。听一听，判断所给图片与Sam所说内容是否相符。<\\/p>,<p>Tony正在参选新一周的班级小帮手。听一听，判断下面句子与Tony所说内容是否相符。<\\/p><p><br><\\/p><p>I want to be a door holder.<\\/p>,<p>Sam正在分享今天作为班级小帮手的经历。听一听，判断所给图片与Sam所说内容是否相符。<\\/p>,<p>老师想选出新一周的班级小帮手。听一听，判断下面句子与老师所说内容是否相符。<\\/p><p><br><\\/p><p>What about you, Tony?<\\/p>,<p>Amy在表达自己对班级小帮手的想法。听一听，选择与Amy所说内容相符的翻译。<\\/p>,<p>Tom正在参选新一周的班级小帮手。听一听，判断下面句子与Tom所说内容是否相符。<\\/p><p><br><\\/p><p>I want to help out. <\\/p>\", \"单元名称\" : \"Unit 6 I'm on Duty\", \"设置的题目数量\" : 5, \"级别\" : \"综合进阶\", \"学科\" : \"英语\", \"对应端类型\" : \"通用\"}"
"{\"年级\" : \"四年级\", \"关联题目数量\" : \"\", \"版本\" : \"人教版（三起）（2024审定）\", \"册\" : \"上册\", \"题干集合\" : \"\", \"单元名称\" : \"Units 5-6 测试卷\", \"设置的题目数量\" : 5, \"级别\" : \"基础巩固\", \"学科\" : \"英语\", \"对应端类型\" : \"通用\"}"
"{\"年级\" : \"三年级\", \"关联题目数量\" : \"\", \"版本\" : \"人教版（三起）（2024审定）\", \"册\" : \"下册\", \"题干集合\" : \"\", \"单元名称\" : \"U10\", \"设置的题目数量\" : 5, \"级别\" : \"基础巩固\", \"学科\" : \"英语\", \"对应端类型\" : \"通用\"}"
"{\"年级\" : \"七年级\", \"关联题目数量\" : 1, \"版本\" : \"人教版\", \"册\" : \"下册\", \"题干集合\" : \"\", \"单元名称\" : \"Unit 7 It's raining!\", \"设置的题目数量\" : 1, \"级别\" : \"听长对话选答案\", \"学科\" : \"英语\", \"对应端类型\" : \"通用\"}"
"{\"年级\" : \"四年级\", \"关联题目数量\" : 13, \"版本\" : \"湘少版\", \"册\" : \"下册\", \"题干集合\" : \",,<p>beside<\\/p>,,,,,,,,,,\", \"单元名称\" : \"Unit 1 It's on your head!\", \"设置的题目数量\" : 5, \"级别\" : \"基础巩固\", \"学科\" : \"英语\", \"对应端类型\" : \"app\"}"
"{\"年级\" : \"三年级\", \"关联题目数量\" : 10, \"版本\" : \"教科版（2024审定）\", \"册\" : \"下册\", \"题干集合\" : \"<p>Linda在教妹妹认识钟表。听录音，选出与Linda所说时间相符的钟表。<\\/p>,<p>Linda在教妹妹认识钟表。听录音，选出与Linda所说时间相符的钟表。<\\/p>,<p>Mary在安排自己的一日活动。听一听，判断图片与Mary所说的内容是否相符。<\\/p>,<p>Linda在教妹妹认识钟表。听录音，选出与Linda所说时间相符的钟表。<\\/p>,<p>Mary在安排自己的一日活动。听一听，判断图片与Mary所说的内容是否相符。<\\/p>,<p>Linda在教妹妹认识钟表。听录音，选出与Linda所说时间相符的钟表。<\\/p>,<p>Bob在计划用餐的时间。听一听，选出Bob所说的词汇。<\\/p>,<p>Bob在计划用餐的时间。听一听，选出Bob所说的词汇。<\\/p>,<p>Bob在计划用餐的时间。听一听，选出Bob所说的词汇。<\\/p>,<p>Mary在安排自己的一日活动。听一听，判断图片与Mary所说的内容是否相符。<\\/p>\", \"单元名称\" : \"Unit 3 Plan My Day\", \"设置的题目数量\" : 5, \"级别\" : \"基础巩固\", \"学科\" : \"英语\", \"对应端类型\" : \"通用\"}"
"{\"年级\" : \"八年级\", \"关联题目数量\" : 1, \"版本\" : \"人教版\", \"册\" : \"上册\", \"题干集合\" : \"\", \"单元名称\" : \"Unit 6 I'm going to study computer science.\", \"设置的题目数量\" : 1, \"级别\" : \"听独白选答案\", \"学科\" : \"英语\", \"对应端类型\" : \"通用\"}"
"{\"年级\" : \"四年级\", \"关联题目数量\" : \"\", \"版本\" : \"人教版（三起）（2024审定）\", \"册\" : \"上册\", \"题干集合\" : \"\", \"单元名称\" : \"U9\", \"设置的题目数量\" : 5, \"级别\" : \"难点突破\", \"学科\" : \"英语\", \"对应端类型\" : \"通用\"}"
"{\"年级\" : \"四年级\", \"关联题目数量\" : 11, \"版本\" : \"湘少版\", \"册\" : \"下册\", \"题干集合\" : \",,,<p>|space<||>space| |space<||>space| |space<||>space| |space<||>space| |space<||>space|<\\/p>,<p>|space<||>space| |space<||>space| |space<||>space| |space<||>space| |space<||>space| |space<||>space|<\\/p>,,<p>|space<||>space| |space<||>space| |space<||>space|<\\/p>,,,,\", \"单元名称\" : \"Unit 11 Do you have a ticket？\", \"设置的题目数量\" : 5, \"级别\" : \"难点突破\", \"学科\" : \"英语\", \"对应端类型\" : \"app\"}"
"{\"年级\" : \"三年级\", \"关联题目数量\" : \"\", \"版本\" : \"湘鲁版\", \"册\" : \"上册\", \"题干集合\" : \"\", \"单元名称\" : \"Units 7-9 测试卷\", \"设置的题目数量\" : 5, \"级别\" : \"基础巩固\", \"学科\" : \"英语\", \"对应端类型\" : \"app\"}"
"{\"年级\" : \"四年级\", \"关联题目数量\" : 17, \"版本\" : \"湘少版\", \"册\" : \"下册\", \"题干集合\" : \",<p>|space<||>space| |space<||>space| |space<||>space| |space<||>space|<\\/p>,<p>|space<||>space| |space<||>space| |space<||>space| |space<||>space| |space<||>space|<\\/p>,<p>|space<||>space| |space<||>space| |space<||>space| |space<||>space|<\\/p>,,,,,,<p>|space<||>space| |space<||>space| |space<||>space| |space<||>space| |space<||>space|<\\/p>,,,,<p>|space<||>space| |space<||>space| |space<||>space| |space<||>space|<\\/p>,<p>成立<\\/p>,,<p>|space<||>space| |space<||>space| |space<||>space| |space<||>space|<\\/p>\", \"单元名称\" : \"Unit 4 Can you write in English？\", \"设置的题目数量\" : 5, \"级别\" : \"难点突破\", \"学科\" : \"英语\", \"对应端类型\" : \"app\"}"
"{\"年级\" : \"五年级\", \"关联题目数量\" : 10, \"版本\" : \"湘鲁版\", \"册\" : \"下册\", \"题干集合\" : \",,<p>City Sq|space<||>space| |space<||>space| |space<||>space| |space<||>space|<\\/p>,,,,<p>di|space<||>space| |space<||>space|<\\/p>,<p>temp|space<||>space| |space<||>space|<\\/p>,<p>f|space<||>space|m|space<||>space| |space<||>space|s<\\/p>,<p>tr|space<||>space|v|space<||>space|l<\\/p>\", \"单元名称\" : \"Unit 10  It's one of the famous mountains in China.\", \"设置的题目数量\" : 5, \"级别\" : \"综合进阶\", \"学科\" : \"英语\", \"对应端类型\" : \"app\"}"
"{\"年级\" : \"三年级\", \"关联题目数量\" : 15, \"版本\" : \"湘少版\", \"册\" : \"下册\", \"题干集合\" : \",,,,,,,,,,,,,,\", \"单元名称\" : \"Unit 8 I like a sunny day\", \"设置的题目数量\" : 5, \"级别\" : \"综合进阶\", \"学科\" : \"英语\", \"对应端类型\" : \"app\"}"
"{\"年级\" : \"五年级\", \"关联题目数量\" : 10, \"版本\" : \"湘鲁版\", \"册\" : \"上册\", \"题干集合\" : \"<p>线；直线<\\/p>,,,<p>|space<||>space| |space<||>space| |space<||>space| |space<||>space| |space<||>space|<\\/p>,<p>they<\\/p>,,<p>tick<\\/p>,<p>|space<||>space| |space<||>space| |space<||>space| |space<||>space|<\\/p>,,<p>|space<||>space| |space<||>space| |space<||>space| |space<||>space|<\\/p>\", \"单元名称\" : \"Unit 6 I often walk to school.\", \"设置的题目数量\" : 5, \"级别\" : \"综合进阶\", \"学科\" : \"英语\", \"对应端类型\" : \"app\"}"
"{\"年级\" : \"四年级\", \"关联题目数量\" : 15, \"版本\" : \"教科版（2024审定）\", \"册\" : \"下册\", \"题干集合\" : \"<p>How do I get started?<\\/p>,<p>Remember to have fun.<\\/p>,<p>I try to go swimming twice a week.<\\/p>,,,,,,,,,,,,\", \"单元名称\" : \"Unit 4 Let's Do It!\", \"设置的题目数量\" : 5, \"级别\" : \"综合进阶\", \"学科\" : \"英语\", \"对应端类型\" : \"通用\"}"
"{\"年级\" : \"四年级\", \"关联题目数量\" : \"\", \"版本\" : \"教科版（2024审定）\", \"册\" : \"下册\", \"题干集合\" : \"\", \"单元名称\" : \"U12\", \"设置的题目数量\" : 5, \"级别\" : \"难点突破\", \"学科\" : \"英语\", \"对应端类型\" : \"通用\"}"
"{\"年级\" : \"四年级\", \"关联题目数量\" : \"\", \"版本\" : \"人教版（三起）（2024审定）\", \"册\" : \"下册\", \"题干集合\" : \"\", \"单元名称\" : \"U10\", \"设置的题目数量\" : 5, \"级别\" : \"综合进阶\", \"学科\" : \"英语\", \"对应端类型\" : \"通用\"}"
"{\"年级\" : \"六年级\", \"关联题目数量\" : 9, \"版本\" : \"湘少版\", \"册\" : \"上册\", \"题干集合\" : \"NULL,,,NULL,,NULL,,,\", \"单元名称\" : \"Unit 10 I don't feel well today\", \"设置的题目数量\" : 5, \"级别\" : \"综合进阶\", \"学科\" : \"英语\", \"对应端类型\" : \"app\"}"
"{\"年级\" : \"三年级\", \"关联题目数量\" : \"\", \"版本\" : \"人教版（三起）\", \"册\" : \"下册\", \"题干集合\" : \"\", \"单元名称\" : \"U8\", \"设置的题目数量\" : 5, \"级别\" : \"基础巩固\", \"学科\" : \"英语\", \"对应端类型\" : \"通用\"}"
"{\"年级\" : \"四年级\", \"关联题目数量\" : \"\", \"版本\" : \"教科版\", \"册\" : \"上册\", \"题干集合\" : \"\", \"单元名称\" : \"Unit 6 How many classrooms are there in your school?\", \"设置的题目数量\" : 5, \"级别\" : \"基础巩固\", \"学科\" : \"英语\", \"对应端类型\" : \"通用\"}"
"{\"年级\" : \"四年级\", \"关联题目数量\" : \"\", \"版本\" : \"人教版（三起）（2024审定）\", \"册\" : \"下册\", \"题干集合\" : \"\", \"单元名称\" : \"U10\", \"设置的题目数量\" : 5, \"级别\" : \"难点突破\", \"学科\" : \"英语\", \"对应端类型\" : \"通用\"}"
"{\"年级\" : \"三年级\", \"关联题目数量\" : 10, \"版本\" : \"湘鲁版\", \"册\" : \"下册\", \"题干集合\" : \",<p>close<\\/p>,,,,<p>window<\\/p>,<p>pen<\\/p>,,,<p>dog<\\/p>\", \"单元名称\" : \"Unit 1 Welcome back!\", \"设置的题目数量\" : 5, \"级别\" : \"基础巩固\", \"学科\" : \"英语\", \"对应端类型\" : \"app\"}"
"{\"年级\" : \"五年级\", \"关联题目数量\" : 7, \"版本\" : \"湘鲁版\", \"册\" : \"上册\", \"题干集合\" : \",,,,,,\", \"单元名称\" : \"Unit 10 The Spring Festival is coming!\", \"设置的题目数量\" : 5, \"级别\" : \"难点突破\", \"学科\" : \"英语\", \"对应端类型\" : \"app\"}"
"{\"年级\" : \"三年级\", \"关联题目数量\" : 15, \"版本\" : \"湘少版（2024审定）\", \"册\" : \"上册\", \"题干集合\" : \",,,,<p>now<\\/p>,,,<p>little<\\/p>,,<p>节日<\\/p>,,<p>cow<\\/p>,,,\", \"单元名称\" : \"Unit 10 Happy birthday!\", \"设置的题目数量\" : 5, \"级别\" : \"基础巩固\", \"学科\" : \"英语\", \"对应端类型\" : \"通用\"}"
"{\"年级\" : \"三年级\", \"关联题目数量\" : 11, \"版本\" : \"湘少版（2024审定）\", \"册\" : \"上册\", \"题干集合\" : \"<p>My schoolbag is |space<||>space|.<\\/p>,,<p>It's |space<||>space|.<\\/p>,,,,<p>That's |space<||>space| too.<\\/p>,,,<p>What |space<||>space| is it?<\\/p>,<p>Her pencil case is pink and |space<||>space|.<\\/p>\", \"单元名称\" : \"Unit 7 What colour is it?\", \"设置的题目数量\" : 5, \"级别\" : \"难点突破\", \"学科\" : \"英语\", \"对应端类型\" : \"通用\"}"
"{\"年级\" : \"七年级\", \"关联题目数量\" : 5, \"版本\" : \"\", \"册\" : \"下册\", \"题干集合\" : \"<p>How many school rules do they have?<\\/p>,<p>What does Jim have to do before he goes to bed?<\\/p>,<p>What's the possible relationship (关系) between them?<\\/p>,<p>When do they have to wear school uniforms?<\\/p>,<p>Where are the two speakers?<\\/p>\", \"单元名称\" : \"Unit 2 No Rules, No Order\", \"设置的题目数量\" : 5, \"级别\" : \"听短对话选答案\", \"学科\" : \"英语\", \"对应端类型\" : \"通用\"}"
"{\"年级\" : \"五年级\", \"关联题目数量\" : \"\", \"版本\" : \"人教版（三起）\", \"册\" : \"上册\", \"题干集合\" : \"\", \"单元名称\" : \"期末复习\", \"设置的题目数量\" : 5, \"级别\" : \"基础巩固\", \"学科\" : \"英语\", \"对应端类型\" : \"app\"}"
"{\"年级\" : \"三年级\", \"关联题目数量\" : \"\", \"版本\" : \"人教版（三起）（2024审定）\", \"册\" : \"下册\", \"题干集合\" : \"\", \"单元名称\" : \"期中复习\", \"设置的题目数量\" : 5, \"级别\" : \"难点突破\", \"学科\" : \"英语\", \"对应端类型\" : \"通用\"}"
"{\"年级\" : \"八年级\", \"关联题目数量\" : 1, \"版本\" : \"\", \"册\" : \"上册\", \"题干集合\" : \"\", \"单元名称\" : \"Unit 3 Same or Different?\", \"设置的题目数量\" : 1, \"级别\" : \"听长对话选答案\", \"学科\" : \"英语\", \"对应端类型\" : \"通用\"}"
"{\"年级\" : \"五年级\", \"关联题目数量\" : 8, \"版本\" : \"湘鲁版\", \"册\" : \"上册\", \"题干集合\" : \",<p>Is the playground big?<\\/p>,,,,,,<p>There are two small parks.<\\/p>\", \"单元名称\" : \"Unit 1 There is a big music room.\", \"设置的题目数量\" : 5, \"级别\" : \"难点突破\", \"学科\" : \"英语\", \"对应端类型\" : \"app\"}"
"{\"年级\" : \"三年级\", \"关联题目数量\" : \"\", \"版本\" : \"人教版（三起）（2024审定）\", \"册\" : \"上册\", \"题干集合\" : \"\", \"单元名称\" : \"U11\", \"设置的题目数量\" : 5, \"级别\" : \"综合进阶\", \"学科\" : \"英语\", \"对应端类型\" : \"通用\"}"
"{\"年级\" : \"三年级\", \"关联题目数量\" : 10, \"版本\" : \"教科版（2024审定）\", \"册\" : \"上册\", \"题干集合\" : \"<p>课堂上老师介绍了三星堆青铜面具。听一听，判断所给图片与所听内容是否相符。<\\/p>,<p>David正在和同学谈论他的小猫。听一听，选出与录音内容相符的句子。<\\/p>,<p>课堂上老师介绍了三星堆青铜面具。听一听，判断所给图片与所听内容是否相符。<\\/p>,<p>课堂上老师介绍了三星堆青铜面具。听一听，判断所给图片与所听内容是否相符。<\\/p>,<p>课堂上老师介绍了三星堆青铜面具。听一听，判断所给图片与所听内容是否相符。<\\/p>,<p>Lily和同桌玩起了你说我画的游戏。听Lily的指令，选出对应的画。<\\/p>,<p>Lily和同桌玩起了你说我画的游戏。听Lily的指令，选出对应的画。<\\/p>,<p>David正在和同学谈论他的小猫。听一听，选出与录音内容相符的句子。<\\/p>,<p>Lily和同桌玩起了你说我画的游戏。听Lily的指令，选出对应的画。<\\/p>,<p>Lily和同桌玩起了你说我画的游戏。听Lily的指令，选出对应的画。<\\/p>\", \"单元名称\" : \"Unit 6 I Can Draw\", \"设置的题目数量\" : 5, \"级别\" : \"综合进阶\", \"学科\" : \"英语\", \"对应端类型\" : \"通用\"}"
"{\"年级\" : \"六年级\", \"关联题目数量\" : \"\", \"版本\" : \"人教版（三起）\", \"册\" : \"下册\", \"题干集合\" : \"\", \"单元名称\" : \"U7\", \"设置的题目数量\" : 5, \"级别\" : \"综合进阶\", \"学科\" : \"英语\", \"对应端类型\" : \"通用\"}"
"{\"年级\" : \"三年级\", \"关联题目数量\" : \"\", \"版本\" : \"湘少版（2024审定）\", \"册\" : \"下册\", \"题干集合\" : \"\", \"单元名称\" : \"U11\", \"设置的题目数量\" : 5, \"级别\" : \"综合进阶\", \"学科\" : \"英语\", \"对应端类型\" : \"通用\"}"
"{\"年级\" : \"四年级\", \"关联题目数量\" : 21, \"版本\" : \"湘鲁版\", \"册\" : \"上册\", \"题干集合\" : \",,<p>椅子<\\/p>,,,,,,<p>number<\\/p>,,<p>Here you are.<\\/p>,,,,<p>闹钟<\\/p>,<p>座位<\\/p>,,<p>What time is it? <\\/p>,<p>am<\\/p>,,\", \"单元名称\" : \"Unit 7 What time is it?\", \"设置的题目数量\" : 5, \"级别\" : \"基础巩固\", \"学科\" : \"英语\", \"对应端类型\" : \"app\"}"
"{\"年级\" : \"五年级\", \"关联题目数量\" : \"\", \"版本\" : \"教科版\", \"册\" : \"上册\", \"题干集合\" : \"\", \"单元名称\" : \"Unit 11 What's the weather like today?\", \"设置的题目数量\" : 5, \"级别\" : \"基础巩固\", \"学科\" : \"英语\", \"对应端类型\" : \"通用\"}"
"{\"年级\" : \"七年级\", \"关联题目数量\" : 5, \"版本\" : \"人教版\", \"册\" : \"下册\", \"题干集合\" : \"<p>What time does the first class begin?<\\/p>,<p>What are the boys doing?<\\/p>,<p>Who is watching TV now?<\\/p>,<p>Where is <span style=\\\"color: rgb(24, 43, 80);\\\">Mary<\\/span>?<\\/p>,<p>Is Tim reading in the living room?<\\/p>\", \"单元名称\" : \"Unit 6 I'm watching TV.\", \"设置的题目数量\" : 5, \"级别\" : \"听短对话选答案\", \"学科\" : \"英语\", \"对应端类型\" : \"通用\"}"
"{\"年级\" : \"四年级\", \"关联题目数量\" : 10, \"版本\" : \"人教版（三起）\", \"册\" : \"下册\", \"题干集合\" : \",,,,,,,,,\", \"单元名称\" : \"Unit 6 Shopping\", \"设置的题目数量\" : 5, \"级别\" : \"难点突破\", \"学科\" : \"英语\", \"对应端类型\" : \"app\"}"
"{\"年级\" : \"六年级\", \"关联题目数量\" : \"\", \"版本\" : \"人教版（三起）\", \"册\" : \"上册\", \"题干集合\" : \"\", \"单元名称\" : \"U11\", \"设置的题目数量\" : 5, \"级别\" : \"综合进阶\", \"学科\" : \"英语\", \"对应端类型\" : \"app\"}"
"{\"年级\" : \"四年级\", \"关联题目数量\" : 9, \"版本\" : \"人教版（三起）\", \"册\" : \"下册\", \"题干集合\" : \",,,,,,,,\", \"单元名称\" : \"Unit 3 Weather\", \"设置的题目数量\" : 5, \"级别\" : \"基础巩固\", \"学科\" : \"英语\", \"对应端类型\" : \"app\"}"
"{\"年级\" : \"六年级\", \"关联题目数量\" : \"\", \"版本\" : \"湘少版\", \"册\" : \"下册\", \"题干集合\" : \"\", \"单元名称\" : \"U11\", \"设置的题目数量\" : 5, \"级别\" : \"综合进阶\", \"学科\" : \"英语\", \"对应端类型\" : \"app\"}"
"{\"年级\" : \"六年级\", \"关联题目数量\" : 10, \"版本\" : \"湘少版\", \"册\" : \"上册\", \"题干集合\" : \"<p>|space<||>space| |space<||>space| |space<||>space| |space<||>space|<\\/p>,<p>w|space<||>space|ld<\\/p>,<p>应该<\\/p>,NULL,<p>缺乏的<\\/p>,,<p>地球<\\/p>,<p>|space<||>space| |space<||>space| |space<||>space| |space<||>space| |space<||>space|<\\/p>,NULL,NULL\", \"单元名称\" : \"Unit 8 We shouldn't waste water\", \"设置的题目数量\" : 5, \"级别\" : \"难点突破\", \"学科\" : \"英语\", \"对应端类型\" : \"app\"}"
"{\"年级\" : \"八年级\", \"关联题目数量\" : \"\", \"版本\" : \"\", \"册\" : \"上册\", \"题干集合\" : \"\", \"单元名称\" : \"期末复习\", \"设置的题目数量\" : 5, \"级别\" : \"难点突破\", \"学科\" : \"英语\", \"对应端类型\" : \"通用\"}"
"{\"年级\" : \"三年级\", \"关联题目数量\" : 10, \"版本\" : \"湘少版（2024审定）\", \"册\" : \"下册\", \"题干集合\" : \"<p>Lily和爸爸妈妈去露营，他们看到了很多美丽的事物。听录音，选出与录音内容相符的图片。<\\/p>,<p>Mingming一家在农场。听一听，判断Mingming所说内容与他们见到的事物是否相符。<\\/p>,<p>Mingming一家在农场。听一听，判断Mingming所说内容与他们见到的事物是否相符。<\\/p>,<p>Mingming一家在农场。听一听，判断Mingming所说内容与他们见到的事物是否相符。<\\/p>,<p>妈妈和Peter正在整理新买的文具和书本。听一听，选出你所听到的句子。<\\/p>,<p>妈妈和Peter正在整理新买的文具和书本。听一听，选出你所听到的句子。<\\/p>,<p>妈妈和Peter正在整理新买的文具和书本。听一听，选出你所听到的句子。<\\/p>,<p>妈妈和Peter正在整理新买的文具和书本。听一听，选出你所听到的句子。<\\/p>,<p>Lily和爸爸妈妈去露营，他们看到了很多美丽的事物。听录音，选出与录音内容相符的图片。<\\/p>,<p>Mingming一家在农场。听一听，判断Mingming所说内容与他们见到的事物是否相符。<\\/p>\", \"单元名称\" : \"Unit 5 How many kites are there?\", \"设置的题目数量\" : 5, \"级别\" : \"综合进阶\", \"学科\" : \"英语\", \"对应端类型\" : \"通用\"}"
"{\"年级\" : \"四年级\", \"关联题目数量\" : 12, \"版本\" : \"湘少版\", \"册\" : \"上册\", \"题干集合\" : \",,,,,,,,,,,<p>这些<\\/p>\", \"单元名称\" : \"Unit 4 These are flowers\", \"设置的题目数量\" : 5, \"级别\" : \"基础巩固\", \"学科\" : \"英语\", \"对应端类型\" : \"app\"}"
"{\"年级\" : \"四年级\", \"关联题目数量\" : 15, \"版本\" : \"人教版（三起）（2024审定）\", \"册\" : \"下册\", \"题干集合\" : \"<p>英语课上，老师在播放一段英语绕口令。听一听，绕口令中包含下面哪个单词？<\\/p>,,,,,,,,,,,,,<p>英语课上，老师在播放一段英语绕口令。听一听，绕口令中包含下面哪个单词？<\\/p>,\", \"单元名称\" : \"Unit 1 Class rules\", \"设置的题目数量\" : 5, \"级别\" : \"基础巩固\", \"学科\" : \"英语\", \"对应端类型\" : \"通用\"}"
"{\"年级\" : \"四年级\", \"关联题目数量\" : \"\", \"版本\" : \"\", \"册\" : \"上册\", \"题干集合\" : \"\", \"单元名称\" : \"期末复习\", \"设置的题目数量\" : 5, \"级别\" : \"综合进阶\", \"学科\" : \"英语\", \"对应端类型\" : \"通用\"}"
"{\"年级\" : \"六年级\", \"关联题目数量\" : \"\", \"版本\" : \"人教版（三起）\", \"册\" : \"上册\", \"题干集合\" : \"\", \"单元名称\" : \"U11\", \"设置的题目数量\" : 5, \"级别\" : \"难点突破\", \"学科\" : \"英语\", \"对应端类型\" : \"app\"}"
"{\"年级\" : \"六年级\", \"关联题目数量\" : \"\", \"版本\" : \"人教版（三起）\", \"册\" : \"下册\", \"题干集合\" : \"\", \"单元名称\" : \"U10\", \"设置的题目数量\" : 5, \"级别\" : \"综合进阶\", \"学科\" : \"英语\", \"对应端类型\" : \"通用\"}"
"{\"年级\" : \"三年级\", \"关联题目数量\" : 10, \"版本\" : \"教科版（2024审定）\", \"册\" : \"下册\", \"题干集合\" : \"<p>Lily在复习今天所学的句子。听一听，选出Lily所说的句子。<\\/p>,<p>Lily在和妹妹玩图片对对碰的游戏。听一听，选出与Lily所说单词相符的图片。<\\/p>,<p>Amy在给单词匹配释义。听一听，选择与Amy所说单词相符的释义。<\\/p>,<p>Lily在复习今天所学的句子。听一听，选出Lily所说的句子。<\\/p>,<p>Peter在朗读单词。听一听，判断下列单词与Peter 所读内容是否相符。<\\/p><p><br><\\/p><p>sure<\\/p>,<p>Lily在复习今天所学的句子。听一听，选出Lily所说的句子。<\\/p>,<p>Bob在复习今天学习的单词。听一听，选出Bob所说的单词。<\\/p>,<p>Andy在给今天学习的单词匹配图片。听一听，判断图片与Andy所说的内容是否相符。<\\/p>,<p>Lily在复习今天所学的句子。听一听，选出Lily所说的句子。<\\/p>,<p>Lily在复习今天所学的句子。听一听，选出Lily所说的句子。<\\/p>\", \"单元名称\" : \"Unit 4 Come and Join Us!\", \"设置的题目数量\" : 5, \"级别\" : \"基础巩固\", \"学科\" : \"英语\", \"对应端类型\" : \"通用\"}"
"{\"年级\" : \"六年级\", \"关联题目数量\" : \"\", \"版本\" : \"湘鲁版\", \"册\" : \"上册\", \"题干集合\" : \"\", \"单元名称\" : \"Units 1-5 测试卷\", \"设置的题目数量\" : 5, \"级别\" : \"综合进阶\", \"学科\" : \"英语\", \"对应端类型\" : \"app\"}"
"{\"年级\" : \"六年级\", \"关联题目数量\" : 10, \"版本\" : \"湘少版\", \"册\" : \"上册\", \"题干集合\" : \",<p>雪；下雪<\\/p>,<p>另一个<\\/p>,<p>|space<||>space| |space<||>space| |space<||>space| |space<||>space|<\\/p>,,<p>女士<\\/p>,<p>ano|space<||>space| |space<||>space|er<\\/p>,<p>|space<||>space| |space<||>space| |space<||>space| |space<||>space|<\\/p>,,NULL\", \"单元名称\" : \"Unit 7 What can I do?\", \"设置的题目数量\" : 5, \"级别\" : \"难点突破\", \"学科\" : \"英语\", \"对应端类型\" : \"app\"}"
"{\"年级\" : \"六年级\", \"关联题目数量\" : 20, \"版本\" : \"人教版（三起）\", \"册\" : \"上册\", \"题干集合\" : \",,,,,,,,,,,,,,,,,,,\", \"单元名称\" : \"Unit 1 How can I get there?\", \"设置的题目数量\" : 5, \"级别\" : \"综合进阶\", \"学科\" : \"英语\", \"对应端类型\" : \"app\"}"
"{\"年级\" : \"三年级\", \"关联题目数量\" : 15, \"版本\" : \"人教版（三起）（2024审定）\", \"册\" : \"上册\", \"题干集合\" : \",,,,<p>We can share.<\\/p>,,<p>Thanks, Sarah.<\\/p>,<p>我会倾听，还会帮助。<\\/p>,,,,<p>我们可以分享。<\\/p>,<p>我对我的朋友很好。<\\/p>,,<p>Nice to meet you too.<\\/p>\", \"单元名称\" : \"Unit 1 Making friends\", \"设置的题目数量\" : 5, \"级别\" : \"综合进阶\", \"学科\" : \"英语\", \"对应端类型\" : \"通用\"}"
"{\"年级\" : \"三年级\", \"关联题目数量\" : \"\", \"版本\" : \"湘少版（2024审定）\", \"册\" : \"上册\", \"题干集合\" : \"\", \"单元名称\" : \"期末复习\", \"设置的题目数量\" : 5, \"级别\" : \"综合进阶\", \"学科\" : \"英语\", \"对应端类型\" : \"通用\"}"
"{\"年级\" : \"四年级\", \"关联题目数量\" : 10, \"版本\" : \"人教版（三起）\", \"册\" : \"下册\", \"题干集合\" : \",,,,,,,,,\", \"单元名称\" : \"Unit 5 My clothes\", \"设置的题目数量\" : 5, \"级别\" : \"综合进阶\", \"学科\" : \"英语\", \"对应端类型\" : \"app\"}"
"{\"年级\" : \"三年级\", \"关联题目数量\" : \"\", \"版本\" : \"湘鲁版\", \"册\" : \"下册\", \"题干集合\" : \"\", \"单元名称\" : \"U12\", \"设置的题目数量\" : 5, \"级别\" : \"综合进阶\", \"学科\" : \"英语\", \"对应端类型\" : \"app\"}"
"{\"年级\" : \"四年级\", \"关联题目数量\" : \"\", \"版本\" : \"人教版（三起）（2024审定）\", \"册\" : \"上册\", \"题干集合\" : \"\", \"单元名称\" : \"U8\", \"设置的题目数量\" : 5, \"级别\" : \"基础巩固\", \"学科\" : \"英语\", \"对应端类型\" : \"通用\"}"
"{\"年级\" : \"六年级\", \"关联题目数量\" : 11, \"版本\" : \"人教版（三起）\", \"册\" : \"下册\", \"题干集合\" : \",,,,,,,,,,\", \"单元名称\" : \"Unit 4 Then and now\", \"设置的题目数量\" : 5, \"级别\" : \"难点突破\", \"学科\" : \"英语\", \"对应端类型\" : \"通用\"}"
"{\"年级\" : \"四年级\", \"关联题目数量\" : 10, \"版本\" : \"湘鲁版\", \"册\" : \"上册\", \"题干集合\" : \",,<p>play basketball<\\/p>,,,,,<p>play ping-pong<\\/p>,<p>play football<\\/p>,\", \"单元名称\" : \"Unit 3 I can run fast!\", \"设置的题目数量\" : 5, \"级别\" : \"基础巩固\", \"学科\" : \"英语\", \"对应端类型\" : \"app\"}"
"{\"年级\" : \"三年级\", \"关联题目数量\" : 15, \"版本\" : \"湘少版（2024审定）\", \"册\" : \"上册\", \"题干集合\" : \"<p>Hello, Peter. I'm Lingling.<\\/p>,<p>你好，玲玲。<\\/p>,,<p>谢谢你。<\\/p>,,,,<p>救命！救命！<\\/p>,,<p>Thank you.<\\/p>,,,,,<p>Hello, Tim.<\\/p>\", \"单元名称\" : \"Unit 1 Hello!\", \"设置的题目数量\" : 5, \"级别\" : \"综合进阶\", \"学科\" : \"英语\", \"对应端类型\" : \"通用\"}"
"{\"年级\" : \"四年级\", \"关联题目数量\" : 14, \"版本\" : \"湘少版\", \"册\" : \"下册\", \"题干集合\" : \",,,,,,,,,,,,,\", \"单元名称\" : \"Unit 12 Do you have any money?\", \"设置的题目数量\" : 5, \"级别\" : \"综合进阶\", \"学科\" : \"英语\", \"对应端类型\" : \"app\"}"
"{\"年级\" : \"六年级\", \"关联题目数量\" : \"\", \"版本\" : \"人教版（三起）\", \"册\" : \"上册\", \"题干集合\" : \"\", \"单元名称\" : \"Units 4-6 测试卷\", \"设置的题目数量\" : 5, \"级别\" : \"难点突破\", \"学科\" : \"英语\", \"对应端类型\" : \"app\"}"
"{\"年级\" : \"五年级\", \"关联题目数量\" : 13, \"版本\" : \"湘鲁版\", \"册\" : \"上册\", \"题干集合\" : \",,,,,,,,,,,,\", \"单元名称\" : \"Unit 3 She has long hair.\", \"设置的题目数量\" : 5, \"级别\" : \"基础巩固\", \"学科\" : \"英语\", \"对应端类型\" : \"app\"}"
"{\"年级\" : \"六年级\", \"关联题目数量\" : \"\", \"版本\" : \"教科版\", \"册\" : \"上册\", \"题干集合\" : \"\", \"单元名称\" : \"Unit 10 Then and now\", \"设置的题目数量\" : 5, \"级别\" : \"综合进阶\", \"学科\" : \"英语\", \"对应端类型\" : \"通用\"}"
"{\"年级\" : \"三年级\", \"关联题目数量\" : 15, \"版本\" : \"湘少版（2024审定）\", \"册\" : \"上册\", \"题干集合\" : \",<p>I don't know.<\\/p>,<p>Three and five is eight.<\\/p>,,<p>我十岁。<\\/p>,,,,,,,,<p>我也八岁。<\\/p>,,<p>How old are you, Doggie?<\\/p>\", \"单元名称\" : \"Unit 3 How old are you?\", \"设置的题目数量\" : 5, \"级别\" : \"综合进阶\", \"学科\" : \"英语\", \"对应端类型\" : \"通用\"}"
"{\"年级\" : \"三年级\", \"关联题目数量\" : \"\", \"版本\" : \"湘鲁版\", \"册\" : \"上册\", \"题干集合\" : \"\", \"单元名称\" : \"期中复习\", \"设置的题目数量\" : 5, \"级别\" : \"基础巩固\", \"学科\" : \"英语\", \"对应端类型\" : \"app\"}"
"{\"年级\" : \"六年级\", \"关联题目数量\" : \"\", \"版本\" : \"教科版\", \"册\" : \"上册\", \"题干集合\" : \"\", \"单元名称\" : \"Unit 11 I like the Spring Festival best\", \"设置的题目数量\" : 5, \"级别\" : \"难点突破\", \"学科\" : \"英语\", \"对应端类型\" : \"通用\"}"
"{\"年级\" : \"八年级\", \"关联题目数量\" : 1, \"版本\" : \"人教版\", \"册\" : \"下册\", \"题干集合\" : \"\", \"单元名称\" : \"Unit 10 I've had this bike for three years.\", \"设置的题目数量\" : 1, \"级别\" : \"听独白选答案\", \"学科\" : \"英语\", \"对应端类型\" : \"通用\"}"
"{\"年级\" : \"四年级\", \"关联题目数量\" : 13, \"版本\" : \"湘少版\", \"册\" : \"下册\", \"题干集合\" : \",,,,,,,,,,,,\", \"单元名称\" : \"Unit 4 Can you write in English？\", \"设置的题目数量\" : 5, \"级别\" : \"综合进阶\", \"学科\" : \"英语\", \"对应端类型\" : \"app\"}"
"{\"年级\" : \"五年级\", \"关联题目数量\" : 5, \"版本\" : \"湘少版\", \"册\" : \"下册\", \"题干集合\" : \",,,,\", \"单元名称\" : \"期中复习\", \"设置的题目数量\" : 5, \"级别\" : \"难点突破\", \"学科\" : \"英语\", \"对应端类型\" : \"app\"}"
"{\"年级\" : \"八年级\", \"关联题目数量\" : \"\", \"版本\" : \"人教版\", \"册\" : \"上册\", \"题干集合\" : \"\", \"单元名称\" : \"期末复习\", \"设置的题目数量\" : 5, \"级别\" : \"综合进阶\", \"学科\" : \"英语\", \"对应端类型\" : \"通用\"}"
"{\"年级\" : \"八年级\", \"关联题目数量\" : 1, \"版本\" : \"人教版\", \"册\" : \"下册\", \"题干集合\" : \"<p>1. |space<||>space|<\\/p><p>2. |space<||>space|<\\/p><p>3. |space<||>space| |space<||>space|<\\/p><p>4. |space<||>space|<\\/p><p>5. |space<||>space|<\\/p>\", \"单元名称\" : \"Unit 3 Could you please clean your room?\", \"设置的题目数量\" : 1, \"级别\" : \"听短文完成题目\", \"学科\" : \"英语\", \"对应端类型\" : \"通用\"}"
"{\"年级\" : \"六年级\", \"关联题目数量\" : \"\", \"版本\" : \"人教版（三起）\", \"册\" : \"上册\", \"题干集合\" : \"\", \"单元名称\" : \"期末测试卷\", \"设置的题目数量\" : 5, \"级别\" : \"难点突破\", \"学科\" : \"英语\", \"对应端类型\" : \"app\"}"
"{\"年级\" : \"四年级\", \"关联题目数量\" : \"\", \"版本\" : \"湘鲁版\", \"册\" : \"上册\", \"题干集合\" : \"\", \"单元名称\" : \"Units 4-6 测试卷\", \"设置的题目数量\" : 5, \"级别\" : \"难点突破\", \"学科\" : \"英语\", \"对应端类型\" : \"app\"}"
"{\"年级\" : \"四年级\", \"关联题目数量\" : \"\", \"版本\" : \"湘鲁版\", \"册\" : \"上册\", \"题干集合\" : \"\", \"单元名称\" : \"期末复习\", \"设置的题目数量\" : 5, \"级别\" : \"基础巩固\", \"学科\" : \"英语\", \"对应端类型\" : \"app\"}"
"{\"年级\" : \"六年级\", \"关联题目数量\" : 11, \"版本\" : \"湘少版\", \"册\" : \"下册\", \"题干集合\" : \",,,,,,,,,,\", \"单元名称\" : \"Unit 7 I'm not afraid!\", \"设置的题目数量\" : 5, \"级别\" : \"基础巩固\", \"学科\" : \"英语\", \"对应端类型\" : \"app\"}"
"{\"年级\" : \"三年级\", \"关联题目数量\" : 10, \"版本\" : \"湘少版\", \"册\" : \"上册\", \"题干集合\" : \",,<p>|space<||>space|ft|space<||>space|rn|space<||>space| |space<||>space|n<\\/p>,<p>cl|space<||>space|ss<\\/p>,<p>m|space<||>space| |space<||>space|ning<\\/p>,,,,<p>afternoon<\\/p>,\", \"单元名称\" : \"Unit 2 Good morning\", \"设置的题目数量\" : 5, \"级别\" : \"综合进阶\", \"学科\" : \"英语\", \"对应端类型\" : \"app\"}"
"{\"年级\" : \"八年级\", \"关联题目数量\" : 1, \"版本\" : \"人教版\", \"册\" : \"下册\", \"题干集合\" : \"<p>1. The story happened in a |space<||>space| shop.<\\/p><p>2. The girl wanted to buy apples for |space<||>space| dollars.<\\/p><p>3. The girl felt |space<||>space| when she counted the apples.<\\/p><p>4. The girl's mother bought apples last |space<||>space|.<\\/p><p>5. The girl give |space<||>space| dollars to the shop assistant at last.<\\/p>\", \"单元名称\" : \"Unit 5 What were you doing when the rainstorm came?\", \"设置的题目数量\" : 1, \"级别\" : \"听短文完成题目\", \"学科\" : \"英语\", \"对应端类型\" : \"通用\"}"
"{\"年级\" : \"四年级\", \"关联题目数量\" : \"\", \"版本\" : \"人教版（三起）（2024审定）\", \"册\" : \"下册\", \"题干集合\" : \"\", \"单元名称\" : \"期中复习\", \"设置的题目数量\" : 5, \"级别\" : \"综合进阶\", \"学科\" : \"英语\", \"对应端类型\" : \"通用\"}"
"{\"年级\" : \"七年级\", \"关联题目数量\" : 1, \"版本\" : \"人教版\", \"册\" : \"上册\", \"题干集合\" : \"\", \"单元名称\" : \"Unit 4 Where's my schoolbag?\", \"设置的题目数量\" : 1, \"级别\" : \"听独白选答案\", \"学科\" : \"英语\", \"对应端类型\" : \"通用\"}"
"{\"年级\" : \"七年级\", \"关联题目数量\" : 1, \"版本\" : \"人教版\", \"册\" : \"下册\", \"题干集合\" : \"\", \"单元名称\" : \"Unit 7 It's raining!\", \"设置的题目数量\" : 1, \"级别\" : \"听独白选答案\", \"学科\" : \"英语\", \"对应端类型\" : \"通用\"}"
"{\"年级\" : \"八年级\", \"关联题目数量\" : 5, \"版本\" : \"人教版\", \"册\" : \"下册\", \"题干集合\" : \"<p>What time does the movie start?<\\/p>,<p>What does Stefan have to do first?<\\/p>,<p>Where might Dan's grandmother be?<\\/p>,<p>What is Jack doing now?<\\/p>,<p>Why does the woman ask the man to look after her dog?<\\/p>\", \"单元名称\" : \"Unit 3 Could you please clean your room?\", \"设置的题目数量\" : 5, \"级别\" : \"听短对话选答案\", \"学科\" : \"英语\", \"对应端类型\" : \"通用\"}"
"{\"年级\" : \"四年级\", \"关联题目数量\" : \"\", \"版本\" : \"人教版（三起）（2024审定）\", \"册\" : \"下册\", \"题干集合\" : \"\", \"单元名称\" : \"Units 1-2 测试卷\", \"设置的题目数量\" : 5, \"级别\" : \"难点突破\", \"学科\" : \"英语\", \"对应端类型\" : \"通用\"}"
"{\"年级\" : \"三年级\", \"关联题目数量\" : 10, \"版本\" : \"湘少版（2024审定）\", \"册\" : \"下册\", \"题干集合\" : \"<p>Lucy和Lily在玩“猜职业”的游戏。听一听Lucy的描述，判断所给图片与其所说的职业是否相符。<\\/p>,<p>Lucy和Lily在猜测路上行人的职业。听一听，选出你所听到的句子。<\\/p>,<p>Lucy和Lily在玩“猜职业”的游戏。听一听Lucy的描述，判断所给图片与其所说的职业是否相符。<\\/p>,<p>Lucy和Lily在玩“猜职业”的游戏。听一听Lucy的描述，判断所给图片与其所说的职业是否相符。<\\/p>,<p>Lucy和Lily在猜测路上行人的职业。听一听，选出你所听到的句子。<\\/p>,<p>Lucy和Lily在猜测路上行人的职业。听一听，选出你所听到的句子。<\\/p>,<p>爸爸在给Lily介绍家人们的职业。听录音，选出与录音内容相符的图片。<\\/p>,<p>爸爸在给Lily介绍家人们的职业。听录音，选出与录音内容相符的图片。<\\/p>,<p>Lucy和Lily在猜测路上行人的职业。听一听，选出你所听到的句子。<\\/p>,<p>Lucy和Lily在玩“猜职业”的游戏。听一听Lucy的描述，判断所给图片与其所说的职业是否相符。<\\/p>\", \"单元名称\" : \"Unit 10 Is she a driver?\", \"设置的题目数量\" : 5, \"级别\" : \"综合进阶\", \"学科\" : \"英语\", \"对应端类型\" : \"通用\"}"
"{\"年级\" : \"六年级\", \"关联题目数量\" : 20, \"版本\" : \"湘鲁版\", \"册\" : \"上册\", \"题干集合\" : \"<p>|space<||>space| |space<||>space| |space<||>space| |space<||>space| |space<||>space| |space<||>space|<\\/p>,<p>J |space<||>space| |space<||>space| |space<||>space| |space<||>space| |space<||>space| |space<||>space|<\\/p>,,,<p>make a |space<||>space|<\\/p>,<p>J |space<||>space| |space<||>space| |space<||>space|<\\/p>,,,,<p>A |space<||>space| |space<||>space| |space<||>space| |space<||>space|<\\/p>,<p>|space<||>space| |space<||>space| |space<||>space| |space<||>space|<\\/p>,<p>M |space<||>space| |space<||>space| |space<||>space| |space<||>space|<\\/p>,<p>|space<||>space| |space<||>space| |space<||>space| |space<||>space|<\\/p>,,,<p>F |space<||>space| |space<||>space| |space<||>space| |space<||>space| |space<||>space| |space<||>space| |space<||>space|<\\/p>,<p>come |space<||>space|<\\/p>,,<p>|space<||>space| |space<||>space| |space<||>space| |space<||>space| |space<||>space| |space<||>space| |space<||>space|<\\/p>,\", \"单元名称\" : \"Unit 9 When is your birthday?\", \"设置的题目数量\" : 5, \"级别\" : \"难点突破\", \"学科\" : \"英语\", \"对应端类型\" : \"app\"}"
"{\"年级\" : \"五年级\", \"关联题目数量\" : \"\", \"版本\" : \"人教版（三起）\", \"册\" : \"下册\", \"题干集合\" : \"\", \"单元名称\" : \"U7\", \"设置的题目数量\" : 5, \"级别\" : \"难点突破\", \"学科\" : \"英语\", \"对应端类型\" : \"app\"}"
"{\"年级\" : \"六年级\", \"关联题目数量\" : 10, \"版本\" : \"湘鲁版\", \"册\" : \"下册\", \"题干集合\" : \"<p>m|space<||>space| |space<||>space|be<\\/p>,<p>do one's b|space<||>space|st<\\/p>,,<p>gr|space<||>space|d|space<||>space|<\\/p>,<p>j|space<||>space|n|space<||>space| |space<||>space|r m|space<||>space|ddle school<\\/p>,<p>g|space<||>space|t<\\/p>,<p>|space<||>space|nd<\\/p>,<p>st|space<||>space|dy t|space<||>space|p<\\/p>,<p>ar|space<||>space| |space<||>space|nd<\\/p>,\", \"单元名称\" : \"Unit 8  We will be in a junior middle school.\", \"设置的题目数量\" : 5, \"级别\" : \"综合进阶\", \"学科\" : \"英语\", \"对应端类型\" : \"app\"}"
"{\"年级\" : \"五年级\", \"关联题目数量\" : \"\", \"版本\" : \"人教版（三起）\", \"册\" : \"上册\", \"题干集合\" : \"\", \"单元名称\" : \"U8\", \"设置的题目数量\" : 5, \"级别\" : \"难点突破\", \"学科\" : \"英语\", \"对应端类型\" : \"app\"}"
"{\"年级\" : \"八年级\", \"关联题目数量\" : 1, \"版本\" : \"\", \"册\" : \"上册\", \"题干集合\" : \"<p>1. |space<||>space|<\\/p><p>2. |space<||>space| |space<||>space| |space<||>space|<\\/p><p>3. |space<||>space| |space<||>space|<\\/p><p>4. |space<||>space|<\\/p><p>5. |space<||>space| |space<||>space|<\\/p>\", \"单元名称\" : \"Unit 4 Amazing Plants and Animals\", \"设置的题目数量\" : 1, \"级别\" : \"听短文完成题目\", \"学科\" : \"英语\", \"对应端类型\" : \"通用\"}"
"{\"年级\" : \"八年级\", \"关联题目数量\" : \"\", \"版本\" : \"人教版\", \"册\" : \"下册\", \"题干集合\" : \"\", \"单元名称\" : \"期中复习\", \"设置的题目数量\" : 5, \"级别\" : \"难点突破\", \"学科\" : \"英语\", \"对应端类型\" : \"通用\"}"
"{\"年级\" : \"四年级\", \"关联题目数量\" : 13, \"版本\" : \"湘少版\", \"册\" : \"下册\", \"题干集合\" : \"<p>basketball<\\/p>,,,,,,,,<p>cake<\\/p>,,,,\", \"单元名称\" : \"Unit 6 What's Anne doing？\", \"设置的题目数量\" : 5, \"级别\" : \"基础巩固\", \"学科\" : \"英语\", \"对应端类型\" : \"app\"}"
"{\"年级\" : \"五年级\", \"关联题目数量\" : \"\", \"版本\" : \"湘鲁版\", \"册\" : \"上册\", \"题干集合\" : \"\", \"单元名称\" : \"Units 6-10 测试卷\", \"设置的题目数量\" : 5, \"级别\" : \"综合进阶\", \"学科\" : \"英语\", \"对应端类型\" : \"app\"}"
"{\"年级\" : \"三年级\", \"关联题目数量\" : \"\", \"版本\" : \"人教版（三起）\", \"册\" : \"上册\", \"题干集合\" : \"\", \"单元名称\" : \"U12\", \"设置的题目数量\" : 5, \"级别\" : \"难点突破\", \"学科\" : \"英语\", \"对应端类型\" : \"app\"}"
"{\"年级\" : \"五年级\", \"关联题目数量\" : \"\", \"版本\" : \"教科版\", \"册\" : \"上册\", \"题干集合\" : \"\", \"单元名称\" : \"期中复习\", \"设置的题目数量\" : 5, \"级别\" : \"难点突破\", \"学科\" : \"英语\", \"对应端类型\" : \"通用\"}"
"{\"年级\" : \"三年级\", \"关联题目数量\" : 10, \"版本\" : \"人教版（三起）（2024审定）\", \"册\" : \"上册\", \"题干集合\" : \",,,,<p>The bird is black.<\\/p>,,<p>|space<||>space|<\\/p><p>|space<||>space|<\\/p><p>|space<||>space|<\\/p><p>|space<||>space|<\\/p><p>|space<||>space|<\\/p><p>|space<||>space|<\\/p>,,,<p>Linda likes blue.<\\/p>\", \"单元名称\" : \"Unit 5 The colourful world\", \"设置的题目数量\" : 5, \"级别\" : \"难点突破\", \"学科\" : \"英语\", \"对应端类型\" : \"通用\"}"
"{\"年级\" : \"三年级\", \"关联题目数量\" : \"\", \"版本\" : \"\", \"册\" : \"下册\", \"题干集合\" : \"\", \"单元名称\" : \"U12\", \"设置的题目数量\" : 5, \"级别\" : \"难点突破\", \"学科\" : \"英语\", \"对应端类型\" : \"通用\"}"
"{\"年级\" : \"三年级\", \"关联题目数量\" : \"\", \"版本\" : \"人教版（三起）（2024审定）\", \"册\" : \"下册\", \"题干集合\" : \"\", \"单元名称\" : \"期末复习\", \"设置的题目数量\" : 5, \"级别\" : \"综合进阶\", \"学科\" : \"英语\", \"对应端类型\" : \"通用\"}"
"{\"年级\" : \"四年级\", \"关联题目数量\" : \"\", \"版本\" : \"\", \"册\" : \"上册\", \"题干集合\" : \"\", \"单元名称\" : \"期末复习\", \"设置的题目数量\" : 5, \"级别\" : \"基础巩固\", \"学科\" : \"英语\", \"对应端类型\" : \"通用\"}"
"{\"年级\" : \"四年级\", \"关联题目数量\" : \"\", \"版本\" : \"教科版（2024审定）\", \"册\" : \"上册\", \"题干集合\" : \"\", \"单元名称\" : \"U10\", \"设置的题目数量\" : 5, \"级别\" : \"基础巩固\", \"学科\" : \"英语\", \"对应端类型\" : \"通用\"}"
"{\"年级\" : \"四年级\", \"关联题目数量\" : \"\", \"版本\" : \"湘鲁版\", \"册\" : \"上册\", \"题干集合\" : \"\", \"单元名称\" : \"期末复习\", \"设置的题目数量\" : 5, \"级别\" : \"难点突破\", \"学科\" : \"英语\", \"对应端类型\" : \"app\"}"
"{\"年级\" : \"四年级\", \"关联题目数量\" : 15, \"版本\" : \"湘少版（2024审定）\", \"册\" : \"上册\", \"题干集合\" : \"<p>Andy在调查同学们的日常活动时间。听一听，Andy调查的是哪个活动的时间？<\\/p>,<p>同学们在介绍自己的日常活动时间。听一听，他们介绍的是哪个活动的时间？<\\/p>,<p>家里发生了什么事情？听一听，给妈妈的话配上翻译吧！<\\/p>,<p>家里发生了什么事情？听一听，给妈妈的话配上翻译吧！<\\/p>,<p>Anna在和爸爸妈妈分享自己今天的日程。听一听，图片与她的分享相符吗？<\\/p>,<p>Anna在做日常计划。听一听，图片与她的计划相符吗？<\\/p>,<p>家里发生了什么事情？听一听，给妈妈的话配上翻译吧！<\\/p>,<p>Anna在和爸爸妈妈分享自己今天的日程。听一听，图片与她的分享相符吗？<\\/p>,<p>同学们在介绍自己的日常活动时间。听一听，他们介绍的是哪个活动的时间？<\\/p>,<p>Anna在做日常计划。听一听，图片与她的计划相符吗？<\\/p>,<p>Andy在调查同学们的日常活动时间。听一听，Andy调查的是哪个活动的时间？<\\/p>,<p>Tom在写日记。听一听，句子与他的记录相符吗？<\\/p><p>Have a good day!<\\/p>,<p>Tom在记录今天的活动。听一听，他记录的是哪项活动及其时间呢？<\\/p>,<p>Anna在和爸爸妈妈分享自己今天的日程。听一听，图片与她的分享相符吗？<\\/p>,<p>Tom在记录今天的活动。听一听，他记录的是哪项活动及其时间呢？<\\/p>\", \"单元名称\" : \"Unit 2 What time do you get up?\", \"设置的题目数量\" : 5, \"级别\" : \"综合进阶\", \"学科\" : \"英语\", \"对应端类型\" : \"通用\"}"
"{\"年级\" : \"五年级\", \"关联题目数量\" : 20, \"版本\" : \"人教版（三起）\", \"册\" : \"上册\", \"题干集合\" : \"<p>|space<||>space| |space<||>space| |space<||>space| |space<||>space| |space<||>space| |space<||>space| |space<||>space|<\\/p>,,<p>|space<||>space| |space<||>space| |space<||>space| |space<||>space|<\\/p>,,,<p>|space<||>space| |space<||>space| |space<||>space| |space<||>space| |space<||>space|<\\/p>,<p>|space<||>space| |space<||>space| |space<||>space| |space<||>space|<\\/p>,,<p>|space<||>space| |space<||>space| |space<||>space| |space<||>space|<\\/p>,,,,,<p>|space<||>space| |space<||>space| |space<||>space| |space<||>space|<\\/p>,<p>|space<||>space| |space<||>space| |space<||>space| |space<||>space|<\\/p>,,<p>|space<||>space| |space<||>space| |space<||>space| |space<||>space|<\\/p>,,,<p>|space<||>space| |space<||>space| |space<||>space| |space<||>space| |space<||>space| |space<||>space| |space<||>space|<\\/p>\", \"单元名称\" : \"Unit 4 What can you do?\", \"设置的题目数量\" : 5, \"级别\" : \"难点突破\", \"学科\" : \"英语\", \"对应端类型\" : \"app\"}"
"{\"年级\" : \"八年级\", \"关联题目数量\" : 1, \"版本\" : \"人教版\", \"册\" : \"下册\", \"题干集合\" : \"\", \"单元名称\" : \"Unit 5 What were you doing when the rainstorm came?\", \"设置的题目数量\" : 1, \"级别\" : \"听独白选答案\", \"学科\" : \"英语\", \"对应端类型\" : \"通用\"}"
"{\"年级\" : \"八年级\", \"关联题目数量\" : 1, \"版本\" : \"\", \"册\" : \"上册\", \"题干集合\" : \"\", \"单元名称\" : \"Unit 5 What a Delicious Meal!\", \"设置的题目数量\" : 1, \"级别\" : \"听长对话选答案\", \"学科\" : \"英语\", \"对应端类型\" : \"通用\"}"
"{\"年级\" : \"八年级\", \"关联题目数量\" : \"\", \"版本\" : \"\", \"册\" : \"上册\", \"题干集合\" : \"\", \"单元名称\" : \"U9\", \"设置的题目数量\" : 5, \"级别\" : \"难点突破\", \"学科\" : \"英语\", \"对应端类型\" : \"通用\"}"
"{\"年级\" : \"三年级\", \"关联题目数量\" : \"\", \"版本\" : \"教科版（2024审定）\", \"册\" : \"上册\", \"题干集合\" : \"\", \"单元名称\" : \"期中复习\", \"设置的题目数量\" : 5, \"级别\" : \"基础巩固\", \"学科\" : \"英语\", \"对应端类型\" : \"通用\"}"
"{\"年级\" : \"三年级\", \"关联题目数量\" : 10, \"版本\" : \"湘少版\", \"册\" : \"上册\", \"题干集合\" : \",<p>kn|space<||>space| |space<||>space|<\\/p>,<p>not<\\/p>,<p>mother<\\/p>,,<p>face<\\/p>,<p>sorry<\\/p>,<p>eye<\\/p>,<p>duck<\\/p>,<p>n|space<||>space|s|space<||>space|<\\/p>\", \"单元名称\" : \"Unit 9 It's a mouth\", \"设置的题目数量\" : 5, \"级别\" : \"综合进阶\", \"学科\" : \"英语\", \"对应端类型\" : \"app\"}"
"{\"年级\" : \"三年级\", \"关联题目数量\" : \"\", \"版本\" : \"湘少版（2024审定）\", \"册\" : \"上册\", \"题干集合\" : \"\", \"单元名称\" : \"期中复习\", \"设置的题目数量\" : 5, \"级别\" : \"难点突破\", \"学科\" : \"英语\", \"对应端类型\" : \"通用\"}"
"{\"年级\" : \"七年级\", \"关联题目数量\" : 1, \"版本\" : \"人教版\", \"册\" : \"上册\", \"题干集合\" : \"<p>1. |space<||>space|<\\/p><p>2. |space<||>space|<\\/p><p>3. |space<||>space|<\\/p><p>4. |space<||>space|<\\/p><p>5. |space<||>space|<\\/p>\", \"单元名称\" : \"Unit 8 When is your birthday?\", \"设置的题目数量\" : 1, \"级别\" : \"听短文完成题目\", \"学科\" : \"英语\", \"对应端类型\" : \"通用\"}"
"{\"年级\" : \"三年级\", \"关联题目数量\" : \"\", \"版本\" : \"教科版（2024审定）\", \"册\" : \"下册\", \"题干集合\" : \"\", \"单元名称\" : \"U10\", \"设置的题目数量\" : 5, \"级别\" : \"综合进阶\", \"学科\" : \"英语\", \"对应端类型\" : \"通用\"}"
"{\"年级\" : \"五年级\", \"关联题目数量\" : 9, \"版本\" : \"湘鲁版\", \"册\" : \"上册\", \"题干集合\" : \"<p>|space<||>space| |space<||>space| |space<||>space| |space<||>space|<\\/p>,,<p>|space<||>space| |space<||>space| |space<||>space| |space<||>space| |space<||>space| |space<||>space| |space<||>space|<\\/p>,,,,<p>|space<||>space| |space<||>space| |space<||>space| |space<||>space|<\\/p>,<p>|space<||>space| |space<||>space| |space<||>space| |space<||>space| |space<||>space|<\\/p>,\", \"单元名称\" : \"Unit 10 The Spring Festival is coming!\", \"设置的题目数量\" : 5, \"级别\" : \"综合进阶\", \"学科\" : \"英语\", \"对应端类型\" : \"app\"}"
"{\"年级\" : \"四年级\", \"关联题目数量\" : 10, \"版本\" : \"湘少版（2024审定）\", \"册\" : \"下册\", \"题干集合\" : \",,,<p>What's the boy's favourite season?<\\/p>,,<p>What does the girl wear?<\\/p>,,,,<p>Mark|space<||>space| |space<||>space|<\\/p><p>Jackson|space<||>space| |space<||>space|<\\/p><p>Luke|space<||>space| |space<||>space|<\\/p><p>Linda|space<||>space| |space<||>space|<\\/p>\", \"单元名称\" : \"Unit 6 What’s your favourite season?\", \"设置的题目数量\" : 5, \"级别\" : \"难点突破\", \"学科\" : \"英语\", \"对应端类型\" : \"通用\"}"
"{\"年级\" : \"六年级\", \"关联题目数量\" : \"\", \"版本\" : \"教科版\", \"册\" : \"上册\", \"题干集合\" : \"\", \"单元名称\" : \"Unit 6 The secret to good health.\", \"设置的题目数量\" : 5, \"级别\" : \"难点突破\", \"学科\" : \"英语\", \"对应端类型\" : \"通用\"}"
"{\"年级\" : \"七年级\", \"关联题目数量\" : 1, \"版本\" : \"\", \"册\" : \"下册\", \"题干集合\" : \"\", \"单元名称\" : \"Unit 8 Once upon a Time\", \"设置的题目数量\" : 1, \"级别\" : \"听独白选答案\", \"学科\" : \"英语\", \"对应端类型\" : \"通用\"}"
"{\"年级\" : \"四年级\", \"关联题目数量\" : \"\", \"版本\" : \"教科版\", \"册\" : \"上册\", \"题干集合\" : \"\", \"单元名称\" : \"Unit 8 l like English best\", \"设置的题目数量\" : 5, \"级别\" : \"难点突破\", \"学科\" : \"英语\", \"对应端类型\" : \"通用\"}"
"{\"年级\" : \"三年级\", \"关联题目数量\" : 10, \"版本\" : \"湘少版\", \"册\" : \"下册\", \"题干集合\" : \",<p>|space<||>space| |space<||>space| |space<||>space| |space<||>space|<\\/p>,,,,,,,,<p>|space<||>space| |space<||>space| |space<||>space| |space<||>space| |space<||>space|<\\/p>\", \"单元名称\" : \"Unit 7 Is this an orange?\", \"设置的题目数量\" : 5, \"级别\" : \"难点突破\", \"学科\" : \"英语\", \"对应端类型\" : \"app\"}"
"{\"年级\" : \"三年级\", \"关联题目数量\" : \"\", \"版本\" : \"人教版（三起）\", \"册\" : \"下册\", \"题干集合\" : \"\", \"单元名称\" : \"期中复习\", \"设置的题目数量\" : 5, \"级别\" : \"难点突破\", \"学科\" : \"英语\", \"对应端类型\" : \"通用\"}"
"{\"年级\" : \"六年级\", \"关联题目数量\" : 22, \"版本\" : \"湘鲁版\", \"册\" : \"上册\", \"题干集合\" : \",,,,,,,,,,,,,,,,,,,,,\", \"单元名称\" : \"Unit 10 What's your favourite month?\", \"设置的题目数量\" : 5, \"级别\" : \"综合进阶\", \"学科\" : \"英语\", \"对应端类型\" : \"app\"}"
"{\"年级\" : \"三年级\", \"关联题目数量\" : 10, \"版本\" : \"湘少版\", \"册\" : \"上册\", \"题干集合\" : \",<p>|space<||>space| |space<||>space|t<\\/p>,<p>raise <\\/p>,<p>body<\\/p>,<p>leg<\\/p>,<p>hand<\\/p>,<p>touch<\\/p>,<p>r|space<||>space| |space<||>space|se<\\/p>,,\", \"单元名称\" : \"Unit 10 Touch your head\", \"设置的题目数量\" : 5, \"级别\" : \"综合进阶\", \"学科\" : \"英语\", \"对应端类型\" : \"app\"}"
"{\"年级\" : \"七年级\", \"关联题目数量\" : 1, \"版本\" : \"人教版\", \"册\" : \"下册\", \"题干集合\" : \"\", \"单元名称\" : \"Unit 6 I'm watching TV.\", \"设置的题目数量\" : 1, \"级别\" : \"听独白选答案\", \"学科\" : \"英语\", \"对应端类型\" : \"通用\"}"
"{\"年级\" : \"四年级\", \"关联题目数量\" : \"\", \"版本\" : \"教科版（2024审定）\", \"册\" : \"下册\", \"题干集合\" : \"\", \"单元名称\" : \"U9\", \"设置的题目数量\" : 5, \"级别\" : \"基础巩固\", \"学科\" : \"英语\", \"对应端类型\" : \"通用\"}"
"{\"年级\" : \"三年级\", \"关联题目数量\" : \"\", \"版本\" : \"人教版（三起）\", \"册\" : \"上册\", \"题干集合\" : \"\", \"单元名称\" : \"Units 1-3 测试卷\", \"设置的题目数量\" : 5, \"级别\" : \"综合进阶\", \"学科\" : \"英语\", \"对应端类型\" : \"app\"}"
"{\"年级\" : \"七年级\", \"关联题目数量\" : 5, \"版本\" : \"人教版\", \"册\" : \"下册\", \"题干集合\" : \"<p>Who did the girl go camping with?<\\/p>,<p>How did the boy get to Beijing?<\\/p>,<p>Where did Jim go last weekend?<\\/p>,<p>How was Lisa's weekend?<\\/p>,<p>What did Becky do last Sunday?<\\/p>\", \"单元名称\" : \"Unit 12 What did you do last weekend?\", \"设置的题目数量\" : 5, \"级别\" : \"听短对话选答案\", \"学科\" : \"英语\", \"对应端类型\" : \"通用\"}"
"{\"年级\" : \"四年级\", \"关联题目数量\" : 15, \"版本\" : \"\", \"册\" : \"上册\", \"题干集合\" : \"<p>Amy情绪不佳，想和Lily聊聊。听一听，下面句子是Amy所说的吗？<\\/p><p>I can't find my pen.<\\/p>,<p>晚饭后，Anna一家在描述自己今天的情绪。听一听，Anna妈妈的情绪是怎样的？<\\/p>,<p>Tom在说自己心情低落的原因。听一听，是什么原因呢？<\\/p>,<p>放学路上，Mike和Jack在聊活动。听一听，Mike在说什么呢？<\\/p>,<p>Mike在放学路上遇到了心情低落的Tom。听一听，Mike对Tom说了什么呢？<\\/p>,<p>新来的外国同学在和Liu Ming聊天。听一听，请你来做小小翻译官吧！<\\/p>,<p>晚饭后，Anna一家在描述自己今天的情绪。听一听，Anna的情绪是怎样的？<\\/p>,<p>课堂上，Linda在描述同学们的表情。她描述对了吗？<\\/p>,<p>新来的外国同学在和Liu Ming聊天。听一听，请你来做小小翻译官吧！<\\/p>,<p>晚饭后，Anna一家在描述自己今天的情绪。听一听，Anna弟弟的情绪是怎样的？<\\/p>,<p> Amy情绪不佳，想和Lily聊聊。听一听，下面句子是Amy所说的吗？<\\/p><p>I'm angry.<\\/p>,<p>放学路上，Mike发现Tom心事重重。听一听，他会对Tom说什么呢？<\\/p>,<p>Lily看到Amy情绪不佳，想和她聊聊。听一听，下面句子是Lily所说的吗？<\\/p><p>Would you like to come? <\\/p>,<p>课堂上，Linda在描述同学们的表情。听一听，她描述对了吗？<\\/p>,<p>课堂上，Linda在描述同学们的表情。听一听，她描述对了吗？<\\/p>\", \"单元名称\" : \"Unit 1 You look excited\", \"设置的题目数量\" : 5, \"级别\" : \"综合进阶\", \"学科\" : \"英语\", \"对应端类型\" : \"通用\"}"
"{\"年级\" : \"四年级\", \"关联题目数量\" : \"\", \"版本\" : \"湘少版（2024审定）\", \"册\" : \"下册\", \"题干集合\" : \"\", \"单元名称\" : \"Units 4-6 测试卷\", \"设置的题目数量\" : 5, \"级别\" : \"综合进阶\", \"学科\" : \"英语\", \"对应端类型\" : \"通用\"}"
"{\"年级\" : \"四年级\", \"关联题目数量\" : 20, \"版本\" : \"湘少版\", \"册\" : \"下册\", \"题干集合\" : \",<p>星期五<\\/p>,<p>今天<\\/p>,,,<p>|space<||>space| |space<||>space| |space<||>space| |space<||>space| |space<||>space| |space<||>space| |space<||>space| |space<||>space| |space<||>space|<\\/p>,<p>星期天<\\/p>,<p>|space<||>space| |space<||>space| |space<||>space| |space<||>space| |space<||>space|<\\/p>,,<p>|space<||>space| |space<||>space| |space<||>space| |space<||>space| |space<||>space| |space<||>space|<\\/p>,,<p>|space<||>space| |space<||>space| |space<||>space| |space<||>space| |space<||>space| |space<||>space| |space<||>space| |space<||>space|<\\/p>,,,<p>|space<||>space| |space<||>space| |space<||>space| |space<||>space| |space<||>space| |space<||>space| |space<||>space| |space<||>space|<\\/p>,<p>|space<||>space| |space<||>space| |space<||>space| |space<||>space| |space<||>space| |space<||>space|<\\/p>,,,<p>|space<||>space| |space<||>space| |space<||>space| |space<||>space| |space<||>space|<\\/p>,<p>|space<||>space| |space<||>space| |space<||>space| |space<||>space| |space<||>space| |space<||>space| |space<||>space|<\\/p>\", \"单元名称\" : \"Unit 7 Today is Saturday\", \"设置的题目数量\" : 5, \"级别\" : \"难点突破\", \"学科\" : \"英语\", \"对应端类型\" : \"app\"}"
"{\"年级\" : \"四年级\", \"关联题目数量\" : \"\", \"版本\" : \"湘少版（2024审定）\", \"册\" : \"下册\", \"题干集合\" : \"\", \"单元名称\" : \"Units 7-10 测试卷\", \"设置的题目数量\" : 5, \"级别\" : \"难点突破\", \"学科\" : \"英语\", \"对应端类型\" : \"通用\"}"
"{\"年级\" : \"三年级\", \"关联题目数量\" : \"\", \"版本\" : \"教科版（2024审定）\", \"册\" : \"上册\", \"题干集合\" : \"\", \"单元名称\" : \"U12\", \"设置的题目数量\" : 5, \"级别\" : \"综合进阶\", \"学科\" : \"英语\", \"对应端类型\" : \"通用\"}"
"{\"年级\" : \"四年级\", \"关联题目数量\" : \"\", \"版本\" : \"人教版（三起）（2024审定）\", \"册\" : \"上册\", \"题干集合\" : \"\", \"单元名称\" : \"期末复习\", \"设置的题目数量\" : 5, \"级别\" : \"综合进阶\", \"学科\" : \"英语\", \"对应端类型\" : \"通用\"}"
"{\"年级\" : \"六年级\", \"关联题目数量\" : 10, \"版本\" : \"湘少版\", \"册\" : \"上册\", \"题干集合\" : \"<p>|space<||>space| |space<||>space| |space<||>space| |space<||>space| |space<||>space|<\\/p>,NULL,<p>h|space<||>space| |space<||>space|da|space<||>space| |space<||>space|e<\\/p>,NULL,<p>休息<\\/p>,<p>f|space<||>space| |space<||>space|l<\\/p>,<p>有病的；不健康的<\\/p>,,<p>仅仅 <\\/p>,\", \"单元名称\" : \"Unit 10 I don't feel well today\", \"设置的题目数量\" : 5, \"级别\" : \"难点突破\", \"学科\" : \"英语\", \"对应端类型\" : \"app\"}"
"{\"年级\" : \"三年级\", \"关联题目数量\" : \"\", \"版本\" : \"教科版（2024审定）\", \"册\" : \"上册\", \"题干集合\" : \"\", \"单元名称\" : \"期末复习\", \"设置的题目数量\" : 5, \"级别\" : \"难点突破\", \"学科\" : \"英语\", \"对应端类型\" : \"通用\"}"
"{\"年级\" : \"四年级\", \"关联题目数量\" : 15, \"版本\" : \"人教版（三起）（2024审定）\", \"册\" : \"下册\", \"题干集合\" : \",,,,,,,,,,,,,,\", \"单元名称\" : \"Unit 4 Going shopping\", \"设置的题目数量\" : 5, \"级别\" : \"综合进阶\", \"学科\" : \"英语\", \"对应端类型\" : \"通用\"}"
"{\"年级\" : \"三年级\", \"关联题目数量\" : 10, \"版本\" : \"人教版（三起）\", \"册\" : \"上册\", \"题干集合\" : \"<p>seven<\\/p>,,<p>|space<||>space| |space<||>space|ght<\\/p>,<p>five<\\/p>,,,<p>three<\\/p>,,,<p>t|space<||>space|n<\\/p>\", \"单元名称\" : \"Unit 6 Happy birthday!\", \"设置的题目数量\" : 5, \"级别\" : \"综合进阶\", \"学科\" : \"英语\", \"对应端类型\" : \"app\"}"
"{\"年级\" : \"六年级\", \"关联题目数量\" : 10, \"版本\" : \"湘鲁版\", \"册\" : \"下册\", \"题干集合\" : \",,,,,,,,,\", \"单元名称\" : \"Unit 3  Who was she?\", \"设置的题目数量\" : 5, \"级别\" : \"基础巩固\", \"学科\" : \"英语\", \"对应端类型\" : \"app\"}"
"{\"年级\" : \"四年级\", \"关联题目数量\" : 15, \"版本\" : \"湘少版（2024审定）\", \"册\" : \"下册\", \"题干集合\" : \"<p>英语课上，老师在播放一段英语绕口令。听一听，绕口令中包含下面哪个单词？<\\/p>,,,,,,,,<p>英语课上，老师在播放一段英语绕口令。听一听，绕口令中包含下面哪个单词？<\\/p>,,,,,,\", \"单元名称\" : \"Unit 8 He is cleaning the window\", \"设置的题目数量\" : 5, \"级别\" : \"基础巩固\", \"学科\" : \"英语\", \"对应端类型\" : \"通用\"}"
"{\"年级\" : \"三年级\", \"关联题目数量\" : \"\", \"版本\" : \"湘少版\", \"册\" : \"上册\", \"题干集合\" : \"\", \"单元名称\" : \"期末复习\", \"设置的题目数量\" : 5, \"级别\" : \"基础巩固\", \"学科\" : \"英语\", \"对应端类型\" : \"app\"}"
"{\"年级\" : \"三年级\", \"关联题目数量\" : 10, \"版本\" : \"人教版（三起）\", \"册\" : \"上册\", \"题干集合\" : \"<p>b|space<||>space| |space<||>space|r<\\/p>,<p>z|space<||>space| |space<||>space|<\\/p>,<p>b|space<||>space| |space<||>space|d<\\/p>,,,,,<p>d|space<||>space|g<\\/p>,<p>du|space<||>space| |space<||>space|<\\/p>,\", \"单元名称\" : \"Unit 4 We love animals\", \"设置的题目数量\" : 5, \"级别\" : \"综合进阶\", \"学科\" : \"英语\", \"对应端类型\" : \"app\"}"
"{\"年级\" : \"四年级\", \"关联题目数量\" : 10, \"版本\" : \"湘少版（2024审定）\", \"册\" : \"上册\", \"题干集合\" : \"<p>在森林里的魔法花园，小精灵们在讨论树上的鸟儿。听一听，选择恰当的回应。<\\/p>,<p>学校组织去植物园春游，同学们都在陈述自己看到的事物。请根据他们的发言给图片排序吧！<\\/p>,<p>学校组织去植物园春游，老师在介绍看到的事物。根据他的介绍将句子排序吧！<\\/p>,<p>学校组织去郊外写生，Anne和Peter看着天空在聊天。听一听，选择恰当的回应。<\\/p>,<p>公园里，妈妈在教Peter认识自然事物。听一听，图片与他们的谈话相符吗？<\\/p>,<p>自然博物馆里，Peter和妈妈在讨论墙上的展品。听一听，下列信息与他们的对话相符吗？<\\/p><p>The birds' eggs look like balls.<\\/p>,<p>周末，妈妈带Peter去公园观察自然。听一听Peter的问题，帮助妈妈回应他吧！<\\/p>,<p>公园里，妈妈在教Peter认识自然事物。听一听，图片与他们的谈话相符吗？<\\/p>,<p>自然博物馆里，Peter和妈妈在讨论墙上的展品。听一听，下列信息与他们的对话相符吗？<\\/p><p>The birds live in the trees.<\\/p>,<p>公园里，妈妈在教Peter认识自然事物。听一听，图片与他们的谈话相符吗？<\\/p>\", \"单元名称\" : \"Unit 6 What are those?\", \"设置的题目数量\" : 5, \"级别\" : \"难点突破\", \"学科\" : \"英语\", \"对应端类型\" : \"通用\"}"
"{\"年级\" : \"六年级\", \"关联题目数量\" : 10, \"版本\" : \"湘少版\", \"册\" : \"上册\", \"题干集合\" : \",,,<p>weekend<\\/p>,,,<p>a few<\\/p>,<p>sometimes<\\/p>,,\", \"单元名称\" : \"Unit 2 Katie always gets up early\", \"设置的题目数量\" : 5, \"级别\" : \"基础巩固\", \"学科\" : \"英语\", \"对应端类型\" : \"app\"}"
"{\"年级\" : \"五年级\", \"关联题目数量\" : 12, \"版本\" : \"湘少版\", \"册\" : \"下册\", \"题干集合\" : \",<p>were<\\/p>,<p>yesterday<\\/p>,<p>we<\\/p>,<p>work<\\/p>,,,,,<p>brother<\\/p>,<p>fast<\\/p>,\", \"单元名称\" : \"Unit 10 Where were you yesterday？\", \"设置的题目数量\" : 5, \"级别\" : \"基础巩固\", \"学科\" : \"英语\", \"对应端类型\" : \"app\"}"
"{\"年级\" : \"四年级\", \"关联题目数量\" : \"\", \"版本\" : \"人教版（三起）（2024审定）\", \"册\" : \"上册\", \"题干集合\" : \"\", \"单元名称\" : \"Units 3-4 测试卷\", \"设置的题目数量\" : 5, \"级别\" : \"难点突破\", \"学科\" : \"英语\", \"对应端类型\" : \"通用\"}"
"{\"年级\" : \"三年级\", \"关联题目数量\" : \"\", \"版本\" : \"人教版（三起）\", \"册\" : \"上册\", \"题干集合\" : \"\", \"单元名称\" : \"期末复习\", \"设置的题目数量\" : 5, \"级别\" : \"难点突破\", \"学科\" : \"英语\", \"对应端类型\" : \"app\"}"
"{\"年级\" : \"五年级\", \"关联题目数量\" : \"\", \"版本\" : \"人教版（三起）\", \"册\" : \"上册\", \"题干集合\" : \"\", \"单元名称\" : \"U11\", \"设置的题目数量\" : 5, \"级别\" : \"综合进阶\", \"学科\" : \"英语\", \"对应端类型\" : \"app\"}"
"{\"年级\" : \"四年级\", \"关联题目数量\" : 10, \"版本\" : \"人教版（三起）\", \"册\" : \"上册\", \"题干集合\" : \",,,,,,,,,\", \"单元名称\" : \"Unit 3 My friends\", \"设置的题目数量\" : 5, \"级别\" : \"基础巩固\", \"学科\" : \"英语\", \"对应端类型\" : \"app\"}"
"{\"年级\" : \"七年级\", \"关联题目数量\" : 1, \"版本\" : \"\", \"册\" : \"下册\", \"题干集合\" : \"\", \"单元名称\" : \"Unit 5 Here and Now\", \"设置的题目数量\" : 1, \"级别\" : \"听长对话选答案\", \"学科\" : \"英语\", \"对应端类型\" : \"通用\"}"
"{\"年级\" : \"四年级\", \"关联题目数量\" : \"\", \"版本\" : \"人教版（三起）\", \"册\" : \"上册\", \"题干集合\" : \"\", \"单元名称\" : \"Units 4-6 测试卷\", \"设置的题目数量\" : 5, \"级别\" : \"基础巩固\", \"学科\" : \"英语\", \"对应端类型\" : \"app\"}"
"{\"年级\" : \"七年级\", \"关联题目数量\" : 1, \"版本\" : \"\", \"册\" : \"下册\", \"题干集合\" : \"<p>1. |space<||>space| |space<||>space| |space<||>space|<\\/p><p>2. |space<||>space|<\\/p><p>3. |space<||>space|<\\/p><p>4. |space<||>space|<\\/p><p>5. |space<||>space|<\\/p>\", \"单元名称\" : \"Unit 4 Eat Well\", \"设置的题目数量\" : 1, \"级别\" : \"听短文完成题目\", \"学科\" : \"英语\", \"对应端类型\" : \"通用\"}"
"{\"年级\" : \"五年级\", \"关联题目数量\" : \"\", \"版本\" : \"教科版\", \"册\" : \"上册\", \"题干集合\" : \"\", \"单元名称\" : \"Unit 6 At the weekend\", \"设置的题目数量\" : 5, \"级别\" : \"基础巩固\", \"学科\" : \"英语\", \"对应端类型\" : \"通用\"}"
"{\"年级\" : \"四年级\", \"关联题目数量\" : \"\", \"版本\" : \"湘鲁版\", \"册\" : \"下册\", \"题干集合\" : \"\", \"单元名称\" : \"U12\", \"设置的题目数量\" : 5, \"级别\" : \"基础巩固\", \"学科\" : \"英语\", \"对应端类型\" : \"app\"}"
"{\"年级\" : \"六年级\", \"关联题目数量\" : 10, \"版本\" : \"湘少版\", \"册\" : \"下册\", \"题干集合\" : \"<p>I'll go to the theatre.\\t<\\/p>,,,,,,,,<p>We'll have a party tomorrow.<\\/p>,\", \"单元名称\" : \"Unit 8 International Children's Day\", \"设置的题目数量\" : 5, \"级别\" : \"难点突破\", \"学科\" : \"英语\", \"对应端类型\" : \"app\"}"
"{\"年级\" : \"五年级\", \"关联题目数量\" : \"\", \"版本\" : \"人教版（三起）\", \"册\" : \"上册\", \"题干集合\" : \"\", \"单元名称\" : \"期末复习\", \"设置的题目数量\" : 5, \"级别\" : \"难点突破\", \"学科\" : \"英语\", \"对应端类型\" : \"app\"}"
"{\"年级\" : \"六年级\", \"关联题目数量\" : 10, \"版本\" : \"湘鲁版\", \"册\" : \"下册\", \"题干集合\" : \"<p>Andy is interested in the |space<||>space|.<\\/p>,<p>人们吃饺子以带来好运。<\\/p>,<p>中秋节也起源于很久以前。<\\/p>,<p>现在，人们会划龙舟来纪念他。<\\/p>,<p>它起源于很久很久以前。<\\/p>,<p>We had a boat race every year to |space<||>space| Qu Yuan.<\\/p>,<p>She |space<||>space| up for the party.<\\/p>,<p>They |space<||>space| into the swimming pool.<\\/p>,<p>你们如何庆祝春节？<\\/p>,<p><em>Zongzi<\\/em> looks like a(n) |space<||>space|.<\\/p>\", \"单元名称\" : \"Unit 5  We are going to learn about Chinese festivals.\", \"设置的题目数量\" : 5, \"级别\" : \"难点突破\", \"学科\" : \"英语\", \"对应端类型\" : \"app\"}"
"{\"年级\" : \"三年级\", \"关联题目数量\" : 10, \"版本\" : \"湘少版（2024审定）\", \"册\" : \"上册\", \"题干集合\" : \",,,,,,,,<p>How |space<||>space| are you?<\\/p>,<p>I'm |space<||>space|.<\\/p>\", \"单元名称\" : \"Unit 3 How old are you?\", \"设置的题目数量\" : 5, \"级别\" : \"难点突破\", \"学科\" : \"英语\", \"对应端类型\" : \"通用\"}"
"{\"年级\" : \"三年级\", \"关联题目数量\" : 10, \"版本\" : \"湘少版（2024审定）\", \"册\" : \"下册\", \"题干集合\" : \"<p>Tom正在带妹妹读一本关于蔬果的绘本。听他们的对话，判断对话内容与下列信息是否相符。<\\/p><p><br><\\/p><p>There are four big strawberries and six apples.<\\/p>,<p>周末，Linda和妈妈在家榨果汁。家里有哪些水果？听录音，给句子排序。<\\/p>,<p>课上，老师让同学们画出自己最喜欢的蔬菜或水果。听同学们介绍，判断同学们所说的内容与所给图画是否相符。<\\/p>,<p>Tom正在带妹妹读一本关于蔬果的绘本。听他们的对话，判断对话内容与下列信息是否相符。<\\/p><p><br><\\/p><p>There are three small potatoes and two big tomatoes.<\\/p>,<p>Tom正在带妹妹读一本关于蔬果的绘本。听他们的对话，判断对话内容与下列信息是否相符。<\\/p><p><br><\\/p><p>There is a big carrot and some eggs.<\\/p>,<p>周末，Linda和妈妈在家榨果汁。听录音，给句子排序。<\\/p>,<p>课上，老师让同学们画出自己最喜欢的蔬菜或水果。听同学们介绍，判断同学们所说的内容与所给图画是否相符。<\\/p>,<p>Tom正在带妹妹读一本关于蔬果的绘本。听他们的对话，判断对话内容与下列信息是否相符。<\\/p><p><br><\\/p><p>There are some grapes and pears.<\\/p>,<p>课上，老师让同学们画出自己最喜欢的蔬菜或水果。听同学们介绍，判断同学们所说的内容与所给图画是否相符。<\\/p>,<p>课上，老师让同学们画出自己最喜欢的蔬菜或水果。听同学们介绍，判断同学们所说的内容与所给图画是否相符。<\\/p>\", \"单元名称\" : \"Unit 6 There is an egg here\", \"设置的题目数量\" : 5, \"级别\" : \"难点突破\", \"学科\" : \"英语\", \"对应端类型\" : \"通用\"}"
"{\"年级\" : \"七年级\", \"关联题目数量\" : \"\", \"版本\" : \"人教版\", \"册\" : \"下册\", \"题干集合\" : \"\", \"单元名称\" : \"期末复习\", \"设置的题目数量\" : 5, \"级别\" : \"基础巩固\", \"学科\" : \"英语\", \"对应端类型\" : \"通用\"}"
"{\"年级\" : \"六年级\", \"关联题目数量\" : 10, \"版本\" : \"湘鲁版\", \"册\" : \"下册\", \"题干集合\" : \",<p>T|space<||>space|rra-cott|space<||>space| Warriors<\\/p>,,<p>|space<||>space|thn|space<||>space|c gr|space<||>space| |space<||>space|ps<\\/p>,<p>我将永远都不会忘记中国。<\\/p>,<p>谁能忘记这样一个如此美丽的地方呢？<\\/p>,,<p>The Gr|space<||>space| |space<||>space|t Wall<\\/p>,,\", \"单元名称\" : \"Unit 9  China is a great country!\", \"设置的题目数量\" : 5, \"级别\" : \"难点突破\", \"学科\" : \"英语\", \"对应端类型\" : \"app\"}"
"{\"年级\" : \"四年级\", \"关联题目数量\" : 15, \"版本\" : \"\", \"册\" : \"下册\", \"题干集合\" : \"<p>动物园里新来了很多动物。听一听，动物管理员在说哪种动物呢？<\\/p>,,,,<p>动物园里新来了很多动物。听一听，动物管理员在说哪种动物呢？<\\/p>,,,,,,,,,,<p>动物园里新来了很多动物。听一听，动物管理员在说哪种动物呢？<\\/p>\", \"单元名称\" : \"Unit 7 It has a long tail\", \"设置的题目数量\" : 15, \"级别\" : \"基础巩固\", \"学科\" : \"英语\", \"对应端类型\" : \"通用\"}"
"{\"年级\" : \"三年级\", \"关联题目数量\" : 15, \"版本\" : \"教科版（2024审定）\", \"册\" : \"下册\", \"题干集合\" : \"<p>Sam和Mulan在讨论校规。听一听，选出对应的图片。<\\/p>,<p>Sam在学习一些优秀的行为准则。听一听，选择正确的中文翻译。<\\/p>,<p>Sam在学习一些优秀的行为准则。听一听，选择正确的中文翻译。<\\/p>,<p>Sam在学习一些优秀的行为准则。听一听，选择正确的中文翻译。<\\/p>,<p>教室里，Mike和同学们在讨论好的行为习惯。听一听，判断所给图片与Mike的发言是否相符。<\\/p>,<p>教室里，Mike和同学们在讨论好的行为习惯。听一听，判断所给图片与 Mike的发言是否相符。<\\/p>,<p>Sam和Mulan在讨论校规。听一听，选出对应的图片。<\\/p>,<p>Sam和Mulan在讨论校规。听一听，选出对应的图片。<\\/p>,<p>Sam在学习一些优秀的行为准则。听一听，选择正确的中文翻译。<\\/p>,<p>Sam在劝阻同学们的一些不良行为。听一听，选出你所听到的句子。<\\/p>,<p>教室里，Mike和同学们在讨论好的行为习惯。听一听，判断所给图片与Mike的发言是否相符。<\\/p>,<p>Sam在商场迷路了，他在向陌生人求助。听一听，选出你所听到的句子。<\\/p>,<p>听一听Sam和Lucas在教室门口的对话，选出你所听到的句子。<\\/p>,<p>教室里，Mike和同学们在讨论好的行为习惯。听一听，判断所给图片与Mike的发言是否相符。<\\/p>,<p>教室里，Mike和同学们在讨论好的行为习惯。听一听，判断所给图片与Mike的发言是否相符。<\\/p>\", \"单元名称\" : \"Unit 7 School Rules\", \"设置的题目数量\" : 5, \"级别\" : \"综合进阶\", \"学科\" : \"英语\", \"对应端类型\" : \"通用\"}"
"{\"年级\" : \"六年级\", \"关联题目数量\" : 11, \"版本\" : \"湘少版\", \"册\" : \"下册\", \"题干集合\" : \"<p>|space<||>space| |space<||>space| |space<||>space| |space<||>space| |space<||>space|<\\/p>,,<p>|space<||>space| |space<||>space| |space<||>space| |space<||>space| |space<||>space|<\\/p>,<p>gr|space<||>space|ndp|space<||>space|r|space<||>space|nt<\\/p>,,,,,<p>|space<||>space|urs|space<||>space|lv|space<||>space|s<\\/p>,<p>|space<||>space| |space<||>space| |space<||>space| |space<||>space| |space<||>space| |space<||>space| |space<||>space| |space<||>space|<\\/p>,<p>|space<||>space| |space<||>space| |space<||>space| |space<||>space|<\\/p>\", \"单元名称\" : \"Unit 1 A family outing\", \"设置的题目数量\" : 5, \"级别\" : \"综合进阶\", \"学科\" : \"英语\", \"对应端类型\" : \"app\"}"
"{\"年级\" : \"三年级\", \"关联题目数量\" : 15, \"版本\" : \"湘少版（2024审定）\", \"册\" : \"上册\", \"题干集合\" : \",<p>great<\\/p>,,,,,<p>（多少）个<\\/p>,,,,,<p>six<\\/p>,,,\", \"单元名称\" : \"Unit 3 How old are you?\", \"设置的题目数量\" : 5, \"级别\" : \"基础巩固\", \"学科\" : \"英语\", \"对应端类型\" : \"通用\"}"
"{\"年级\" : \"三年级\", \"关联题目数量\" : 16, \"版本\" : \"湘少版\", \"册\" : \"下册\", \"题干集合\" : \",<p>twenty <\\/p>,<p>seventeen  <\\/p>,,<p>fifteen <\\/p>,<p>count <\\/p>,,,,,,,<p>thirteen <\\/p>,,<p>how old<\\/p>,\", \"单元名称\" : \"Unit 6 How many pens are there?\", \"设置的题目数量\" : 5, \"级别\" : \"基础巩固\", \"学科\" : \"英语\", \"对应端类型\" : \"app\"}"
"{\"年级\" : \"五年级\", \"关联题目数量\" : \"\", \"版本\" : \"人教版（三起）\", \"册\" : \"下册\", \"题干集合\" : \"\", \"单元名称\" : \"U8\", \"设置的题目数量\" : 5, \"级别\" : \"难点突破\", \"学科\" : \"英语\", \"对应端类型\" : \"app\"}"
"{\"年级\" : \"三年级\", \"关联题目数量\" : \"\", \"版本\" : \"人教版（三起）（2024审定）\", \"册\" : \"上册\", \"题干集合\" : \"\", \"单元名称\" : \"期中复习\", \"设置的题目数量\" : 5, \"级别\" : \"基础巩固\", \"学科\" : \"英语\", \"对应端类型\" : \"通用\"}"
"{\"年级\" : \"五年级\", \"关联题目数量\" : 10, \"版本\" : \"湘鲁版\", \"册\" : \"上册\", \"题干集合\" : \",,<p>剪纸<\\/p>,,,,,<p>报道<\\/p>,,\", \"单元名称\" : \"Unit 10 The Spring Festival is coming!\", \"设置的题目数量\" : 5, \"级别\" : \"基础巩固\", \"学科\" : \"英语\", \"对应端类型\" : \"app\"}"
"{\"年级\" : \"三年级\", \"关联题目数量\" : 10, \"版本\" : \"湘鲁版\", \"册\" : \"上册\", \"题干集合\" : \",,,,,,,,<p>水果<\\/p>,\", \"单元名称\" : \"Unit 5 Where is your book?\", \"设置的题目数量\" : 5, \"级别\" : \"基础巩固\", \"学科\" : \"英语\", \"对应端类型\" : \"app\"}"
"{\"年级\" : \"六年级\", \"关联题目数量\" : \"\", \"版本\" : \"湘少版\", \"册\" : \"上册\", \"题干集合\" : \"\", \"单元名称\" : \"期中复习\", \"设置的题目数量\" : 5, \"级别\" : \"综合进阶\", \"学科\" : \"英语\", \"对应端类型\" : \"app\"}"
"{\"年级\" : \"三年级\", \"关联题目数量\" : 10, \"版本\" : \"人教版（三起）（2024审定）\", \"册\" : \"下册\", \"题干集合\" : \"<p>校园里，Andy和Amy在讨论刚刚遇到的人。听一听Andy的提问，选择合适的答语。<\\/p>,<p>Jack在记录新同学的信息。听一听他们的对话，判断记录的信息与对话内容是否一致。<\\/p><p>Lily is from the USA.<\\/p>,<p>Mary在和社团新成员Tom聊天。听一听Mary的提问，帮助Tom选择合适的答语。<\\/p>,<p>Mary在和社团新成员Tom聊天。听一听Mary的提问，帮助Tom选择合适的答语。<\\/p>,<p>Amy在公园遇到Peter和他的朋友。听一听他们的对话，选择与对话内容相符的图片。<\\/p>,<p>听一听新同学Andy转学第一天的备忘录，给下面的句子排序。<\\/p>,<p>放学路上，Andy和Amy在讨论刚刚遇到的男孩。听一听他们的对话，判断下面信息与对话内容是否一致。<\\/p><p>Jack is Andy's friend.<\\/p>,<p>新同学Alice将人物信息弄混了。听一听同学们的自我介绍，将人名与对应的国家连线。<\\/p>,<p>新学期，Tom和新同学在教室门口聊天。听一听Tom所说的内容，选择合适的答语。<\\/p>,<p>Amy在和新朋友Tom打招呼。听一听他们的对话，选择与对话内容相符的图片。<\\/p>\", \"单元名称\" : \"Unit 1 Meeting new people\", \"设置的题目数量\" : 5, \"级别\" : \"难点突破\", \"学科\" : \"英语\", \"对应端类型\" : \"通用\"}"
"{\"年级\" : \"四年级\", \"关联题目数量\" : 15, \"版本\" : \"教科版（2024审定）\", \"册\" : \"上册\", \"题干集合\" : \"<p>Andy在学习如何询问他人的工作情况。听一听，下面句子是他说的吗？<\\/p><p>When does she come home?<\\/p>,<p>同学们在谈论父母的工作时间。听一听，Mike爸爸的工作时间是怎样的？<\\/p>,<p>同学们在谈论父母的工作时间。听一听，Mike爸爸的工作时间是怎样的？<\\/p>,<p>Linda在介绍“感动中国十大人物”的职业。听一听，她介绍对了吗？<\\/p>,<p>Linda在介绍“感动中国十大人物”的职业。听一听，她介绍对了吗？<\\/p>,<p>Andy在学习如何询问他人的工作情况。听一听，下面句子是他说的吗？<\\/p><p>When does she go to work?<\\/p>,<p>Tom在做翻译练习。听一听，请你和他一起找到句子的翻译吧！<\\/p>,<p>同学们在谈论父母的职业。听一听，Lily的爸爸是什么职业呢？<\\/p>,<p>同学们在谈论父母的职业。听一听，Lily的妈妈是什么职业呢？<\\/p>,<p>Linda在介绍“感动中国十大人物”的职业。听一听，他们是什么职业呢？<\\/p>,<p>Tom在做翻译练习。听一听，请你和他一起找到句子的翻译吧！<\\/p>,<p>Linda在介绍“感动中国十大人物”的职业。听一听，她介绍对了吗？<\\/p>,<p>Andy在学习如何询问他人的工作情况。听一听，下面句子是他说的吗？<\\/p><p>What does your dad do?<\\/p>,<p>Linda在介绍“感动中国十大人物”的职业。听一听，他们是什么职业呢？<\\/p>,<p>Linda在介绍“感动中国十大人物”的职业。听一听，他们是什么职业呢？<\\/p>\", \"单元名称\" : \"Unit 7 Family Time\", \"设置的题目数量\" : 5, \"级别\" : \"综合进阶\", \"学科\" : \"英语\", \"对应端类型\" : \"通用\"}"
"{\"年级\" : \"四年级\", \"关联题目数量\" : \"\", \"版本\" : \"教科版（2024审定）\", \"册\" : \"上册\", \"题干集合\" : \"\", \"单元名称\" : \"期末复习\", \"设置的题目数量\" : 5, \"级别\" : \"基础巩固\", \"学科\" : \"英语\", \"对应端类型\" : \"通用\"}"
"{\"年级\" : \"四年级\", \"关联题目数量\" : 21, \"版本\" : \"湘鲁版\", \"册\" : \"上册\", \"题干集合\" : \"<p>What |space<||>space| is it?<\\/p>,<p>|space<||>space| me!<\\/p>,<p>|space<||>space| |space<||>space| |space<||>space| |space<||>space| |space<||>space| |space<||>space| |space<||>space|<\\/p>,,<p>|space<||>space| |space<||>space| |space<||>space| |space<||>space| |space<||>space|<\\/p>,<p>|space<||>space| |space<||>space| |space<||>space| |space<||>space| |space<||>space| |space<||>space|<\\/p>,,,<p>|space<||>space| it is.<\\/p>,<p>Winter |space<||>space| |space<||>space| |space<||>space| |space<||>space|<\\/p>,,<p>have |space<||>space| |space<||>space| |space<||>space|<\\/p>,,<p>|space<||>space| |space<||>space| |space<||>space| |space<||>space| |space<||>space| |space<||>space| |space<||>space| |space<||>space|<\\/p>,<p>|space<||>space| |space<||>space| |space<||>space| |space<||>space| |space<||>space|<\\/p>,,<p>|space<||>space| |space<||>space| |space<||>space| |space<||>space|<\\/p>,<p>|space<||>space| |space<||>space| |space<||>space| |space<||>space| |space<||>space| |space<||>space|<\\/p>,,,\", \"单元名称\" : \"Unit 7 What time is it?\", \"设置的题目数量\" : 5, \"级别\" : \"难点突破\", \"学科\" : \"英语\", \"对应端类型\" : \"app\"}"
"{\"年级\" : \"五年级\", \"关联题目数量\" : 8, \"版本\" : \"湘少版\", \"册\" : \"上册\", \"题干集合\" : \"<p>c|space<||>space|ll|space<||>space|ct<\\/p>,,,,<p>ph|space<||>space|t|space<||>space|<\\/p>,<p>h|space<||>space|bb|space<||>space|<\\/p>,,\", \"单元名称\" : \"Unit 9 What's your hobby?\", \"设置的题目数量\" : 5, \"级别\" : \"综合进阶\", \"学科\" : \"英语\", \"对应端类型\" : \"app\"}"
"{\"年级\" : \"四年级\", \"关联题目数量\" : 10, \"版本\" : \"教科版（2024审定）\", \"册\" : \"下册\", \"题干集合\" : \",,,<p>Lily plays ping-pong twice a week.<\\/p>,,,,<p>How often does Tom play basketball?<\\/p>,,\", \"单元名称\" : \"Unit 4 Let's Do It!\", \"设置的题目数量\" : 5, \"级别\" : \"难点突破\", \"学科\" : \"英语\", \"对应端类型\" : \"通用\"}"
"{\"年级\" : \"四年级\", \"关联题目数量\" : \"\", \"版本\" : \"湘少版（2024审定）\", \"册\" : \"下册\", \"题干集合\" : \"\", \"单元名称\" : \"Units 1-3 测试卷\", \"设置的题目数量\" : 5, \"级别\" : \"难点突破\", \"学科\" : \"英语\", \"对应端类型\" : \"通用\"}"
"{\"年级\" : \"八年级\", \"关联题目数量\" : \"\", \"版本\" : \"人教版\", \"册\" : \"上册\", \"题干集合\" : \"\", \"单元名称\" : \"U12\", \"设置的题目数量\" : 5, \"级别\" : \"基础巩固\", \"学科\" : \"英语\", \"对应端类型\" : \"通用\"}"
"{\"年级\" : \"三年级\", \"关联题目数量\" : 10, \"版本\" : \"人教版（三起）\", \"册\" : \"下册\", \"题干集合\" : \",,,<p>旧的<\\/p>,<p>中国<\\/p>,<p>明天<\\/p>,<p>和<\\/p>,<p>男孩<\\/p>,,\", \"单元名称\" : \"Unit 1 Welcome back to school!\", \"设置的题目数量\" : 5, \"级别\" : \"综合进阶\", \"学科\" : \"英语\", \"对应端类型\" : \"通用\"}"
"{\"年级\" : \"七年级\", \"关联题目数量\" : 1, \"版本\" : \"\", \"册\" : \"上册\", \"题干集合\" : \"\", \"单元名称\" : \"Unit 5 Fun Clubs\", \"设置的题目数量\" : 1, \"级别\" : \"听长对话选答案\", \"学科\" : \"英语\", \"对应端类型\" : \"通用\"}"
"{\"年级\" : \"五年级\", \"关联题目数量\" : \"\", \"版本\" : \"湘少版\", \"册\" : \"上册\", \"题干集合\" : \"\", \"单元名称\" : \"期中复习\", \"设置的题目数量\" : 5, \"级别\" : \"综合进阶\", \"学科\" : \"英语\", \"对应端类型\" : \"app\"}"
"{\"年级\" : \"三年级\", \"关联题目数量\" : 9, \"版本\" : \"人教版（三起）\", \"册\" : \"上册\", \"题干集合\" : \",,,,,,,,\", \"单元名称\" : \"Unit 3 Look at me!\", \"设置的题目数量\" : 5, \"级别\" : \"难点突破\", \"学科\" : \"英语\", \"对应端类型\" : \"app\"}"
"{\"年级\" : \"三年级\", \"关联题目数量\" : 12, \"版本\" : \"湘少版\", \"册\" : \"上册\", \"题干集合\" : \",,,,,,,,,,,\", \"单元名称\" : \"Unit 10 Touch your head\", \"设置的题目数量\" : 5, \"级别\" : \"基础巩固\", \"学科\" : \"英语\", \"对应端类型\" : \"app\"}"
"{\"年级\" : \"八年级\", \"关联题目数量\" : 5, \"版本\" : \"人教版\", \"册\" : \"下册\", \"题干集合\" : \"<p>What does the woman mean?<\\/p>,<p>When did the man start to collect stamps?<\\/p>,<p>Where are they talking?<\\/p>,<p>Has the woman ever been to Paris?<\\/p>,<p>How was the woman's trip?<\\/p>\", \"单元名称\" : \"Unit 10 I've had this bike for three years.\", \"设置的题目数量\" : 5, \"级别\" : \"听短对话选答案\", \"学科\" : \"英语\", \"对应端类型\" : \"通用\"}"
"{\"年级\" : \"五年级\", \"关联题目数量\" : 12, \"版本\" : \"湘少版\", \"册\" : \"下册\", \"题干集合\" : \",,,,,,,,,,,\", \"单元名称\" : \"Unit 4 Don't talk here\", \"设置的题目数量\" : 5, \"级别\" : \"综合进阶\", \"学科\" : \"英语\", \"对应端类型\" : \"app\"}"
"{\"年级\" : \"六年级\", \"关联题目数量\" : \"\", \"版本\" : \"教科版\", \"册\" : \"上册\", \"题干集合\" : \"\", \"单元名称\" : \"Unit 5 What's the matter with you?\", \"设置的题目数量\" : 5, \"级别\" : \"基础巩固\", \"学科\" : \"英语\", \"对应端类型\" : \"通用\"}"
"{\"年级\" : \"四年级\", \"关联题目数量\" : \"\", \"版本\" : \"\", \"册\" : \"下册\", \"题干集合\" : \"\", \"单元名称\" : \"U11\", \"设置的题目数量\" : 5, \"级别\" : \"难点突破\", \"学科\" : \"英语\", \"对应端类型\" : \"通用\"}"
"{\"年级\" : \"四年级\", \"关联题目数量\" : \"\", \"版本\" : \"湘鲁版\", \"册\" : \"上册\", \"题干集合\" : \"\", \"单元名称\" : \"Units 7-9 测试卷\", \"设置的题目数量\" : 5, \"级别\" : \"基础巩固\", \"学科\" : \"英语\", \"对应端类型\" : \"app\"}"
"{\"年级\" : \"七年级\", \"关联题目数量\" : 1, \"版本\" : \"\", \"册\" : \"上册\", \"题干集合\" : \"\", \"单元名称\" : \"Unit 4 My Favourite Subject\", \"设置的题目数量\" : 1, \"级别\" : \"听长对话选答案\", \"学科\" : \"英语\", \"对应端类型\" : \"通用\"}"
"{\"年级\" : \"七年级\", \"关联题目数量\" : 5, \"版本\" : \"人教版\", \"册\" : \"下册\", \"题干集合\" : \"<p>When did the girl visit her grandparents?<\\/p>,<p>What did Mary play yesterday?<\\/p>,<p>Who did Tim go to the movies with?<\\/p>,<p>How was Steve's weekend?<\\/p>,<p>Where was Aunt Wang yesterday?<\\/p>\", \"单元名称\" : \"Unit 11 How was your school trip?\", \"设置的题目数量\" : 5, \"级别\" : \"听短对话选答案\", \"学科\" : \"英语\", \"对应端类型\" : \"通用\"}"
"{\"年级\" : \"三年级\", \"关联题目数量\" : \"\", \"版本\" : \"人教版（三起）\", \"册\" : \"上册\", \"题干集合\" : \"\", \"单元名称\" : \"期末测试卷\", \"设置的题目数量\" : 5, \"级别\" : \"基础巩固\", \"学科\" : \"英语\", \"对应端类型\" : \"app\"}"
"{\"年级\" : \"四年级\", \"关联题目数量\" : 10, \"版本\" : \"教科版（2024审定）\", \"册\" : \"下册\", \"题干集合\" : \"<p>Which place is near Lucy's home?<\\/p>,,,,<p>Which place is the best for Tina's grandpa?<\\/p>,,<p>Anna's aunt likes going to the cinema and the park.<\\/p>,,,<p>There is a market near Jack's home.<\\/p>\", \"单元名称\" : \"Unit 8 The Best Place to Live\", \"设置的题目数量\" : 5, \"级别\" : \"难点突破\", \"学科\" : \"英语\", \"对应端类型\" : \"通用\"}"
"{\"年级\" : \"三年级\", \"关联题目数量\" : 10, \"版本\" : \"人教版（三起）（2024审定）\", \"册\" : \"下册\", \"题干集合\" : \"<p>Tom在描述自己的五感。听一听Tom的陈述，给图片排序。<\\/p>,<p>Lucy看到Lily的桌子底下有个蓝色的物品。听一听她和Lily的对话，选出与对话相符的图片。<\\/p>,<p>Lily在询问Lucy桌上的物品。听一听，判断下列图片与她们的对话是否相符。<\\/p>,<p>Lily和妈妈在书房整理东西，她们会说些什么呢？听一听，给Lily选择恰当的答语。<\\/p>,<p>Lily在询问Lucy桌上的物品。听一听，判断下列图片与她们的对话是否相符。<\\/p>,<p>Lucy看到Lily脚下踩到了一些物品。听一听她和Lily的对话，选出与对话相符的图片。<\\/p>,<p>Lily在Lucy家写作业时发现自己少带了学习用品。听一听，判断下列图片与她们的对话是否相符。<\\/p>,<p>Lily让妈妈闭上眼睛尝她买的水果，并猜一猜是什么。听一听，给妈妈选择恰当的答语。<\\/p>,<p>Lily准备出去买东西，她会和妈妈说什么呢？听一听，给妈妈选择恰当的答语。<\\/p>,<p>Lily在描述自己的物品。听一听，按照Lily的描述给下面的句子排序。<\\/p>\", \"单元名称\" : \"Unit 3 Learning better\", \"设置的题目数量\" : 5, \"级别\" : \"难点突破\", \"学科\" : \"英语\", \"对应端类型\" : \"通用\"}"
"{\"年级\" : \"七年级\", \"关联题目数量\" : 1, \"版本\" : \"\", \"册\" : \"上册\", \"题干集合\" : \"\", \"单元名称\" : \"Unit 2 We're Family!\", \"设置的题目数量\" : 1, \"级别\" : \"听独白选答案\", \"学科\" : \"英语\", \"对应端类型\" : \"通用\"}"
"{\"年级\" : \"四年级\", \"关联题目数量\" : \"\", \"版本\" : \"湘鲁版\", \"册\" : \"下册\", \"题干集合\" : \"\", \"单元名称\" : \"期中复习\", \"设置的题目数量\" : 5, \"级别\" : \"基础巩固\", \"学科\" : \"英语\", \"对应端类型\" : \"app\"}"
"{\"年级\" : \"四年级\", \"关联题目数量\" : \"\", \"版本\" : \"人教版（三起）\", \"册\" : \"下册\", \"题干集合\" : \"\", \"单元名称\" : \"期末复习\", \"设置的题目数量\" : 5, \"级别\" : \"综合进阶\", \"学科\" : \"英语\", \"对应端类型\" : \"app\"}"
"{\"年级\" : \"五年级\", \"关联题目数量\" : 10, \"版本\" : \"湘少版\", \"册\" : \"上册\", \"题干集合\" : \",,,,,,,,,\", \"单元名称\" : \"Unit 1 What does she look like?\", \"设置的题目数量\" : 5, \"级别\" : \"综合进阶\", \"学科\" : \"英语\", \"对应端类型\" : \"app\"}"
"{\"年级\" : \"七年级\", \"关联题目数量\" : 1, \"版本\" : \"人教版\", \"册\" : \"下册\", \"题干集合\" : \"<p>1. |space<||>space|<\\/p><p>2. |space<||>space|<\\/p><p>3. |space<||>space|<\\/p><p>4. |space<||>space|<\\/p><p>5. |space<||>space|<\\/p>\", \"单元名称\" : \"Unit 10 I'd like some noodles.\", \"设置的题目数量\" : 1, \"级别\" : \"听短文完成题目\", \"学科\" : \"英语\", \"对应端类型\" : \"通用\"}"
"{\"年级\" : \"四年级\", \"关联题目数量\" : \"\", \"版本\" : \"教科版（2024审定）\", \"册\" : \"下册\", \"题干集合\" : \"\", \"单元名称\" : \"U12\", \"设置的题目数量\" : 5, \"级别\" : \"基础巩固\", \"学科\" : \"英语\", \"对应端类型\" : \"通用\"}"
"{\"年级\" : \"八年级\", \"关联题目数量\" : 1, \"版本\" : \"人教版\", \"册\" : \"上册\", \"题干集合\" : \"<p>1. |space<||>space|<\\/p><p>2. |space<||>space|<\\/p><p>3. |space<||>space|<\\/p><p>4. |space<||>space|<\\/p><p>5. |space<||>space|<\\/p>\", \"单元名称\" : \"Unit 2 How often do you exercise?\", \"设置的题目数量\" : 1, \"级别\" : \"听短文完成题目\", \"学科\" : \"英语\", \"对应端类型\" : \"通用\"}"
"{\"年级\" : \"三年级\", \"关联题目数量\" : 15, \"版本\" : \"人教版（三起）（2024审定）\", \"册\" : \"下册\", \"题干集合\" : \"<p>Peter准备捐赠自己的旧物品。听一听，选出与Peter所说物品相符的图片。<\\/p>,<p>Mike在找他的玩具，他和妈妈会说些什么呢？听一听，选出妈妈所说的句子。<\\/p>,<p>Mike在帮妹妹找玩具。听一听，判断下面句子与他们的说话内容是否相符。<\\/p><p>Is it on the shelf?<\\/p>,<p>Mike在描述自己物品的位置。听一听，判断图片与Mike的描述是否相符。<\\/p>,<p>Jack在参观Mike的房间。听一听，选出Mike所说的句子。<\\/p>,<p>Mike在帮妹妹找玩具。听一听，判断下面句子与他们的说话内容是否相符。<\\/p><p>Yes, it is.<\\/p>,<p>Mike在复习今天所学的内容。听一听，选择与他所说内容相符的翻译。<\\/p>,<p>Andy准备捐赠自己的旧物品。听一听，选出与Andy所说物品相符的图片。<\\/p>,<p>Jack在参观Mike的房间。听一听，选出Jack所说的句子。<\\/p>,<p>Mike准备捐赠自己的旧物品。听一听，选出与Mike所说物品相符的图片。<\\/p>,<p>Mike在找他的玩具，他和妈妈会说些什么呢？听一听，选出Mike所说的句子。<\\/p>,<p>Mike在帮妹妹找玩具。听一听，判断下面句子与他们的说话内容是否相符。<\\/p><p>It's under the box.<\\/p>,<p>Mike在描述自己物品的位置。听一听，判断图片与Mike的描述是否相符。<\\/p>,<p>Mike在描述自己物品的位置。听一听，判断图片与Mike的描述是否相符。<\\/p>,<p>Mike在复习今天所学的内容。听一听，选择与他所说内容相符的翻译。<\\/p>\", \"单元名称\" : \"Unit 5 Old toys\", \"设置的题目数量\" : 5, \"级别\" : \"综合进阶\", \"学科\" : \"英语\", \"对应端类型\" : \"通用\"}"
"{\"年级\" : \"四年级\", \"关联题目数量\" : \"\", \"版本\" : \"人教版（三起）\", \"册\" : \"上册\", \"题干集合\" : \"\", \"单元名称\" : \"U11\", \"设置的题目数量\" : 5, \"级别\" : \"基础巩固\", \"学科\" : \"英语\", \"对应端类型\" : \"app\"}"
"{\"年级\" : \"八年级\", \"关联题目数量\" : 1, \"版本\" : \"人教版\", \"册\" : \"下册\", \"题干集合\" : \"<p>1. |space<||>space|<\\/p><p>2. |space<||>space|<\\/p><p>3. |space<||>space|<\\/p><p>4. |space<||>space|<\\/p><p>5. |space<||>space|<\\/p>\", \"单元名称\" : \"Unit 9 Have you ever been to a museum?\", \"设置的题目数量\" : 1, \"级别\" : \"听短文完成题目\", \"学科\" : \"英语\", \"对应端类型\" : \"通用\"}"
"{\"年级\" : \"四年级\", \"关联题目数量\" : \"\", \"版本\" : \"\", \"册\" : \"下册\", \"题干集合\" : \"\", \"单元名称\" : \"Units 7-9 测试卷\", \"设置的题目数量\" : 5, \"级别\" : \"难点突破\", \"学科\" : \"英语\", \"对应端类型\" : \"通用\"}"
"{\"年级\" : \"四年级\", \"关联题目数量\" : 15, \"版本\" : \"\", \"册\" : \"上册\", \"题干集合\" : \"<p>Sarah在描述今天的天气。听一听，把她的描述翻译成中文吧！<\\/p>,<p>校园广播里正在播报全国各地的天气。听一听，图中天气与播报的相符吗？<\\/p>,<p>校园广播里正在播报全国各地的天气。听一听，图中天气与播报的相符吗？<\\/p>,<p>Bob在日记中记录自己对天气的喜恶。听一听，句子与他的记录一致吗？<\\/p><p>I don't like windy days.<\\/p>,<p>Jack在给爷爷打电话了解天气。听一听，他和爷爷说了什么呢？<\\/p>,<p>校园广播里正在播报全国各地的天气。听一听，图中天气与播报的相符吗？<\\/p>,<p>Sarah在描述今天的天气。听一听，把她的描述翻译成中文吧！<\\/p><p><br><\\/p>,<p>Jack在给爷爷打电话了解天气。听一听，他和爷爷说了什么呢？<\\/p>,<p>Mike在分享自己不喜欢的天气。听一听，他不喜欢什么天气呢？<\\/p>,<p>Jack在分享自己喜欢的天气。听一听，他喜欢什么天气呢？<\\/p>,<p>Tom在分享自己不喜欢的天气。听一听，他不喜欢什么天气呢？<\\/p>,<p>校园广播里正在播报全国各地的天气。听一听，图中天气与播报的相符吗？<\\/p>,<p>Jack在给爷爷打电话了解天气。听一听，他和爷爷说了什么呢？<\\/p>,<p>Bob在日记中记录自己对天气的喜恶。听一听，句子与他的记录一致吗？<\\/p><p>I don't like snowy days.<\\/p>,<p>Andy在分享自己喜欢的天气。听一听，他喜欢什么天气呢？<\\/p>\", \"单元名称\" : \"Unit 7 What's the weather like?\", \"设置的题目数量\" : 5, \"级别\" : \"综合进阶\", \"学科\" : \"英语\", \"对应端类型\" : \"通用\"}"
"{\"年级\" : \"六年级\", \"关联题目数量\" : \"\", \"版本\" : \"人教版（三起）\", \"册\" : \"上册\", \"题干集合\" : \"\", \"单元名称\" : \"期中复习\", \"设置的题目数量\" : 5, \"级别\" : \"综合进阶\", \"学科\" : \"英语\", \"对应端类型\" : \"app\"}"
"{\"年级\" : \"七年级\", \"关联题目数量\" : 5, \"版本\" : \"\", \"册\" : \"上册\", \"题干集合\" : \"<p>What are those plants?<\\/p>,<p>How many apple trees does the man have?<\\/p>,<p>What's the girl's name?<\\/p>,<p>How is Tom?<\\/p>,<p>What's the boy's last name?<\\/p>\", \"单元名称\" : \"Starter Units\", \"设置的题目数量\" : 5, \"级别\" : \"听短对话选答案\", \"学科\" : \"英语\", \"对应端类型\" : \"通用\"}"
"{\"年级\" : \"六年级\", \"关联题目数量\" : 10, \"版本\" : \"湘少版\", \"册\" : \"上册\", \"题干集合\" : \",,NULL,,,,,,NULL,NULL\", \"单元名称\" : \"Unit 1 What did you do during the holidays?\", \"设置的题目数量\" : 5, \"级别\" : \"综合进阶\", \"学科\" : \"英语\", \"对应端类型\" : \"app\"}"
"{\"年级\" : \"六年级\", \"关联题目数量\" : 17, \"版本\" : \"人教版（三起）\", \"册\" : \"上册\", \"题干集合\" : \",,,,,,,,,,,,,,,,\", \"单元名称\" : \"Unit 2 Ways to go to school\", \"设置的题目数量\" : 5, \"级别\" : \"综合进阶\", \"学科\" : \"英语\", \"对应端类型\" : \"app\"}"
"{\"年级\" : \"四年级\", \"关联题目数量\" : \"\", \"版本\" : \"教科版\", \"册\" : \"上册\", \"题干集合\" : \"\", \"单元名称\" : \"Unit 6 How many classrooms are there in your school?\", \"设置的题目数量\" : 5, \"级别\" : \"综合进阶\", \"学科\" : \"英语\", \"对应端类型\" : \"通用\"}"
"{\"年级\" : \"三年级\", \"关联题目数量\" : \"\", \"版本\" : \"\", \"册\" : \"上册\", \"题干集合\" : \"\", \"单元名称\" : \"期末复习\", \"设置的题目数量\" : 5, \"级别\" : \"综合进阶\", \"学科\" : \"英语\", \"对应端类型\" : \"通用\"}"
"{\"年级\" : \"四年级\", \"关联题目数量\" : 10, \"版本\" : \"\", \"册\" : \"上册\", \"题干集合\" : \"<p>“情绪分享会”上，Jack在做记录员。听一听，他记录对了吗？<\\/p><p>Sarah feels excited and nervous.<\\/p>,<p>运动会后，老师在询问同学们的感受。听一听，他们分别是什么感受呢？<\\/p>,<p>Mary在记录钢琴比赛前后家人和她的对话。听一听，她依次记录了哪些句子呢？<\\/p>,<p>Sandy马上要上台演出了，Lily在陪她聊天。听一听，帮Lily回应Sandy吧！<\\/p>,<p>Linda在询问大家的情绪感受。听一听，Tony的情绪感受是怎样的呢？<\\/p>,<p>Linda在询问Lily现在的情绪感受。听一听，图片是Lily的状态吗？<\\/p>,<p>Linda在询问同学们的情绪感受。听一听，Amy的情绪感受是怎样的呢？<\\/p>,<p>“情绪分享会”上，Jack在做记录员。听一听，他记录对了吗？<\\/p><p>Tom feels tired and hungry.<\\/p>,<p>Linda在询问Anne现在的情绪感受。听一听，图片是Anne的状态吗？<\\/p>,<p>Sandy要参加“国庆汇演”，Lily在和她聊天。听一听，帮Sandy回答Lily吧！<\\/p>\", \"单元名称\" : \"Unit 2 How do you feel?\", \"设置的题目数量\" : 5, \"级别\" : \"难点突破\", \"学科\" : \"英语\", \"对应端类型\" : \"通用\"}"
"{\"年级\" : \"六年级\", \"关联题目数量\" : 9, \"版本\" : \"湘少版\", \"册\" : \"上册\", \"题干集合\" : \"NULL,<p>胃痛<\\/p>,,,NULL,<p>well<\\/p>,,,\", \"单元名称\" : \"Unit 10 I don't feel well today\", \"设置的题目数量\" : 5, \"级别\" : \"基础巩固\", \"学科\" : \"英语\", \"对应端类型\" : \"app\"}"
"{\"年级\" : \"六年级\", \"关联题目数量\" : \"\", \"版本\" : \"湘少版\", \"册\" : \"下册\", \"题干集合\" : \"\", \"单元名称\" : \"U10\", \"设置的题目数量\" : 5, \"级别\" : \"难点突破\", \"学科\" : \"英语\", \"对应端类型\" : \"app\"}"
"{\"年级\" : \"三年级\", \"关联题目数量\" : 15, \"版本\" : \"湘少版（2024审定）\", \"册\" : \"上册\", \"题干集合\" : \",,<p>Put your photos in the box.<\\/p>,,,<p>Who's ____?<\\/p>,<p>She's my ____.<\\/p>,<p>Nice to meet you.<\\/p>,<p>Who's he?<\\/p>,,<p>____ is my sister, Lily.<\\/p>,,,,\", \"单元名称\" : \"Unit 4 This is my family\", \"设置的题目数量\" : 5, \"级别\" : \"综合进阶\", \"学科\" : \"英语\", \"对应端类型\" : \"通用\"}"
"{\"年级\" : \"六年级\", \"关联题目数量\" : \"\", \"版本\" : \"教科版\", \"册\" : \"上册\", \"题干集合\" : \"\", \"单元名称\" : \"Unit 3 Where are you from?\", \"设置的题目数量\" : 5, \"级别\" : \"综合进阶\", \"学科\" : \"英语\", \"对应端类型\" : \"通用\"}"
"{\"年级\" : \"四年级\", \"关联题目数量\" : 10, \"版本\" : \"湘鲁版\", \"册\" : \"下册\", \"题干集合\" : \",,,,,,,,,\", \"单元名称\" : \"Unit 5  What do you do on Saturdays?\", \"设置的题目数量\" : 5, \"级别\" : \"难点突破\", \"学科\" : \"英语\", \"对应端类型\" : \"app\"}"
"{\"年级\" : \"七年级\", \"关联题目数量\" : 1, \"版本\" : \"人教版\", \"册\" : \"下册\", \"题干集合\" : \"\", \"单元名称\" : \"Unit 4 Don't eat in class.\", \"设置的题目数量\" : 1, \"级别\" : \"听独白选答案\", \"学科\" : \"英语\", \"对应端类型\" : \"通用\"}"
"{\"年级\" : \"三年级\", \"关联题目数量\" : \"\", \"版本\" : \"教科版（2024审定）\", \"册\" : \"下册\", \"题干集合\" : \"\", \"单元名称\" : \"U9\", \"设置的题目数量\" : 5, \"级别\" : \"难点突破\", \"学科\" : \"英语\", \"对应端类型\" : \"通用\"}"
"{\"年级\" : \"四年级\", \"关联题目数量\" : \"\", \"版本\" : \"教科版\", \"册\" : \"上册\", \"题干集合\" : \"\", \"单元名称\" : \"Unit 12 What's your father's job?\", \"设置的题目数量\" : 5, \"级别\" : \"难点突破\", \"学科\" : \"英语\", \"对应端类型\" : \"通用\"}"
"{\"年级\" : \"三年级\", \"关联题目数量\" : 10, \"版本\" : \"湘少版\", \"册\" : \"上册\", \"题干集合\" : \"<p>爸爸<\\/p>,,<p>妈妈<\\/p>,<p>弟弟<\\/p>,<p>family<\\/p>,<p>this<\\/p>,<p>姐姐<\\/p>,<p>家庭<\\/p>,<p>six<\\/p>,<p>father<\\/p>\", \"单元名称\" : \"Unit 5 This is my family\", \"设置的题目数量\" : 5, \"级别\" : \"综合进阶\", \"学科\" : \"英语\", \"对应端类型\" : \"app\"}"
"{\"年级\" : \"四年级\", \"关联题目数量\" : \"\", \"版本\" : \"教科版\", \"册\" : \"上册\", \"题干集合\" : \"\", \"单元名称\" : \"Unit 3 Welcome to my house\", \"设置的题目数量\" : 5, \"级别\" : \"综合进阶\", \"学科\" : \"英语\", \"对应端类型\" : \"通用\"}"
"{\"年级\" : \"三年级\", \"关联题目数量\" : 11, \"版本\" : \"湘少版\", \"册\" : \"下册\", \"题干集合\" : \",,,,,,,,,,\", \"单元名称\" : \"Unit 6 How many pens are there?\", \"设置的题目数量\" : 5, \"级别\" : \"综合进阶\", \"学科\" : \"英语\", \"对应端类型\" : \"app\"}"
"{\"年级\" : \"四年级\", \"关联题目数量\" : \"\", \"版本\" : \"教科版\", \"册\" : \"上册\", \"题干集合\" : \"\", \"单元名称\" : \"Unit 10 Can I help you?\", \"设置的题目数量\" : 5, \"级别\" : \"综合进阶\", \"学科\" : \"英语\", \"对应端类型\" : \"通用\"}"
"{\"年级\" : \"四年级\", \"关联题目数量\" : \"\", \"版本\" : \"人教版（三起）（2024审定）\", \"册\" : \"上册\", \"题干集合\" : \"\", \"单元名称\" : \"U7\", \"设置的题目数量\" : 5, \"级别\" : \"综合进阶\", \"学科\" : \"英语\", \"对应端类型\" : \"通用\"}"
"{\"年级\" : \"六年级\", \"关联题目数量\" : \"\", \"版本\" : \"人教版（三起）\", \"册\" : \"上册\", \"题干集合\" : \"\", \"单元名称\" : \"Units 4-6 测试卷\", \"设置的题目数量\" : 5, \"级别\" : \"综合进阶\", \"学科\" : \"英语\", \"对应端类型\" : \"app\"}"
"{\"年级\" : \"四年级\", \"关联题目数量\" : 10, \"版本\" : \"人教版（三起）（2024审定）\", \"册\" : \"下册\", \"题干集合\" : \"<p>Are some farmers feeding the chickens?<\\/p>,,<p>Amy在给同学们远程播报她参观的农场。听一听，她依次提到了哪些景象？<\\/p>,<p>What would John like to use?<\\/p>,<p>Lily在学习餐桌礼仪。听一听，她依次提到了哪些礼仪？<\\/p>,,,,,\", \"单元名称\" : \"Unit 6 On the farm\", \"设置的题目数量\" : 5, \"级别\" : \"难点突破\", \"学科\" : \"英语\", \"对应端类型\" : \"通用\"}"
"{\"年级\" : \"六年级\", \"关联题目数量\" : \"\", \"版本\" : \"教科版\", \"册\" : \"上册\", \"题干集合\" : \"\", \"单元名称\" : \"Unit 8 A trip to Hong Kong\", \"设置的题目数量\" : 5, \"级别\" : \"基础巩固\", \"学科\" : \"英语\", \"对应端类型\" : \"通用\"}"
"{\"年级\" : \"六年级\", \"关联题目数量\" : \"\", \"版本\" : \"湘鲁版\", \"册\" : \"上册\", \"题干集合\" : \"\", \"单元名称\" : \"Units 6-10 测试卷\", \"设置的题目数量\" : 5, \"级别\" : \"综合进阶\", \"学科\" : \"英语\", \"对应端类型\" : \"app\"}"
"{\"年级\" : \"四年级\", \"关联题目数量\" : 10, \"版本\" : \"人教版（三起）（2024审定）\", \"册\" : \"上册\", \"题干集合\" : \"<p>在“关爱家人”主题班会上，老师询问大家能为家人做些什么。听一听，图片与他们做的事情相符吗？<\\/p>,<p>主持人在提问参加“家人的职业”摄影比赛的选手。听一听，他们说的是这幅作品吗？<\\/p>,<p>班会上，同学们在谈论自己的家庭成员。听一听，帮John回答Mike的提问吧！<\\/p>,<p>Tom在记录同学们重阳节给爷爷的惊喜。听一听，Tom记录的是正确的吗？<\\/p><p>Jane makes a gift for her grandpa.<\\/p>,<p>Tom在调查同学们家庭成员的职业。听一听，他的记录与对话内容相符吗？<\\/p><p>Anne's grandma is a teacher.<\\/p>,<p>Mike在询问Linda能为爷爷做些什么。听一听，Linda能做些什么呢？<\\/p>,<p>在“职业启蒙”讲座上，老师在介绍各种职业。听一听，老师介绍的顺序是怎样的呢？<\\/p>,<p>班会上，同学们在谈论自己的家庭成员。听一听，帮John回答Mike的提问吧！<\\/p>,<p>Lily在给自己的日记画插画。听一听，她是按什么顺序画的呢？<\\/p>,<p>Mike在询问Linda家人的职业。听一听，Linda的家人是什么职业呢？<\\/p>\", \"单元名称\" : \"Unit 1 Helping at home\", \"设置的题目数量\" : 5, \"级别\" : \"难点突破\", \"学科\" : \"英语\", \"对应端类型\" : \"通用\"}"
"{\"年级\" : \"三年级\", \"关联题目数量\" : 12, \"版本\" : \"\", \"册\" : \"上册\", \"题干集合\" : \"<p>Nice to |space<||>space| |space<||>space| |space<||>space| |space<||>space| you.<\\/p>,,<p>Good |space<||>space| |space<||>space| |space<||>space| |space<||>space| |space<||>space| |space<||>space| |space<||>space|. <\\/p>,,,<p>Good |space<||>space| |space<||>space| |space<||>space| |space<||>space| |space<||>space| |space<||>space| |space<||>space|.<\\/p>,<p>Good ____.<\\/p>,,,,,\", \"单元名称\" : \"Unit 2 Nice to meet you!\", \"设置的题目数量\" : 5, \"级别\" : \"难点突破\", \"学科\" : \"英语\", \"对应端类型\" : \"通用\"}"
"{\"年级\" : \"五年级\", \"关联题目数量\" : 10, \"版本\" : \"湘鲁版\", \"册\" : \"上册\", \"题干集合\" : \",,,,,,,,,\", \"单元名称\" : \"Unit 7 I want to be a doctor.\", \"设置的题目数量\" : 5, \"级别\" : \"基础巩固\", \"学科\" : \"英语\", \"对应端类型\" : \"app\"}"
"{\"年级\" : \"七年级\", \"关联题目数量\" : 1, \"版本\" : \"\", \"册\" : \"上册\", \"题干集合\" : \"\", \"单元名称\" : \"Unit 7 Happy Birthday!\", \"设置的题目数量\" : 1, \"级别\" : \"听长对话选答案\", \"学科\" : \"英语\", \"对应端类型\" : \"通用\"}"
"{\"年级\" : \"四年级\", \"关联题目数量\" : \"\", \"版本\" : \"人教版（三起）\", \"册\" : \"下册\", \"题干集合\" : \"\", \"单元名称\" : \"U11\", \"设置的题目数量\" : 5, \"级别\" : \"综合进阶\", \"学科\" : \"英语\", \"对应端类型\" : \"app\"}"
"{\"年级\" : \"三年级\", \"关联题目数量\" : 10, \"版本\" : \"湘鲁版\", \"册\" : \"上册\", \"题干集合\" : \",,,<p>（口语）妈妈<\\/p>,,,<p>鸡蛋<\\/p>,,,\", \"单元名称\" : \"Unit 6 How many apples?\", \"设置的题目数量\" : 5, \"级别\" : \"基础巩固\", \"学科\" : \"英语\", \"对应端类型\" : \"app\"}"
"{\"年级\" : \"六年级\", \"关联题目数量\" : 11, \"版本\" : \"湘少版\", \"册\" : \"下册\", \"题干集合\" : \",<p>|space<||>space| |space<||>space| |space<||>space| |space<||>space| |space<||>space|<\\/p>,,,<p>|space<||>space| |space<||>space| |space<||>space| |space<||>space|<\\/p>,,,,<p>|space<||>space| |space<||>space| |space<||>space| |space<||>space| |space<||>space| |space<||>space| |space<||>space|<\\/p>,,\", \"单元名称\" : \"Unit 8 International Children's Day\", \"设置的题目数量\" : 5, \"级别\" : \"综合进阶\", \"学科\" : \"英语\", \"对应端类型\" : \"app\"}"
"{\"年级\" : \"八年级\", \"关联题目数量\" : 1, \"版本\" : \"\", \"册\" : \"上册\", \"题干集合\" : \"\", \"单元名称\" : \"Unit 8 Let's Communicate!\", \"设置的题目数量\" : 1, \"级别\" : \"听独白选答案\", \"学科\" : \"英语\", \"对应端类型\" : \"通用\"}"
"{\"年级\" : \"三年级\", \"关联题目数量\" : \"\", \"版本\" : \"教科版（2024审定）\", \"册\" : \"上册\", \"题干集合\" : \"\", \"单元名称\" : \"期末复习\", \"设置的题目数量\" : 5, \"级别\" : \"基础巩固\", \"学科\" : \"英语\", \"对应端类型\" : \"通用\"}"
"{\"年级\" : \"四年级\", \"关联题目数量\" : \"\", \"版本\" : \"教科版\", \"册\" : \"上册\", \"题干集合\" : \"\", \"单元名称\" : \"Unit 11 I want to be a painter\", \"设置的题目数量\" : 5, \"级别\" : \"基础巩固\", \"学科\" : \"英语\", \"对应端类型\" : \"通用\"}"
"{\"年级\" : \"五年级\", \"关联题目数量\" : \"\", \"版本\" : \"湘少版\", \"册\" : \"上册\", \"题干集合\" : \"\", \"单元名称\" : \"期中复习\", \"设置的题目数量\" : 5, \"级别\" : \"基础巩固\", \"学科\" : \"英语\", \"对应端类型\" : \"app\"}"
"{\"年级\" : \"四年级\", \"关联题目数量\" : 9, \"版本\" : \"\", \"册\" : \"下册\", \"题干集合\" : \",<p>Lucy在给Mary介绍自己的家人。听一听她们的对话，Lucy的姐姐是怎样的呢？<\\/p>,,<p>生日派对上，Sarah看到了一些新面孔。听一听她的提问，并回答她吧！<\\/p>,,<p>课堂上，同学们在评价其他的同学。听一听，他们是怎么评价的呢？<\\/p>,,,\", \"单元名称\" : \"Unit 4 She is a helpful girl\", \"设置的题目数量\" : 10, \"级别\" : \"难点突破\", \"学科\" : \"英语\", \"对应端类型\" : \"通用\"}"
"{\"年级\" : \"五年级\", \"关联题目数量\" : \"\", \"版本\" : \"人教版（三起）\", \"册\" : \"下册\", \"题干集合\" : \"\", \"单元名称\" : \"期末复习\", \"设置的题目数量\" : 5, \"级别\" : \"综合进阶\", \"学科\" : \"英语\", \"对应端类型\" : \"app\"}"
"{\"年级\" : \"四年级\", \"关联题目数量\" : 9, \"版本\" : \"人教版（三起）\", \"册\" : \"上册\", \"题干集合\" : \",<p>I have a new bag.<\\/p>,,,,,<p>I lost my storybook.   <\\/p>,<p>I have three keys in my desk.<\\/p>,\", \"单元名称\" : \"Unit 2 My schoolbag\", \"设置的题目数量\" : 5, \"级别\" : \"难点突破\", \"学科\" : \"英语\", \"对应端类型\" : \"app\"}"
"{\"年级\" : \"四年级\", \"关联题目数量\" : 15, \"版本\" : \"湘少版（2024审定）\", \"册\" : \"上册\", \"题干集合\" : \"<p>Linda家的冰箱里有很多食物。听一听，她要将哪样食物拿出来呢？<\\/p>,<p>Lucy在玩“单词释义对对碰”的游戏。听一听，帮Lucy给单词匹配释义吧！<\\/p>,<p>Jack在记录本周早餐所吃的食物。听一听，图中食物与Jack的记录相符吗？<\\/p>,<p>Jack在记录本周早餐所吃的食物。听一听，图中食物与Jack的记录相符吗？<\\/p>,<p>Linda家的冰箱里有很多食物。听一听，她要将哪样食物拿出来呢？<\\/p>,<p>晚餐时间到了，妈妈把食物摆上桌。听一听，妈妈摆盘的顺序是怎样的呢？<\\/p>,<p>妈妈在制定本周的食谱。听一听，妈妈的食谱里有哪些食物？<\\/p>,<p>妈妈在制定本周的食谱。听一听，妈妈的食谱里有哪些食物？<\\/p>,<p>妈妈在制定本周的食谱。听一听，妈妈的食谱里有哪些食物？<\\/p>,<p>Lucy在玩“单词释义对对碰”的游戏。听一听，帮Lucy给单词匹配释义吧！<\\/p>,<p>Jack在记录本周早餐所吃的食物。听一听，图中食物与Jack的记录相符吗？<\\/p>,<p>Linda家的冰箱里有很多食物。听一听，她要将哪样食物拿出来呢？<\\/p>,<p>英语课上，老师在播放一段英语绕口令。听一听，绕口令中包含下面哪个单词？<\\/p>,<p>英语课上，老师在播放一段英语绕口令。听一听，绕口令中包含下面哪个单词？<\\/p>,<p>妈妈在制定本周的食谱。听一听，妈妈的食谱里有哪些食物？<\\/p>\", \"单元名称\" : \"Unit 3 I like dumplings\", \"设置的题目数量\" : 5, \"级别\" : \"基础巩固\", \"学科\" : \"英语\", \"对应端类型\" : \"通用\"}"
"{\"年级\" : \"三年级\", \"关联题目数量\" : \"\", \"版本\" : \"湘鲁版\", \"册\" : \"上册\", \"题干集合\" : \"\", \"单元名称\" : \"期末复习\", \"设置的题目数量\" : 5, \"级别\" : \"基础巩固\", \"学科\" : \"英语\", \"对应端类型\" : \"app\"}"
"{\"年级\" : \"七年级\", \"关联题目数量\" : 1, \"版本\" : \"人教版\", \"册\" : \"下册\", \"题干集合\" : \"<p>1.|space<||>space|<\\/p><p>2.|space<||>space|<\\/p><p>3.|space<||>space|<\\/p><p>4.|space<||>space|<\\/p><p>5.|space<||>space|<\\/p>\", \"单元名称\" : \"Unit 4 Don't eat in class.\", \"设置的题目数量\" : 1, \"级别\" : \"听短文完成题目\", \"学科\" : \"英语\", \"对应端类型\" : \"通用\"}"
"{\"年级\" : \"三年级\", \"关联题目数量\" : \"\", \"版本\" : \"人教版（三起）（2024审定）\", \"册\" : \"下册\", \"题干集合\" : \"\", \"单元名称\" : \"U7\", \"设置的题目数量\" : 5, \"级别\" : \"基础巩固\", \"学科\" : \"英语\", \"对应端类型\" : \"通用\"}"
"{\"年级\" : \"四年级\", \"关联题目数量\" : \"\", \"版本\" : \"湘少版（2024审定）\", \"册\" : \"下册\", \"题干集合\" : \"\", \"单元名称\" : \"期末复习\", \"设置的题目数量\" : 5, \"级别\" : \"综合进阶\", \"学科\" : \"英语\", \"对应端类型\" : \"通用\"}"
"{\"年级\" : \"八年级\", \"关联题目数量\" : 5, \"版本\" : \"人教版\", \"册\" : \"上册\", \"题干集合\" : \"<p>Where does Helen work?<\\/p>,<p>What are the two speakers going to do next Sunday?<\\/p>,<p>How is Jack going to be a computer programmer?<\\/p>,<p>When will Mr. Smith travel to China?<\\/p>,<p>What does the boy want to be when he grows up?<\\/p>\", \"单元名称\" : \"Unit 6 I'm going to study computer science.\", \"设置的题目数量\" : 5, \"级别\" : \"听短对话选答案\", \"学科\" : \"英语\", \"对应端类型\" : \"通用\"}"
"{\"年级\" : \"五年级\", \"关联题目数量\" : \"\", \"版本\" : \"人教版（三起）\", \"册\" : \"下册\", \"题干集合\" : \"\", \"单元名称\" : \"U9\", \"设置的题目数量\" : 5, \"级别\" : \"难点突破\", \"学科\" : \"英语\", \"对应端类型\" : \"app\"}"
"{\"年级\" : \"三年级\", \"关联题目数量\" : \"\", \"版本\" : \"\", \"册\" : \"下册\", \"题干集合\" : \"\", \"单元名称\" : \"期末复习\", \"设置的题目数量\" : 5, \"级别\" : \"综合进阶\", \"学科\" : \"英语\", \"对应端类型\" : \"通用\"}"
"{\"年级\" : \"四年级\", \"关联题目数量\" : 5, \"版本\" : \"湘少版\", \"册\" : \"下册\", \"题干集合\" : \",,,,\", \"单元名称\" : \"期末复习\", \"设置的题目数量\" : 5, \"级别\" : \"难点突破\", \"学科\" : \"英语\", \"对应端类型\" : \"app\"}"
"{\"年级\" : \"六年级\", \"关联题目数量\" : \"\", \"版本\" : \"教科版\", \"册\" : \"上册\", \"题干集合\" : \"\", \"单元名称\" : \"期中复习\", \"设置的题目数量\" : 5, \"级别\" : \"综合进阶\", \"学科\" : \"英语\", \"对应端类型\" : \"通用\"}"
"{\"年级\" : \"三年级\", \"关联题目数量\" : 9, \"版本\" : \"湘鲁版\", \"册\" : \"上册\", \"题干集合\" : \",,,,<p>How are you?<\\/p>,,,<p>That is for you.<\\/p>,<p>Look at my cake.<\\/p>\", \"单元名称\" : \"Unit 7 How old are you?\", \"设置的题目数量\" : 5, \"级别\" : \"难点突破\", \"学科\" : \"英语\", \"对应端类型\" : \"app\"}"
"{\"年级\" : \"五年级\", \"关联题目数量\" : 11, \"版本\" : \"湘少版\", \"册\" : \"上册\", \"题干集合\" : \",,,<p>|space<||>space| |space<||>space|<\\/p>,<p>努力地<\\/p>,,,,,,<p>|space<||>space| |space<||>space| |space<||>space| |space<||>space| |space<||>space| |space<||>space| |space<||>space| |space<||>space| |space<||>space|<\\/p>\", \"单元名称\" : \"Unit 7 What time do you get up?\", \"设置的题目数量\" : 5, \"级别\" : \"难点突破\", \"学科\" : \"英语\", \"对应端类型\" : \"app\"}"
"{\"年级\" : \"六年级\", \"关联题目数量\" : \"\", \"版本\" : \"教科版\", \"册\" : \"上册\", \"题干集合\" : \"\", \"单元名称\" : \"Unit 7 What did you do yesterday?\", \"设置的题目数量\" : 5, \"级别\" : \"基础巩固\", \"学科\" : \"英语\", \"对应端类型\" : \"通用\"}"
"{\"年级\" : \"三年级\", \"关联题目数量\" : 15, \"版本\" : \"湘少版（2024审定）\", \"册\" : \"上册\", \"题干集合\" : \",,,,,<p>It's purple and white.<\\/p>,,,,,,<p>It's green and yellow.<\\/p>,,,\", \"单元名称\" : \"Unit 7 What colour is it?\", \"设置的题目数量\" : 5, \"级别\" : \"综合进阶\", \"学科\" : \"英语\", \"对应端类型\" : \"通用\"}"
"{\"年级\" : \"四年级\", \"关联题目数量\" : 12, \"版本\" : \"湘鲁版\", \"册\" : \"下册\", \"题干集合\" : \",,,,,,,,,,,\", \"单元名称\" : \"Unit 1  What do we need?\", \"设置的题目数量\" : 5, \"级别\" : \"综合进阶\", \"学科\" : \"英语\", \"对应端类型\" : \"app\"}"
"{\"年级\" : \"三年级\", \"关联题目数量\" : 10, \"版本\" : \"人教版（三起）\", \"册\" : \"下册\", \"题干集合\" : \",<p>Where is your toy ____?<\\/p>,,,<p>Read a ____.<\\/p>,<p>Put your foot under your ____.<\\/p>,,<p>Is it ____ the ball?<\\/p>,,\", \"单元名称\" : \"Unit 4 Where is my car?\", \"设置的题目数量\" : 5, \"级别\" : \"难点突破\", \"学科\" : \"英语\", \"对应端类型\" : \"通用\"}"
"{\"年级\" : \"五年级\", \"关联题目数量\" : 9, \"版本\" : \"湘少版\", \"册\" : \"上册\", \"题干集合\" : \",,,,,,,,\", \"单元名称\" : \"Unit 5 Can I have a pet?\", \"设置的题目数量\" : 5, \"级别\" : \"综合进阶\", \"学科\" : \"英语\", \"对应端类型\" : \"app\"}"
"{\"年级\" : \"三年级\", \"关联题目数量\" : 10, \"版本\" : \"人教版（三起）（2024审定）\", \"册\" : \"上册\", \"题干集合\" : \",,<p>The tiger is fast.<\\/p>,,,,,,<p>The cat is cute.<\\/p>,\", \"单元名称\" : \"Unit 3 Our animal friends\", \"设置的题目数量\" : 5, \"级别\" : \"难点突破\", \"学科\" : \"英语\", \"对应端类型\" : \"通用\"}"
"{\"年级\" : \"四年级\", \"关联题目数量\" : \"\", \"版本\" : \"人教版（三起）（2024审定）\", \"册\" : \"下册\", \"题干集合\" : \"\", \"单元名称\" : \"U7\", \"设置的题目数量\" : 5, \"级别\" : \"综合进阶\", \"学科\" : \"英语\", \"对应端类型\" : \"通用\"}"
"{\"年级\" : \"三年级\", \"关联题目数量\" : 11, \"版本\" : \"湘少版\", \"册\" : \"下册\", \"题干集合\" : \"<p>|space<||>space| |space<||>space| |space<||>space| |space<||>space|<\\/p>,<p>What do you ____?<\\/p>,<p>I don't like a ____ day.<\\/p>,<p class=\\\"ql-align-justify\\\">I like a ____ day.<\\/p>,,<p>|space<||>space| |space<||>space| |space<||>space| |space<||>space|<\\/p>,<p>|space<||>space| |space<||>space| |space<||>space| |space<||>space|<\\/p>,<p class=\\\"ql-align-justify\\\">Tim, I'm ____.<\\/p>,,<p class=\\\"ql-align-justify\\\">Do you want some ____?<\\/p>,\", \"单元名称\" : \"Unit 8 I like a sunny day\", \"设置的题目数量\" : 5, \"级别\" : \"难点突破\", \"学科\" : \"英语\", \"对应端类型\" : \"app\"}"
"{\"年级\" : \"三年级\", \"关联题目数量\" : \"\", \"版本\" : \"人教版（三起）（2024审定）\", \"册\" : \"下册\", \"题干集合\" : \"\", \"单元名称\" : \"U9\", \"设置的题目数量\" : 5, \"级别\" : \"综合进阶\", \"学科\" : \"英语\", \"对应端类型\" : \"通用\"}"
"{\"年级\" : \"四年级\", \"关联题目数量\" : \"\", \"版本\" : \"\", \"册\" : \"上册\", \"题干集合\" : \"\", \"单元名称\" : \"Units 7-9 测试卷\", \"设置的题目数量\" : 5, \"级别\" : \"综合进阶\", \"学科\" : \"英语\", \"对应端类型\" : \"通用\"}"
"{\"年级\" : \"三年级\", \"关联题目数量\" : \"\", \"版本\" : \"湘鲁版\", \"册\" : \"下册\", \"题干集合\" : \"\", \"单元名称\" : \"期末复习\", \"设置的题目数量\" : 5, \"级别\" : \"综合进阶\", \"学科\" : \"英语\", \"对应端类型\" : \"app\"}"
"{\"年级\" : \"六年级\", \"关联题目数量\" : \"\", \"版本\" : \"湘鲁版\", \"册\" : \"上册\", \"题干集合\" : \"\", \"单元名称\" : \"期中复习\", \"设置的题目数量\" : 5, \"级别\" : \"难点突破\", \"学科\" : \"英语\", \"对应端类型\" : \"app\"}"
"{\"年级\" : \"四年级\", \"关联题目数量\" : 10, \"版本\" : \"湘少版（2024审定）\", \"册\" : \"下册\", \"题干集合\" : \",,<p>What does the boy do in the evening?<\\/p>,,<p>Which is TRUE (正确的)?<\\/p>,<p>Mum|space<||>space|<\\/p><p>Jackson|space<||>space|<\\/p><p>Dad|space<||>space|<\\/p><p>Jim|space<||>space|<\\/p><p>Jenny|space<||>space|<\\/p>,,<p>Mark正在介绍他的爸爸。听一听，他介绍的顺序是怎样的？<\\/p>,,\", \"单元名称\" : \"Unit 5 She helps students\", \"设置的题目数量\" : 5, \"级别\" : \"难点突破\", \"学科\" : \"英语\", \"对应端类型\" : \"通用\"}"
"{\"年级\" : \"六年级\", \"关联题目数量\" : \"\", \"版本\" : \"教科版\", \"册\" : \"上册\", \"题干集合\" : \"\", \"单元名称\" : \"Unit 4 I like the city very much\", \"设置的题目数量\" : 5, \"级别\" : \"基础巩固\", \"学科\" : \"英语\", \"对应端类型\" : \"通用\"}"
"{\"年级\" : \"六年级\", \"关联题目数量\" : \"\", \"版本\" : \"人教版（三起）\", \"册\" : \"下册\", \"题干集合\" : \"\", \"单元名称\" : \"U11\", \"设置的题目数量\" : 5, \"级别\" : \"综合进阶\", \"学科\" : \"英语\", \"对应端类型\" : \"通用\"}"
"{\"年级\" : \"四年级\", \"关联题目数量\" : 10, \"版本\" : \"人教版（三起）\", \"册\" : \"下册\", \"题干集合\" : \",,,,,,,,,\", \"单元名称\" : \"Unit 4 At the farm\", \"设置的题目数量\" : 5, \"级别\" : \"难点突破\", \"学科\" : \"英语\", \"对应端类型\" : \"app\"}"
"{\"年级\" : \"三年级\", \"关联题目数量\" : \"\", \"版本\" : \"湘少版（2024审定）\", \"册\" : \"下册\", \"题干集合\" : \"\", \"单元名称\" : \"U12\", \"设置的题目数量\" : 5, \"级别\" : \"综合进阶\", \"学科\" : \"英语\", \"对应端类型\" : \"通用\"}"
"{\"年级\" : \"八年级\", \"关联题目数量\" : 1, \"版本\" : \"人教版\", \"册\" : \"上册\", \"题干集合\" : \"\", \"单元名称\" : \"Unit 1 Where did you go on vacation?\", \"设置的题目数量\" : 1, \"级别\" : \"听独白选答案\", \"学科\" : \"英语\", \"对应端类型\" : \"通用\"}"
"{\"年级\" : \"五年级\", \"关联题目数量\" : 22, \"版本\" : \"湘少版\", \"册\" : \"上册\", \"题干集合\" : \",,,<p>young<\\/p>,,,<p>Mr<\\/p>,,<p>year<\\/p>,<p>round<\\/p>,,,,,,,,,,,,\", \"单元名称\" : \"Unit 1 What does she look like?\", \"设置的题目数量\" : 5, \"级别\" : \"基础巩固\", \"学科\" : \"英语\", \"对应端类型\" : \"app\"}"
"{\"年级\" : \"三年级\", \"关联题目数量\" : 10, \"版本\" : \"教科版（2024审定）\", \"册\" : \"下册\", \"题干集合\" : \"<p>Peter在记录自己的日常活动。听一听，选出Peter所说的句子。<\\/p>,<p>Peter在记录自己的日常活动。听一听，选出Peter所说的句子。<\\/p>,<p>Peter在记录自己的日常活动。听一听，选出Peter所说的句子。<\\/p>,<p>星期六的早晨Linda家发生了哪些事情？听一听，判断图片与Linda的陈述是否相符。<\\/p>,<p>Anna在帮助妹妹养成良好的卫生习惯。听一听，选出与Anna所说内容相符的图片。<\\/p>,<p>星期六的早晨Linda家发生了哪些事情？听一听，判断图片与Linda的陈述是否相符。<\\/p>,<p>Peter在记录自己的日常活动。听一听，选出Peter所说的句子。<\\/p>,<p>星期六的早晨Linda家发生了哪些事情？听一听，判断图片与Linda的陈述是否相符。<\\/p>,<p> Anna在帮助妹妹养成良好的卫生习惯。听一听，选出与Anna所说内容相符的图片。<\\/p>,<p>Anna在帮助妹妹养成良好的卫生习惯。听一听，选出与Anna所说内容相符的图片。<\\/p>\", \"单元名称\" : \"Unit 1 Get Up\", \"设置的题目数量\" : 5, \"级别\" : \"综合进阶\", \"学科\" : \"英语\", \"对应端类型\" : \"通用\"}"
"{\"年级\" : \"六年级\", \"关联题目数量\" : 10, \"版本\" : \"湘少版\", \"册\" : \"上册\", \"题干集合\" : \"<p>dec|space<||>space|de<\\/p>,<p>沙子 <\\/p>,<p>圆的<\\/p>,<p>cl|space<||>space| |space<||>space|<\\/p>,<p>|space<||>space| |space<||>space| |space<||>space| |space<||>space|<\\/p>,,<p>决定<\\/p>,,<p>比<\\/p>,<p>比<\\/p><p>|space<||>space| |space<||>space| |space<||>space| |space<||>space|<\\/p>\", \"单元名称\" : \"Unit 9 This bird is bigger than the first one\", \"设置的题目数量\" : 5, \"级别\" : \"难点突破\", \"学科\" : \"英语\", \"对应端类型\" : \"app\"}"
"{\"年级\" : \"六年级\", \"关联题目数量\" : 10, \"版本\" : \"湘鲁版\", \"册\" : \"下册\", \"题干集合\" : \",,,,,,,,,\", \"单元名称\" : \"Unit 6  I danced on Children's Day last year.\", \"设置的题目数量\" : 5, \"级别\" : \"基础巩固\", \"学科\" : \"英语\", \"对应端类型\" : \"app\"}"
"{\"年级\" : \"三年级\", \"关联题目数量\" : 15, \"版本\" : \"\", \"册\" : \"上册\", \"题干集合\" : \",,<p>d|space<||>space|ct|space<||>space|r<\\/p>,,,,,,,,,,,,\", \"单元名称\" : \"Unit 5 He is a cook\", \"设置的题目数量\" : 5, \"级别\" : \"基础巩固\", \"学科\" : \"英语\", \"对应端类型\" : \"通用\"}"
"{\"年级\" : \"六年级\", \"关联题目数量\" : \"\", \"版本\" : \"教科版\", \"册\" : \"上册\", \"题干集合\" : \"\", \"单元名称\" : \"Unit 4 I like the city very much\", \"设置的题目数量\" : 5, \"级别\" : \"综合进阶\", \"学科\" : \"英语\", \"对应端类型\" : \"通用\"}"
"{\"年级\" : \"四年级\", \"关联题目数量\" : 7, \"版本\" : \"人教版（三起）\", \"册\" : \"上册\", \"题干集合\" : \",,,,,,\", \"单元名称\" : \"Unit 6 Meet my family!\", \"设置的题目数量\" : 5, \"级别\" : \"难点突破\", \"学科\" : \"英语\", \"对应端类型\" : \"app\"}"
"{\"年级\" : \"四年级\", \"关联题目数量\" : 15, \"版本\" : \"湘少版（2024审定）\", \"册\" : \"上册\", \"题干集合\" : \"<p>周末，爸爸妈妈带Peter去动物园，导游在介绍动物。听一听，导游现在介绍的是哪种动物？<\\/p>,<p>Mary在教妹妹认识动物。听一听，妹妹把动物认对了吗？<\\/p>,<p>Mary在英语绘本上看到一段绕口令。听一听，绕口令中包含下面哪个单词？<\\/p>,<p>在动物世界的知识考试中，小动物们在听单词选择中文释义！快来加入他们吧！<\\/p>,<p>Mary在英语绘本上看到一段绕口令。听一听，绕口令中包含下面哪个单词？<\\/p>,<p>课间，同学们在玩“猜猜他\\/她是谁？”的游戏。听一听，同学们描述了哪些特征？<\\/p>,<p>课间，同学们在玩“猜猜他\\/她是谁？”的游戏。听一听，同学们描述了哪些特征？<\\/p>,<p>周末，爸爸妈妈带Peter去动物园，导游在介绍动物。听一听，导游现在介绍的是哪种动物？<\\/p>,<p>课间，同学们在玩“猜猜他\\/她是谁？”的游戏。听一听，同学们描述了哪些特征？<\\/p>,<p>Mary在教妹妹认识动物。听一听，妹妹把动物认对了吗？<\\/p>,<p>课间，同学们在玩“猜猜他\\/她是谁？”的游戏。听一听，同学们描述了哪些特征？<\\/p>,<p>周末，爸爸妈妈带Peter去动物园，导游在介绍动物。听一听，导游现在介绍的是哪种动物？<\\/p>,<p>在动物世界的知识考试中，小动物们在听单词选择中文释义！快来加入他们吧！<\\/p>,<p>Mary在教妹妹认识动物。听一听，妹妹把动物认对了吗？<\\/p>,<p>课间，同学们在玩“猜猜他\\/她是谁？”的游戏。听一听，同学们描述了哪些特征？<\\/p>\", \"单元名称\" : \"Unit 4 Look at the elephant\", \"设置的题目数量\" : 5, \"级别\" : \"基础巩固\", \"学科\" : \"英语\", \"对应端类型\" : \"通用\"}"
"{\"年级\" : \"三年级\", \"关联题目数量\" : \"\", \"版本\" : \"教科版（2024审定）\", \"册\" : \"上册\", \"题干集合\" : \"\", \"单元名称\" : \"U9\", \"设置的题目数量\" : 5, \"级别\" : \"基础巩固\", \"学科\" : \"英语\", \"对应端类型\" : \"通用\"}"
"{\"年级\" : \"三年级\", \"关联题目数量\" : \"\", \"版本\" : \"教科版（2024审定）\", \"册\" : \"上册\", \"题干集合\" : \"\", \"单元名称\" : \"U9\", \"设置的题目数量\" : 5, \"级别\" : \"综合进阶\", \"学科\" : \"英语\", \"对应端类型\" : \"通用\"}"
"{\"年级\" : \"四年级\", \"关联题目数量\" : \"\", \"版本\" : \"人教版（三起）（2024审定）\", \"册\" : \"下册\", \"题干集合\" : \"\", \"单元名称\" : \"Units 5-6 测试卷\", \"设置的题目数量\" : 5, \"级别\" : \"综合进阶\", \"学科\" : \"英语\", \"对应端类型\" : \"通用\"}"
"{\"年级\" : \"五年级\", \"关联题目数量\" : 11, \"版本\" : \"湘少版\", \"册\" : \"下册\", \"题干集合\" : \"<p>|space<||>space| |space<||>space| |space<||>space| |space<||>space|<\\/p>,,,,,,,,<p>|space<||>space| |space<||>space| |space<||>space| |space<||>space|<\\/p>,,\", \"单元名称\" : \"Unit 10 Where were you yesterday？\", \"设置的题目数量\" : 5, \"级别\" : \"难点突破\", \"学科\" : \"英语\", \"对应端类型\" : \"app\"}"
"{\"年级\" : \"三年级\", \"关联题目数量\" : \"\", \"版本\" : \"人教版（三起）（2024审定）\", \"册\" : \"上册\", \"题干集合\" : \"\", \"单元名称\" : \"Units 4-6 测试卷（A）\", \"设置的题目数量\" : 5, \"级别\" : \"综合进阶\", \"学科\" : \"英语\", \"对应端类型\" : \"通用\"}"
"{\"年级\" : \"三年级\", \"关联题目数量\" : 10, \"版本\" : \"教科版（2024审定）\", \"册\" : \"上册\", \"题干集合\" : \"<p>学校来了新老师。听一听，选择与所听内容相符的图片。<\\/p>,<p>新同学正在介绍自己。听录音，选择正确的名字补全对话。<\\/p><p>— Good morning. My name is |space<||>space|. You can call me |space<||>space|.<\\/p><p>— Hi! I’m |space<||>space|. “|space<||>space|” is my last name. Just call me |space<||>space|.<\\/p>,<p>新同学想和你认识。你该如何正确回应呢？听录音，选出合适的答语。<\\/p>,<p>班上来了新同学。听一听，选择与所听内容相符的图片。<\\/p>,<p>班上来了新同学。听录音，选择与所听内容相符的图片。<\\/p>,<p>班上来了新同学。听一听，选择与所听内容相符的图片。<\\/p>,<p>新同学想和你认识。你该如何正确回应呢？听录音，选出合适的答语。<\\/p>,<p>班上来了四位新老师，他们正在自我介绍。听一听，按照听到的顺序给句子排序。<\\/p>,<p>新同学想和你认识。你该如何正确回应呢？听录音，选出合适的答语。<\\/p>,<p>新同学想和你认识。你该如何正确回应呢？听录音，选出合适的答语。<\\/p>\", \"单元名称\" : \"Unit 3 Who's Who?\", \"设置的题目数量\" : 5, \"级别\" : \"难点突破\", \"学科\" : \"英语\", \"对应端类型\" : \"通用\"}"
"{\"年级\" : \"三年级\", \"关联题目数量\" : \"\", \"版本\" : \"教科版（2024审定）\", \"册\" : \"下册\", \"题干集合\" : \"\", \"单元名称\" : \"U12\", \"设置的题目数量\" : 5, \"级别\" : \"基础巩固\", \"学科\" : \"英语\", \"对应端类型\" : \"通用\"}"
"{\"年级\" : \"三年级\", \"关联题目数量\" : 10, \"版本\" : \"湘鲁版\", \"册\" : \"下册\", \"题干集合\" : \",,,,<p><span style=\\\"color: rgb(24, 43, 80);\\\">afternoon<\\/span><\\/p>,,<p>友好的<\\/p>,<p>Mr<\\/p>,<p>绿色的<\\/p>,\", \"单元名称\" : \"Unit 2  She is a new pupil.\", \"设置的题目数量\" : 5, \"级别\" : \"基础巩固\", \"学科\" : \"英语\", \"对应端类型\" : \"app\"}"
"{\"年级\" : \"四年级\", \"关联题目数量\" : 10, \"版本\" : \"人教版（三起）\", \"册\" : \"上册\", \"题干集合\" : \",<p>篮球运动员<\\/p>,<p>厨师<\\/p>,,<p>小狗<\\/p>,,,,,\", \"单元名称\" : \"Unit 6 Meet my family!\", \"设置的题目数量\" : 5, \"级别\" : \"基础巩固\", \"学科\" : \"英语\", \"对应端类型\" : \"app\"}"
"{\"年级\" : \"五年级\", \"关联题目数量\" : 21, \"版本\" : \"人教版（三起）\", \"册\" : \"上册\", \"题干集合\" : \",,<p>thirsty<\\/p>,,,,,,<p>teeth<\\/p>,,<p>汉堡包<\\/p>,,<p>面包<\\/p>,<p>酸的 <\\/p>,,,,,,,<p>food<\\/p>\", \"单元名称\" : \"Unit 3 What would you like?\", \"设置的题目数量\" : 5, \"级别\" : \"基础巩固\", \"学科\" : \"英语\", \"对应端类型\" : \"app\"}"
"{\"年级\" : \"三年级\", \"关联题目数量\" : 10, \"版本\" : \"教科版（2024审定）\", \"册\" : \"上册\", \"题干集合\" : \"<p>班上来了两个外国小朋友。听一听，选出所听名字的首字母。<\\/p>,<p>同学们正在朗读单词。听一听，选出你所听到的词汇。<\\/p>,<p>Mulan给老师们画了肖像画。听一听，判断所听内容与所给图片是否相符。相符的选“T”，不相符的选“F”。<\\/p>,<p>同学们正在朗读单词。听一听，选出你所听到的词汇。<\\/p>,<p>英语课上，同学们正在朗读单词。听一听，选出与所听词汇相符的图片。<\\/p>,<p>英语课上，同学们正在朗读单词。听一听，选出与所听词汇相符的图片。<\\/p>,<p>Mulan给老师们画了肖像画。听一听，判断所听内容与所给图片是否相符。相符的选“T”，不相符的选“F”。<\\/p>,<p>同学们正在朗读单词。听一听，选出你所听到的词汇。<\\/p>,<p>Mulan给老师们画了肖像画。听一听，判断所听内容与所给图片是否相符。相符的选“T”，不相符的选“F”。<\\/p>,<p>班上来了两个外国小朋友。听一听，选出所听名字的首字母。<\\/p>\", \"单元名称\" : \"Unit 3 Who's Who?\", \"设置的题目数量\" : 5, \"级别\" : \"基础巩固\", \"学科\" : \"英语\", \"对应端类型\" : \"通用\"}"
"{\"年级\" : \"七年级\", \"关联题目数量\" : 1, \"版本\" : \"\", \"册\" : \"上册\", \"题干集合\" : \"<p>1.|space<||>space|<\\/p><p>2.|space<||>space|<\\/p><p>3.|space<||>space|<\\/p><p>4.|space<||>space|<\\/p><p>5.|space<||>space|<\\/p>\", \"单元名称\" : \"Starter Units\", \"设置的题目数量\" : 1, \"级别\" : \"听短文完成题目\", \"学科\" : \"英语\", \"对应端类型\" : \"通用\"}"
"{\"年级\" : \"八年级\", \"关联题目数量\" : \"\", \"版本\" : \"\", \"册\" : \"上册\", \"题干集合\" : \"\", \"单元名称\" : \"期中复习\", \"设置的题目数量\" : 5, \"级别\" : \"综合进阶\", \"学科\" : \"英语\", \"对应端类型\" : \"通用\"}"
"{\"年级\" : \"五年级\", \"关联题目数量\" : 10, \"版本\" : \"湘少版\", \"册\" : \"上册\", \"题干集合\" : \",,,,,,,,,\", \"单元名称\" : \"Unit 2 I'd like a hamburger\", \"设置的题目数量\" : 5, \"级别\" : \"综合进阶\", \"学科\" : \"英语\", \"对应端类型\" : \"app\"}"
"{\"年级\" : \"八年级\", \"关联题目数量\" : \"\", \"版本\" : \"\", \"册\" : \"上册\", \"题干集合\" : \"\", \"单元名称\" : \"U9\", \"设置的题目数量\" : 5, \"级别\" : \"基础巩固\", \"学科\" : \"英语\", \"对应端类型\" : \"通用\"}"
"{\"年级\" : \"六年级\", \"关联题目数量\" : \"\", \"版本\" : \"人教版（三起）\", \"册\" : \"上册\", \"题干集合\" : \"\", \"单元名称\" : \"U12\", \"设置的题目数量\" : 5, \"级别\" : \"综合进阶\", \"学科\" : \"英语\", \"对应端类型\" : \"app\"}"
"{\"年级\" : \"六年级\", \"关联题目数量\" : 13, \"版本\" : \"人教版（三起）\", \"册\" : \"下册\", \"题干集合\" : \",,,,,,,,,,,,\", \"单元名称\" : \"Unit 3 Where did you go?\", \"设置的题目数量\" : 5, \"级别\" : \"基础巩固\", \"学科\" : \"英语\", \"对应端类型\" : \"通用\"}"
"{\"年级\" : \"四年级\", \"关联题目数量\" : 10, \"版本\" : \"\", \"册\" : \"下册\", \"题干集合\" : \",,,<p>Lucy去商店买东西。听一听，她要买什么东西呢？<\\/p>,<p>Jerry去商店买东西。听一听，他要买什么东西呢？<\\/p>,<p>Leo和妈妈一起去商店买零食。听一听，他们买的零食要多少钱呢？<\\/p>,,,,\", \"单元名称\" : \"Unit 6 May I help you?\", \"设置的题目数量\" : 10, \"级别\" : \"难点突破\", \"学科\" : \"英语\", \"对应端类型\" : \"通用\"}"
"{\"年级\" : \"四年级\", \"关联题目数量\" : 15, \"版本\" : \"教科版（2024审定）\", \"册\" : \"下册\", \"题干集合\" : \",<p>It's 9:00 a.m. in Sydney.<\\/p>,,<p>What are you doing?<\\/p>,,,<p>What time is it in Beijing?<\\/p>,,,,,,,<p>I'm playing sports.<\\/p>,\", \"单元名称\" : \"Unit 7 Let's Make a Call!\", \"设置的题目数量\" : 5, \"级别\" : \"综合进阶\", \"学科\" : \"英语\", \"对应端类型\" : \"通用\"}"
"{\"年级\" : \"三年级\", \"关联题目数量\" : 11, \"版本\" : \"湘少版\", \"册\" : \"下册\", \"题干集合\" : \",,<p class=\\\"ql-align-justify\\\">day<\\/p>,,<p>clock<\\/p>,<p class=\\\"ql-align-justify\\\">please<\\/p>,,,<p class=\\\"ql-align-justify\\\">twelve<\\/p>,<p class=\\\"ql-align-justify\\\">and<\\/p>,\", \"单元名称\" : \"Unit 5 What time is it？\", \"设置的题目数量\" : 5, \"级别\" : \"基础巩固\", \"学科\" : \"英语\", \"对应端类型\" : \"app\"}"
"{\"年级\" : \"三年级\", \"关联题目数量\" : \"\", \"版本\" : \"人教版（三起）（2024审定）\", \"册\" : \"下册\", \"题干集合\" : \"\", \"单元名称\" : \"期中复习\", \"设置的题目数量\" : 5, \"级别\" : \"综合进阶\", \"学科\" : \"英语\", \"对应端类型\" : \"通用\"}"
"{\"年级\" : \"四年级\", \"关联题目数量\" : \"\", \"版本\" : \"人教版（三起）（2024审定）\", \"册\" : \"上册\", \"题干集合\" : \"\", \"单元名称\" : \"U8\", \"设置的题目数量\" : 5, \"级别\" : \"难点突破\", \"学科\" : \"英语\", \"对应端类型\" : \"通用\"}"
"{\"年级\" : \"四年级\", \"关联题目数量\" : \"\", \"版本\" : \"\", \"册\" : \"上册\", \"题干集合\" : \"\", \"单元名称\" : \"U11\", \"设置的题目数量\" : 5, \"级别\" : \"综合进阶\", \"学科\" : \"英语\", \"对应端类型\" : \"通用\"}"
"{\"年级\" : \"三年级\", \"关联题目数量\" : 10, \"版本\" : \"教科版（2024审定）\", \"册\" : \"上册\", \"题干集合\" : \"<p>|space<||>space| |space<||>space| |space<||>space| |space<||>space| |space<||>space| |space<||>space| |space<||>space| |space<||>space|<\\/p>,<p>老师正在登记同学们的学号。听一听，将学生与对应的学号连起来。<\\/p>,<p>|space<||>space| |space<||>space| |space<||>space| |space<||>space| |space<||>space| |space<||>space| |space<||>space|<\\/p>,<p>Linda正在注册自己的借书卡，她收到了一条验证码（verification code）。听一听，根据Linda和管理员的对话，判断下列信息是否正确。<\\/p><p>Linda gets a verification code (验证码). It's Sd13hg.<\\/p>,<p>|space<||>space| |space<||>space| |space<||>space| |space<||>space| |space<||>space| |space<||>space| |space<||>space| |space<||>space|<\\/p>,<p>|space<||>space| |space<||>space| |space<||>space| |space<||>space| |space<||>space| |space<||>space| |space<||>space| |space<||>space|<\\/p>,<p>Linda正在注册自己的借书卡，需要用到图书馆的Wi-Fi。听一听，根据Linda和管理员的对话，判断下列信息是否正确。 <\\/p><p>The Wi-Fi password of the library is lib135rary.<\\/p>,<p>Tina正在绘制数字标签。听一听，将数字和对应的颜色连起来。<\\/p>,<p>Linda正在注册自己的借书卡。听一听，根据Linda和管理员的对话，判断下列信息是否正确。<\\/p><p>Linda's password is 623254.<\\/p>,<p> Linda正在注册自己的借书卡。听一听，根据Linda和管理员的对话，判断下列信息是否正确。<\\/p><p>Linda's student number is 2403152.<\\/p>\", \"单元名称\" : \"Unit 5 Set a Password\", \"设置的题目数量\" : 5, \"级别\" : \"难点突破\", \"学科\" : \"英语\", \"对应端类型\" : \"通用\"}"
"{\"年级\" : \"三年级\", \"关联题目数量\" : 10, \"版本\" : \"人教版（三起）\", \"册\" : \"下册\", \"题干集合\" : \",,<p>葡萄<\\/p>,<p>水果<\\/p>,,,<p>草莓<\\/p>,<p>苹果<\\/p>,<p>橙子<\\/p>,\", \"单元名称\" : \"Unit 5 Do you like pears?\", \"设置的题目数量\" : 5, \"级别\" : \"基础巩固\", \"学科\" : \"英语\", \"对应端类型\" : \"通用\"}"
"{\"年级\" : \"八年级\", \"关联题目数量\" : 5, \"版本\" : \"人教版\", \"册\" : \"上册\", \"题干集合\" : \"<p>Why does Grace like her art teacher?<\\/p>,<p>Who is the most outgoing?<\\/p>,<p>Whose song does John like better?<\\/p>,<p>What does the woman's new neighbor look like?<\\/p>,<p>What is Alex good at?<\\/p>\", \"单元名称\" : \"Unit 3 I'm more outgoing than my sister.\", \"设置的题目数量\" : 5, \"级别\" : \"听短对话选答案\", \"学科\" : \"英语\", \"对应端类型\" : \"通用\"}"
"{\"年级\" : \"三年级\", \"关联题目数量\" : 10, \"版本\" : \"人教版（三起）\", \"册\" : \"上册\", \"题干集合\" : \",,,,,,,,,\", \"单元名称\" : \"Unit 5 Let's eat!\", \"设置的题目数量\" : 5, \"级别\" : \"难点突破\", \"学科\" : \"英语\", \"对应端类型\" : \"app\"}"
"{\"年级\" : \"三年级\", \"关联题目数量\" : \"\", \"版本\" : \"湘少版\", \"册\" : \"下册\", \"题干集合\" : \"\", \"单元名称\" : \"期中复习\", \"设置的题目数量\" : 5, \"级别\" : \"难点突破\", \"学科\" : \"英语\", \"对应端类型\" : \"app\"}"
"{\"年级\" : \"五年级\", \"关联题目数量\" : 20, \"版本\" : \"湘少版\", \"册\" : \"上册\", \"题干集合\" : \",,,<p>drink<\\/p>,<p>面包<\\/p>,,,,,,,,<p>food<\\/p>,,,,,,<p>a box of<\\/p>,\", \"单元名称\" : \"Unit 2 I'd like a hamburger\", \"设置的题目数量\" : 5, \"级别\" : \"基础巩固\", \"学科\" : \"英语\", \"对应端类型\" : \"app\"}"
"{\"年级\" : \"六年级\", \"关联题目数量\" : \"\", \"版本\" : \"教科版\", \"册\" : \"上册\", \"题干集合\" : \"\", \"单元名称\" : \"Unit 5 What's the matter with you?\", \"设置的题目数量\" : 5, \"级别\" : \"难点突破\", \"学科\" : \"英语\", \"对应端类型\" : \"通用\"}"
"{\"年级\" : \"四年级\", \"关联题目数量\" : \"\", \"版本\" : \"教科版（2024审定）\", \"册\" : \"上册\", \"题干集合\" : \"\", \"单元名称\" : \"期中复习\", \"设置的题目数量\" : 5, \"级别\" : \"综合进阶\", \"学科\" : \"英语\", \"对应端类型\" : \"通用\"}"
"{\"年级\" : \"三年级\", \"关联题目数量\" : \"\", \"版本\" : \"人教版（三起）（2024审定）\", \"册\" : \"上册\", \"题干集合\" : \"\", \"单元名称\" : \"U7\", \"设置的题目数量\" : 5, \"级别\" : \"基础巩固\", \"学科\" : \"英语\", \"对应端类型\" : \"通用\"}"
"{\"年级\" : \"六年级\", \"关联题目数量\" : 14, \"版本\" : \"湘鲁版\", \"册\" : \"上册\", \"题干集合\" : \"<p>蛇<\\/p>,<p>may<\\/p>,,,<p>小狗<\\/p>,,<p>ball<\\/p>,<p>balloon <\\/p>,,<p>嘲笑<\\/p>,,,<p>气球<\\/p>,<p>但是<\\/p>\", \"单元名称\" : \"Unit 3 What's in the sports shop?\", \"设置的题目数量\" : 5, \"级别\" : \"基础巩固\", \"学科\" : \"英语\", \"对应端类型\" : \"app\"}"
"{\"年级\" : \"六年级\", \"关联题目数量\" : \"\", \"版本\" : \"教科版\", \"册\" : \"上册\", \"题干集合\" : \"\", \"单元名称\" : \"期末复习\", \"设置的题目数量\" : 5, \"级别\" : \"基础巩固\", \"学科\" : \"英语\", \"对应端类型\" : \"通用\"}"
"{\"年级\" : \"四年级\", \"关联题目数量\" : \"\", \"版本\" : \"\", \"册\" : \"上册\", \"题干集合\" : \"\", \"单元名称\" : \"U12\", \"设置的题目数量\" : 5, \"级别\" : \"难点突破\", \"学科\" : \"英语\", \"对应端类型\" : \"通用\"}"
"{\"年级\" : \"六年级\", \"关联题目数量\" : \"\", \"版本\" : \"湘少版\", \"册\" : \"上册\", \"题干集合\" : \"\", \"单元名称\" : \"期末测试卷（二）\", \"设置的题目数量\" : 5, \"级别\" : \"难点突破\", \"学科\" : \"英语\", \"对应端类型\" : \"app\"}"
"{\"年级\" : \"三年级\", \"关联题目数量\" : \"\", \"版本\" : \"\", \"册\" : \"下册\", \"题干集合\" : \"\", \"单元名称\" : \"U10\", \"设置的题目数量\" : 5, \"级别\" : \"难点突破\", \"学科\" : \"英语\", \"对应端类型\" : \"通用\"}"
"{\"年级\" : \"六年级\", \"关联题目数量\" : 10, \"版本\" : \"人教版（三起）\", \"册\" : \"上册\", \"题干集合\" : \",,,,,,,,,\", \"单元名称\" : \"Unit 4 I have a pen pal\", \"设置的题目数量\" : 5, \"级别\" : \"综合进阶\", \"学科\" : \"英语\", \"对应端类型\" : \"app\"}"
"{\"年级\" : \"五年级\", \"关联题目数量\" : 10, \"版本\" : \"湘少版\", \"册\" : \"上册\", \"题干集合\" : \",<p>薄的<\\/p>,<p>雨伞<\\/p>,<p>|space<||>space| |space<||>space| |space<||>space| |space<||>space| |space<||>space| |space<||>space| |space<||>space| |space<||>space|<\\/p>,<p>|space<||>space| |space<||>space| |space<||>space|<\\/p>,<p>而且<\\/p>,,<p>|space<||>space| |space<||>space| |space<||>space| |space<||>space| |space<||>space| |space<||>space| |space<||>space| |space<||>space|<\\/p>,<p>|space<||>space| |space<||>space| |space<||>space| |space<||>space| |space<||>space| |space<||>space|<\\/p>,<p>雨衣<\\/p>\", \"单元名称\" : \"Unit 6 Which one do you want?\", \"设置的题目数量\" : 5, \"级别\" : \"难点突破\", \"学科\" : \"英语\", \"对应端类型\" : \"app\"}"
"{\"年级\" : \"五年级\", \"关联题目数量\" : \"\", \"版本\" : \"教科版\", \"册\" : \"上册\", \"题干集合\" : \"\", \"单元名称\" : \"期中复习\", \"设置的题目数量\" : 5, \"级别\" : \"综合进阶\", \"学科\" : \"英语\", \"对应端类型\" : \"通用\"}"
"{\"年级\" : \"六年级\", \"关联题目数量\" : 10, \"版本\" : \"湘少版\", \"册\" : \"上册\", \"题干集合\" : \"NULL,,<p>|space<||>space| |space<||>space| |space<||>space| |space<||>space|<\\/p>,<p>篮球<\\/p>,<p>|space<||>space| |space<||>space| |space<||>space| |space<||>space| |space<||>space|<\\/p>,,,<p>带走<\\/p>,<p>坚果<\\/p>,<p>野餐<\\/p>\", \"单元名称\" : \"Unit 6 I will bring a big bottle of orange juice\", \"设置的题目数量\" : 5, \"级别\" : \"难点突破\", \"学科\" : \"英语\", \"对应端类型\" : \"app\"}"
"{\"年级\" : \"五年级\", \"关联题目数量\" : \"\", \"版本\" : \"教科版\", \"册\" : \"上册\", \"题干集合\" : \"\", \"单元名称\" : \"Unit 11 What's the weather like today?\", \"设置的题目数量\" : 5, \"级别\" : \"难点突破\", \"学科\" : \"英语\", \"对应端类型\" : \"通用\"}"
"{\"年级\" : \"五年级\", \"关联题目数量\" : \"\", \"版本\" : \"湘鲁版\", \"册\" : \"下册\", \"题干集合\" : \"\", \"单元名称\" : \"U11\", \"设置的题目数量\" : 5, \"级别\" : \"难点突破\", \"学科\" : \"英语\", \"对应端类型\" : \"app\"}"
"{\"年级\" : \"四年级\", \"关联题目数量\" : \"\", \"版本\" : \"\", \"册\" : \"上册\", \"题干集合\" : \"\", \"单元名称\" : \"Units 1-3 测试卷\", \"设置的题目数量\" : 5, \"级别\" : \"难点突破\", \"学科\" : \"英语\", \"对应端类型\" : \"通用\"}"
"{\"年级\" : \"五年级\", \"关联题目数量\" : \"\", \"版本\" : \"人教版（三起）\", \"册\" : \"上册\", \"题干集合\" : \"\", \"单元名称\" : \"U9\", \"设置的题目数量\" : 5, \"级别\" : \"综合进阶\", \"学科\" : \"英语\", \"对应端类型\" : \"app\"}"
"{\"年级\" : \"七年级\", \"关联题目数量\" : 1, \"版本\" : \"\", \"册\" : \"下册\", \"题干集合\" : \"<p>1. |space<||>space|<\\/p><p>2. |space<||>space|<\\/p><p>3. |space<||>space|<\\/p><p>4. |space<||>space|<\\/p><p>5. |space<||>space|<\\/p>\", \"单元名称\" : \"Unit 5 Here and Now\", \"设置的题目数量\" : 1, \"级别\" : \"听短文完成题目\", \"学科\" : \"英语\", \"对应端类型\" : \"通用\"}"
"{\"年级\" : \"七年级\", \"关联题目数量\" : 1, \"版本\" : \"人教版\", \"册\" : \"下册\", \"题干集合\" : \"<p>1. |space<||>space|<\\/p><p>2. |space<||>space|<\\/p><p>3. |space<||>space|<\\/p><p>4. |space<||>space|<\\/p><p>5. |space<||>space|<\\/p>\", \"单元名称\" : \"Unit 7 It's raining!\", \"设置的题目数量\" : 1, \"级别\" : \"听短文完成题目\", \"学科\" : \"英语\", \"对应端类型\" : \"通用\"}"
"{\"年级\" : \"三年级\", \"关联题目数量\" : \"\", \"版本\" : \"教科版（2024审定）\", \"册\" : \"上册\", \"题干集合\" : \"\", \"单元名称\" : \"U11\", \"设置的题目数量\" : 5, \"级别\" : \"难点突破\", \"学科\" : \"英语\", \"对应端类型\" : \"通用\"}"
"{\"年级\" : \"五年级\", \"关联题目数量\" : 10, \"版本\" : \"湘鲁版\", \"册\" : \"下册\", \"题干集合\" : \",,<p>We have Art on Thursdays.<\\/p>,,,,,,,\", \"单元名称\" : \"Unit 1  What subjects do you study?\", \"设置的题目数量\" : 5, \"级别\" : \"难点突破\", \"学科\" : \"英语\", \"对应端类型\" : \"app\"}"
"{\"年级\" : \"七年级\", \"关联题目数量\" : 1, \"版本\" : \"\", \"册\" : \"下册\", \"题干集合\" : \"\", \"单元名称\" : \"Unit 7 A Day to Remember\", \"设置的题目数量\" : 1, \"级别\" : \"听独白选答案\", \"学科\" : \"英语\", \"对应端类型\" : \"通用\"}"
"{\"年级\" : \"三年级\", \"关联题目数量\" : \"\", \"版本\" : \"湘鲁版\", \"册\" : \"上册\", \"题干集合\" : \"\", \"单元名称\" : \"Units 7-9 测试卷\", \"设置的题目数量\" : 5, \"级别\" : \"难点突破\", \"学科\" : \"英语\", \"对应端类型\" : \"app\"}"
"{\"年级\" : \"八年级\", \"关联题目数量\" : \"\", \"版本\" : \"人教版\", \"册\" : \"上册\", \"题干集合\" : \"\", \"单元名称\" : \"期末复习\", \"设置的题目数量\" : 5, \"级别\" : \"基础巩固\", \"学科\" : \"英语\", \"对应端类型\" : \"通用\"}"
"{\"年级\" : \"七年级\", \"关联题目数量\" : 1, \"版本\" : \"人教版\", \"册\" : \"上册\", \"题干集合\" : \"<p>1. |space<||>space|<\\/p><p>2. |space<||>space|<\\/p><p>3. |space<||>space|<\\/p><p>4. |space<||>space|<\\/p><p>5. |space<||>space|<\\/p>\", \"单元名称\" : \"Unit 1 My name's Gina.\", \"设置的题目数量\" : 1, \"级别\" : \"听短文完成题目\", \"学科\" : \"英语\", \"对应端类型\" : \"通用\"}"
"{\"年级\" : \"五年级\", \"关联题目数量\" : 10, \"版本\" : \"湘少版\", \"册\" : \"上册\", \"题干集合\" : \"<p>|space<||>space| |space<||>space| |space<||>space| |space<||>space| |space<||>space| |space<||>space|<\\/p>,,<p>把······弄干净<\\/p>,<p>英语<\\/p>,<p>|space<||>space| |space<||>space| |space<||>space|<\\/p>,<p>|space<||>space| |space<||>space| |space<||>space| |space<||>space|<\\/p>,,,<p>|space<||>space| |space<||>space| |space<||>space| |space<||>space|<\\/p>,<p>想；思考<\\/p>\", \"单元名称\" : \"Unit 4 Can I use your pencil, please?\", \"设置的题目数量\" : 5, \"级别\" : \"难点突破\", \"学科\" : \"英语\", \"对应端类型\" : \"app\"}"
"{\"年级\" : \"三年级\", \"关联题目数量\" : \"\", \"版本\" : \"人教版（三起）（2024审定）\", \"册\" : \"下册\", \"题干集合\" : \"\", \"单元名称\" : \"U7\", \"设置的题目数量\" : 5, \"级别\" : \"难点突破\", \"学科\" : \"英语\", \"对应端类型\" : \"通用\"}"
"{\"年级\" : \"六年级\", \"关联题目数量\" : \"\", \"版本\" : \"教科版\", \"册\" : \"上册\", \"题干集合\" : \"\", \"单元名称\" : \"期末复习\", \"设置的题目数量\" : 5, \"级别\" : \"综合进阶\", \"学科\" : \"英语\", \"对应端类型\" : \"通用\"}"
"{\"年级\" : \"三年级\", \"关联题目数量\" : \"\", \"版本\" : \"湘鲁版\", \"册\" : \"上册\", \"题干集合\" : \"\", \"单元名称\" : \"期中复习\", \"设置的题目数量\" : 5, \"级别\" : \"综合进阶\", \"学科\" : \"英语\", \"对应端类型\" : \"app\"}"
"{\"年级\" : \"三年级\", \"关联题目数量\" : 10, \"版本\" : \"湘少版（2024审定）\", \"册\" : \"下册\", \"题干集合\" : \"<p>Anne在看本周的天气预报。听录音，选出与录音内容相符的图片。<\\/p>,<p>E宝和朋友们在聊天。听一听，判断所听内容与所给图片是否相符。<\\/p>,<p>E宝和朋友们在谈论各自喜欢的天气。听一听，判断所听内容与所给图片是否相符。<\\/p>,<p>E宝和朋友们在谈论各自喜欢的天气。听一听，判断所听内容与所给图片是否相符。<\\/p>,<p>Tim和Anna在谈论自己对天气的感受。听一听，选出你所听到的句子。<\\/p>,<p>Anne在看本周的天气预报。听录音，选出与录音内容相符的图片。<\\/p>,<p>E宝和朋友们在谈论各自喜欢的天气。听一听，判断所听内容与所给图片是否相符。<\\/p>,<p>Tim和Anna在谈论自己对天气的感受。听一听，选出你所听到的句子。<\\/p>,<p>Tim和Anna在谈论自己对天气的感受。听一听，选出你所听到的句子。<\\/p>,<p>Tim和Anna在谈论自己对天气的感受。听一听，选出你所听到的句子。<\\/p>\", \"单元名称\" : \"Unit 3 What's the weather like?\", \"设置的题目数量\" : 5, \"级别\" : \"综合进阶\", \"学科\" : \"英语\", \"对应端类型\" : \"通用\"}"
"{\"年级\" : \"三年级\", \"关联题目数量\" : 10, \"版本\" : \"\", \"册\" : \"下册\", \"题干集合\" : \"<p>Jack在调查同学们的运动爱好。听一听，判断所给图片与他们的对话内容是否相符。<\\/p>,<p>Jack在和妈妈聊喜欢的运动。听一听，选出与他们聊天内容相符的图片。<\\/p>,<p>Jack在调查老师们的运动爱好。听一听，判断所给图片与他们的对话内容是否相符。<\\/p>,<p>Jack在和妈妈聊爸爸喜欢的运动。听一听，选出与他们聊天内容相符的图片。<\\/p>,<p>Jack在调查同学们的运动爱好。听一听，判断所给图片与他们的对话内容是否相符。<\\/p>,<p>Jack在询问好朋友Mike的运动情况。听一听，帮Mike选择恰当的答语。<\\/p>,<p>Jack和同学们在互相分享自己最喜欢的运动。听一听，根据分享的顺序给图片排序。<\\/p>,<p>Jack和Tom在谈论他们喜欢的运动。听一听，判断所给信息与他们的对话内容是否相符。<\\/p><p>Tom likes playing ping-pong.<\\/p>,<p>同学们在课堂上分享自己喜欢的运动。听一听他们的分享，将人物与运动连线。<\\/p>,<p>Jack和Tom在谈论他们喜欢的运动。听一听，判断所给信息与他们的对话内容是否相符。<\\/p><p>Jack likes running.<\\/p>\", \"单元名称\" : \"Unit 6 What sports do you like?\", \"设置的题目数量\" : 5, \"级别\" : \"难点突破\", \"学科\" : \"英语\", \"对应端类型\" : \"通用\"}"
"{\"年级\" : \"四年级\", \"关联题目数量\" : \"\", \"版本\" : \"湘鲁版\", \"册\" : \"上册\", \"题干集合\" : \"\", \"单元名称\" : \"Units 4-6 测试卷\", \"设置的题目数量\" : 5, \"级别\" : \"综合进阶\", \"学科\" : \"英语\", \"对应端类型\" : \"app\"}"
"{\"年级\" : \"三年级\", \"关联题目数量\" : \"\", \"版本\" : \"教科版（2024审定）\", \"册\" : \"下册\", \"题干集合\" : \"\", \"单元名称\" : \"U12\", \"设置的题目数量\" : 5, \"级别\" : \"难点突破\", \"学科\" : \"英语\", \"对应端类型\" : \"通用\"}"
"{\"年级\" : \"三年级\", \"关联题目数量\" : 15, \"版本\" : \"人教版（三起）（2024审定）\", \"册\" : \"上册\", \"题干集合\" : \",,,,,,,,,,,,,,<p>|space<||>space|amily<span class=\\\"ql-cursor\\\">﻿<\\/span><\\/p>\", \"单元名称\" : \"Unit 2 Different families\", \"设置的题目数量\" : 5, \"级别\" : \"基础巩固\", \"学科\" : \"英语\", \"对应端类型\" : \"通用\"}"
"{\"年级\" : \"四年级\", \"关联题目数量\" : \"\", \"版本\" : \"湘少版\", \"册\" : \"上册\", \"题干集合\" : \"\", \"单元名称\" : \"期中复习\", \"设置的题目数量\" : 5, \"级别\" : \"基础巩固\", \"学科\" : \"英语\", \"对应端类型\" : \"app\"}"
"{\"年级\" : \"七年级\", \"关联题目数量\" : 1, \"版本\" : \"人教版\", \"册\" : \"下册\", \"题干集合\" : \"\", \"单元名称\" : \"Unit 3 How do you get to school?\", \"设置的题目数量\" : 1, \"级别\" : \"听长对话选答案\", \"学科\" : \"英语\", \"对应端类型\" : \"通用\"}"
"{\"年级\" : \"六年级\", \"关联题目数量\" : \"\", \"版本\" : \"人教版（三起）\", \"册\" : \"下册\", \"题干集合\" : \"\", \"单元名称\" : \"U5\", \"设置的题目数量\" : 5, \"级别\" : \"难点突破\", \"学科\" : \"英语\", \"对应端类型\" : \"通用\"}"
"{\"年级\" : \"六年级\", \"关联题目数量\" : 13, \"版本\" : \"湘鲁版\", \"册\" : \"上册\", \"题干集合\" : \",,,,,,,,,,,,\", \"单元名称\" : \"Unit 1 Who is Cousin Harry?\", \"设置的题目数量\" : 5, \"级别\" : \"综合进阶\", \"学科\" : \"英语\", \"对应端类型\" : \"app\"}"
"{\"年级\" : \"四年级\", \"关联题目数量\" : 14, \"版本\" : \"人教版（三起）（2024审定）\", \"册\" : \"上册\", \"题干集合\" : \"<p>Andy在介绍自己的照片。听一听，他的介绍中说到了哪个单词？<\\/p>,<p>Mary在记录自己为家庭做的事情。听一听，她做了哪些事情？<\\/p>,<p>Mary在记录自己为家庭做的事情。听一听，她做了哪些事情？<\\/p>,<p>Andy在给妹妹介绍家人的职业。听一听，图片与他的介绍相符吗？<\\/p>,<p>Anna在描述自己本周的状态。听一听，用中文翻译Anna的状态吧！<\\/p>,<p>Andy在给妹妹介绍家人的职业。听一听，图片与他的介绍相符吗？<\\/p>,<p>Mary在记录自己为家庭做的事情。听一听，她做了哪些事情？<\\/p>,<p>Mary在记录自己为家庭做的事情。听一听，她做了哪些事情？<\\/p>,<p>英语课上，老师在播放一段英语绕口令。听一听，绕口令中包含哪个单词？<\\/p>,<p>Andy有一本职业主题的绘本。听一听，绘本上介绍了哪些职业？<\\/p>,<p>Andy有一本职业主题的绘本。听一听，绘本上介绍了哪些职业？<\\/p>,<p>Anna在描述自己本周的状态。听一听，用中文翻译Anna的状态吧！<\\/p>,<p>Andy有一本职业主题的绘本。听一听，绘本上介绍了哪些职业？<\\/p>,<p>英语课上，老师在播放一段英语绕口令。听一听，绕口令中包含哪个单词？<\\/p>\", \"单元名称\" : \"Unit 1 Helping at home\", \"设置的题目数量\" : 5, \"级别\" : \"基础巩固\", \"学科\" : \"英语\", \"对应端类型\" : \"通用\"}"
"{\"年级\" : \"四年级\", \"关联题目数量\" : \"\", \"版本\" : \"人教版（三起）（2024审定）\", \"册\" : \"上册\", \"题干集合\" : \"\", \"单元名称\" : \"U10\", \"设置的题目数量\" : 5, \"级别\" : \"难点突破\", \"学科\" : \"英语\", \"对应端类型\" : \"通用\"}"
"{\"年级\" : \"三年级\", \"关联题目数量\" : 10, \"版本\" : \"湘鲁版\", \"册\" : \"下册\", \"题干集合\" : \",,,,,,,,,\", \"单元名称\" : \"Unit 6  Let's draw a panda!\", \"设置的题目数量\" : 5, \"级别\" : \"综合进阶\", \"学科\" : \"英语\", \"对应端类型\" : \"app\"}"
"{\"年级\" : \"三年级\", \"关联题目数量\" : \"\", \"版本\" : \"教科版（2024审定）\", \"册\" : \"下册\", \"题干集合\" : \"\", \"单元名称\" : \"期末复习\", \"设置的题目数量\" : 5, \"级别\" : \"基础巩固\", \"学科\" : \"英语\", \"对应端类型\" : \"通用\"}"
"{\"年级\" : \"四年级\", \"关联题目数量\" : 15, \"版本\" : \"人教版（三起）（2024审定）\", \"册\" : \"下册\", \"题干集合\" : \",,,,,,,,,,,,,,\", \"单元名称\" : \"Unit 3 Time for school\", \"设置的题目数量\" : 5, \"级别\" : \"综合进阶\", \"学科\" : \"英语\", \"对应端类型\" : \"通用\"}"
"{\"年级\" : \"六年级\", \"关联题目数量\" : 10, \"版本\" : \"人教版（三起）\", \"册\" : \"下册\", \"题干集合\" : \",<p>— How was the |space<||>space|?<\\/p><p>— It was beautiful.<\\/p>,<p>Amy bought a |space<||>space| for her friend last week.<\\/p>,<p>— What happened?<\\/p><p>— I |space<||>space| my foot.<\\/p>,,,<p>— What did you do over the holiday?<\\/p><p>— I went |space<||>space|.<\\/p>,,<p>Mark |space<||>space| lots of pictures over his holiday.<\\/p>,\", \"单元名称\" : \"Unit 3 Where did you go?\", \"设置的题目数量\" : 5, \"级别\" : \"难点突破\", \"学科\" : \"英语\", \"对应端类型\" : \"通用\"}"
"{\"年级\" : \"三年级\", \"关联题目数量\" : 10, \"版本\" : \"人教版（三起）\", \"册\" : \"上册\", \"题干集合\" : \"<p>orange<\\/p>,,<p>bl|space<||>space| |space<||>space|<\\/p>,<p>black<\\/p>,<p>white<\\/p>,,<p>brown<\\/p>,<p>yell|space<||>space| |space<||>space|<\\/p>,,<p>red<\\/p>\", \"单元名称\" : \"Unit 2 Colours\", \"设置的题目数量\" : 5, \"级别\" : \"综合进阶\", \"学科\" : \"英语\", \"对应端类型\" : \"app\"}"
"{\"年级\" : \"七年级\", \"关联题目数量\" : 1, \"版本\" : \"\", \"册\" : \"下册\", \"题干集合\" : \"\", \"单元名称\" : \"Unit 3 Keep Fit\", \"设置的题目数量\" : 1, \"级别\" : \"听长对话选答案\", \"学科\" : \"英语\", \"对应端类型\" : \"通用\"}"
"{\"年级\" : \"四年级\", \"关联题目数量\" : 10, \"版本\" : \"湘鲁版\", \"册\" : \"下册\", \"题干集合\" : \",,,,,,,,,\", \"单元名称\" : \"Unit 8  How much is it?\", \"设置的题目数量\" : 5, \"级别\" : \"基础巩固\", \"学科\" : \"英语\", \"对应端类型\" : \"app\"}"
"{\"年级\" : \"三年级\", \"关联题目数量\" : 10, \"版本\" : \"教科版（2024审定）\", \"册\" : \"下册\", \"题干集合\" : \"<p>John在和好朋友谈论自己的日程。听一听，选出John所说的句子。<\\/p>,<p>Mulan在做明天下午的计划。听一听，选出与Mulan所说句子相符的图片。<\\/p>,<p>Mulan在做明天下午的计划。听一听，选出与Mulan所说句子相符的图片。<\\/p>,<p>Mulan在做明天下午的计划。听一听，判断图片与她的计划是否相符。<\\/p>,<p>Anna在做明天上午的计划。听一听，判断图片与她的计划是否相符。<\\/p>,<p>Anna在做明天上午的计划。听一听，判断图片与她的计划是否相符。<\\/p>,<p>Mulan在做明天下午的计划。听一听，选出与Mulan所说句子相符的图片。<\\/p>,<p>Mulan在做明天下午的计划。听一听，判断图片与她的计划是否相符。<\\/p>,<p>John在和好朋友谈论自己的日程。听一听，选出John所说的句子。<\\/p>,<p>John在和好朋友谈论自己的日程。听一听，选出John所说的句子。<\\/p>\", \"单元名称\" : \"Unit 3 Plan My Day\", \"设置的题目数量\" : 5, \"级别\" : \"综合进阶\", \"学科\" : \"英语\", \"对应端类型\" : \"通用\"}"
"{\"年级\" : \"六年级\", \"关联题目数量\" : \"\", \"版本\" : \"人教版（三起）\", \"册\" : \"下册\", \"题干集合\" : \"\", \"单元名称\" : \"U6\", \"设置的题目数量\" : 5, \"级别\" : \"难点突破\", \"学科\" : \"英语\", \"对应端类型\" : \"通用\"}"
"{\"年级\" : \"八年级\", \"关联题目数量\" : 5, \"版本\" : \"\", \"册\" : \"上册\", \"题干集合\" : \"<p>When is the man going to make his New Year's resolutions?<\\/p>,<p>How is Tom going to be a doctor?<\\/p>,<p>What does the woman suggest the man should do?<\\/p>,<p>What is Helen going to do for her health?<\\/p>,<p>What does Lisa want to be in the future?<\\/p>\", \"单元名称\" : \"Unit 6 Plan for Yourself\", \"设置的题目数量\" : 5, \"级别\" : \"听短对话选答案\", \"学科\" : \"英语\", \"对应端类型\" : \"通用\"}"
"{\"年级\" : \"五年级\", \"关联题目数量\" : 10, \"版本\" : \"人教版（三起）\", \"册\" : \"下册\", \"题干集合\" : \"<p>Is that dog |space<||>space|?<\\/p>,,<p>Tom is |space<||>space|.<\\/p>,,,,,<p>They are playing with |space<||>space| other.<\\/p>,<p>The carrots are |space<||>space|.<\\/p>,<p>Why is it |space<||>space|?<\\/p>\", \"单元名称\" : \"Unit 5 Whose dog is it?\", \"设置的题目数量\" : 5, \"级别\" : \"难点突破\", \"学科\" : \"英语\", \"对应端类型\" : \"app\"}"
"{\"年级\" : \"六年级\", \"关联题目数量\" : \"\", \"版本\" : \"人教版（三起）\", \"册\" : \"上册\", \"题干集合\" : \"\", \"单元名称\" : \"期末复习\", \"设置的题目数量\" : 5, \"级别\" : \"综合进阶\", \"学科\" : \"英语\", \"对应端类型\" : \"app\"}"
"{\"年级\" : \"四年级\", \"关联题目数量\" : 10, \"版本\" : \"湘鲁版\", \"册\" : \"下册\", \"题干集合\" : \",,,,,,,,,\", \"单元名称\" : \"Unit 4  What's the weather like?\", \"设置的题目数量\" : 5, \"级别\" : \"难点突破\", \"学科\" : \"英语\", \"对应端类型\" : \"app\"}"
"{\"年级\" : \"三年级\", \"关联题目数量\" : 9, \"版本\" : \"教科版（2024审定）\", \"册\" : \"下册\", \"题干集合\" : \"<p>Peter在向同学们宣布新班规。听一听，判断下列短语与Peter 所说内容是否相符。<\\/p><p><br><\\/p><p>say nice words<\\/p>,<p>Bob和同学们正在讨论班规。听一听，选出他们所说的短语。<\\/p>,<p>Peter在向同学们宣布新班规。听一听，判断下列短语与Peter 所说内容是否相符。<\\/p><p><br><\\/p><p>pack your schoolbag<\\/p>,<p>Peter在向同学们宣布新班规。听一听，判断下列短语与Peter 所说内容是否相符。<\\/p><p><br><\\/p><p>put away books<\\/p>,<p> Bob和同学们正在讨论班规。听一听，判断所给图片与他们所说的内容是否相符。<\\/p>,<p>Bob和同学们正在讨论班规。听一听，选出他们所说的短语。<\\/p>,<p>Peter在向同学们宣布新班规。听一听，判断下列短语与Peter 所说内容是否相符。<\\/p><p><br><\\/p><p>wait your turn<\\/p>,<p> Bob和同学们正在讨论班规。听一听，选出他们所说的短语。<\\/p>,<p>Bob和同学们正在确定班会的主题。听一听，判断所给图片与他们所说的内容是否相符。<\\/p>\", \"单元名称\" : \"Unit 5 Our Classroom, Our Call\", \"设置的题目数量\" : 5, \"级别\" : \"基础巩固\", \"学科\" : \"英语\", \"对应端类型\" : \"通用\"}"
"{\"年级\" : \"三年级\", \"关联题目数量\" : \"\", \"版本\" : \"人教版（三起）\", \"册\" : \"下册\", \"题干集合\" : \"\", \"单元名称\" : \"U7\", \"设置的题目数量\" : 5, \"级别\" : \"综合进阶\", \"学科\" : \"英语\", \"对应端类型\" : \"通用\"}"
"{\"年级\" : \"三年级\", \"关联题目数量\" : \"\", \"版本\" : \"教科版（2024审定）\", \"册\" : \"下册\", \"题干集合\" : \"\", \"单元名称\" : \"U9\", \"设置的题目数量\" : 5, \"级别\" : \"综合进阶\", \"学科\" : \"英语\", \"对应端类型\" : \"通用\"}"
"{\"年级\" : \"四年级\", \"关联题目数量\" : \"\", \"版本\" : \"教科版（2024审定）\", \"册\" : \"下册\", \"题干集合\" : \"\", \"单元名称\" : \"U10\", \"设置的题目数量\" : 5, \"级别\" : \"综合进阶\", \"学科\" : \"英语\", \"对应端类型\" : \"通用\"}"
"{\"年级\" : \"六年级\", \"关联题目数量\" : 15, \"版本\" : \"湘鲁版\", \"册\" : \"上册\", \"题干集合\" : \"<p>|space<||>space| |space<||>space| |space<||>space| |space<||>space| |space<||>space| |space<||>space| |space<||>space| |space<||>space|<\\/p>,<p>|space<||>space| |space<||>space| |space<||>space| |space<||>space| |space<||>space| |space<||>space| |space<||>space| |space<||>space|<\\/p>,,<p>|space<||>space| |space<||>space| |space<||>space| |space<||>space|<\\/p>,,<p>|space<||>space| |space<||>space| |space<||>space| |space<||>space| |space<||>space| |space<||>space| |space<||>space| |space<||>space| |space<||>space|<\\/p>,,,,,,,,<p>|space<||>space| |space<||>space| |space<||>space| |space<||>space|<\\/p>,\", \"单元名称\" : \"Unit 6 I am ill today.\", \"设置的题目数量\" : 5, \"级别\" : \"难点突破\", \"学科\" : \"英语\", \"对应端类型\" : \"app\"}"
"{\"年级\" : \"六年级\", \"关联题目数量\" : \"\", \"版本\" : \"教科版\", \"册\" : \"上册\", \"题干集合\" : \"\", \"单元名称\" : \"Unit 9 Was I a good girl back then?\", \"设置的题目数量\" : 5, \"级别\" : \"难点突破\", \"学科\" : \"英语\", \"对应端类型\" : \"通用\"}"
"{\"年级\" : \"七年级\", \"关联题目数量\" : 1, \"版本\" : \"人教版\", \"册\" : \"下册\", \"题干集合\" : \"<p>1. |space<||>space|<\\/p><p>2. |space<||>space|<\\/p><p>3. |space<||>space|<\\/p><p>4. |space<||>space|<\\/p><p>5. |space<||>space|<\\/p>\", \"单元名称\" : \"Unit 8 Is there a post office near here?\", \"设置的题目数量\" : 1, \"级别\" : \"听短文完成题目\", \"学科\" : \"英语\", \"对应端类型\" : \"通用\"}"
"{\"年级\" : \"七年级\", \"关联题目数量\" : 1, \"版本\" : \"\", \"册\" : \"下册\", \"题干集合\" : \"\", \"单元名称\" : \"Unit 5 Here and Now\", \"设置的题目数量\" : 1, \"级别\" : \"听独白选答案\", \"学科\" : \"英语\", \"对应端类型\" : \"通用\"}"
"{\"年级\" : \"七年级\", \"关联题目数量\" : 1, \"版本\" : \"\", \"册\" : \"上册\", \"题干集合\" : \"<p>1.|space<||>space|<\\/p><p>2.|space<||>space|<\\/p><p>3.|space<||>space|<\\/p><p>4.|space<||>space|<\\/p><p>5.|space<||>space|<\\/p>\", \"单元名称\" : \"Unit 1 You and Me\", \"设置的题目数量\" : 1, \"级别\" : \"听短文完成题目\", \"学科\" : \"英语\", \"对应端类型\" : \"通用\"}"
"{\"年级\" : \"四年级\", \"关联题目数量\" : 13, \"版本\" : \"湘鲁版\", \"册\" : \"上册\", \"题干集合\" : \",<p>have a look<\\/p>,,,<p>商店<\\/p>,,,,<p>衬衫<\\/p>,<p>裙子<\\/p>,,,<p>shop<\\/p>\", \"单元名称\" : \"Unit 6 May I help you?\", \"设置的题目数量\" : 5, \"级别\" : \"基础巩固\", \"学科\" : \"英语\", \"对应端类型\" : \"app\"}"
"{\"年级\" : \"三年级\", \"关联题目数量\" : 10, \"版本\" : \"湘鲁版\", \"册\" : \"上册\", \"题干集合\" : \"<p>It's a red bag.<\\/p>,<p>It's on the table.<\\/p>,,,<p>Let's go to school.<\\/p>,,,,,\", \"单元名称\" : \"Unit 5 Where is your book?\", \"设置的题目数量\" : 5, \"级别\" : \"难点突破\", \"学科\" : \"英语\", \"对应端类型\" : \"app\"}"
"{\"年级\" : \"六年级\", \"关联题目数量\" : 10, \"版本\" : \"湘少版\", \"册\" : \"上册\", \"题干集合\" : \",NULL,,,,,,,,\", \"单元名称\" : \"Unit 9 This bird is bigger than the first one\", \"设置的题目数量\" : 5, \"级别\" : \"综合进阶\", \"学科\" : \"英语\", \"对应端类型\" : \"app\"}"
"{\"年级\" : \"五年级\", \"关联题目数量\" : 10, \"版本\" : \"湘少版\", \"册\" : \"下册\", \"题干集合\" : \",,,,,,,,,\", \"单元名称\" : \"Unit 10 Where were you yesterday？\", \"设置的题目数量\" : 5, \"级别\" : \"综合进阶\", \"学科\" : \"英语\", \"对应端类型\" : \"app\"}"
"{\"年级\" : \"五年级\", \"关联题目数量\" : \"\", \"版本\" : \"人教版（三起）\", \"册\" : \"下册\", \"题干集合\" : \"\", \"单元名称\" : \"U7\", \"设置的题目数量\" : 5, \"级别\" : \"基础巩固\", \"学科\" : \"英语\", \"对应端类型\" : \"app\"}"
"{\"年级\" : \"四年级\", \"关联题目数量\" : 10, \"版本\" : \"人教版（三起）（2024审定）\", \"册\" : \"上册\", \"题干集合\" : \"<p>Tom在朗诵诗歌“四季之歌”。听一听，他依次朗诵了哪些句子？<\\/p>,<p>Andy想把沙发上的衣物放到对应的衣柜里，但是他不知道这些衣物都是谁的。听一听，帮妈妈回答他的提问吧！<\\/p>,<p>早晨，Linda在准备今天要穿的衣服。听一听，帮妈妈回答她的提问吧！<\\/p>,<p>Andy想把沙发上的衣物放到对应的衣柜里，但是他不知道这些衣物都是谁的。听一听，帮妈妈回答他的提问吧！<\\/p>,<p>Lucy在调查同学们对四季的喜好。听一听，Jack喜欢哪个季节呢？<\\/p>,<p>Lucy在调查同学们对四季的喜好。听一听，Peter喜欢哪个季节呢？<\\/p>,<p>教室的讲台上有几件衣服，同学们在猜测衣服的主人。听一听，他们的猜测对吗？<\\/p>,<p>教室的讲台上有几件衣服，同学们在猜测衣服的主人。听一听，他们的猜测对吗？<\\/p>,<p>Linda在询问妈妈一些关于季节的问题。听一听，帮妈妈回答她的提问吧！<\\/p>,<p>失物招领处有很多衣服没人认领。听一听，帮衣物找到它们的主人吧！<\\/p>\", \"单元名称\" : \"Unit 6 Changing for the seasons\", \"设置的题目数量\" : 5, \"级别\" : \"难点突破\", \"学科\" : \"英语\", \"对应端类型\" : \"通用\"}"
"{\"年级\" : \"四年级\", \"关联题目数量\" : \"\", \"版本\" : \"\", \"册\" : \"上册\", \"题干集合\" : \"\", \"单元名称\" : \"U10\", \"设置的题目数量\" : 5, \"级别\" : \"难点突破\", \"学科\" : \"英语\", \"对应端类型\" : \"通用\"}"
"{\"年级\" : \"四年级\", \"关联题目数量\" : \"\", \"版本\" : \"人教版（三起）（2024审定）\", \"册\" : \"下册\", \"题干集合\" : \"\", \"单元名称\" : \"期末复习\", \"设置的题目数量\" : 5, \"级别\" : \"基础巩固\", \"学科\" : \"英语\", \"对应端类型\" : \"通用\"}"
"{\"年级\" : \"六年级\", \"关联题目数量\" : 10, \"版本\" : \"湘鲁版\", \"册\" : \"下册\", \"题干集合\" : \",,,,,,,,,\", \"单元名称\" : \"Unit 5  We are going to learn about Chinese festivals.\", \"设置的题目数量\" : 5, \"级别\" : \"基础巩固\", \"学科\" : \"英语\", \"对应端类型\" : \"app\"}"
"{\"年级\" : \"三年级\", \"关联题目数量\" : 10, \"版本\" : \"教科版（2024审定）\", \"册\" : \"上册\", \"题干集合\" : \"<p>Aiwen正在观看哥哥练习打字。听录音，选出与录音内容相符的句子。<\\/p>,<p>Aiwen正在观看哥哥练习打字。听录音，选出与录音内容相符的句子。<\\/p>,<p>Aiwen正在哥哥的帮助下制作自己的电脑键盘。听一听哥哥的指示，判断Aiwen的操作是否正确。<\\/p>,<p>Aiwen正在哥哥的帮助下制作自己的电脑键盘。听一听哥哥的指示，判断Aiwen的操作是否正确。<\\/p>,<p>Aiwen正在哥哥的帮助下制作自己的电脑键盘。听一听哥哥的指示，判断Aiwen的操作是否正确。<\\/p>,<p>Aiwen正在观看哥哥练习打字。听录音，选出与录音内容相符的句子。<\\/p>,<p>wh|space<||>space|t|space<||>space|<\\/p>,<p>yell|space<||>space| |space<||>space|<\\/p>,<p>Aiwen正在观看哥哥练习打字。听录音，选出与录音内容相符的句子。<\\/p>,<p>gr|space<||>space| |space<||>space|n<\\/p>\", \"单元名称\" : \"Unit 4 Colour a Keyboard\", \"设置的题目数量\" : 5, \"级别\" : \"综合进阶\", \"学科\" : \"英语\", \"对应端类型\" : \"通用\"}"
"{\"年级\" : \"四年级\", \"关联题目数量\" : \"\", \"版本\" : \"人教版（三起）\", \"册\" : \"上册\", \"题干集合\" : \"\", \"单元名称\" : \"期中复习\", \"设置的题目数量\" : 5, \"级别\" : \"综合进阶\", \"学科\" : \"英语\", \"对应端类型\" : \"app\"}"
"{\"年级\" : \"三年级\", \"关联题目数量\" : \"\", \"版本\" : \"人教版（三起）\", \"册\" : \"上册\", \"题干集合\" : \"\", \"单元名称\" : \"U12\", \"设置的题目数量\" : 5, \"级别\" : \"综合进阶\", \"学科\" : \"英语\", \"对应端类型\" : \"app\"}"
"{\"年级\" : \"六年级\", \"关联题目数量\" : \"\", \"版本\" : \"教科版\", \"册\" : \"上册\", \"题干集合\" : \"\", \"单元名称\" : \"Unit 12 Other festivals in China\", \"设置的题目数量\" : 5, \"级别\" : \"综合进阶\", \"学科\" : \"英语\", \"对应端类型\" : \"通用\"}"
"{\"年级\" : \"三年级\", \"关联题目数量\" : 10, \"版本\" : \"湘鲁版\", \"册\" : \"上册\", \"题干集合\" : \",<p>f|space<||>space| |space<||>space|<\\/p>,,<p>c|space<||>space|k|space<||>space|<\\/p>,<p>|space<||>space| |space<||>space|aw<\\/p>,,<p>th|space<||>space| |space<||>space|<\\/p>,,,<p>c|space<||>space| |space<||>space|d<\\/p>\", \"单元名称\" : \"Unit 7 How old are you?\", \"设置的题目数量\" : 5, \"级别\" : \"综合进阶\", \"学科\" : \"英语\", \"对应端类型\" : \"app\"}"
"{\"年级\" : \"五年级\", \"关联题目数量\" : 16, \"版本\" : \"湘少版\", \"册\" : \"下册\", \"题干集合\" : \",,,,,,,,,<p>白色的<\\/p>,,,,,,\", \"单元名称\" : \"Unit 3 Let's make a kite\", \"设置的题目数量\" : 5, \"级别\" : \"基础巩固\", \"学科\" : \"英语\", \"对应端类型\" : \"app\"}"
"{\"年级\" : \"四年级\", \"关联题目数量\" : 15, \"版本\" : \"教科版（2024审定）\", \"册\" : \"上册\", \"题干集合\" : \"<p>John想给外婆买一个生日礼物，大家在给他提建议。听一听，Lucy提了什么建议呢？<\\/p>,<p> Anne的妈妈快生日了，朋友在帮她出主意。听一听，下面句子是朋友说的吗？<\\/p><p>Why don't you say some nice words?<\\/p>,<p>Emily在向好朋友们征求爷爷生日的建议。听一听，朋友们提了什么建议？<\\/p>,<p>明明想给妈妈准备生日惊喜，Anna在帮他。听一听，把Anna的想法翻译成中文吧！<\\/p>,<p>Emily在向好朋友们征求爷爷生日的建议。听一听，朋友们提了什么建议？<\\/p>,<p>Emily在向好朋友们征求爷爷生日的建议。听一听，朋友们提了什么建议？<\\/p>,<p>明明想给妈妈准备生日惊喜，Anna在帮他。听一听，把Anna的想法翻译成中文吧！<\\/p>,<p>同学们在讨论自己能为家人准备的礼物。听一听，图片是他们提到的礼物吗？<\\/p>,<p>同学们在讨论自己能为家人准备的礼物。听一听，图片是他们提到的礼物吗？<\\/p>,<p>John想给外婆买一个生日礼物，大家在给他提建议。听一听，Jane提了什么建议呢？<\\/p>,<p>明明想给妈妈准备生日惊喜，Anna在帮他。听一听，把Anna的想法翻译成中文吧！<\\/p>,<p>同学们在讨论自己能为家人准备的礼物。听一听，图片是他们提到的礼物吗？<\\/p>,<p>John想给外婆买一个生日礼物，大家在给他提建议。听一听，Jenny提了什么建议呢？<\\/p>,<p>妈妈快生日了，Anne想请大家帮她出主意。听一听，下面句子是她说的吗？<\\/p><p>How do we do this?<\\/p>,<p>Anne的妈妈快生日了，朋友在帮她出主意。听一听，下面句子是朋友说的吗？<\\/p><p>Maybe you can cook birthday noodles.<\\/p>\", \"单元名称\" : \"Unit 6 I Love My Family\", \"设置的题目数量\" : 5, \"级别\" : \"综合进阶\", \"学科\" : \"英语\", \"对应端类型\" : \"通用\"}"
"{\"年级\" : \"六年级\", \"关联题目数量\" : 14, \"版本\" : \"湘少版\", \"册\" : \"下册\", \"题干集合\" : \",,,,,,,,,,,,<p>He is also a baby.<\\/p>,\", \"单元名称\" : \"Unit 7 I'm not afraid!\", \"设置的题目数量\" : 5, \"级别\" : \"难点突破\", \"学科\" : \"英语\", \"对应端类型\" : \"app\"}"
"{\"年级\" : \"三年级\", \"关联题目数量\" : 12, \"版本\" : \"湘少版\", \"册\" : \"下册\", \"题干集合\" : \",<p>blue <\\/p>,<p>what<\\/p>,<p>balloon <\\/p>,<p>green <\\/p>,<p>balloon<\\/p>,,,<p>气球<\\/p>,,<p>great <\\/p>,<p>colour<\\/p>\", \"单元名称\" : \"Unit 3 What colour is this balloon?\", \"设置的题目数量\" : 5, \"级别\" : \"基础巩固\", \"学科\" : \"英语\", \"对应端类型\" : \"app\"}"
"{\"年级\" : \"三年级\", \"关联题目数量\" : 10, \"版本\" : \"湘鲁版\", \"册\" : \"上册\", \"题干集合\" : \",,,<p>讨厌<\\/p>,,,,<p>射门<\\/p>,<p>英语<\\/p>,<p>音乐<\\/p>\", \"单元名称\" : \"Unit 8 I like PE!\", \"设置的题目数量\" : 5, \"级别\" : \"基础巩固\", \"学科\" : \"英语\", \"对应端类型\" : \"app\"}"
"{\"年级\" : \"四年级\", \"关联题目数量\" : \"\", \"版本\" : \"教科版\", \"册\" : \"上册\", \"题干集合\" : \"\", \"单元名称\" : \"期末复习\", \"设置的题目数量\" : 5, \"级别\" : \"基础巩固\", \"学科\" : \"英语\", \"对应端类型\" : \"通用\"}"
"{\"年级\" : \"三年级\", \"关联题目数量\" : 10, \"版本\" : \"教科版（2024审定）\", \"册\" : \"上册\", \"题干集合\" : \"<p>Kevin正在向Emma确认公共Wi-Fi的密码。听录音，判断录音内容与所给句子是否相符。<\\/p><p>Can you say that again?<\\/p>,<p>失物招领处有一些小朋友在领取丢失的学生证。听一听，判断该学生证是否属于这个小朋友。<\\/p>,<p>Kevin正在向Emma询问公共Wi-Fi的密码。听录音，判断录音内容与所给句子是否相符。<\\/p><p>What's your password?<\\/p>,<p>Kevin正在向Emma询问公共Wi-Fi的密码。听录音，判断录音内容与所给句子是否相符。<\\/p><p>Thank you. It's 752136.<\\/p>,<p>学校正在录入同学们的借书卡。听录音，选出你所听到的句子。<\\/p>,<p>失物招领处有一些小朋友在领取丢失的物品。听一听，根据听到的密码选择正确的物品。<\\/p>,<p>失物招领处有一些小朋友在领取丢失的学生证。听一听，判断该学生证是否属于这个小朋友。<\\/p>,<p>学校正在录入同学们的借书卡。听录音，选出你所听到的句子。<\\/p>,<p>Kevin正在向Emma询问公共Wi-Fi的密码。听录音，判断录音内容与所给句子是否相符。<\\/p><p>It's 752136.<\\/p>,<p>失物招领处有一些小朋友在领取丢失的学生证。听一听，判断该学生证是否属于这个小朋友。<\\/p>\", \"单元名称\" : \"Unit 5 Set a Password\", \"设置的题目数量\" : 5, \"级别\" : \"综合进阶\", \"学科\" : \"英语\", \"对应端类型\" : \"通用\"}"
"{\"年级\" : \"七年级\", \"关联题目数量\" : 5, \"版本\" : \"人教版\", \"册\" : \"上册\", \"题干集合\" : \"<p>Which sweater does the woman want?<\\/p>,<p>How much are the shoes?<\\/p>,<p>How many socks does the man need?<\\/p>,<p>How much is the T-shirt?<\\/p>,<p>What color is Lucy's cap?<\\/p>\", \"单元名称\" : \"Unit 7 How much are these socks?\", \"设置的题目数量\" : 5, \"级别\" : \"听短对话选答案\", \"学科\" : \"英语\", \"对应端类型\" : \"通用\"}"
"{\"年级\" : \"三年级\", \"关联题目数量\" : 15, \"版本\" : \"\", \"册\" : \"下册\", \"题干集合\" : \"<p>Lily在教妹妹看日历上的星期。听一听，判断下面图片与Lily说的内容是否相符。<\\/p>,<p>Lily在教妹妹看日历上的星期。听一听，判断下面图片与Lily说的内容是否相符。<\\/p>,<p>Lily的妹妹在朗读星期的单词。听一听，选出Lily妹妹所读的词汇。<\\/p>,<p>Anna在读自然拼读绘本，听一听，选出Anna所读单词中包含的字母组合。<\\/p>,<p>Anna在读自然拼读绘本，听一听，选出Anna所读单词中包含的字母组合。<\\/p>,<p>Lily在教妹妹看日历上的星期。听一听，判断下面图片与Lily说的内容是否相符。<\\/p>,<p>Lily的妹妹在朗读星期的单词。听一听，选出Lily妹妹所读的单词。<\\/p>,<p>Lily的妹妹在朗读星期的单词。听一听，选出Lily妹妹所读的单词。<\\/p>,<p>Lily的妹妹在朗读星期的单词。听一听，选出Lily妹妹所读的单词。<\\/p>,<p>Amy在给单词匹配释义。听一听，帮助Amy选出与所听单词相符的释义。<\\/p>,<p>Amy在给单词匹配释义。听一听，帮助Amy选出与所听单词相符的释义。<\\/p>,<p>Anna和朋友在操场上散步，她们会看到什么呢？听一听，选出与Anna所说单词相符的图片。<\\/p>,<p>Anna和朋友在操场上散步，她们会看到什么呢？听一听，选出与Anna所说单词相符的图片。<\\/p>,<p>Anna和朋友在操场上散步，她们会看到什么呢？听一听，选出与Anna所说单词相符的图片。<\\/p>,<p>Amy在给单词匹配释义。听一听，帮助Amy选出与所听单词相符的释义。<\\/p>\", \"单元名称\" : \"Unit 5 We play basketball on Monday\", \"设置的题目数量\" : 5, \"级别\" : \"基础巩固\", \"学科\" : \"英语\", \"对应端类型\" : \"通用\"}"
"{\"年级\" : \"七年级\", \"关联题目数量\" : \"\", \"版本\" : \"\", \"册\" : \"下册\", \"题干集合\" : \"\", \"单元名称\" : \"U12\", \"设置的题目数量\" : 5, \"级别\" : \"综合进阶\", \"学科\" : \"英语\", \"对应端类型\" : \"通用\"}"
"{\"年级\" : \"六年级\", \"关联题目数量\" : \"\", \"版本\" : \"人教版（三起）\", \"册\" : \"上册\", \"题干集合\" : \"\", \"单元名称\" : \"Units 1-3 测试卷\", \"设置的题目数量\" : 5, \"级别\" : \"基础巩固\", \"学科\" : \"英语\", \"对应端类型\" : \"app\"}"
"{\"年级\" : \"八年级\", \"关联题目数量\" : \"\", \"版本\" : \"人教版\", \"册\" : \"下册\", \"题干集合\" : \"\", \"单元名称\" : \"U11\", \"设置的题目数量\" : 5, \"级别\" : \"基础巩固\", \"学科\" : \"英语\", \"对应端类型\" : \"通用\"}"
"{\"年级\" : \"六年级\", \"关联题目数量\" : \"\", \"版本\" : \"人教版（三起）\", \"册\" : \"上册\", \"题干集合\" : \"\", \"单元名称\" : \"Units 4-6 测试卷\", \"设置的题目数量\" : 5, \"级别\" : \"基础巩固\", \"学科\" : \"英语\", \"对应端类型\" : \"app\"}"
"{\"年级\" : \"五年级\", \"关联题目数量\" : 10, \"版本\" : \"湘少版\", \"册\" : \"下册\", \"题干集合\" : \",,,,<p>博物馆<\\/p>,,,<p>答案<\\/p>,,\", \"单元名称\" : \"Unit 12 Where did you go？\", \"设置的题目数量\" : 5, \"级别\" : \"基础巩固\", \"学科\" : \"英语\", \"对应端类型\" : \"app\"}"
"{\"年级\" : \"三年级\", \"关联题目数量\" : \"\", \"版本\" : \"\", \"册\" : \"上册\", \"题干集合\" : \"\", \"单元名称\" : \"期中复习\", \"设置的题目数量\" : 5, \"级别\" : \"难点突破\", \"学科\" : \"英语\", \"对应端类型\" : \"通用\"}"
"{\"年级\" : \"四年级\", \"关联题目数量\" : 8, \"版本\" : \"人教版（三起）\", \"册\" : \"上册\", \"题干集合\" : \",,,,,,,\", \"单元名称\" : \"Unit 5 Dinner's ready\", \"设置的题目数量\" : 5, \"级别\" : \"难点突破\", \"学科\" : \"英语\", \"对应端类型\" : \"app\"}"
"{\"年级\" : \"三年级\", \"关联题目数量\" : \"\", \"版本\" : \"人教版（三起）\", \"册\" : \"上册\", \"题干集合\" : \"\", \"单元名称\" : \"U11\", \"设置的题目数量\" : 5, \"级别\" : \"难点突破\", \"学科\" : \"英语\", \"对应端类型\" : \"app\"}"
"{\"年级\" : \"四年级\", \"关联题目数量\" : \"\", \"版本\" : \"湘少版（2024审定）\", \"册\" : \"下册\", \"题干集合\" : \"\", \"单元名称\" : \"Units 4-6 测试卷\", \"设置的题目数量\" : 5, \"级别\" : \"难点突破\", \"学科\" : \"英语\", \"对应端类型\" : \"通用\"}"
"{\"年级\" : \"五年级\", \"关联题目数量\" : \"\", \"版本\" : \"人教版（三起）\", \"册\" : \"下册\", \"题干集合\" : \"\", \"单元名称\" : \"U9\", \"设置的题目数量\" : 5, \"级别\" : \"综合进阶\", \"学科\" : \"英语\", \"对应端类型\" : \"app\"}"
"{\"年级\" : \"四年级\", \"关联题目数量\" : \"\", \"版本\" : \"\", \"册\" : \"下册\", \"题干集合\" : \"\", \"单元名称\" : \"U10\", \"设置的题目数量\" : 5, \"级别\" : \"难点突破\", \"学科\" : \"英语\", \"对应端类型\" : \"通用\"}"
"{\"年级\" : \"四年级\", \"关联题目数量\" : 22, \"版本\" : \"湘少版\", \"册\" : \"下册\", \"题干集合\" : \",,,,,,<p>winter<\\/p>,,,<p>hometown<\\/p>,,<p>spring<\\/p>,,,,,<p>hat<\\/p>,,<p>autumn<\\/p>,<p>sunny<\\/p>,,<p>autumn<\\/p>\", \"单元名称\" : \"Unit 2 Spring is warm\", \"设置的题目数量\" : 5, \"级别\" : \"基础巩固\", \"学科\" : \"英语\", \"对应端类型\" : \"app\"}"
"{\"年级\" : \"三年级\", \"关联题目数量\" : 10, \"版本\" : \"\", \"册\" : \"上册\", \"题干集合\" : \",<p>I'm not so |space<||>space| |space<||>space| |space<||>space| |space<||>space|.<\\/p>,<p>|space<||>space| |space<||>space| |space<||>space| |space<||>space| well.<\\/p>,,,<p>I'm |space<||>space| |space<||>space| |space<||>space| |space<||>space| |space<||>space|.<\\/p>,,,,\", \"单元名称\" : \"Unit 3 How are you today?\", \"设置的题目数量\" : 5, \"级别\" : \"难点突破\", \"学科\" : \"英语\", \"对应端类型\" : \"通用\"}"
"{\"年级\" : \"四年级\", \"关联题目数量\" : 10, \"版本\" : \"人教版（三起）\", \"册\" : \"上册\", \"题干集合\" : \",,<p>语文书<\\/p>,,,,,<p>英语书<\\/p>,,\", \"单元名称\" : \"Unit 2 My schoolbag\", \"设置的题目数量\" : 5, \"级别\" : \"基础巩固\", \"学科\" : \"英语\", \"对应端类型\" : \"app\"}"
"{\"年级\" : \"四年级\", \"关联题目数量\" : \"\", \"版本\" : \"人教版（三起）（2024审定）\", \"册\" : \"下册\", \"题干集合\" : \"\", \"单元名称\" : \"期末复习\", \"设置的题目数量\" : 5, \"级别\" : \"难点突破\", \"学科\" : \"英语\", \"对应端类型\" : \"通用\"}"
"{\"年级\" : \"八年级\", \"关联题目数量\" : 1, \"版本\" : \"人教版\", \"册\" : \"下册\", \"题干集合\" : \"\", \"单元名称\" : \"Unit 1 What's the matter?\", \"设置的题目数量\" : 1, \"级别\" : \"听长对话选答案\", \"学科\" : \"英语\", \"对应端类型\" : \"通用\"}"
"{\"年级\" : \"三年级\", \"关联题目数量\" : \"\", \"版本\" : \"\", \"册\" : \"上册\", \"题干集合\" : \"\", \"单元名称\" : \"U12\", \"设置的题目数量\" : 5, \"级别\" : \"难点突破\", \"学科\" : \"英语\", \"对应端类型\" : \"通用\"}"
"{\"年级\" : \"三年级\", \"关联题目数量\" : 15, \"版本\" : \"教科版（2024审定）\", \"册\" : \"上册\", \"题干集合\" : \"<p>体育课上，老师在喊口号。听录音，选择你所听到的句子。<\\/p>,<p>同学们能灵活运用所学口号吗？听录音，判断录音内容与所给图片是否相符，相符的选“T”，不相符的选“F”。<\\/p>,<p>艾雯注意到生活中也会用到口号。听录音，选择与录音内容相符的图片。<\\/p>,<p>同学们能灵活运用所学口号吗？听录音，判断录音内容与所给图片是否相符，相符的选“T”，不相符的选“F”。<\\/p>,<p>艾雯注意到做五禽戏时也会用到口号。听录音，选择与录音内容相符的图片。 <\\/p>,<p>体育课上，老师在喊口号。听录音，选择你所听到的句子。<\\/p>,<p>老师的口号，同学们都能听懂吗？听录音，判断录音内容与所给释义是否相符，相符的选“T”，不相符的选“F”。<\\/p><p>跟着我做一做！<\\/p>,<p>体育课上，老师在喊口号。听录音，选择你所听到的句子。<\\/p>,<p>老师的口号，同学们都能听懂吗？听录音，判断录音内容与所给释义是否相符，相符的选“T”，不相符的选“F”。<\\/p><p>我们一起动动腿。<\\/p>,<p>老师的口号，同学们都能听懂吗？听录音，判断录音内容与所给释义是否相符，相符的选“T”，不相符的选“F”。<\\/p><p>一起来做一做！<\\/p>,<p>艾雯注意到生活中也会用到口号。听录音，选择与录音内容相符的图片。<\\/p>,<p>艾雯注意到生活中也会用到口号。听录音，选择与录音内容相符的图片。<\\/p>,<p>同学们能准确说出所学口号吗？听录音，判断录音内容与所给句子是否相符，相符的选“T”，不相符的选“F”。<\\/p><p>Are you ready?<\\/p>,<p>体育课上，老师在喊口号。听录音，选择你所听到的句子。<\\/p>,<p>艾雯注意到生活中也会用到口号。听录音，选择与录音内容相符的图片。<\\/p>\", \"单元名称\" : \"Unit 8 It's Time to Exercise!\", \"设置的题目数量\" : 5, \"级别\" : \"综合进阶\", \"学科\" : \"英语\", \"对应端类型\" : \"通用\"}"
"{\"年级\" : \"四年级\", \"关联题目数量\" : \"\", \"版本\" : \"湘少版（2024审定）\", \"册\" : \"上册\", \"题干集合\" : \"\", \"单元名称\" : \"期中复习\", \"设置的题目数量\" : 5, \"级别\" : \"难点突破\", \"学科\" : \"英语\", \"对应端类型\" : \"通用\"}"
"{\"年级\" : \"八年级\", \"关联题目数量\" : \"\", \"版本\" : \"人教版\", \"册\" : \"下册\", \"题干集合\" : \"\", \"单元名称\" : \"期末复习\", \"设置的题目数量\" : 5, \"级别\" : \"难点突破\", \"学科\" : \"英语\", \"对应端类型\" : \"通用\"}"
"{\"年级\" : \"七年级\", \"关联题目数量\" : 1, \"版本\" : \"\", \"册\" : \"上册\", \"题干集合\" : \"<p>1.|space<||>space|<\\/p><p>2.|space<||>space|<\\/p><p>3.|space<||>space|<\\/p><p>4.|space<||>space|<\\/p><p>5.|space<||>space|<\\/p>\", \"单元名称\" : \"Unit 7 Happy Birthday!\", \"设置的题目数量\" : 1, \"级别\" : \"听短文完成题目\", \"学科\" : \"英语\", \"对应端类型\" : \"通用\"}"
"{\"年级\" : \"六年级\", \"关联题目数量\" : 10, \"版本\" : \"湘鲁版\", \"册\" : \"下册\", \"题干集合\" : \"<p>|space<||>space| |space<||>space| |space<||>space|angle<\\/p>,,<p>d|space<||>space| |space<||>space|<\\/p>,<p>b|space<||>space|d|space<||>space|<\\/p>,,,,,<p>t|space<||>space|pic<\\/p>,<p>st|space<||>space| |space<||>space|t<\\/p>\", \"单元名称\" : \"Unit 5  We are going to learn about Chinese festivals.\", \"设置的题目数量\" : 5, \"级别\" : \"综合进阶\", \"学科\" : \"英语\", \"对应端类型\" : \"app\"}"
"{\"年级\" : \"四年级\", \"关联题目数量\" : 10, \"版本\" : \"湘少版\", \"册\" : \"下册\", \"题干集合\" : \"<p>|space<||>space| |space<||>space| |space<||>space| |space<||>space| |space<||>space| |space<||>space|<\\/p>,<p>|space<||>space| |space<||>space| |space<||>space|<\\/p>,<p>|space<||>space| |space<||>space| |space<||>space| |space<||>space| |space<||>space| |space<||>space| |space<||>space|<\\/p>,,,<p>|space<||>space| |space<||>space| |space<||>space| |space<||>space| |space<||>space| |space<||>space|<\\/p>,,,<p>|space<||>space| |space<||>space| |space<||>space|<\\/p>,\", \"单元名称\" : \"Unit 1 It's on your head!\", \"设置的题目数量\" : 5, \"级别\" : \"难点突破\", \"学科\" : \"英语\", \"对应端类型\" : \"app\"}"
"{\"年级\" : \"八年级\", \"关联题目数量\" : 1, \"版本\" : \"人教版\", \"册\" : \"下册\", \"题干集合\" : \"\", \"单元名称\" : \"Unit 9 Have you ever been to a museum?\", \"设置的题目数量\" : 1, \"级别\" : \"听长对话选答案\", \"学科\" : \"英语\", \"对应端类型\" : \"通用\"}"
