"{\"阅读时长\" : 140, \"年级\" : \"oneGrade,twoGrade,threeGrade,fourGrade\", \"封面\" : \"eyyb\\/system\\/hbyd\\/20220630\\/40c49b05212fef796a420ad4a0a82693\\/1656553735881_569.jpg\", \"主题\" : \"\", \"分类二\" : \"表情认知\", \"单词\" : \"\", \"简介\" : \"妈妈有好多好多种表情啊，你知道妈妈的表情都是什么意思吗？\", \"id\" : \"2KQxkRqpti6AHnwBYmDtbT\", \"脚本\" : \"\", \"分类一\" : \"中文绘本\", \"中文名称\" : \"\", \"词汇量\" : 18, \"英文名称\" : \"妈妈的表情\"}"
"{\"阅读时长\" : 28, \"年级\" : \"twoGrade,threeGrade\", \"封面\" : \"eyyb\\/system\\/hbyd\\/20241204\\/e0bd2ae2ee670966d56411826bcba874\\/1733294320688_266.png\", \"主题\" : \"学校活动,大小与形状\", \"分类二\" : \"校园生活\", \"单词\" : \"draw,lamb,she,library,jump,school,gym,listen,bus,her,can,read,in\", \"简介\" : \"这本绘本讲述了玛丽和她的小羊在学校的一天。玛丽乘坐公交车去学校，小羊也跟着她。在学校里，小羊在不同的地方有着不同的活动，它能听、能画、能跳、能读书，最后小羊累了，进入了梦乡。\", \"id\" : \"3UfRYxW9V7FoRorpzMXdiC\", \"脚本\" : \"\", \"分类一\" : \"人与社会\", \"中文名称\" : \"玛丽的小羊去学校\", \"词汇量\" : 86, \"英文名称\" : \"Mary's Lamb Goes to School\"}"
"{\"阅读时长\" : 64, \"年级\" : \"threeGrade,fourGrade,fiveGrade\", \"封面\" : \"eyyb\\/system\\/hbyd\\/20241115\\/7821213e2b48f791c1831611ca8be803\\/1731634398650_562.jpg\", \"主题\" : \"表达情绪与情感\", \"分类二\" : \"情绪管理\", \"单词\" : \"house,wish,scared,sleep,hospital,room\", \"简介\" : \"雅各布在妈妈去医院生宝宝的夜晚，被爸爸送到好朋友梅森家过夜。在梅森家，雅各布因害怕想象中的“巨大蜥蜴”而紧张不已，但最终在梅森和家人的安抚下安心入睡，并在梦中见到了新弟弟的美好画面。\", \"id\" : \"38JAaK3QRijonyFcztJaLt\", \"脚本\" : \"\", \"分类一\" : \"人与自我\", \"中文名称\" : \"你害怕吗，雅各布？\", \"词汇量\" : 182, \"英文名称\" : \"Are You Scared, Jacob?\"}"
"{\"阅读时长\" : 162, \"年级\" : \"sixGrade\", \"封面\" : \"\\/bookread\\/userfiles2\\/1\\/files\\/APP\\/kantupeiyin\\/6X\\/King Bidgoods In The Bathtub\\/001.jpg\", \"主题\" : \"\", \"分类二\" : \"\", \"单词\" : \"\", \"简介\" : \"null\", \"id\" : \"2ZcvH83r7Pp8M9J485fHgx\", \"脚本\" : \"\", \"分类一\" : \"\", \"中文名称\" : \"null\", \"词汇量\" : \"\", \"英文名称\" : \"King Bidgoods In The Bathtub 澡缸里的国王\"}"
"{\"阅读时长\" : 70, \"年级\" : \"sixGrade\", \"封面\" : \"\\/bookread\\/userfiles2\\/1\\/files\\/APP\\/kantupeiyin\\/6S\\/Old Jokes.jpg\", \"主题\" : \"\", \"分类二\" : \"\", \"单词\" : \"\", \"简介\" : \"null\", \"id\" : \"184a45ee88a64267b4b5c66a2f674822\", \"脚本\" : \"\", \"分类一\" : \"\", \"中文名称\" : \"null\", \"词汇量\" : \"\", \"英文名称\" : \"Old Jokes  老 笑 话\"}"
"{\"阅读时长\" : 78, \"年级\" : \"threeGrade\", \"封面\" : \"eyyb\\/system\\/hbyd\\/20211108\\/d460f31acd17e444673018eacf10c9dd\\/1636338258536_924.jpg\", \"主题\" : \"\", \"分类二\" : \"\", \"单词\" : \"\", \"简介\" : \"null\", \"id\" : \"2v7tvCdkrkrGfSnQLgiYQM\", \"脚本\" : \"\", \"分类一\" : \"\", \"中文名称\" : \"null\", \"词汇量\" : \"\", \"英文名称\" : \"Oh! My Mouth!\"}"
"{\"阅读时长\" : 76, \"年级\" : \"threeGrade,fourGrade\", \"封面\" : \"eyyb\\/system\\/hbyd\\/20211213\\/dfcf8cc85353b9349dd2be6d66ac62f4\\/1639374582289_163.jpg\", \"主题\" : \"认识、介绍同伴\", \"分类二\" : \"人际关系\", \"单词\" : \"I,Mr,am,hello,hi\", \"简介\" : \"老虎先生去散步，每一个小动物都怕他。但是有一个例外，这是怎么回事呢？\", \"id\" : \"2dfBSAebZj69etwCttVXtm\", \"脚本\" : \"\", \"分类一\" : \"人与社会\", \"中文名称\" : \"老虎先生去散步\", \"词汇量\" : 107, \"英文名称\" : \"Mr Tiger Goes for a Walk\"}"
"{\"阅读时长\" : 114, \"年级\" : \"fourGrade,fiveGrade,sixGrade\", \"封面\" : \"eyyb\\/system\\/hbyd\\/20220714\\/2f9c077590f75e340bb1e495cc925014\\/1657791093285_5.jpg\", \"主题\" : \"天气情况\", \"分类二\" : \"生活常识\", \"单词\" : \"up,road,wind,blow,windy,pants,butterfly\", \"简介\" : \"聪明裤在大风天洗了自己的裤子。后来大风一吹，裤子被吹走了，结果······\", \"id\" : \"2ygNTcmYdZYd5DeYhcnST1\", \"脚本\" : \"\", \"分类一\" : \"人与社会\", \"中文名称\" : \"不再“聪明”的裤子\", \"词汇量\" : 211, \"英文名称\" : \"Smarty No Pants\"}"
"{\"阅读时长\" : 137, \"年级\" : \"fourGrade,fiveGrade,sixGrade\", \"封面\" : \"hbyd\\/20190801\\/8663eab2c3548fe31daf9bd0b18f4a36\\/The_Huggles_Hug.jpg\", \"主题\" : \"关怀他人\", \"分类二\" : \"社会交往\", \"单词\" : \"friend,rub,tail,lose,hug,laugh\", \"简介\" : \"小怪兽拥抱了小猫和小狗，小猫和小狗拥抱了比利，比利拥抱了妈妈，妈妈拥抱了······\", \"id\" : \"28KeLwZTrsBYKf3Ha64ALa\", \"脚本\" : \"\", \"分类一\" : \"人与社会\", \"中文名称\" : \"小怪兽的拥抱\", \"词汇量\" : 204, \"英文名称\" : \"The Huggles' Hug\"}"
"{\"阅读时长\" : 44, \"年级\" : \"threeGrade,fourGrade,fiveGrade\", \"封面\" : \"eyyb\\/system\\/hbyd\\/20211119\\/ab8b17ecb7d93d7c35944d0dca26d082\\/1637284769224_386.jpg\", \"主题\" : \"人与自然\", \"分类二\" : \"自然科学\", \"单词\" : \"grass,branch,ice,drink,roof,window,car\", \"简介\" : \"调皮的冰姑娘一会儿坐在草丛里，一会儿站在屋顶上，一会儿躺在树枝上。\", \"id\" : \"2N87D9ntK6stCHu9xn8AhD\", \"脚本\" : \"\", \"分类一\" : \"人与自然\", \"中文名称\" : \"冷冷的冰\", \"词汇量\" : 38, \"英文名称\" : \"Cold Ice\"}"
"{\"阅读时长\" : 36, \"年级\" : \"twoGrade,threeGrade,fourGrade\", \"封面\" : \"eyyb\\/system\\/hbyd\\/20240522\\/f33fb241df1002a7338ee3cb69321b45\\/1716358776286_557.jpg\", \"主题\" : \"农场动物\", \"分类二\" : \"自然科学\", \"单词\" : \"duck,cow,Sam,horse,hen,cat\", \"简介\" : \"山姆是一个在农场长大的孩子，农场里有很多山姆喜欢的动物。一起来看看是哪些动物吧。阅读的同时注意字母“S”在Sam中的正确发音。\", \"id\" : \"2GQSkSk3FrDn7wzxofkaqd\", \"脚本\" : \"\", \"分类一\" : \"人与自然\", \"中文名称\" : \"我是山姆\", \"词汇量\" : 84, \"英文名称\" : \"I Am Sam\"}"
"{\"阅读时长\" : 41, \"年级\" : \"threeGrade,fourGrade,fiveGrade\", \"封面\" : \"eyyb\\/system\\/hbyd\\/20211119\\/f649c50e679ff09ff802aac831ff821d\\/1637286606522_480.jpg\", \"主题\" : \"家人和亲友\", \"分类二\" : \"亲情友情\", \"单词\" : \"pool,village,read,draw,toy,movie,holiday\", \"简介\" : \"两只来自乡镇的小老鼠坐上火车去找城市的亲戚，在城市里，它们遇到并体验了很多有趣且新奇的事物。\", \"id\" : \"2t7ib52Ts73J6vr5ATX1BF\", \"脚本\" : \"\", \"分类一\" : \"人与社会\", \"中文名称\" : \"两只小老鼠\", \"词汇量\" : 46, \"英文名称\" : \"Two Little Mice\"}"
"{\"阅读时长\" : 49, \"年级\" : \"fourGrade,fiveGrade,sixGrade\", \"封面\" : \"eyyb\\/system\\/hbyd\\/20210723\\/3e8e4bda88745e5816e8f0ab0b00be4c\\/1627004624033_912.jpg\", \"主题\" : \"动物\", \"分类二\" : \"自然科学\", \"单词\" : \"tree,mouse,home,bee,dog\", \"简介\" : \"树是猫头鹰的家。圆木是狐狸的家。贝壳是螃蟹的家。洞穴是蝙蝠的家。蜂房是蜜蜂的家。蜘蛛网是蜘蛛的家。\", \"id\" : \"3SLs5Jm4rjMuv7dFSHeQRx\", \"脚本\" : \"\", \"分类一\" : \"人与自然\", \"中文名称\" : \"家\", \"词汇量\" : 91, \"英文名称\" : \"Homes\"}"
"{\"阅读时长\" : 80, \"年级\" : \"sixGrade\", \"封面\" : \"\\/bookread\\/userfiles2\\/1\\/files\\/APP\\/kantupeiyin\\/6X\\/Pelican's Balloon 1.jpg\", \"主题\" : \"\", \"分类二\" : \"\", \"单词\" : \"\", \"简介\" : \"null\", \"id\" : \"0eb27230797443f6837fd2f946f66329\", \"脚本\" : \"\", \"分类一\" : \"\", \"中文名称\" : \"null\", \"词汇量\" : \"\", \"英文名称\" : \"Pelican's Balloon  皮里克的气球\"}"
"{\"阅读时长\" : 76, \"年级\" : \"threeGrade,fourGrade,fiveGrade\", \"封面\" : \"eyyb\\/system\\/hbyd\\/20211019\\/71b1c895e2d2cc06b72d7f039b547fd0\\/1634628129616_402.jpg\", \"主题\" : \"动物\", \"分类二\" : \"性格教育\", \"单词\" : \"fly,fast,swim,high,can,jump,run,far\", \"简介\" : \"如果可以，你会想拥有什么样的超能力呢？一起来看看Peter有哪些超能力吧！\", \"id\" : \"3GMq2Bk86sH9maWGVhgjRy\", \"脚本\" : \"\", \"分类一\" : \"人与自我\", \"中文名称\" : \"超能力的我\", \"词汇量\" : 120, \"英文名称\" : \"The Super Me\"}"
"{\"阅读时长\" : 52, \"年级\" : \"threeGrade,fourGrade,fiveGrade\", \"封面\" : \"eyyb\\/system\\/hbyd\\/20240528\\/e4279c2ba95762629a348cc261fb457e\\/1716883794546_318.png\", \"主题\" : \"探索认知\", \"分类二\" : \"趣味故事\", \"单词\" : \"like,side,mountain,down,back,top,my,other,friend,bear,high\", \"简介\" : \"《Bear Goes Over the Mountain》这本书的内容源自传统童谣《小熊翻过大山》，以绘本剧的欢快形式，讲述了一只小熊翻过大山，去看山另一边的故事。小熊为什么要翻山呢？山的两边有什么不同？小熊为什么又回来了呢？一起来看看吧！\", \"id\" : \"2uzC8qnicFTuNTDmGwYCPc\", \"脚本\" : \"\", \"分类一\" : \"人与社会\", \"中文名称\" : \"小熊翻过山\", \"词汇量\" : 354, \"英文名称\" : \"Bear Goes Over the Mountain\"}"
"{\"阅读时长\" : 68, \"年级\" : \"fourGrade,fiveGrade,sixGrade\", \"封面\" : \"eyyb\\/system\\/hbyd\\/20240528\\/a9751875071f45cc9442924c56389e21\\/1716892432775_12.jpg\", \"主题\" : \"家务\", \"分类二\" : \"趣味故事\", \"单词\" : \"bacon,older,juice,kitchen,hungry,late,egg,terrible,yell,clean,toast,stepsister,angry,younger\", \"简介\" : \"绘本以经典童话人物灰姑娘为主角的绘本，讲述了灰姑娘在继姐们的命令下忙碌准备早餐的故事。这本书通过灰姑娘的日常任务，向孩子们展示了厨房里的活动和家务劳动，同时传达了耐心和善良的重要性。\", \"id\" : \"3G6fMaJeftocV4xaZHE8N3\", \"脚本\" : \"\", \"分类一\" : \"人与社会\", \"中文名称\" : \"灰姑娘，做早餐！\", \"词汇量\" : 230, \"英文名称\" : \"Make Breakfast, Cinderella!\"}"
"{\"阅读时长\" : 46, \"年级\" : \"threeGrade\", \"封面\" : \"\\/bookread\\/userfiles2\\/1\\/files\\/APP\\/kantupeiyin\\/3X\\/Wishy-Washy Corn.jpg\", \"主题\" : \"\", \"分类二\" : \"\", \"单词\" : \"\", \"简介\" : \"null\", \"id\" : \"12f60aadcd624c7bb5a1d6e4217cbff1\", \"脚本\" : \"\", \"分类一\" : \"\", \"中文名称\" : \"null\", \"词汇量\" : \"\", \"英文名称\" : \"Wishy-Washy Corn  玉 米 呢\"}"
"{\"阅读时长\" : 32, \"年级\" : \"oneGrade,twoGrade,threeGrade\", \"封面\" : \"eyyb\\/system\\/hbyd\\/20241104\\/9d655bd77fa81b5921d2aa981f7ecbcb\\/1730687922392_378.png\", \"主题\" : \"探索宇宙\", \"分类二\" : \"探索宇宙\", \"单词\" : \"moon,cloud,sun,star\", \"简介\" : \"仰望天空，来认识认识太阳、云朵、月亮和星星，开启对天空奥秘的探索之旅。\", \"id\" : \"2iECQbb2YN4ud91SeEjC4Y\", \"脚本\" : \"\", \"分类一\" : \"人与自然\", \"中文名称\" : \"仰望天空\", \"词汇量\" : 29, \"英文名称\" : \"Look at the Sky\"}"
"{\"阅读时长\" : 36, \"年级\" : \"oneGrade,twoGrade,threeGrade\", \"封面\" : \"eyyb\\/system\\/hbyd\\/20230228\\/8ff138fc82e7d6ca932fe17d0e5e2ae5\\/1677551353072_554.jpg\", \"主题\" : \"蔬菜\", \"分类二\" : \"生活常识\", \"单词\" : \"banana,market,apple,milk,egg\", \"简介\" : \"这里有一个很大的农贸市场，在这里我们可以见到各种各样的食物。\", \"id\" : \"15uaSJBHDBSkpc8D1w9CfC\", \"脚本\" : \"\", \"分类一\" : \"人与社会\", \"中文名称\" : \"在市场\", \"词汇量\" : 43, \"英文名称\" : \"At the Market\"}"
"{\"阅读时长\" : 36, \"年级\" : \"threeGrade,fourGrade,fiveGrade\", \"封面\" : \"eyyb\\/system\\/hbyd\\/20241115\\/73badbb06f619759c4955e8f580f6f8b\\/1731634205179_597.jpg\", \"主题\" : \"制定计划\", \"分类二\" : \"思维培养\", \"单词\" : \"water,plan,seed,dirt\", \"简介\" : \"一粒种子、一堆泥土、一缕阳光······绘本中的女孩让一粒小小的种子，茁壮成长，最后结出美味的甜豌豆。她是如何做到的呢？\", \"id\" : \"3Jn1AiPhRLEjXdkm9smC1H\", \"脚本\" : \"\", \"分类一\" : \"人与自我\", \"中文名称\" : \"我可以制定计划\", \"词汇量\" : 228, \"英文名称\" : \"I Can Make a Plan\"}"
"{\"阅读时长\" : 228, \"年级\" : \"fiveGrade,sixGrade\", \"封面\" : \"hbyd\\/20190801\\/f50d5a846d16d5ff7a98d88822da2f23\\/Mr_Whisper_and_the_Road_Works.jpg\", \"主题\" : \"故事\", \"分类二\" : \"趣味故事\", \"单词\" : \"pack,tie,terrible,noise,truck,think,boss,road,roller,voice,country,quiet,digger\", \"简介\" : \"悄悄话先生家外面的马路在施工，噪音非常大。他该怎么办呢？\", \"id\" : \"3VVuGbDJSYvhMFm6XE4t7w\", \"脚本\" : \"\", \"分类一\" : \"人与社会\", \"中文名称\" : \"悄悄话先生和道路施工\", \"词汇量\" : 323, \"英文名称\" : \"Mr Whisper and the Road Works\"}"
"{\"阅读时长\" : 64, \"年级\" : \"fourGrade,fiveGrade,sixGrade\", \"封面\" : \"eyyb\\/system\\/hbyd\\/20220524\\/b739472069295a36b1d9e30506ac7423\\/1653378558183_350.jpg\", \"主题\" : \"日常\\/其他活动\", \"分类二\" : \"亲情友情\", \"单词\" : \"beach,jump,play,read,grab,water,hot,toe,shark\", \"简介\" : \"杰西正在读一本关于鲨鱼的书，爸爸告诉他海边有小鲨鱼，所以杰西和爸爸还有山姆一起去到了海滩，他们会遇到鲨鱼吗？\", \"id\" : \"14SCyZ11xFFehR1Tz9D31\", \"脚本\" : \"\", \"分类一\" : \"人与社会\", \"中文名称\" : \"在海滩\", \"词汇量\" : 234, \"英文名称\" : \"At the Beach\"}"
"{\"阅读时长\" : 28, \"年级\" : \"threeGrade,fourGrade,fiveGrade\", \"封面\" : \"eyyb\\/system\\/hbyd\\/20240523\\/56c570b3a481428ebc7b5b7448ae9e30\\/1716455778660_903.jpg\", \"主题\" : \"物品\", \"分类二\" : \"生活常识\", \"单词\" : \"chair,sail,look,the,at,white,are,blue,pink,umbrella,and,red,have\", \"简介\" : \"绘本带领孩子们来到阳光明媚的海滩，看看那些带有条纹图案的沙滩物品。这本书通过简单的句型和生动的插图，帮助孩子们学习相关物品的英文词汇，同时认识不同物品的条纹和颜色。\", \"id\" : \"234xXez1FUVhj5phPBnuGL\", \"脚本\" : \"\", \"分类一\" : \"人与社会\", \"中文名称\" : \"海滩上的条纹\", \"词汇量\" : 121, \"英文名称\" : \"Stripes at the Beach\"}"
"{\"阅读时长\" : 28, \"年级\" : \"twoGrade,threeGrade,fourGrade\", \"封面\" : \"eyyb\\/system\\/hbyd\\/20240528\\/e7c45a43b5579f9952935169504fa43e\\/1716859099310_121.jpg\", \"主题\" : \"衣物\", \"分类二\" : \"健康教育\", \"单词\" : \"shirt,raincoat,glove,my,this,I,shoes\", \"简介\" : \"通过简单的句型和生动的插图，孩子们将学习如何用英语表达自己穿戴不同的衣物，包括衬衫、雨衣、运动衫、鞋子和手套。\", \"id\" : \"26YJMVfgp7fMXDjtAkGa5K\", \"脚本\" : \"\", \"分类一\" : \"人与自我\", \"中文名称\" : \"我的衣服\", \"词汇量\" : 50, \"英文名称\" : \"My Clothes\"}"
"{\"阅读时长\" : 40, \"年级\" : \"oneGrade,twoGrade,threeGrade\", \"封面\" : \"eyyb\\/system\\/hbyd\\/20241104\\/acc24aa5e5554da32b2d1b2457b020c3\\/1730686953098_715.png\", \"主题\" : \"如何种植\", \"分类二\" : \"社会交往\", \"单词\" : \"like,plant,sit,tomato,see\", \"简介\" : \"小朋友们一起种植物，有人挖土，有人播种，有人浇水……你知道他们种植的是什么植物吗？阅读时注意“n”在Nan、Nat中的正确发音。\", \"id\" : \"38xq8CnvbauJ6nTUJkc9b9\", \"脚本\" : \"\", \"分类一\" : \"人与社会\", \"中文名称\" : \"我们种植\", \"词汇量\" : 20, \"英文名称\" : \"We Plant\"}"
"{\"阅读时长\" : 53, \"年级\" : \"threeGrade,fourGrade\", \"封面\" : \"eyyb\\/system\\/hbyd\\/20211119\\/d95b26191933b9c471cacefd9d906823\\/1637285257772_661.jpg\", \"主题\" : \"动物\", \"分类二\" : \"自然科学\", \"单词\" : \"butterfly,bee,park,dog,duck,child\", \"简介\" : \"春天到了，公园里的小动物们都出来活动了，有可爱的鸭子们，有勤劳的小蜜蜂，有美丽的蝴蝶，还有······\", \"id\" : \"2rejgc5dM9iwHVQU8A9h6G\", \"脚本\" : \"\", \"分类一\" : \"人与自然\", \"中文名称\" : \"公园里\", \"词汇量\" : 33, \"英文名称\" : \"In the Park\"}"
"{\"阅读时长\" : 45, \"年级\" : \"fourGrade\", \"封面\" : \"\\/bookread\\/userfiles2\\/1\\/files\\/APP\\/kantupeiyin\\/4x\\/Wishy-Washy Tractor 1.jpg\", \"主题\" : \"\", \"分类二\" : \"\", \"单词\" : \"\", \"简介\" : \"null\", \"id\" : \"25d41f28f3d64496b647aab8fa594f9a\", \"脚本\" : \"\", \"分类一\" : \"\", \"中文名称\" : \"null\", \"词汇量\" : \"\", \"英文名称\" : \"Wishy-Washy Tractor  拖拉机陷住了\"}"
"{\"阅读时长\" : 28, \"年级\" : \"twoGrade,threeGrade\", \"封面\" : \"eyyb\\/system\\/hbyd\\/20241204\\/7b790976f40d7bea1a28e23003bd0607\\/1733280952943_563.png\", \"主题\" : \"常见职业特征\", \"分类二\" : \"职业认知\", \"单词\" : \"you,I,what,pilot,firefighter,doctor\", \"简介\" : \"这本绘本以一个小镇为背景，引导孩子们思考自己长大后想成为什么样的人。介绍了建筑工人、医生、消防员和飞行员等职业，激发孩子们对未来的憧憬和梦想。\", \"id\" : \"3WW6UmreVEWBXjNgXBD9zu\", \"脚本\" : \"\", \"分类一\" : \"人与社会\", \"中文名称\" : \"你将来会成为什么？\", \"词汇量\" : 94, \"英文名称\" : \"What Will You Be?\"}"
"{\"阅读时长\" : 70, \"年级\" : \"sixGrade\", \"封面\" : \"\\/bookread\\/userfiles2\\/1\\/files\\/APP\\/kantupeiyin\\/6S\\/Panda’s Tummy.jpg\", \"主题\" : \"\", \"分类二\" : \"\", \"单词\" : \"\", \"简介\" : \"null\", \"id\" : \"06bf6f3b130747bda73d80b5d0b5dfb4\", \"脚本\" : \"\", \"分类一\" : \"\", \"中文名称\" : \"null\", \"词汇量\" : \"\", \"英文名称\" : \"Panda&rsquo;s Tummy  帕多的大肚子\"}"
"{\"阅读时长\" : 32, \"年级\" : \"oneGrade,twoGrade,threeGrade\", \"封面\" : \"eyyb\\/system\\/hbyd\\/20240528\\/5fa4abf63ddfa9fbd88c1798e977fa83\\/1716896888055_580.jpg\", \"主题\" : \"劳动与生活\", \"分类二\" : \"趣味故事\", \"单词\" : \"spider,pond,cook,trick,drop,grape,lion,look,roar,run,grab,eat,point,mad\", \"简介\" : \"绘本以蜘蛛阿南西为主角，描述了蜘蛛的看、指向、抓取、跑、烹饪和吃等行为，展现了蜘蛛运用智慧和策略获取食物的过程。\", \"id\" : \"12LidsC4m29CffrujwuWFr\", \"脚本\" : \"\", \"分类一\" : \"人与社会\", \"中文名称\" : \"蜘蛛阿南西做晚餐\", \"词汇量\" : 203, \"英文名称\" : \"Anansi the Spider Makes Dinner\"}"
"{\"阅读时长\" : 657, \"年级\" : \"sixGrade\", \"封面\" : \"eyyb\\/system\\/hbyd\\/20201215\\/36336950bc92564ddf1a2476da600ef0\\/1608017307451_20.jpg\", \"主题\" : \"\", \"分类二\" : \"\", \"单词\" : \"\", \"简介\" : \"null\", \"id\" : \"2CKkSfqKSi4J1WrYt7BAxw\", \"脚本\" : \"\", \"分类一\" : \"\", \"中文名称\" : \"null\", \"词汇量\" : \"\", \"英文名称\" : \"Winnie's New Computer\"}"
"{\"阅读时长\" : 92, \"年级\" : \"zonghe\", \"封面\" : \"\\/bookread\\/userfiles2\\/1\\/files\\/APP\\/kantupeiyin\\/Xce\\/01-Cornflakes300.jpg\", \"主题\" : \"\", \"分类二\" : \"\", \"单词\" : \"\", \"简介\" : \"null\", \"id\" : \"296cc592338546b485696a84fced3f2c\", \"脚本\" : \"\", \"分类一\" : \"\", \"中文名称\" : \"null\", \"词汇量\" : \"\", \"英文名称\" : \"Cornflakes  玉 米 片\"}"
"{\"阅读时长\" : 113, \"年级\" : \"twoGrade,threeGrade,fourGrade\", \"封面\" : \"eyyb\\/system\\/hbyd\\/20211221\\/24d12cc479419bfbfce6699a18c6ad75\\/1640066702742_594.jpg\", \"主题\" : \"天气的特征\", \"分类二\" : \"趣味故事\", \"单词\" : \"windy,like,cloudy,weather,snowy\", \"简介\" : \"两个外星人来到地球，他们遇到了什么样的天气呢？\", \"id\" : \"2SUNtviAMKyb3EUSQAdtdx\", \"脚本\" : \"\", \"分类一\" : \"人与社会\", \"中文名称\" : \"你是认真的吗？\", \"词汇量\" : 117, \"英文名称\" : \"Are You Serious?\"}"
"{\"阅读时长\" : 71, \"年级\" : \"zonghe\", \"封面\" : \"\\/bookread\\/userfiles2\\/1\\/files\\/APP\\/kantupeiyin\\/Xce\\/Ice Cream300.jpg\", \"主题\" : \"\", \"分类二\" : \"\", \"单词\" : \"\", \"简介\" : \"null\", \"id\" : \"2f287d8efc844867bbe332e1e7098fe5\", \"脚本\" : \"\", \"分类一\" : \"\", \"中文名称\" : \"null\", \"词汇量\" : \"\", \"英文名称\" : \"Ice Cream   冰 激 凌\"}"
"{\"阅读时长\" : 36, \"年级\" : \"fourGrade,fiveGrade,sixGrade\", \"封面\" : \"eyyb\\/system\\/hbyd\\/20220524\\/3600b10bd6bfaf214c1d8edd3f732e54\\/1653383010165_229.jpg\", \"主题\" : \"劳动与家庭\", \"分类二\" : \"亲情友情\", \"单词\" : \"peanut,ice cream,snack,ant,butter,raisin,celery\", \"简介\" : \"双胞胎回到家想吃零食了，于是爸爸打算和他们一起做零食——“蚂蚁上树”。他们是怎么做的呢？一起来看看吧！\", \"id\" : \"17ae4dWzwWfkc42tFsPPRT\", \"脚本\" : \"\", \"分类一\" : \"人与社会\", \"中文名称\" : \"蚂蚁上树\", \"词汇量\" : 241, \"英文名称\" : \"Ants on a Log\"}"
"{\"阅读时长\" : 66, \"年级\" : \"fiveGrade\", \"封面\" : \"\\/bookread\\/userfiles2\\/1\\/files\\/APP\\/kantupeiyin\\/5X\\/Miss Doll Is Missing 1.jpg\", \"主题\" : \"\", \"分类二\" : \"\", \"单词\" : \"\", \"简介\" : \"null\", \"id\" : \"0be4a1b158764ffc9d0b66873c379362\", \"脚本\" : \"\", \"分类一\" : \"\", \"中文名称\" : \"null\", \"词汇量\" : \"\", \"英文名称\" : \"Miss Doll Is Missing  朵儿小姐不见了\"}"
"{\"阅读时长\" : 28, \"年级\" : \"threeGrade,fourGrade,fiveGrade\", \"封面\" : \"eyyb\\/system\\/hbyd\\/20240528\\/e14dcea387b9d2d3a7f312931754441e\\/1716895698392_758.jpg\", \"主题\" : \"爱好\", \"分类二\" : \"文学艺术\", \"单词\" : \"drum,now,guitar,piano,trumpet,play\", \"简介\" : \"绘本展示了孩子们演奏鼓、钢琴、吉他和小号等乐器，体现了对音乐的热爱。通过对话形式，呈现孩子们积极分享音乐的场景。绘本风格活泼，激励孩子发展自己的兴趣爱好。\", \"id\" : \"3RBe3tD1U4jEnBFTPXJsXP\", \"脚本\" : \"\", \"分类一\" : \"人与社会\", \"中文名称\" : \"我会演奏音乐\", \"词汇量\" : 120, \"英文名称\" : \"I Can Play Music\"}"
"{\"阅读时长\" : 32, \"年级\" : \"twoGrade,threeGrade,fourGrade\", \"封面\" : \"eyyb\\/system\\/hbyd\\/20251124\\/9adee296594b45f1c2f37796b3b50bb4\\/1763970654222_582.jpg\", \"主题\" : \"科学技术的描述\", \"分类二\" : \"科学技术\", \"单词\" : \"water,sun,small,waste,paper,dry\", \"简介\" : \"造纸术是中国古代四大发明之一。造纸程序繁杂，其中晾晒是重要环节。一起来学造纸吧！\", \"id\" : \"2tMbJeHoLWfbj31XmLZmRn\", \"脚本\" : \",,,,,,,,,,,,\", \"分类一\" : \"人与社会\", \"中文名称\" : \"造纸\", \"词汇量\" : 28, \"英文名称\" : \"Paper-making\"}"
"{\"阅读时长\" : 50, \"年级\" : \"fiveGrade\", \"封面\" : \"\\/bookread\\/userfiles2\\/b183fa1aee1d4b05a2a62839e9fb93c4\\/files\\/cat.jpg\", \"主题\" : \"\", \"分类二\" : \"\", \"单词\" : \"\", \"简介\" : \"null\", \"id\" : \"2c5b760148704ffab347d776a609319e\", \"脚本\" : \"\", \"分类一\" : \"\", \"中文名称\" : \"null\", \"词汇量\" : \"\", \"英文名称\" : \"Wishy-Washy Cat  乖巧的猫咪\"}"
"{\"阅读时长\" : 255, \"年级\" : \"threeGrade,fourGrade\", \"封面\" : \"hbyd\\/20190614\\/b8bf5286b5ba7a922887fba882bd3714\\/I Am Snow.jpg\", \"主题\" : \"\", \"分类二\" : \"\", \"单词\" : \"\", \"简介\" : \"null\", \"id\" : \"23rMWW8HT7en5MgwDQb8De\", \"脚本\" : \"\", \"分类一\" : \"\", \"中文名称\" : \"null\", \"词汇量\" : \"\", \"英文名称\" : \"I Am Snow\"}"
"{\"阅读时长\" : 28, \"年级\" : \"threeGrade,fourGrade,fiveGrade\", \"封面\" : \"eyyb\\/system\\/hbyd\\/20241127\\/f9789ff887f325f76f56c8ab83edab46\\/1732694318206_464.png\", \"主题\" : \"关怀他人\", \"分类二\" : \"亲情友情\", \"单词\" : \"dog,name,where,place,granny,home,shed,barn,stable,in,even,farmer\", \"简介\" : \"农民布朗和他的家人寻找不见的狗宾果。他们找遍了谷仓、棚屋、鸡舍、马厩、猪圈和草地，最后在狗屋找到了宾果。\", \"id\" : \"2oVRbSnJtWv2q6Pd1nwyJT\", \"脚本\" : \"\", \"分类一\" : \"人与社会\", \"中文名称\" : \"宾果，回家吧！\", \"词汇量\" : 201, \"英文名称\" : \"Bingo, Come Home!\"}"
"{\"阅读时长\" : 28, \"年级\" : \"twoGrade,threeGrade\", \"封面\" : \"eyyb\\/system\\/hbyd\\/20241128\\/c65231f3f59b41620d3712109e781957\\/1732777878733_71.png\", \"主题\" : \"帮助他人,社会交往\", \"分类二\" : \"社会交往\", \"单词\" : \"everyone,daughter,fresh,get,hot,bun,happy,penny,seller,son,sad,have,your,like\", \"简介\" : \"Tom、Joe、Sara和Amy都喜欢热十字面包（复活节的特色面包），可是Joe和Amy因没有钱买面包而变得伤心难过，有人会帮助他们吗？每个人都能吃到热腾腾的面包吗？\", \"id\" : \"17CShHHrXcUUrqo9gdmVyk\", \"脚本\" : \"\", \"分类一\" : \"人与社会\", \"中文名称\" : \"人人有热十字面包\", \"词汇量\" : 191, \"英文名称\" : \"Hot Cross Buns for Everyone\"}"
"{\"阅读时长\" : 39, \"年级\" : \"fourGrade\", \"封面\" : \"\\/bookread\\/userfiles2\\/1\\/files\\/APP\\/kantupeiyin\\/4x\\/Wishy-Washy Letter 1.jpg\", \"主题\" : \"\", \"分类二\" : \"\", \"单词\" : \"\", \"简介\" : \"null\", \"id\" : \"1d432fa38bfc43fcbd4b7bbae3965432\", \"脚本\" : \"\", \"分类一\" : \"\", \"中文名称\" : \"null\", \"词汇量\" : \"\", \"英文名称\" : \"Wishy-Washy Letter  洗刷刷太太的信\"}"
"{\"阅读时长\" : 140, \"年级\" : \"twoGrade,threeGrade,fourGrade\", \"封面\" : \"eyyb\\/system\\/hbyd\\/20211220\\/196a75df2dbb04c738a9b4dee12ccd33\\/1639988410779_2.jpg\", \"主题\" : \"水果\", \"分类二\" : \"生活常识\", \"单词\" : \"classroom,lemon,pear,orange,banana,market,apple\", \"简介\" : \"今天河马老师要教学生水果的名称，河马老师带来了哪些水果呢？一起来认识认识吧！\", \"id\" : \"2DiVqKg9fni7u8JGpyQ6h2\", \"脚本\" : \"\", \"分类一\" : \"人与社会\", \"中文名称\" : \"学习水果的名字\", \"词汇量\" : 147, \"英文名称\" : \"Learn the Names of Fruits\"}"
"{\"阅读时长\" : 56, \"年级\" : \"fiveGrade\", \"封面\" : \"\\/bookread\\/userfiles2\\/1\\/files\\/APP\\/kantupeiyin\\/5X\\/Wishy-Washy Mirror 1.jpg\", \"主题\" : \"\", \"分类二\" : \"\", \"单词\" : \"\", \"简介\" : \"null\", \"id\" : \"1a4a5977c8bb48e187ca084a2f575b34\", \"脚本\" : \"\", \"分类一\" : \"\", \"中文名称\" : \"null\", \"词汇量\" : \"\", \"英文名称\" : \"Wishy-Washy Mirror  谁的画像\"}"
"{\"阅读时长\" : 468, \"年级\" : \"fourGrade,fiveGrade,sixGrade\", \"封面\" : \"eyyb\\/system\\/hbyd\\/20220705\\/0c923e3ccc163fefa46dd102137876bb\\/1656989818895_318.jpg\", \"主题\" : \"\", \"分类二\" : \"神话故事\", \"单词\" : \"\", \"简介\" : \"很久很久以前，天和地还没有分开，宇宙混沌一片。在这个混沌的宇宙中，孕育着一个叫盘古的巨人。有一天，盘古伸出手，拿起身边的斧子，将天和地劈开了······\", \"id\" : \"2N9kX8cbN8ZUmud2MdX8vK\", \"脚本\" : \"\", \"分类一\" : \"中文绘本\", \"中文名称\" : \"\", \"词汇量\" : 28, \"英文名称\" : \"盘古开天地\"}"
"{\"阅读时长\" : 49, \"年级\" : \"twoGrade,threeGrade,fourGrade\", \"封面\" : \"eyyb\\/system\\/hbyd\\/20211216\\/389aab68fde94cc22324633fcea93459\\/1639640422632_148.jpg\", \"主题\" : \"社会交往\", \"分类二\" : \"生活习惯\", \"单词\" : \"fine,see,glad,too,now,night,again,play\", \"简介\" : \"猫头鹰想找小伙伴一起玩耍，但是却没人陪猫头鹰玩耍，这是为什么呢？\", \"id\" : \"3FH2kunop4grmTgNcNZjzg\", \"脚本\" : \"\", \"分类一\" : \"人与自我\", \"中文名称\" : \"没人和我玩\", \"词汇量\" : 51, \"英文名称\" : \"Nobody Plays With Me\"}"
"{\"阅读时长\" : 36, \"年级\" : \"twoGrade,threeGrade,fourGrade\", \"封面\" : \"eyyb\\/system\\/hbyd\\/20240523\\/f8ace4d72ef8255c4c28d52e73d4937f\\/1716454595427_377.jpg\", \"主题\" : \"公共场所\", \"分类二\" : \"社会交往\", \"单词\" : \"bakery,we,library\", \"简介\" : \"你认识Sam吗？那你知道Sam喜欢哪些地方吗？打开这本书，和我们一起探索吧！阅读的同时，注意“S”在Sam中的正确发音。\", \"id\" : \"1kRN5Ni9qbwKSaeraCLEw\", \"脚本\" : \"\", \"分类一\" : \"人与社会\", \"中文名称\" : \"我们喜欢山姆\", \"词汇量\" : 85, \"英文名称\" : \"We Like Sam\"}"
"{\"阅读时长\" : 36, \"年级\" : \"threeGrade,fourGrade,fiveGrade\", \"封面\" : \"eyyb\\/system\\/hbyd\\/20240528\\/d57faf25c7d02aa18f522a45ccf1edd0\\/1716896408177_148.jpg\", \"主题\" : \"学校活动\", \"分类二\" : \"校园生活\", \"单词\" : \"class,art room,library,school,do,playground\", \"简介\" : \"绘本通过不同的人物分别展示学校的各个场所，如班级、图书馆、美术室、午餐室、操场和音乐室等，呈现出丰富多样的学校生活。\", \"id\" : \"4mkhTs7kGeTcsXYnQg6ShG\", \"脚本\" : \"\", \"分类一\" : \"人与社会\", \"中文名称\" : \"在我的学校\", \"词汇量\" : 260, \"英文名称\" : \"At My School\"}"
"{\"阅读时长\" : 36, \"年级\" : \"threeGrade,fourGrade,fiveGrade\", \"封面\" : \"eyyb\\/system\\/hbyd\\/20241101\\/76d7e476c2b2f0d167724a7bd6c82766\\/1730448118225_900.png\", \"主题\" : \"善待生命\", \"分类二\" : \"趣味故事\", \"单词\" : \"sleep,cow,sheep,farmer,night,pig\", \"简介\" : \"一个寒冷的夜晚，农场里的动物们在谷仓里冻得瑟瑟发抖，小猪、小牛、山羊和绵羊能不能温暖舒适地进入梦乡呢？\", \"id\" : \"5Vs1jZFf5fM2syzwbBjvez\", \"脚本\" : \"\", \"分类一\" : \"人与社会\", \"中文名称\" : \"农场里一个寒冷的夜晚\", \"词汇量\" : 167, \"英文名称\" : \"One Frosty Night at the Farm\"}"
"{\"阅读时长\" : 78, \"年级\" : \"sixGrade\", \"封面\" : \"\\/bookread\\/userfiles2\\/1\\/files\\/APP\\/kantupeiyin\\/6X\\/Rocking Race 1.jpg\", \"主题\" : \"\", \"分类二\" : \"\", \"单词\" : \"\", \"简介\" : \"null\", \"id\" : \"46963a17110a40ec95106534d80df004\", \"脚本\" : \"\", \"分类一\" : \"\", \"中文名称\" : \"null\", \"词汇量\" : \"\", \"英文名称\" : \"Rocking Race  摇摇马比赛\"}"
"{\"阅读时长\" : 82, \"年级\" : \"fourGrade,fiveGrade,threeGrade\", \"封面\" : \"eyyb\\/system\\/hbyd\\/20211105\\/768ad15fcadd39b63b7eed3a50673af3\\/1636102268771_375.jpg\", \"主题\" : \"劳动的描述\", \"分类二\" : \"文学艺术\", \"单词\" : \"plane,cut,car,need,stick,paint,boat\", \"简介\" : \"同学们，你们会制作小船、汽车还有飞机吗？赶紧来看看，和我一起动动手吧！\", \"id\" : \"414aiPbYAyaYMiA8dbrCqv\", \"脚本\" : \"\", \"分类一\" : \"人与社会\", \"中文名称\" : \"和我一起做\", \"词汇量\" : 57, \"英文名称\" : \"Play With Me\"}"
"{\"阅读时长\" : 36, \"年级\" : \"threeGrade,fourGrade,fiveGrade\", \"封面\" : \"eyyb\\/system\\/hbyd\\/20241101\\/e7e825ece31b02ea86d9fac73880e90f\\/1730451227522_768.png\", \"主题\" : \"人与自然\", \"分类二\" : \"自然科学\", \"单词\" : \"cat,grass,tree,flower\", \"简介\" : \"看向窗外，你看到了什么？带着好奇走出房门，在大自然的怀抱里做一名小观察员吧！一起去看看树枝上的螳螂、池塘里的青蛙、花朵上的蜘蛛、躲在大树后的小猫······\", \"id\" : \"56zkZZX8k2MK61sTocq76N\", \"脚本\" : \"\", \"分类一\" : \"人与自然\", \"中文名称\" : \"观光步行\", \"词汇量\" : 110, \"英文名称\" : \"Sight Walk\"}"
"{\"阅读时长\" : 20, \"年级\" : \"twoGrade,threeGrade,fourGrade\", \"封面\" : \"eyyb\\/system\\/hbyd\\/20251124\\/ad0ba90144daaf2725f0be97ba9e7421\\/1763974696035_900.jpg\", \"主题\" : \"中国文化体验\", \"分类二\" : \"趣味故事\", \"单词\" : \"need,rain,health,world,happy,fire\", \"简介\" : \"为什么大暑这一天最热呢？这里面还藏着一个有趣的传说呢！相传，天帝命火神祝融下凡，掌管人间暑热······\", \"id\" : \"45zrHj34wywX97Sis2edWB\", \"脚本\" : \",,,,,,,,,,,,,,,,,,\", \"分类一\" : \"人与社会\", \"中文名称\" : \"大暑的传说\", \"词汇量\" : 101, \"英文名称\" : \"The Story of Major Heat\"}"
"{\"阅读时长\" : 36, \"年级\" : \"twoGrade,threeGrade,fourGrade\", \"封面\" : \"eyyb\\/system\\/hbyd\\/20231023\\/318072313f3cb5c1f945276d0a1f55d6\\/1698041947571_428.jpg\", \"主题\" : \"\", \"分类二\" : \"交通运输\", \"单词\" : \"bike,bus,car,traffic\", \"简介\" : \"今天马路上交通堵塞了。在马路上可以看到单车、摩托车、公共汽车、货车、小汽车、卡车还有堵车！\", \"id\" : \"4ZBxXGYbdN2rSVoz9tceby\", \"脚本\" : \"\", \"分类一\" : \"人与社会\", \"中文名称\" : \"交通\", \"词汇量\" : 29, \"英文名称\" : \"Traffic\"}"
"{\"阅读时长\" : 148, \"年级\" : \"threeGrade,fourGrade\", \"封面\" : \"hbyd\\/20191220\\/fd5f7c2a4c00cae9db7ab43dbb335d4c\\/Five_Little_Men_In_A_Flying_Saucer_1.jpg\", \"主题\" : \"\", \"分类二\" : \"\", \"单词\" : \"\", \"简介\" : \"null\", \"id\" : \"4Q9Zo68sp6idT9vcxutFds\", \"脚本\" : \"\", \"分类一\" : \"\", \"中文名称\" : \"null\", \"词汇量\" : \"\", \"英文名称\" : \"Five Little Men in a Flying Saucer\"}"
"{\"阅读时长\" : 33, \"年级\" : \"threeGrade\", \"封面\" : \"eyyb\\/system\\/hbyd\\/20220402\\/36c36283ae1f57739620b61778e5b250\\/1648887089938_882.jpg\", \"主题\" : \"\", \"分类二\" : \"生活常识\", \"单词\" : \"neck,hand,foot,me,hair,face,this\", \"简介\" : \"一场神秘的袜子展览会开始啦，有红的、蓝的、黄的……\", \"id\" : \"5CWXLE1eXcHnJAFj5XNSFr\", \"脚本\" : \"\", \"分类一\" : \"人与社会\", \"中文名称\" : \"瞧瞧这些袜子！\", \"词汇量\" : 34, \"英文名称\" : \"Look at These Socks!\"}"
"{\"阅读时长\" : 340, \"年级\" : \"sixGrade,fiveGrade,fourGrade,threeGrade\", \"封面\" : \"eyyb\\/system\\/hbyd\\/20211115\\/8118b6fe24bfed8b777d34364cb1dbc6\\/1636959906624_905.jpg\", \"主题\" : \"诚实\", \"分类二\" : \"趣味故事\", \"单词\" : \"bored,sheep,arrive,help,cry,run,fun,boy,climb\", \"简介\" : \"从前有个小男孩儿，生活在村庄里，照看着他的羊群。但他很孤独，于是想出了一个主意······\", \"id\" : \"4FM7MhLoXtRE48oPBRHcSK\", \"脚本\" : \"\", \"分类一\" : \"人与社会\", \"中文名称\" : \"狼来了\", \"词汇量\" : 400, \"英文名称\" : \"The Boy Who Cried Wolf\"}"
"{\"阅读时长\" : 97, \"年级\" : \"fourGrade,fiveGrade,sixGrade\", \"封面\" : \"eyyb\\/system\\/hbyd\\/20211116\\/d5c2ec04a0352194dc23e9ef5c69ce4e\\/1637029101246_812.jpg\", \"主题\" : \"动物\", \"分类二\" : \"自然科学\", \"单词\" : \"body,sting,lionfish,fin,scorpion,bee,jellyfish,animal,else,tail\", \"简介\" : \"我们都知道蜜蜂会叮人，还有什么动物也会叮人呢？我们一起来看看吧！\", \"id\" : \"4tTLqjzrgMBoPxncaSpEG3\", \"脚本\" : \"\", \"分类一\" : \"人与自然\", \"中文名称\" : \"叮人的动物\", \"词汇量\" : 78, \"英文名称\" : \"Animals That Sting\"}"
"{\"阅读时长\" : 36, \"年级\" : \"twoGrade,threeGrade,fourGrade\", \"封面\" : \"eyyb\\/system\\/hbyd\\/20240522\\/c9a1a83d50defde69719f2a6aa7c15d2\\/1716358532290_706.jpg\", \"主题\" : \"农场动物\", \"分类二\" : \"生活常识\", \"单词\" : \"bee,cow,hen\", \"简介\" : \"帕特是一位快乐的农夫，一起来看看他的农场里有什么吧！阅读的同时注意字母“P”在Pat、pip中的正确发音。\", \"id\" : \"5Ef6UAY4NAPYwLdNEm6PAz\", \"脚本\" : \"\", \"分类一\" : \"人与社会\", \"中文名称\" : \"我是帕特\", \"词汇量\" : 33, \"英文名称\" : \"I Am Pat\"}"
"{\"阅读时长\" : 20, \"年级\" : \"fourGrade,fiveGrade,sixGrade\", \"封面\" : \"eyyb\\/system\\/hbyd\\/20240528\\/434b3d3adf9f5d1e13c01c0f3c6fbc87\\/1716859365556_879.jpg\", \"主题\" : \"动物习性\", \"分类二\" : \"自然科学\", \"单词\" : \"ear,desert,weigh,litre,drinking,transform,week,thirst,survive,without,minute,seal,sandstorm\", \"简介\" : \"单峰骆驼是一种可以适应极端沙漠环境的大型哺乳动物。它们以其卓越的生存能力而闻名。绘本将带学生了解单峰骆驼的生理特征和它们如何在恶劣的沙漠条件下生存。\", \"id\" : \"4twwW5MgZ7dpH1UD8smEAa\", \"脚本\" : \"\", \"分类一\" : \"人与自然\", \"中文名称\" : \"单峰骆驼\", \"词汇量\" : 48, \"英文名称\" : \"Dromedary\"}"
"{\"阅读时长\" : 32, \"年级\" : \"oneGrade,twoGrade,threeGrade\", \"封面\" : \"eyyb\\/system\\/hbyd\\/20241104\\/8fae032fea0d98545e40c6fec5ac4b17\\/1730688772310_163.png\", \"主题\" : \"我的玩具\", \"分类二\" : \"生活常识\", \"单词\" : \"doll,basketball,car,plane,boat\", \"简介\" : \"游戏时间到了，一起来数一数，玩一玩。这里有很多玩具：一个篮球、两艘小船、三架飞机、四辆车、五个洋娃娃。\", \"id\" : \"4cAmy3BDDBKxnfxuVR3eVL\", \"脚本\" : \"\", \"分类一\" : \"人与社会\", \"中文名称\" : \"在家的游戏时间\", \"词汇量\" : 28, \"英文名称\" : \"Playtime at Home\"}"
"{\"阅读时长\" : 31, \"年级\" : \"threeGrade,fourGrade,fiveGrade\", \"封面\" : \"eyyb\\/system\\/hbyd\\/20211116\\/9bd7aa527217fe164f5343918423e526\\/1637032728996_943.jpg\", \"主题\" : \"中西方文化差异\", \"分类二\" : \"社会交往\", \"单词\" : \"birthday,party,noodle,read,Australia,hit,Mexico,drink,Japan,juice,eat\", \"简介\" : \"生日的时候你会做什么呢？吃生日蛋糕？吃长寿面？其他国家的人又会做什么呢？我们一起来看看吧！\", \"id\" : \"3jvsGqPtW5hD59S4Mqgrq1\", \"脚本\" : \"\", \"分类一\" : \"人与社会\", \"中文名称\" : \"生日聚会\", \"词汇量\" : 41, \"英文名称\" : \"Birthday Parties\"}"
"{\"阅读时长\" : 36, \"年级\" : \"fiveGrade,sixGrade\", \"封面\" : \"eyyb\\/system\\/hbyd\\/20220526\\/fb04fbc853d457c5d9791e90c378bcb5\\/1653550333282_144.jpg\", \"主题\" : \"帮助他人\", \"分类二\" : \"社会交往\", \"单词\" : \"grab,lion,wake,friend,little,help,run,eat,mouse\", \"简介\" : \"正在睡觉的狮子被老鼠吵醒了，他准备吃掉老鼠。老鼠求饶并说有一天必将报恩，没想到狮子······\", \"id\" : \"5GQRPbNczhqUgyX5KsRV6x\", \"脚本\" : \"\", \"分类一\" : \"人与社会\", \"中文名称\" : \"狮子和老鼠\", \"词汇量\" : 432, \"英文名称\" : \"The Lion and the Mouse\"}"
"{\"阅读时长\" : 193, \"年级\" : \"sixGrade\", \"封面\" : \"\\/bookread\\/userfiles2\\/1\\/files\\/APP\\/kantupeiyin\\/5X\\/Five Little Monkeys Sitting In A Tree\\/Five Little Monkeys Sitting In A Tree.jpg\", \"主题\" : \"\", \"分类二\" : \"\", \"单词\" : \"\", \"简介\" : \"null\", \"id\" : \"4gnVJnVBmAp1Mhj92hYnLV\", \"脚本\" : \"\", \"分类一\" : \"\", \"中文名称\" : \"null\", \"词汇量\" : \"\", \"英文名称\" : \"Five Little Monkeys Sitting In A Tree 五只猴子在树上\"}"
"{\"阅读时长\" : 688, \"年级\" : \"zonghe\", \"封面\" : \"\\/bookread\\/userfiles2\\/1\\/files\\/APP\\/kantupeiyin\\/Xce\\/21-lolipop300.jpg\", \"主题\" : \"\", \"分类二\" : \"\", \"单词\" : \"\", \"简介\" : \"null\", \"id\" : \"4154421e80304a5eb87d3f627e329da9\", \"脚本\" : \"\", \"分类一\" : \"\", \"中文名称\" : \"null\", \"词汇量\" : \"\", \"英文名称\" : \"Lollipop  棒 棒 糖\"}"
"{\"阅读时长\" : 20, \"年级\" : \"sixGrade\", \"封面\" : \"eyyb\\/system\\/hbyd\\/20240529\\/c40aefeb26e24c772be6b3702165c09d\\/1716970309199_565.png\", \"主题\" : \"行为\", \"分类二\" : \"环境保护\", \"单词\" : \"decade,reduce,glacier,edition,predict,minimum,researcher,Canada,recycle\", \"简介\" : \"这本绘本概述了全球变暖的严峻现实和影响。指出北极可能在2040年迎来首个无冰夏天，20世纪末是400年来最热时期，冰川国家公园的冰川数量急剧减少。工业化、森林砍伐和污染是主要原因，而减少、再利用和回收是应对措施。\", \"id\" : \"4KuHd4UNA3PviQsE1YVtQn\", \"脚本\" : \"\", \"分类一\" : \"人与自然\", \"中文名称\" : \"全球变暖\", \"词汇量\" : 330, \"英文名称\" : \"Global Warming\"}"
"{\"阅读时长\" : 64, \"年级\" : \"fourGrade,fiveGrade,sixGrade\", \"封面\" : \"eyyb\\/system\\/hbyd\\/20240328\\/9248bdb1bbfa2b3f5895a8f553d59730\\/1711587033113_26.jpg\", \"主题\" : \"动物的成长\", \"分类二\" : \"生活常识\", \"单词\" : \"park,food,lucky,brush,floor,walk,water\", \"简介\" : \"罗恩养了一只小狗叫梅丽。罗恩每天都悉心照顾梅丽，给了梅丽很多爱。\", \"id\" : \"4eA55JYYqAxs15f5Eo2LfW\", \"脚本\" : \"\", \"分类一\" : \"人与社会\", \"中文名称\" : \"照顾梅丽\", \"词汇量\" : 208, \"英文名称\" : \"Taking Care of Meli\"}"
"{\"阅读时长\" : 33, \"年级\" : \"threeGrade\", \"封面\" : \"eyyb\\/system\\/hbyd\\/20211118\\/01271611d1d574ff63267f6345539978\\/1637223086740_367.jpg\", \"主题\" : \"我的身体\", \"分类二\" : \"人体奥秘\", \"单词\" : \"neck,hand,me,this,hair,face,foot\", \"简介\" : \"你知道哪儿是手吗？哪儿是脖子呢？快来认识一下自己的身体吧！\", \"id\" : \"5CWXLE1eXcHnJAFj5XNSFrs\", \"脚本\" : \"\", \"分类一\" : \"人与自然\", \"中文名称\" : \"你认识我吗？\", \"词汇量\" : 27, \"英文名称\" : \"Do You Know Me\"}"
"{\"阅读时长\" : 174, \"年级\" : \"fourGrade\", \"封面\" : \"eyyb\\/system\\/hbyd\\/20220224\\/5794e9b57c97011a8b2b8ed43cda0f30\\/1645685344192_148.jpg\", \"主题\" : \"\", \"分类二\" : \"\", \"单词\" : \"\", \"简介\" : \"null\", \"id\" : \"54v3s8zb5ZDE6T8qhisE4L\", \"脚本\" : \"\", \"分类一\" : \"\", \"中文名称\" : \"null\", \"词汇量\" : \"\", \"英文名称\" : \"The Boy Who Is Not Afraid of Anything\"}"
"{\"阅读时长\" : 44, \"年级\" : \"fourGrade\", \"封面\" : \"eyyb\\/system\\/hbyd\\/20210722\\/b6bfee2ffadf18af77e1bf34f9dee5bc\\/1626922197501_846.jpg\", \"主题\" : \"\", \"分类二\" : \"\", \"单词\" : \"\", \"简介\" : \"null\", \"id\" : \"44i5hjTsY6J8HRBBHLeVVV\", \"脚本\" : \"\", \"分类一\" : \"\", \"中文名称\" : \"null\", \"词汇量\" : \"\", \"英文名称\" : \"At the Fair\"}"
"{\"阅读时长\" : 64, \"年级\" : \"sixGrade\", \"封面\" : \"\\/bookread\\/userfiles2\\/1\\/files\\/APP\\/kantupeiyin\\/6X\\/Tin Clown's Hat 1.jpg\", \"主题\" : \"\", \"分类二\" : \"\", \"单词\" : \"\", \"简介\" : \"null\", \"id\" : \"44ebf3d3a44245dc8fa9edd54dff6967\", \"脚本\" : \"\", \"分类一\" : \"\", \"中文名称\" : \"null\", \"词汇量\" : \"\", \"英文名称\" : \"Tin Clown's Hat  小丑迪恩的帽子\"}"
"{\"阅读时长\" : 68, \"年级\" : \"sixGrade\", \"封面\" : \"\\/bookread\\/userfiles2\\/1\\/files\\/APP\\/kantupeiyin\\/6X\\/Red Lipstick 1.jpg\", \"主题\" : \"\", \"分类二\" : \"\", \"单词\" : \"\", \"简介\" : \"null\", \"id\" : \"5a0e1c546c8b47369da5c5c35b5bd33d\", \"脚本\" : \"\", \"分类一\" : \"\", \"中文名称\" : \"null\", \"词汇量\" : \"\", \"英文名称\" : \"Red Lipstick  口  红\"}"
"{\"阅读时长\" : 43, \"年级\" : \"fourGrade\", \"封面\" : \"eyyb\\/system\\/hbyd\\/20210722\\/3869d3deb9f829768fda85f10f700b3e\\/1626941812098_885.jpg\", \"主题\" : \"\", \"分类二\" : \"\", \"单词\" : \"\", \"简介\" : \"null\", \"id\" : \"4Poi9fksPLLTcL5FG9hdvu\", \"脚本\" : \"\", \"分类一\" : \"\", \"中文名称\" : \"null\", \"词汇量\" : \"\", \"英文名称\" : \"A Rainy Day\"}"
"{\"阅读时长\" : 28, \"年级\" : \"twoGrade,threeGrade\", \"封面\" : \"eyyb\\/system\\/hbyd\\/20240527\\/6a412fd67e4732f8e4f6050b5f9e1013\\/1716813277927_884.jpg\", \"主题\" : \"日常活动\", \"分类二\" : \"趣味故事\", \"单词\" : \"hello,day,thread,pants,change,nice\", \"简介\" : \"绘本描绘了美好的一天里威兹和帕莎相遇，帕莎裤子上有一根线，威兹帮忙拿掉线后，帕莎就需要去换衣服了。故事充满趣味，展现了朋友之间的互动和日常小插曲。\", \"id\" : \"3uS1WD6FWBme4BLZmshvte\", \"脚本\" : \"\", \"分类一\" : \"人与社会\", \"中文名称\" : \"线\", \"词汇量\" : 50, \"英文名称\" : \"THE THREAD\"}"
"{\"阅读时长\" : 64, \"年级\" : \"fourGrade,fiveGrade,sixGrade\", \"封面\" : \"eyyb\\/system\\/hbyd\\/20240530\\/fab2151dddb3024c52b7af0ff2ee9f7b\\/1717058842726_111.png\", \"主题\" : \"责任\", \"分类二\" : \"品德教养\", \"单词\" : \"responsible,feed,change,car,baby,new,surprise,cry,whole,sister,uncle,sure,stay\", \"简介\" : \"查理和妹妹生活在温暖的家庭里，现在家里又添了一个新的小妹妹，爸爸妈妈需要分出更多的精力来照顾新生儿，查理不得不自己做更多的事情来帮助爸爸妈妈。当然，查理也因自己做事如此负责而受到了大大的奖励！\", \"id\" : \"5dXrTMPJ9icfybkVGjEXMs\", \"脚本\" : \"\", \"分类一\" : \"人与自我\", \"中文名称\" : \"查理很有责任感\", \"词汇量\" : 220, \"英文名称\" : \"Charlie Is Responsible\"}"
"{\"阅读时长\" : 68, \"年级\" : \"fourGrade,fiveGrade,sixGrade\", \"封面\" : \"eyyb\\/system\\/hbyd\\/20240515\\/9c4cc6cd1177bd71c5ce38578211ee0d\\/1715738987108_521.jpg\", \"主题\" : \"成长历程\", \"分类二\" : \"趣味故事\", \"单词\" : \"climb,gold,prince,tower,help,hope,mean\", \"简介\" : \"讲述长发公主 Rapunzel 被锁高塔，渴望自由，从不放弃希望，每日唱歌。王子听到歌声后帮助她，她放下长发让王子爬上塔楼，最终获得自由并幸福生活在一起。\", \"id\" : \"3e4yCsL4M3Nd93yXjsCtG9\", \"脚本\" : \"\", \"分类一\" : \"人与社会\", \"中文名称\" : \"长发公主\", \"词汇量\" : 310, \"英文名称\" : \"Rapunzel\"}"
"{\"阅读时长\" : 36, \"年级\" : \"fourGrade,fiveGrade,sixGrade\", \"封面\" : \"eyyb\\/system\\/hbyd\\/20241223\\/a15348988511291b8f7bccc4a4482381\\/1734917028466_655.png\", \"主题\" : \"情绪\", \"分类二\" : \"情绪管理\", \"单词\" : \"string,bead,hard,pass,everywhere,sure,calm,upset\", \"简介\" : \"麦迪和安雅正在制作项链，安雅在拿蓝色珠子时撞倒了所有红色珠子，项链也散了，她非常生气。简老师让她深呼吸并一起捡起珠子。之后安雅还是很紧张，简老师建议读故事。读完故事后，安雅想制作新项链，当珠子又滚到地上时，她本想生气，但深呼吸后保持了冷静，最终制作出比第一条更好的项链。\", \"id\" : \"4boeHYeSoXFr8Pf5SLwStC\", \"脚本\" : \"\", \"分类一\" : \"人与自我\", \"中文名称\" : \"我能保持冷静\", \"词汇量\" : 199, \"英文名称\" : \"I Can Stay Calm\"}"
"{\"阅读时长\" : 20, \"年级\" : \"twoGrade,threeGrade,fourGrade\", \"封面\" : \"eyyb\\/system\\/hbyd\\/20251119\\/444aa3744f4b076690cc68a7522b6db2\\/1763546079780_478.jpg\", \"主题\" : \"中国文化体验\", \"分类二\" : \"趣味故事\", \"单词\" : \"rock,angry,river,turtle,wet,swim\", \"简介\" : \"为什么人们要在小暑时节晾晒书画呢？相传，这一习俗与玄奘大师，也就是《西游记》里的唐僧有关······\", \"id\" : \"4zV5EyCWek3Y5Lz8rZMNUo\", \"脚本\" : \",,,,,,,,,,,,,\", \"分类一\" : \"人与社会\", \"中文名称\" : \"晒经书\", \"词汇量\" : 89, \"英文名称\" : \"Drying the Buddhist Books\"}"
"{\"阅读时长\" : 93, \"年级\" : \"zonghe\", \"封面\" : \"\\/bookread\\/userfiles2\\/1\\/files\\/APP\\/kantupeiyin\\/Xce\\/11-Puddle300.jpg\", \"主题\" : \"\", \"分类二\" : \"\", \"单词\" : \"\", \"简介\" : \"null\", \"id\" : \"5b0f8062a37344e9b43f93306a8ab0be\", \"脚本\" : \"\", \"分类一\" : \"\", \"中文名称\" : \"null\", \"词汇量\" : \"\", \"英文名称\" : \"Puddle  水  坑\"}"
"{\"阅读时长\" : 175, \"年级\" : \"fourGrade,fiveGrade,sixGrade\", \"封面\" : \"hbyd\\/20190801\\/8a45afb028037c8877c1d6d001320a56\\/Fix-It_Bear.jpg\", \"主题\" : \"帮助他人\", \"分类二\" : \"心理教育\", \"单词\" : \"fix,glue,hammer,cheer,saw,tool\", \"简介\" : \"毛毛熊是修理能手，什么东西他都可以修。一天，小狗彼得找到毛毛熊，希望毛毛熊能够“修理”他受伤的心。毛毛熊能够修理好吗？\", \"id\" : \"5GgvE7XBzP7t7JzLqZ55SA\", \"脚本\" : \"\", \"分类一\" : \"人与自我\", \"中文名称\" : \"修理能手毛毛熊\", \"词汇量\" : 283, \"英文名称\" : \"Fix-It Bear\"}"
"{\"阅读时长\" : 209, \"年级\" : \"fiveGrade,sixGrade\", \"封面\" : \"hbyd\\/20190614\\/eadf86a9e630a70ad522477f16242411\\/Rosie_s_Walk.jpg\", \"主题\" : \"\", \"分类二\" : \"\", \"单词\" : \"\", \"简介\" : \"null\", \"id\" : \"4FWkrKGhrkKvpTfNhLsFEs\", \"脚本\" : \"\", \"分类一\" : \"\", \"中文名称\" : \"null\", \"词汇量\" : \"\", \"英文名称\" : \"Rosie's Walk\"}"
"{\"阅读时长\" : 32, \"年级\" : \"twoGrade,threeGrade,fourGrade\", \"封面\" : \"eyyb\\/system\\/hbyd\\/20240522\\/bcb1ca9a87b4f371df0e2ed683ae64c8\\/1716359848080_989.jpg\", \"主题\" : \"物品描述\", \"分类二\" : \"生活常识\", \"单词\" : \"circle,square,see\", \"简介\" : \"你能在日常生活中找到圆形、三角形、正方形和长方形的物品吗？\", \"id\" : \"5QvzymoK7zYW55DPZzr1WC\", \"脚本\" : \"\", \"分类一\" : \"人与社会\", \"中文名称\" : \"看这些形状\", \"词汇量\" : 29, \"英文名称\" : \"Look at the Shapes\"}"
"{\"阅读时长\" : 89, \"年级\" : \"zonghe\", \"封面\" : \"\\/bookread\\/userfiles2\\/1\\/files\\/APP\\/kantupeiyin\\/Xce\\/Story300.jpg\", \"主题\" : \"\", \"分类二\" : \"\", \"单词\" : \"\", \"简介\" : \"null\", \"id\" : \"5315546846454d82b228f3f15fb320db\", \"脚本\" : \"\", \"分类一\" : \"\", \"中文名称\" : \"null\", \"词汇量\" : \"\", \"英文名称\" : \"Story  故  事\"}"
"{\"阅读时长\" : 16, \"年级\" : \"threeGrade,fourGrade\", \"封面\" : \"eyyb\\/system\\/hbyd\\/20251124\\/628dcd524ad05c5d06771e3e380bbd1f\\/1763974617149_549.jpg\", \"主题\" : \"季节与活动\", \"分类二\" : \"生活常识\", \"单词\" : \"weather,hot,rain,grow,beautiful,soup,drink\", \"简介\" : \"大暑是一年中最热的时候。这个时节，会有什么样的美景呢？大家会做什么呢？\", \"id\" : \"4fCaFxiLyjZD5pWRkFMkh8\", \"脚本\" : \",,,,,,,,,,,,,\", \"分类一\" : \"人与社会\", \"中文名称\" : \"大暑\", \"词汇量\" : 98, \"英文名称\" : \"Major Heat\"}"
"{\"阅读时长\" : 28, \"年级\" : \"twoGrade,threeGrade,fourGrade\", \"封面\" : \"eyyb\\/system\\/hbyd\\/20240522\\/716c6a5211757f441050e483171ca7af\\/1716360409089_5.jpg\", \"主题\" : \"水果\", \"分类二\" : \"自然科学\", \"单词\" : \"grape,jam,make,apple,strawberry,we,have\", \"简介\" : \"绘本帮助孩子们认识各种水果的英文单词，并学习如何用简单的句型表达拥有和了解制作水果相关的食物。\", \"id\" : \"4PkC1pucY8TM3cDSTDys1q\", \"脚本\" : \"\", \"分类一\" : \"人与自然\", \"中文名称\" : \"我喜欢水果\", \"词汇量\" : 105, \"英文名称\" : \"I Like Fruit\"}"
"{\"阅读时长\" : 28, \"年级\" : \"fourGrade,fiveGrade,sixGrade\", \"封面\" : \"eyyb\\/system\\/hbyd\\/20240528\\/bc39072649f255f1458e4af2eba6077a\\/1716893431274_547.jpg\", \"主题\" : \"爱好\", \"分类二\" : \"性格教育\", \"单词\" : \"food,to,none,read,market,home,eat,some,have,stay,had,shop,like,want,I\", \"简介\" : \"五只小猪住在同一所房子里，但喜好不同。一只小猪喜欢去市场购物，一只小猪喜欢待在家里阅读，一只小猪喜欢吃，尤其喜欢烤牛肉，另一只小猪因为没吃到烤牛肉而抱怨，还有一只小猪喜欢整天玩耍。\", \"id\" : \"5XdRQNkqHSgeh8HBSQppDE\", \"脚本\" : \"\", \"分类一\" : \"人与自我\", \"中文名称\" : \"这只小猪，那只小猪\", \"词汇量\" : 220, \"英文名称\" : \"This Little Pig, That Little Pig\"}"
"{\"阅读时长\" : 47, \"年级\" : \"fourGrade\", \"封面\" : \"\\/bookread\\/userfiles2\\/b183fa1aee1d4b05a2a62839e9fb93c4\\/files\\/mouse.jpg\", \"主题\" : \"\", \"分类二\" : \"\", \"单词\" : \"\", \"简介\" : \"null\", \"id\" : \"4383f685b6a3439fa9478115746fd0e0\", \"脚本\" : \"\", \"分类一\" : \"\", \"中文名称\" : \"null\", \"词汇量\" : \"\", \"英文名称\" : \"Wishy-Washy Mouse  谷仓里的老鼠\"}"
"{\"阅读时长\" : 390, \"年级\" : \"fiveGrade,sixGrade\", \"封面\" : \"eyyb\\/system\\/hbyd\\/20220705\\/36dffd84a18bdc56c0e39ea58869c2b7\\/1656990094418_121.jpg\", \"主题\" : \"\", \"分类二\" : \"神话故事\", \"单词\" : \"\", \"简介\" : \"雄鸡一叫，尧就往家里跑。他在门口的台阶上坐下来，盯着台阶的缝隙。缝隙里，一根藤随同晨光一起冒出，藤尖冲着东方扬起······\", \"id\" : \"4Ncjk37cfquKsMoq1ihD3E\", \"脚本\" : \"\", \"分类一\" : \"中文绘本\", \"中文名称\" : \"\", \"词汇量\" : 20, \"英文名称\" : \"尧帝种豆荚\"}"
"{\"阅读时长\" : 52, \"年级\" : \"oneGrade,twoGrade,threeGrade,fourGrade\", \"封面\" : \"eyyb\\/system\\/hbyd\\/20220629\\/d4579059c212e01fdf669b72491c59bc\\/1656491148456_708.jpg\", \"主题\" : \"\", \"分类二\" : \"动物世界\", \"单词\" : \"\", \"简介\" : \"一阵秋风吹过，小叶子离开了大树妈妈，乘着秋风到森林里去旅行啦！它们会遇到什么呢？\", \"id\" : \"4Y1X4wwHGSaRJsoceB4VCf\", \"脚本\" : \"\", \"分类一\" : \"中文绘本\", \"中文名称\" : \"\", \"词汇量\" : 17, \"英文名称\" : \"小叶子的森林旅行\"}"
"{\"阅读时长\" : 32, \"年级\" : \"threeGrade,fourGrade\", \"封面\" : \"eyyb\\/system\\/hbyd\\/20211119\\/6d6fa6b91a3b64a3ffb40460dc6155e8\\/1637286059611_668.jpg\", \"主题\" : \"动物\", \"分类二\" : \"自然科学\", \"单词\" : \"small,big,bird,hamster,dog,cat\", \"简介\" : \"宠物店开张了，有聪明的狗狗，萌萌的小猫，可爱的小仓鼠，还有······\", \"id\" : \"43RkxUSaci1CyJd9gi9Efj\", \"脚本\" : \"\", \"分类一\" : \"人与自然\", \"中文名称\" : \"宠物\", \"词汇量\" : 27, \"英文名称\" : \"Pets\"}"
"{\"阅读时长\" : 64, \"年级\" : \"threeGrade,fourGrade\", \"封面\" : \"eyyb\\/system\\/hbyd\\/20241129\\/af0156fbc2721590b4332466c8b0a13a\\/1732847940068_152.png\", \"主题\" : \"文明的理念与行为\", \"分类二\" : \"品德教养\", \"单词\" : \"coat,line,story,alone,wing,question,return,dinosaur\", \"简介\" : \"杰克在课堂上不专心，Miss Jan让他去安静地坐着直到准备好听讲。当伊娃分享恐龙故事时，杰克开始认真听并提出了问题，得到了老师的表扬。\", \"id\" : \"5Pb1zdkujQF3ADBq73Z2vw\", \"脚本\" : \"\", \"分类一\" : \"人与自我\", \"中文名称\" : \"你在听吗，杰克？\", \"词汇量\" : 149, \"英文名称\" : \"Are You Listening, Jack?\"}"
"{\"阅读时长\" : 36, \"年级\" : \"threeGrade,fourGrade,fiveGrade\", \"封面\" : \"eyyb\\/system\\/hbyd\\/20230524\\/5c548602231317a73e6aeb12bf207e01\\/1684908811598_819.jpg\", \"主题\" : \"动物\", \"分类二\" : \"自然科学\", \"单词\" : \"horse,cat,rabbit,bear,cloud,hat,bird,house\", \"简介\" : \"一天，凯特和托尼发现天空上有很多云朵。这些云朵形状各异，有的像小鸟，有的像小猫，还有的像小汽车······\", \"id\" : \"47aSueJycyKcKtSRmCijTd\", \"脚本\" : \"\", \"分类一\" : \"人与自然\", \"中文名称\" : \"云\", \"词汇量\" : 93, \"英文名称\" : \"Clouds\"}"
"{\"阅读时长\" : 155, \"年级\" : \"fourGrade,fiveGrade,sixGrade\", \"封面\" : \"hbyd\\/20190801\\/7ae5eda61a95ae08473e1e1c5368b137\\/Huggles_in_School.jpg\", \"主题\" : \"感受表达\", \"分类二\" : \"心理教育\", \"单词\" : \"asleep,hard,computer,wake,floor,goldfish,library,partner\", \"简介\" : \"小怪兽去学校了，然后他在图书馆睡着了，醒来却发现只有他一个人了。他该怎么办呢？\", \"id\" : \"4SXKNepao7ef4Sw4a8LB8C\", \"脚本\" : \"\", \"分类一\" : \"人与自我\", \"中文名称\" : \"小怪兽在学校\", \"词汇量\" : 245, \"英文名称\" : \"Huggles in School\"}"
"{\"阅读时长\" : 36, \"年级\" : \"fiveGrade,sixGrade\", \"封面\" : \"eyyb\\/system\\/hbyd\\/20230827\\/b5331508cf1303cdb0f196a15b964e77\\/1693113044139_552.jpg\", \"主题\" : \"科普知识\", \"分类二\" : \"科学技术\", \"单词\" : \"job,heavy,Mars,sick,sea,robot,space,worker,computer\", \"简介\" : \"机器人可以给人们提供很多帮助。机器狗、海洋机器人还有太空机器人，它们可以帮人们做各种不同的工作。\", \"id\" : \"4VuLajEUNoN1JkFBQ9CL3n\", \"脚本\" : \"\", \"分类一\" : \"人与社会\", \"中文名称\" : \"关于机器人的一切\", \"词汇量\" : 299, \"英文名称\" : \"All About Robots\"}"
"{\"阅读时长\" : 58, \"年级\" : \"fourGrade\", \"封面\" : \"eyyb\\/system\\/hbyd\\/20211018\\/045b5631ad6f3621970372e448fcc0b8\\/1634537464197_297.jpg\", \"主题\" : \"\", \"分类二\" : \"\", \"单词\" : \"\", \"简介\" : \"null\", \"id\" : \"AbbKqd7REWjVLWyiXyGgE1\", \"脚本\" : \"\", \"分类一\" : \"\", \"中文名称\" : \"null\", \"词汇量\" : \"\", \"英文名称\" : \"This Is a Square\"}"
"{\"阅读时长\" : 52, \"年级\" : \"fourGrade\", \"封面\" : \"eyyb\\/system\\/hbyd\\/20210722\\/6751dcbbddd3f95a529bba77a37bc8ce\\/1626941490425_859.jpg\", \"主题\" : \"\", \"分类二\" : \"\", \"单词\" : \"\", \"简介\" : \"null\", \"id\" : \"AepNi4VUDVXQ5Mxe1p79Wu\", \"脚本\" : \"\", \"分类一\" : \"\", \"中文名称\" : \"null\", \"词汇量\" : \"\", \"英文名称\" : \"At the Farm\"}"
"{\"阅读时长\" : 84, \"年级\" : \"oneGrade,twoGrade,threeGrade\", \"封面\" : \"eyyb\\/system\\/hbyd\\/20220701\\/0e7615577517a7ad5adddd60c2d1982f\\/1656663067454_242.jpg\", \"主题\" : \"\", \"分类二\" : \"人际交往\", \"单词\" : \"\", \"简介\" : \"大白要跟着主人搬家了，出发前决定去找小黑告别。可等大白回来时，主人已经走了。就这样，小黑陪着大白踏上了寻找主人的旅途……\", \"id\" : \"9sagPPWXBUeuebpQNZBHZP\", \"脚本\" : \"\", \"分类一\" : \"中文绘本\", \"中文名称\" : \"\", \"词汇量\" : 34, \"英文名称\" : \"别怕，我陪你\"}"
"{\"阅读时长\" : 84, \"年级\" : \"threeGrade,fourGrade,fiveGrade\", \"封面\" : \"eyyb\\/system\\/hbyd\\/20211116\\/1b670a240a29ed2f36f36f938331e84d\\/1637026089302_70.jpg\", \"主题\" : \"植物\", \"分类二\" : \"自然科学\", \"单词\" : \"kind,tree,vegetable,big,many,flower,tall,plant\", \"简介\" : \"世界上有各种各样的植物，你知道植物有哪些吗？我们一起来认识一下植物吧！\", \"id\" : \"A1kp7aZdVCiRE7kSrLwaXp\", \"脚本\" : \"\", \"分类一\" : \"人与自然\", \"中文名称\" : \"各种各样的植物\", \"词汇量\" : 69, \"英文名称\" : \"So Many Plants\"}"
"{\"阅读时长\" : 38, \"年级\" : \"threeGrade,fourGrade\", \"封面\" : \"eyyb\\/system\\/hbyd\\/20211119\\/2489442bce8db6ac17a4847467f157bd\\/1637284252881_459.jpg\", \"主题\" : \"动物\", \"分类二\" : \"自然科学\", \"单词\" : \"stripe,tail,whisker,beautiful,spike,various,tooth,spot\", \"简介\" : \"海底世界非常美，有着各种各样的鱼，每种鱼的形状和颜色都不一样，有斑点鱼，有条纹鱼，有长胡须的鱼，还有······\", \"id\" : \"AY9U5kSjgLVTGd61bA4y2y\", \"脚本\" : \"\", \"分类一\" : \"人与自然\", \"中文名称\" : \"各种各样的鱼\", \"词汇量\" : 39, \"英文名称\" : \"Various Fish\"}"
"{\"阅读时长\" : 64, \"年级\" : \"threeGrade,fourGrade,fiveGrade\", \"封面\" : \"eyyb\\/system\\/hbyd\\/20211115\\/93ee75a5f808b80f73911f1936baef8e\\/1636958088716_71.jpg\", \"主题\" : \"情绪\", \"分类二\" : \"情绪管理\", \"单词\" : \"sick,angry,hot,sad,cold,happy\", \"简介\" : \"你能感受到快乐吗？你能感受到悲伤吗？一起来看看还有什么情绪吧！\", \"id\" : \"9bFT6H8MbYSJtsJ8tvHAyS\", \"脚本\" : \"\", \"分类一\" : \"人与自我\", \"中文名称\" : \"我能感觉到\", \"词汇量\" : 57, \"英文名称\" : \"I Can Feel\"}"
"{\"阅读时长\" : 100, \"年级\" : \"oneGrade,twoGrade,threeGrade,fourGrade\", \"封面\" : \"eyyb\\/system\\/hbyd\\/20220630\\/5b8f4ddc8ad98e47f8846ec06e9f65ba\\/1656550085289_20.jpg\", \"主题\" : \"\", \"分类二\" : \"传统文化\", \"单词\" : \"\", \"简介\" : \"新年到了，你知道过年的时候，家家户户为什么要放鞭炮、挂灯笼吗？让我们一起跟着咦咦听妈妈讲故事吧！\", \"id\" : \"9kMqpYFeyUneXPCL97cEm8\", \"脚本\" : \"\", \"分类一\" : \"中文绘本\", \"中文名称\" : \"\", \"词汇量\" : 20, \"英文名称\" : \"咦咦的快乐新年\"}"
"{\"阅读时长\" : 60, \"年级\" : \"sixGrade\", \"封面\" : \"eyyb\\/system\\/hbyd\\/20241122\\/1891b8022d1449d444be3878cc293086\\/1732266552198_366.png\", \"主题\" : \"人与自然\", \"分类二\" : \"自然科学\", \"单词\" : \"prefer,spider,worm,crawl,wheelchair,blood,penguin,mosquito\", \"简介\" : \"大象是用四条腿走路，而袋鼠是用两条腿跳跃。还有那些没有腿的蛇和蚯蚓，它们是如何移动的呢？一起来探索各种动物独特的移动方式吧！\", \"id\" : \"B8LVDGLjJTxNHJYn5TZ3uu\", \"脚本\" : \"\", \"分类一\" : \"人与自然\", \"中文名称\" : \"我们是如何移动的\", \"词汇量\" : 679, \"英文名称\" : \"How We Move Around\"}"
"{\"阅读时长\" : 76, \"年级\" : \"fourGrade\", \"封面\" : \"eyyb\\/system\\/hbyd\\/20221122\\/83620dc1420191c1164f85c47806d99e\\/1669105096447_820.jpg\", \"主题\" : \"数量\", \"分类二\" : \"趣味故事\", \"单词\" : \"homework,one hundred,right,seventy,sixty,thirty,wrong,ninety,twenty,eighty,forty-six,fifty-four,forty,fifty\", \"简介\" : \"小男孩想丢掉自己的作业，每次都未能如愿，是谁在捣乱？\", \"id\" : \"9zxVh3SrqgCB7dLkQ7eGje\", \"脚本\" : \"\", \"分类一\" : \"人与社会\", \"中文名称\" : \"我丢失了我的作业\", \"词汇量\" : 110, \"英文名称\" : \"I Lose My Homework\"}"
"{\"阅读时长\" : 89, \"年级\" : \"twoGrade,threeGrade,fourGrade\", \"封面\" : \"eyyb\\/system\\/hbyd\\/20211221\\/b0209b27a0b23abeded41ba1ef1959d3\\/1640067658175_930.jpg\", \"主题\" : \"工作与职业\", \"分类二\" : \"职业认知\", \"单词\" : \"teacher,doctor,driver,nurse,farmer,postman\", \"简介\" : \"今天是家长开放日。大家在谈论自己父母的职业，一起来看看他们的父母是做什么的吧！\", \"id\" : \"ApJrU2wZKDWAS4yPxGNeAk\", \"脚本\" : \"\", \"分类一\" : \"人与社会\", \"中文名称\" : \"你们父母是做什么的？\", \"词汇量\" : 110, \"英文名称\" : \"What Are Your Parents?\"}"
"{\"阅读时长\" : 40, \"年级\" : \"threeGrade,fourGrade,fiveGrade\", \"封面\" : \"eyyb\\/system\\/hbyd\\/20211119\\/572bed723340d7bc3ea10b7afb1b1367\\/1637286921880_582.jpg\", \"主题\" : \"房间\", \"分类二\" : \"趣味故事\", \"单词\" : \"closet,hall,bathroom,bedroom\", \"简介\" : \"小熊本尼正在家里玩捉迷藏呢，你能找到他吗？他在厨房？在客厅？在······\", \"id\" : \"AwWrDCVujNcmev9bBGD3Me\", \"脚本\" : \"\", \"分类一\" : \"人与社会\", \"中文名称\" : \"小熊本尼\", \"词汇量\" : 43, \"英文名称\" : \"Benny Bear\"}"
"{\"阅读时长\" : 256, \"年级\" : \"sixGrade\", \"封面\" : \"\\/bookread\\/userfiles2\\/1\\/files\\/APP\\/kantupeiyin\\/6X\\/Madeline\\/Madeline.jpg\", \"主题\" : \"\", \"分类二\" : \"\", \"单词\" : \"\", \"简介\" : \"null\", \"id\" : \"A3EszEj6XMVW6q2ZNAE2n\", \"脚本\" : \"\", \"分类一\" : \"\", \"中文名称\" : \"null\", \"词汇量\" : \"\", \"英文名称\" : \"Madeline 玛德琳\"}"
"{\"阅读时长\" : 36, \"年级\" : \"sixGrade\", \"封面\" : \"eyyb\\/system\\/hbyd\\/20241122\\/c9e8f390d3c629151a0f5cedad1c618b\\/1732267194635_435.png\", \"主题\" : \"动物的外貌\", \"分类二\" : \"趣味故事\", \"单词\" : \"complain,sharp,fear,fair,claw,owl\", \"简介\" : \"造物主拉万诺按动物要求塑造它们。兔子因恐惧而蹦跳，猫头鹰因不耐烦被赋予大眼。拉万诺未完成兔子的锋利爪牙，导致它前腿短小。\", \"id\" : \"AzXuCZffqsLFpJLQY7Kx67\", \"脚本\" : \"\", \"分类一\" : \"人与社会\", \"中文名称\" : \"为什么猫头鹰有大眼睛而兔子会蹦跳\", \"词汇量\" : 447, \"英文名称\" : \"Why Owl Has Big Eyes and Rabbit Hops\"}"
"{\"阅读时长\" : 36, \"年级\" : \"twoGrade,threeGrade,fourGrade\", \"封面\" : \"eyyb\\/system\\/hbyd\\/20240523\\/98fcf848bfc55b6607a87cb68569b56b\\/1716456443756_306.jpg\", \"主题\" : \"我的能力\", \"分类二\" : \"自然科学\", \"单词\" : \"fly,win,run,race,go,jump\", \"简介\" : \"讲述了一场比赛，有老鼠和甲虫参加。老鼠跑得很快，但甲虫飞得更快。最后老鼠输了，甲虫赢了。通过这个故事让孩子认识比赛相关的词汇和表达。\", \"id\" : \"B6EDFUJoNpCdptKeuj3vU9\", \"脚本\" : \"\", \"分类一\" : \"人与自然\", \"中文名称\" : \"比赛\", \"词汇量\" : 160, \"英文名称\" : \"The Race\"}"
"{\"阅读时长\" : 20, \"年级\" : \"threeGrade,fourGrade\", \"封面\" : \"eyyb\\/system\\/hbyd\\/20241125\\/3b3917e088b7de2197bff3a93a4caa32\\/1732519619495_773.png\", \"主题\" : \"农场动物\", \"分类二\" : \"自然科学\", \"单词\" : \"sow,piglet,straw,rooster,take,grass,hen,chick,horse,suck,feed,play,cry,basket,milk\", \"简介\" : \"小熊Victor和搭档小老鼠Tim去猪圈看望猪妈妈和小猪们，喂鸡，打扫马厩，搬稻草，挤牛奶，多么勤快的两个小家伙儿呀！快来看一看吧！\", \"id\" : \"ApD9mPZ4muruABghNeiUbQ\", \"脚本\" : \"\", \"分类一\" : \"人与自然\", \"中文名称\" : \"维克多在猪圈\", \"词汇量\" : 102, \"英文名称\" : \"VICTOR in the Pigsty\"}"
"{\"阅读时长\" : 547, \"年级\" : \"fiveGrade\", \"封面\" : \"eyyb\\/system\\/hbyd\\/20220111\\/2fb96b23af2ffc9de4af31f2140177b2\\/1641871718889_523.jpg\", \"主题\" : \"\", \"分类二\" : \"\", \"单词\" : \"\", \"简介\" : \"null\", \"id\" : \"9j2c6giEDxuGhfKfRZfTZJ\", \"脚本\" : \"\", \"分类一\" : \"\", \"中文名称\" : \"null\", \"词汇量\" : \"\", \"英文名称\" : \"Festivals around the Year\"}"
"{\"阅读时长\" : 40, \"年级\" : \"twoGrade,threeGrade,fourGrade\", \"封面\" : \"eyyb\\/system\\/hbyd\\/20241104\\/c9231ad00b355121c39127fdbbf37546\\/1730687120337_630.png\", \"主题\" : \"小动物\", \"分类二\" : \"趣味故事\", \"单词\" : \"fun,pet,sit\", \"简介\" : \"Ed有一只可爱的宠物小狗叫Dan。这天，Dan不见了，Ed找到它了吗？阅读时注意“d”在Dan、Ed、Dot中的正确发音。\", \"id\" : \"9qCJzGRfAC3gWauM33qtT7\", \"脚本\" : \"\", \"分类一\" : \"人与社会\", \"中文名称\" : \"丹和埃德\", \"词汇量\" : 59, \"英文名称\" : \"Dan and Ed\"}"
"{\"阅读时长\" : 36, \"年级\" : \"fourGrade,fiveGrade,sixGrade\", \"封面\" : \"eyyb\\/system\\/hbyd\\/20240530\\/e29e5d72ab4c4adbeb3ed944eacb2a11\\/1717055197238_462.jpg\", \"主题\" : \"人与自然\", \"分类二\" : \"自然科学\", \"单词\" : \"curiosity,path,adventure,insect,feather\", \"简介\" : \"妈妈带我们去自然中心探险。我们穿过树林，看到了喜鹊、青蛙，观察了蚂蚁群和会动的树枝——原来是一只昆虫。这次探险激发了我的好奇心，回家后我们查找了更多相关的信息。\", \"id\" : \"AAbKHxfbTsd51Rh7Ak8x1A\", \"脚本\" : \"\", \"分类一\" : \"人与自然\", \"中文名称\" : \"迪伦的疑问\", \"词汇量\" : 265, \"英文名称\" : \"Dylan's Questions\"}"
"{\"阅读时长\" : 165, \"年级\" : \"fourGrade\", \"封面\" : \"eyyb\\/system\\/hbyd\\/20220128\\/121aaa5ee72538cafc23ff10f0d5329e\\/1643343010417_247.jpg\", \"主题\" : \"\", \"分类二\" : \"\", \"单词\" : \"\", \"简介\" : \"null\", \"id\" : \"B9yDsRkS6Gc3fns4YAUZTa\", \"脚本\" : \"\", \"分类一\" : \"\", \"中文名称\" : \"null\", \"词汇量\" : \"\", \"英文名称\" : \"The Yard Sale\"}"
"{\"阅读时长\" : 84, \"年级\" : \"threeGrade,fourGrade,fiveGrade\", \"封面\" : \"eyyb\\/system\\/hbyd\\/20230827\\/f19e23925af05b71a33737efc3dad4dd\\/1693111378357_256.jpg\", \"主题\" : \"位置\", \"分类二\" : \"思维培养\", \"单词\" : \"under,hide,behind,box,chair,in\", \"简介\" : \"泡芙是一只调皮的小猫咪。它喜欢捉迷藏，它会躲在你意想不到的地方。\", \"id\" : \"AnKjCkZYic7t1yKUDq32un\", \"脚本\" : \"\", \"分类一\" : \"人与自我\", \"中文名称\" : \"躲起来\", \"词汇量\" : 58, \"英文名称\" : \"Hiding\"}"
"{\"阅读时长\" : 56, \"年级\" : \"twoGrade,threeGrade,fourGrade\", \"封面\" : \"eyyb\\/system\\/hbyd\\/20251125\\/6cc920570e16fae4855317b093416cf8\\/1764054846774_934.jpg\", \"主题\" : \"中国文化体验\", \"分类二\" : \"趣味故事\", \"单词\" : \"mountain,angry,girl,night,walk,cook,cave,eat\", \"简介\" : \"很久以前，长白山里有一个巨大的山洞，那里藏着火。每逢农历七月十五，火焰会涌出洞口。火山灰滋养着山下的土地，让人们过得十分富足。但平静的生活在这一天被打破······\", \"id\" : \"AxrnsywD5GdMx69wLMPqoF\", \"脚本\" : \",,,,,,,,,,,,,,,,,,,,,,,,,,,,,,,,,,,\", \"分类一\" : \"人与社会\", \"中文名称\" : \"天池的故事\", \"词汇量\" : 230, \"英文名称\" : \"The Story of Tianchi Lake\"}"
"{\"阅读时长\" : 121, \"年级\" : \"fourGrade,fiveGrade,sixGrade\", \"封面\" : \"hbyd\\/20190801\\/bd6eaa090523f3e596261d92f19e9c6e\\/Dan_and_the_Parrot.jpg\", \"主题\" : \"动物\", \"分类二\" : \"趣味故事\", \"单词\" : \"parrot,tree,clever,slow\", \"简介\" : \"菲奶奶的鹦鹉飞走了，小飞侠丹说他能把鹦鹉找回来。鹦鹉飞得又快又远，小飞侠丹要如何抓到鹦鹉呢？\", \"id\" : \"A6ysB2NyYzoERX2AjA411H\", \"脚本\" : \"\", \"分类一\" : \"人与社会\", \"中文名称\" : \"丹和鹦鹉\", \"词汇量\" : 234, \"英文名称\" : \"Dan and the Parrot\"}"
"{\"阅读时长\" : 28, \"年级\" : \"threeGrade,fourGrade,fiveGrade\", \"封面\" : \"eyyb\\/system\\/hbyd\\/20240528\\/b5045179bc814e322e1ee488647d1f89\\/1716859229920_712.jpg\", \"主题\" : \"衣物\", \"分类二\" : \"生活常识\", \"单词\" : \"sweater,new,tie,coat,my,shirt,like\", \"简介\" : \"通过展示一系列新衣服，包括衬衫、领带、外套和毛衣，这本书以简单的句型和生动的插图，引导孩子们学习用英语表达自己喜欢的衣物。\", \"id\" : \"ADst4LbktV53jFBYazmeC\", \"脚本\" : \"\", \"分类一\" : \"人与社会\", \"中文名称\" : \"我的新衣服\", \"词汇量\" : 111, \"英文名称\" : \"My New Clothes\"}"
"{\"阅读时长\" : 33, \"年级\" : \"threeGrade\", \"封面\" : \"\\/bookread\\/userfiles2\\/1\\/files\\/APP\\/kantupeiyin\\/3X\\/Wishy-Washy Ice Cream 1.jpg\", \"主题\" : \"\", \"分类二\" : \"\", \"单词\" : \"\", \"简介\" : \"null\", \"id\" : \"9a6bd05484854d4eb8009c9735ca92bf\", \"脚本\" : \"\", \"分类一\" : \"\", \"中文名称\" : \"null\", \"词汇量\" : \"\", \"英文名称\" : \"Wishy-Washy Ice Cream\"}"
"{\"阅读时长\" : 28, \"年级\" : \"twoGrade,threeGrade\", \"封面\" : \"eyyb\\/system\\/hbyd\\/20241204\\/f47b5373db411e28cf9f5ce9825fefe4\\/1733292151103_15.png\", \"主题\" : \"运动能力\", \"分类二\" : \"健康教育\", \"单词\" : \"like,basketball,me,football,tennis,with,soccer,you\", \"简介\" : \"这本绘本以球场和运动场地为背景，展示了篮球、橄榄球、英式足球和网球等运动。通过询问孩子们对不同运动的喜好，鼓励他们积极参与体育运动，享受运动带来的乐趣。\", \"id\" : \"AbSgSp6F2KCnX4PhjKK1AR\", \"脚本\" : \"\", \"分类一\" : \"人与自我\", \"中文名称\" : \"我们做运动\", \"词汇量\" : 63, \"英文名称\" : \"We Play Sports\"}"
"{\"阅读时长\" : 374, \"年级\" : \"fiveGrade,sixGrade\", \"封面\" : \"hbyd\\/20191220\\/78694e0d0dc6952dae7d6b23400f3074\\/The Very Hungry Caterpillar_1.jpg\", \"主题\" : \"\", \"分类二\" : \"\", \"单词\" : \"\", \"简介\" : \"null\", \"id\" : \"Ar7JXbJtSNdVQihbFDVeQR\", \"脚本\" : \"\", \"分类一\" : \"\", \"中文名称\" : \"null\", \"词汇量\" : \"\", \"英文名称\" : \"The Very Hungry Caterpillar\"}"
"{\"阅读时长\" : 60, \"年级\" : \"fiveGrade,sixGrade\", \"封面\" : \"eyyb\\/system\\/hbyd\\/20240530\\/40f3e025e80bde4c53012ad7f7fd9a02\\/1717055974134_509.jpg\", \"主题\" : \"关怀他人\", \"分类二\" : \"社会交往\", \"单词\" : \"feel,river,sit,kind,lion\", \"简介\" : \"小狮子看到其他动物不友善的行为，决定召集大家，鼓励他们学会善待彼此。当小狮子在学校被取笑时，它差点变得不友善，但最终选择了宽容。爸爸为小狮子的正确行为感到骄傲。\", \"id\" : \"9zkCBrHE1qJJ1GmMp2XmzA\", \"脚本\" : \"\", \"分类一\" : \"人与社会\", \"中文名称\" : \"善良的小狮子\", \"词汇量\" : 399, \"英文名称\" : \"Kind Little Lion\"}"
"{\"阅读时长\" : 40, \"年级\" : \"twoGrade,threeGrade,fourGrade\", \"封面\" : \"eyyb\\/system\\/hbyd\\/20241104\\/409bbf5f9e8c8c5ab61ef687980816d0\\/1730687510192_3.png\", \"主题\" : \"家人\", \"分类二\" : \"亲情友情\", \"单词\" : \"fun,red,two\", \"简介\" : \"Jim、Jan和爸爸妈妈在超市里买了什么？他们一家人要去看望谁？大家在为谁庆祝生日呢？阅读时注意“j”在Jan、jet、Jim、jump、jam中的正确发音。\", \"id\" : \"9z9aGCFs58LfYxvHawUnWf\", \"脚本\" : \"\", \"分类一\" : \"人与社会\", \"中文名称\" : \"吉姆和简\", \"词汇量\" : 54, \"英文名称\" : \"Jim and Jan\"}"
"{\"阅读时长\" : 79, \"年级\" : \"fourGrade\", \"封面\" : \"\\/bookread\\/userfiles2\\/1\\/files\\/APP\\/kantupeiyin\\/3X\\/I Went Walking\\/img\\/0.jpg\", \"主题\" : \"\", \"分类二\" : \"\", \"单词\" : \"\", \"简介\" : \"null\", \"id\" : \"AAEMwacojWGCrxVUboaDfG\", \"脚本\" : \"\", \"分类一\" : \"\", \"中文名称\" : \"null\", \"词汇量\" : \"\", \"英文名称\" : \"I Went Walking 我去散步了\"}"
"{\"阅读时长\" : 36, \"年级\" : \"threeGrade,fourGrade,fiveGrade\", \"封面\" : \"eyyb\\/system\\/hbyd\\/20241104\\/488147cadb3241cf0898c2dc9c88f3a9\\/1730700740471_160.png\", \"主题\" : \"动物的饮食\", \"分类二\" : \"自然科学\", \"单词\" : \"honey,bear,bee,fruit,fish,bamboo\", \"简介\" : \"熊有很多种，食物更丰富，从鱼到昆虫，从水果到竹子，每种食物都是它们健康的秘密。你呢？你吃什么来保持健康？\", \"id\" : \"AmVFH6V4gmLCd3JCRr37PZ\", \"脚本\" : \"\", \"分类一\" : \"人与自然\", \"中文名称\" : \"熊吃什么？\", \"词汇量\" : 174, \"英文名称\" : \"What Do Bears Eat?\"}"
"{\"阅读时长\" : 132, \"年级\" : \"fourGrade,fiveGrade,sixGrade\", \"封面\" : \"hbyd\\/20190801\\/77f284e9ba9c7c59cef3970a086f588a\\/Huggles_Cold.jpg\", \"主题\" : \"关怀他人\", \"分类二\" : \"健康教育\", \"单词\" : \"cold,card,help,hug,sick,soup,flower,sneeze\", \"简介\" : \"小怪兽哈格斯感冒了，老师和学生们打算一起帮助小怪兽快点好起来。他们是怎么做的呢？一起来看看吧！\", \"id\" : \"9w4KRNP8WFySWiNbi83csS\", \"脚本\" : \"\", \"分类一\" : \"人与自我\", \"中文名称\" : \"小怪兽感冒了\", \"词汇量\" : 185, \"英文名称\" : \"Huggles' Cold\"}"
"{\"阅读时长\" : 37, \"年级\" : \"threeGrade\", \"封面\" : \"eyyb\\/system\\/hbyd\\/20211118\\/b003d76217d8eaa152e0310a631da46a\\/1637223448816_194.jpg\", \"主题\" : \"衣物\", \"分类二\" : \"生活常识\", \"单词\" : \"pink,blue,sock,yellow,green,red,odd\", \"简介\" : \"一场神秘的袜子展览会开始啦，有红的、蓝的、黄的······\", \"id\" : \"AGjQ3sy729UL77QZgQqQSt\", \"脚本\" : \"\", \"分类一\" : \"人与社会\", \"中文名称\" : \"瞧瞧这些袜子！\", \"词汇量\" : 34, \"英文名称\" : \"Look at These Socks!\"}"
"{\"阅读时长\" : 36, \"年级\" : \"oneGrade,twoGrade,threeGrade\", \"封面\" : \"eyyb\\/system\\/hbyd\\/20230524\\/30708546f2f72d29bc0eb48409ffe223\\/1684899507425_919.jpg\", \"主题\" : \"人与自然,植物\", \"分类二\" : \"自然科学\", \"单词\" : \"water,seed,flower,leaf\", \"简介\" : \"准备花盆、土、种子、水还有充足的阳光，就可以开始种花了。种子会长出茎和叶，最后长成美丽的花。\", \"id\" : \"9sSZzmcBeyAiQQxdMLq9eY\", \"脚本\" : \"\", \"分类一\" : \"人与自然\", \"中文名称\" : \"花\", \"词汇量\" : 34, \"英文名称\" : \"The Flower\"}"
"{\"阅读时长\" : 60, \"年级\" : \"fourGrade\", \"封面\" : \"eyyb\\/system\\/hbyd\\/20221123\\/ec2bb66fd33419d50624fdecf6a776e8\\/1669169111466_345.jpg\", \"主题\" : \"国家\", \"分类二\" : \"社会交往\", \"单词\" : \"the UK,China,come from,France,Australia,Canada,the USA\", \"简介\" : \"地球遭遇外星人的攻击，联合舰队上聚集了来自世界各地的战士，他们都来自哪些国家？\", \"id\" : \"9ukSaYf4Lomgdu6Rv3aemd\", \"脚本\" : \"\", \"分类一\" : \"人与社会\", \"中文名称\" : \"拯救地球\", \"词汇量\" : 96, \"英文名称\" : \"Save the Earth\"}"
"{\"阅读时长\" : 67, \"年级\" : \"sixGrade\", \"封面\" : \"eyyb\\/system\\/hbyd\\/20210723\\/ffb11720c560dc82e9d4fab5642963c6\\/1627021209105_243.jpg\", \"主题\" : \"\", \"分类二\" : \"\", \"单词\" : \"\", \"简介\" : \"null\", \"id\" : \"ASebfjJohcG8dYJzyeTeiC\", \"脚本\" : \"\", \"分类一\" : \"\", \"中文名称\" : \"null\", \"词汇量\" : \"\", \"英文名称\" : \"Tails\"}"
"{\"阅读时长\" : 36, \"年级\" : \"fiveGrade,sixGrade\", \"封面\" : \"eyyb\\/system\\/hbyd\\/20241122\\/1d3a7c74d14778771cecec2406bcefaa\\/1732266302493_939.png\", \"主题\" : \"解决方式\", \"分类二\" : \"趣味故事\", \"单词\" : \"hole,stable,cattle,barn,ordinary\", \"简介\" : \"赫拉克勒斯曾完成了十二项“不可能完成”的任务，被称为古希腊神话中最伟大的英雄。这个故事讲述的是其中一个任务：一天之内清理完几十年未清理的大牛棚。赫拉克勒斯能完成这个任务吗？\", \"id\" : \"B2rpuV4gG6cKuzTFGBub4F\", \"脚本\" : \"\", \"分类一\" : \"人与社会\", \"中文名称\" : \"赫拉克勒斯和牛棚\", \"词汇量\" : 348, \"英文名称\" : \"Hercules and the Stables\"}"
"{\"阅读时长\" : 59, \"年级\" : \"fourGrade\", \"封面\" : \"eyyb\\/system\\/hbyd\\/20210722\\/601afa34e66f5253379677f1ee64367d\\/1626919137424_2.jpg\", \"主题\" : \"\", \"分类二\" : \"\", \"单词\" : \"\", \"简介\" : \"null\", \"id\" : \"AciSXNpvPumwEKMDom5mmT\", \"脚本\" : \"\", \"分类一\" : \"\", \"中文名称\" : \"null\", \"词汇量\" : \"\", \"英文名称\" : \"My Family\"}"
"{\"阅读时长\" : 28, \"年级\" : \"oneGrade,twoGrade,threeGrade\", \"封面\" : \"eyyb\\/system\\/hbyd\\/20241205\\/58f9ae4369d4ddc646cbeb314d41b83e\\/1733399118588_179.png\", \"主题\" : \"文艺社团活动\", \"分类二\" : \"文学艺术\", \"单词\" : \"trumpet,band,drum,piano,guitar,look\", \"简介\" : \"这本绘本带领孩子们走进充满活力的乐队世界。你可以看到各种各样的乐器，如激昂的鼓、悠扬的吉他、优雅的钢琴和嘹亮的小号。它们共同组成了一个精彩的乐队！\", \"id\" : \"9oPHP3R68tmNvfUSTfjP3V\", \"脚本\" : \"\", \"分类一\" : \"人与社会\", \"中文名称\" : \"在乐队里\", \"词汇量\" : 35, \"英文名称\" : \"In the Band\"}"
"{\"阅读时长\" : 57, \"年级\" : \"fiveGrade\", \"封面\" : \"eyyb\\/system\\/hbyd\\/20210723\\/9247b9006e619f9e53d684856051e738\\/1627006206995_324.jpg\", \"主题\" : \"\", \"分类二\" : \"\", \"单词\" : \"\", \"简介\" : \"null\", \"id\" : \"AzoQjjYKd6oNfe1H7A4ghX\", \"脚本\" : \"\", \"分类一\" : \"\", \"中文名称\" : \"null\", \"词汇量\" : \"\", \"英文名称\" : \"Pets\"}"
"{\"阅读时长\" : 130, \"年级\" : \"fourGrade,fiveGrade,sixGrade\", \"封面\" : \"hbyd\\/20190801\\/d2099b46bb4c4c641fef4d0966d7016c\\/Little_Dan.jpg\", \"主题\" : \"爱好\", \"分类二\" : \"趣味故事\", \"单词\" : \"gift,fly,sky,rocket,car,arm,jump\", \"简介\" : \"小男孩丹想要在天空中飞翔，他尝试了几次都没有成功，但是丹没有放弃。终于在他生日的时候，他收到了一份礼物······\", \"id\" : \"9WV8uiTJEGwRW63K9sw3s2\", \"脚本\" : \"\", \"分类一\" : \"人与社会\", \"中文名称\" : \"小飞侠丹\", \"词汇量\" : 207, \"英文名称\" : \"Little Dan\"}"
"{\"阅读时长\" : 28, \"年级\" : \"twoGrade,threeGrade\", \"封面\" : \"eyyb\\/system\\/hbyd\\/20241204\\/ede593cb76f26a09ff36931328ab2d40\\/1733282324374_290.png\", \"主题\" : \"数量\", \"分类二\" : \"自然科学\", \"单词\" : \"ant,the,has,butterfly,see,you\", \"简介\" : \"这本绘本以科学课为背景，带领孩子们认识各种昆虫，如蚂蚁、蚱蜢、蝴蝶和瓢虫。通过数昆虫的腿，让孩子们了解昆虫的特征，同时也锻炼了他们的数数能力。\", \"id\" : \"AMEXYFKfaNPZvET49SwmBx\", \"脚本\" : \"\", \"分类一\" : \"人与自然\", \"中文名称\" : \"数昆虫\", \"词汇量\" : 95, \"英文名称\" : \"Counting Insects\"}"
"{\"阅读时长\" : 28, \"年级\" : \"twoGrade,threeGrade,fourGrade\", \"封面\" : \"eyyb\\/system\\/hbyd\\/20240528\\/873489c61f0a0558a5d14afde703607e\\/1716892532966_600.jpg\", \"主题\" : \"学校活动\", \"分类二\" : \"校园生活\", \"单词\" : \"schoolbag,exercise,friend,math,play,discuss,can,I\", \"简介\" : \"绘本通过展示学校相关的场景，如整理书包、和朋友见面、做练习、讨论、做数学题、玩游戏等，让读者感受上学的乐趣，认识和学校有关的英语单词。\", \"id\" : \"B1EjVg6gsUyirusQpMVofj\", \"脚本\" : \"\", \"分类一\" : \"人与社会\", \"中文名称\" : \"在学校\", \"词汇量\" : 50, \"英文名称\" : \"At School\"}"
"{\"阅读时长\" : 35, \"年级\" : \"threeGrade\", \"封面\" : \"eyyb\\/system\\/hbyd\\/20210715\\/8490049e30234d38aeedee92506c6ff7\\/1626320661516_821.jpg\", \"主题\" : \"\", \"分类二\" : \"\", \"单词\" : \"\", \"简介\" : \"null\", \"id\" : \"9jriNeE1ynL8Mg5E3bUxnX\", \"脚本\" : \"\", \"分类一\" : \"\", \"中文名称\" : \"null\", \"词汇量\" : \"\", \"英文名称\" : \"Family Pictures\"}"
"{\"阅读时长\" : 36, \"年级\" : \"threeGrade,fourGrade,fiveGrade\", \"封面\" : \"eyyb\\/system\\/hbyd\\/20231023\\/3da006bbb4f3299f2ce7a4947f39b40f\\/1698028084726_614.jpg\", \"主题\" : \"周末活动\", \"分类二\" : \"生活习惯\", \"单词\" : \"eat,ride,dance,read,paint,sleep\", \"简介\" : \"我有一个熊娃娃。我可以和我的熊娃娃一起骑车、吃饭、跳舞、读书、玩轮滑、绘画以及荡秋千。我还可以抱着它睡觉！我喜欢我的熊娃娃！\", \"id\" : \"ArXTxKwT9ZpqBRJwNw2Wrk\", \"脚本\" : \"\", \"分类一\" : \"人与自我\", \"中文名称\" : \"我的熊娃娃\", \"词汇量\" : 44, \"英文名称\" : \"My Bear\"}"
"{\"阅读时长\" : 36, \"年级\" : \"oneGrade,twoGrade,threeGrade\", \"封面\" : \"eyyb\\/system\\/hbyd\\/20220526\\/db5689c57e5dd75b693be64f66d37be3\\/1653534233855_793.jpg\", \"主题\" : \"食物\", \"分类二\" : \"生活常识\", \"单词\" : \"pepperoni,oven,dough,pan,cheese,pizza,sauce\", \"简介\" : \"你知道我们平常吃的披萨是怎样做的吗？一起动手来学做披萨吧！\", \"id\" : \"AsDzmeBVdUkPZYVeNX8eWa\", \"脚本\" : \"\", \"分类一\" : \"人与社会\", \"中文名称\" : \"做披萨\", \"词汇量\" : 35, \"英文名称\" : \"Making a Pizza\"}"
"{\"阅读时长\" : 28, \"年级\" : \"threeGrade,fourGrade,fiveGrade\", \"封面\" : \"eyyb\\/system\\/hbyd\\/20240523\\/21e520b815de602b829464da7bff4819\\/1716454832420_799.jpg\", \"主题\" : \"海洋动物\", \"分类二\" : \"自然科学\", \"单词\" : \"whale,little,we,clam,like,see,crab\", \"简介\" : \"绘本介绍了各种有趣的海洋生物：蛤蜊、蜗牛、螃蟹、海星还有鲸鱼。每个生物都是一个小小的探险，等着你去发现它们的秘密。\", \"id\" : \"9d6YEFC23fvtZcxfGCSTmr\", \"脚本\" : \"\", \"分类一\" : \"人与自然\", \"中文名称\" : \"在海里\", \"词汇量\" : 110, \"英文名称\" : \"In the Sea\"}"
"{\"阅读时长\" : 39, \"年级\" : \"threeGrade,fourGrade\", \"封面\" : \"eyyb\\/system\\/hbyd\\/20211115\\/1a76bab80dcb346da693d1a89267f219\\/1636956926676_727.jpg\", \"主题\" : \"描述路线\", \"分类二\" : \"交通运输\", \"单词\" : \"toy,over,out,train,around,bridge,under\", \"简介\" : \"嘟！嘟！嘟！小火车要开动了，它先爬上了桥，然后从桥下经过，接着进入了隧道，最后······\", \"id\" : \"9WkKXydTNESJaEUfmmGvyw\", \"脚本\" : \"\", \"分类一\" : \"人与社会\", \"中文名称\" : \"玩具火车\", \"词汇量\" : 33, \"英文名称\" : \"Toy Train\"}"
"{\"阅读时长\" : 20, \"年级\" : \"threeGrade,fourGrade\", \"封面\" : \"eyyb\\/system\\/hbyd\\/20241126\\/08b3f87577b447cbb0389017c7282d88\\/1732582240173_404.png\", \"主题\" : \"学校活动\", \"分类二\" : \"校园生活\", \"单词\" : \"lady,walk,math,during,lesson,fast,goodbye,wave,break,wait,problem,arrive,hand,late,raise,answer\", \"简介\" : \"小熊Victor和调皮搭档小老鼠Tim在学校里的一天：它们在教室里上的什么课？课间休息的时候，大家在做什么游戏？Victor和Tim今天过得怎么样呢？\", \"id\" : \"9kwaVgvyGxmkrcUnnsnB6m\", \"脚本\" : \"\", \"分类一\" : \"人与社会\", \"中文名称\" : \"维克多在学校\", \"词汇量\" : 105, \"英文名称\" : \"VICTOR at School\"}"
"{\"阅读时长\" : 72, \"年级\" : \"twoGrade,threeGrade,fourGrade\", \"封面\" : \"eyyb\\/system\\/hbyd\\/20220705\\/a8184443307463e2e21d5e9ddd9e90b7\\/1656985135423_505.jpg\", \"主题\" : \"\", \"分类二\" : \"品德教育\", \"单词\" : \"\", \"简介\" : \"很久很久以前，有一只名叫格琳霓的小狗。格琳霓想成为太阳，别的狗都嘲笑他。太阳听到了格琳霓的愿望，答应和他交换。于是，太阳变成小狗，而格琳霓成了新的太阳。在这之后会发生什么呢？让我们一起看看吧！\", \"id\" : \"AyGfYj1FXKoaFWjfxK5hz4\", \"脚本\" : \"\", \"分类一\" : \"中文绘本\", \"中文名称\" : \"\", \"词汇量\" : 21, \"英文名称\" : \"想当太阳的小狗\"}"
"{\"阅读时长\" : 32, \"年级\" : \"twoGrade,threeGrade,fourGrade\", \"封面\" : \"eyyb\\/system\\/hbyd\\/20241104\\/038108f83fba75a29c311d84bbb510bc\\/1730688879278_584.png\", \"主题\" : \"动物习性\", \"分类二\" : \"自然科学\", \"单词\" : \"penguin,swan,come,duck,nest\", \"简介\" : \"鸭子、企鹅、鹈鹕和天鹅都筑巢了，一起来看看这些鸟巢吧！介绍动物筑巢习惯，鼓励观察自然世界。\", \"id\" : \"NCB7GCeJqf2tADQNkkdJCF\", \"脚本\" : \"\", \"分类一\" : \"人与自然\", \"中文名称\" : \"鸟巢\", \"词汇量\" : 62, \"英文名称\" : \"Bird Homes\"}"
"{\"阅读时长\" : 36, \"年级\" : \"fourGrade,fiveGrade\", \"封面\" : \"eyyb\\/system\\/hbyd\\/20241101\\/ceaa53b3be5db15befe292a75be7e02d\\/1730449046098_352.png\", \"主题\" : \"尊重\", \"分类二\" : \"品德教养\", \"单词\" : \"know,hello,please\", \"简介\" : \"学会尊重，从言行举止做起。与人交往，礼貌相待；游戏玩乐，轮流分享。尊重他人，收获尊重，共筑和谐生活。懂得尊重他人，才能获得他人的尊重。\", \"id\" : \"PbSbrn5Ddqrr7v8DCaFwae\", \"脚本\" : \"\", \"分类一\" : \"人与自我\", \"中文名称\" : \"表示尊重\", \"词汇量\" : 168, \"英文名称\" : \"Show Respect\"}"
"{\"阅读时长\" : 20, \"年级\" : \"fourGrade,fiveGrade,sixGrade\", \"封面\" : \"eyyb\\/system\\/hbyd\\/20240529\\/56a4c26e118c575f078e646abeabb655\\/1716972843938_422.png\", \"主题\" : \"健康状况\", \"分类二\" : \"健康教育\", \"单词\" : \"magic,hammer,flu,tap,knee,strange,heart\", \"简介\" : \"早上 “我” 不舒服，妈妈带 “我” 去看医生。医生很神奇，用棒棒糖棍看嘴、耳机听心脏、小锤子敲膝盖，然后知道 “我” 得了流感。虽然“我”不知道流感是什么，但医生说会很快好起来。\", \"id\" : \"PVryZsW73ww9j1CvcQBPJR\", \"脚本\" : \"\", \"分类一\" : \"人与自我\", \"中文名称\" : \"去看医生\", \"词汇量\" : 108, \"英文名称\" : \"Going to the doctor's\"}"
"{\"阅读时长\" : 40, \"年级\" : \"oneGrade,twoGrade,threeGrade\", \"封面\" : \"eyyb\\/system\\/hbyd\\/20241129\\/e60b2f77a472601e345eb1ac58a21d41\\/1732849412555_526.png\", \"主题\" : \"性格,西方节日\", \"分类二\" : \"人文社科\", \"单词\" : \"two,man,see,big,for,dad,like\", \"简介\" : \"爸爸带6岁的女儿Lin去游乐场玩耍，他们度过了愉快的一天！Lin坐在爸爸的肩膀上都看到了什么？阅读的同时注意“l”在legs、Lon、Lin中的正确发音。\", \"id\" : \"NhBVQGqLdSHKP8MR9NyoP8\", \"脚本\" : \"\", \"分类一\" : \"人与社会\", \"中文名称\" : \"我是林\", \"词汇量\" : 78, \"英文名称\" : \"I Am Lin\"}"
"{\"阅读时长\" : 36, \"年级\" : \"twoGrade,threeGrade,fourGrade\", \"封面\" : \"eyyb\\/system\\/hbyd\\/20241101\\/342ebd43e212520ea01c02eb719396f9\\/1730448946721_762.png\", \"主题\" : \"团队精神\", \"分类二\" : \"社会交往\", \"单词\" : \"sea,fish,wind\", \"简介\" : \"你喜欢波澜壮阔的大海吗？与水手一同扬帆，捕鱼赏浪，安宁归港。风平浪静，等你来探索！\", \"id\" : \"Pj5fUDgD5cCuCZVUJa4krR\", \"脚本\" : \"\", \"分类一\" : \"人与社会\", \"中文名称\" : \"和我一起航行\", \"词汇量\" : 112, \"英文名称\" : \"Sail with Me\"}"
"{\"阅读时长\" : 266, \"年级\" : \"fiveGrade,sixGrade\", \"封面\" : \"eyyb\\/system\\/hbyd\\/20211116\\/e23a03528c5e560605033e884bf48413\\/1637034270692_940.jpg\", \"主题\" : \"故事\", \"分类二\" : \"趣味故事\", \"单词\" : \"tuck,howl,yawn,scream,moan,windmill,snore,flow,storm,twitch,blink,wobble,soak,waterfall,asleep,thump,groan,skip,sprawl,leap,sleepy,slip\", \"简介\" : \"小袋鼠瓦尔睡得真香，正做着梦呢！瓦尔怎么眨眼睛了呢？梦到了什么呢？我们一起来看看吧！\", \"id\" : \"NauFEUPU94awzksaHhTwgQ\", \"脚本\" : \"\", \"分类一\" : \"人与社会\", \"中文名称\" : \"小袋鼠的梦\", \"词汇量\" : 291, \"英文名称\" : \"Wallaby Dreaming\"}"
"{\"阅读时长\" : 445, \"年级\" : \"threeGrade,fourGrade,fiveGrade,sixGrade\", \"封面\" : \"eyyb\\/system\\/hbyd\\/20220701\\/9702c0f3f7a72e36092ed34dd95300e9\\/1656667647887_634.jpg\", \"主题\" : \"\", \"分类二\" : \"神话故事\", \"单词\" : \"\", \"简介\" : \"流波山上有神兽，名为夔。黄帝在和蚩尤的大战中屡屡败退，下属建议他前往东海流波山捉夔。在捉夔的过程中会发生什么呢？黄帝最终捉住夔了吗？一起来看看吧！\", \"id\" : \"MY4wafKz1u2g9zsJEhgKLR\", \"脚本\" : \"\", \"分类一\" : \"中文绘本\", \"中文名称\" : \"\", \"词汇量\" : 25, \"英文名称\" : \"黄帝擒神兽\"}"
"{\"阅读时长\" : 48, \"年级\" : \"fourGrade\", \"封面\" : \"eyyb\\/system\\/hbyd\\/20221122\\/1ed33fc1a4723246447727dbda2c1264\\/1669098038894_587.jpg\", \"主题\" : \"外貌\", \"分类二\" : \"趣味故事\", \"单词\" : \"mouse,funny,small,strong\", \"简介\" : \"两只小老鼠发现了一个充气玩具，一只小老鼠钻进去后误以为自己很强壮，想挑战虎王，结果怎么样了？\", \"id\" : \"NrcbGf8RMnJWouDeCf6iVR\", \"脚本\" : \"\", \"分类一\" : \"人与社会\", \"中文名称\" : \"滑稽的老鼠\", \"词汇量\" : 53, \"英文名称\" : \"Funny Mice\"}"
"{\"阅读时长\" : 72, \"年级\" : \"fourGrade,threeGrade\", \"封面\" : \"eyyb\\/system\\/hbyd\\/20221123\\/1804ad77287724b79262e7024cdab2c9\\/1669163935925_898.jpg\", \"主题\" : \"位置\", \"分类二\" : \"趣味故事\", \"单词\" : \"door,where,on,desk,under,window,bed,in,table,chair,room,wall\", \"简介\" : \"一人一狗一玩具，大家一起玩游戏，蜘蛛侠：“听我说谢谢你！”\", \"id\" : \"NHa2R4Qnfi93fpqqsJcrjm\", \"脚本\" : \"\", \"分类一\" : \"人与社会\", \"中文名称\" : \"玩具在哪里？\", \"词汇量\" : 62, \"英文名称\" : \"Where Is the Toy?\"}"
"{\"阅读时长\" : 71, \"年级\" : \"threeGrade,fourGrade\", \"封面\" : \"eyyb\\/system\\/hbyd\\/20211213\\/78957bee311b540428e1c061ea4327ea\\/1639375860817_68.jpg\", \"主题\" : \"认识、介绍同伴\", \"分类二\" : \"亲情友情\", \"单词\" : \"goodbye,evening,morning,mother,afternoon,good\", \"简介\" : \"孵化出来的小蛋找不到妈妈了，它到底是什么动物呢？它的妈妈又在哪里呢？\", \"id\" : \"MdRNFh7GCAbdTtD6jPnSC6\", \"脚本\" : \"\", \"分类一\" : \"人与社会\", \"中文名称\" : \"小蛋找妈妈\", \"词汇量\" : 121, \"英文名称\" : \"Little Egg Looks for His Mother\"}"
"{\"阅读时长\" : 135, \"年级\" : \"fourGrade\", \"封面\" : \"eyyb\\/system\\/hbyd\\/20220208\\/5172671ca2a1cd89528bdae5bd7e42db\\/1644312524547_977.jpg\", \"主题\" : \"\", \"分类二\" : \"\", \"单词\" : \"\", \"简介\" : \"null\", \"id\" : \"P4BFRgrruRg13TerFWyZHY\", \"脚本\" : \"\", \"分类一\" : \"\", \"中文名称\" : \"null\", \"词汇量\" : \"\", \"英文名称\" : \"Jimmy’s Neighbourhood\"}"
"{\"阅读时长\" : 56, \"年级\" : \"threeGrade,fourGrade,fiveGrade\", \"封面\" : \"eyyb\\/system\\/hbyd\\/20210723\\/0865c09f1a7c4e719af0609fdd01531f\\/1627020883962_233.jpg\", \"主题\" : \"调整情绪与情感\", \"分类二\" : \"情绪管理\", \"单词\" : \"apple,sad,like,happy\", \"简介\" : \"这一天，小猪粉粉看起来很难过。外公和露丝都想让她开心起来。他们想了很多办法，最后，在外公和露丝的帮助下，小猪粉粉变得非常开心。\", \"id\" : \"NYw3W6RbFZfu4ynE8SQjUe\", \"脚本\" : \"\", \"分类一\" : \"人与自我\", \"中文名称\" : \"小猪粉粉\", \"词汇量\" : 87, \"英文名称\" : \"Pinky the Pig\"}"
"{\"阅读时长\" : 32, \"年级\" : \"oneGrade,twoGrade,threeGrade\", \"封面\" : \"eyyb\\/system\\/hbyd\\/20241104\\/4d1b477b05903c10eb1972faf3f900a8\\/1730687855864_715.png\", \"主题\" : \"物品描述\", \"分类二\" : \"生活常识\", \"单词\" : \"kite,plane,ball,up\", \"简介\" : \"你知道什么东西可以往上吗？读绘本，你会发现这些东西可以往上：球、气球、风筝、飞机、火箭……\", \"id\" : \"MyLe1oabFcjnuMbpbEre9H\", \"脚本\" : \"\", \"分类一\" : \"人与社会\", \"中文名称\" : \"什么能够往上？\", \"词汇量\" : 23, \"英文名称\" : \"What Goes Up?\"}"
"{\"阅读时长\" : 42, \"年级\" : \"threeGrade\", \"封面\" : \"eyyb\\/system\\/hbyd\\/20210715\\/3668fe5a03c4b8c14f9f5ea56e7816da\\/1626332353997_59.jpg\", \"主题\" : \"\", \"分类二\" : \"\", \"单词\" : \"\", \"简介\" : \"null\", \"id\" : \"NYCvKYdfDBcuAKVeKHRQ7Q\", \"脚本\" : \"\", \"分类一\" : \"\", \"中文名称\" : \"null\", \"词汇量\" : \"\", \"英文名称\" : \"Little Things\"}"
"{\"阅读时长\" : 707, \"年级\" : \"fiveGrade,sixGrade\", \"封面\" : \"eyyb\\/system\\/hbyd\\/20220705\\/ef67d0930c3b9f22ebba073a61e8f097\\/1656989985686_624.jpg\", \"主题\" : \"\", \"分类二\" : \"神话故事\", \"单词\" : \"\", \"简介\" : \"“天地间有神力，德行养之。”舜去历山耕种，历山的农人争让田界；舜去雷泽打鱼，雷泽的渔夫争让渔场；舜去河滨做陶器，河滨的陶工做出的陶器变得特别美观好用······\", \"id\" : \"P7CyRdut4nS7Eb1LLYJ9AP\", \"脚本\" : \"\", \"分类一\" : \"中文绘本\", \"中文名称\" : \"\", \"词汇量\" : 32, \"英文名称\" : \"舜帝的神力\"}"
"{\"阅读时长\" : 247, \"年级\" : \"fiveGrade,sixGrade\", \"封面\" : \"hbyd\\/20191220\\/06918d5f4d93d93d972f6756cf56dc69\\/The_Napping_House_1.jpg\", \"主题\" : \"\", \"分类二\" : \"\", \"单词\" : \"\", \"简介\" : \"null\", \"id\" : \"NRUuqNeEaNvmLH5EMpPjSm\", \"脚本\" : \"\", \"分类一\" : \"\", \"中文名称\" : \"null\", \"词汇量\" : \"\", \"英文名称\" : \"The Napping House\"}"
"{\"阅读时长\" : 36, \"年级\" : \"fourGrade,fiveGrade,sixGrade\", \"封面\" : \"eyyb\\/system\\/hbyd\\/20240530\\/99d25f9e3417617bc66a26ef1fe081dc\\/1717058908160_64.png\", \"主题\" : \"良好品格\", \"分类二\" : \"品德教养\", \"单词\" : \"decide,behind,bet,find,honey,patient,finish,throw,point,floor,helmet,ready\", \"简介\" : \"你是一个有耐心的人吗？一起来看看《Be Patient Maddie》这本书中的麦蒂，她可是个急脾气的小姑娘，急着找东西，急着骑自行车，不过画画的时候，她好像很有耐心哦！\", \"id\" : \"N5Wa3RN4KwbDG1ysDn55Ph\", \"脚本\" : \"\", \"分类一\" : \"人与自我\", \"中文名称\" : \"要有耐心，玛蒂\", \"词汇量\" : 210, \"英文名称\" : \"Be Patient, Maddie\"}"
"{\"阅读时长\" : 59, \"年级\" : \"fourGrade\", \"封面\" : \"eyyb\\/system\\/hbyd\\/20210722\\/b3058edeed39aabf0751413af8342557\\/1626917832128_361.jpg\", \"主题\" : \"\", \"分类二\" : \"\", \"单词\" : \"\", \"简介\" : \"null\", \"id\" : \"PXyjWC1TSizZDu2fqGq33C\", \"脚本\" : \"\", \"分类一\" : \"\", \"中文名称\" : \"null\", \"词汇量\" : \"\", \"英文名称\" : \"Over the River\"}"
"{\"阅读时长\" : 28, \"年级\" : \"threeGrade,fourGrade,fiveGrade\", \"封面\" : \"eyyb\\/system\\/hbyd\\/20240523\\/c87b7e681b1fe125a3be528158799a1c\\/1716449669295_521.jpg\", \"主题\" : \"爱好\", \"分类二\" : \"性格教育\", \"单词\" : \"have,horse,sing,am,cat,read,like,all,ride,bird,run,dog\", \"简介\" : \"绘本围绕人与自我主题，进行自我展示与分享兴趣爱好。绘本中的孩子们介绍自己的年龄、爱好和宠物，一起来认识他们吧。\", \"id\" : \"NbEY51wBKfPJ5qu1z1H6zY\", \"脚本\" : \"\", \"分类一\" : \"人与自我\", \"中文名称\" : \"关于我\", \"词汇量\" : 120, \"英文名称\" : \"About Me\"}"
"{\"阅读时长\" : 88, \"年级\" : \"fourGrade,fiveGrade,sixGrade,threeGrade\", \"封面\" : \"eyyb\\/system\\/hbyd\\/20211116\\/6cd2ab85d2796a5d01631efe1c991b95\\/1637030626078_5.jpg\", \"主题\" : \"劳动的描述\", \"分类二\" : \"趣味故事\", \"单词\" : \"make,long,biggest,blow,web,hole,little,longest,first,between,pretty\", \"简介\" : \"几只小蜘蛛在织自己的第一张网，它们织的第一张网会是什么样的呢？哪只小蜘蛛织的网最好呢？\", \"id\" : \"PKfrgMMUnLMrM8HqHiiDHy\", \"脚本\" : \"\", \"分类一\" : \"人与社会\", \"中文名称\" : \"他们的第一张网\", \"词汇量\" : 152, \"英文名称\" : \"Their First Webs\"}"
"{\"阅读时长\" : 34, \"年级\" : \"oneGrade,twoGrade,threeGrade\", \"封面\" : \"eyyb\\/system\\/hbyd\\/20210715\\/93e5c5d171a559a0db75d6494df8f82f\\/1626330698314_873.jpg\", \"主题\" : \"个人卫生,疾病\", \"分类二\" : \"生活常识\", \"单词\" : \"boat,bath,mom,fish,frog,soap,duck,ball\", \"简介\" : \"我最爱洗澡了，洗完澡我就变得干干净净、香香的啦！\", \"id\" : \"NMY8ct6GCdMaK9EJzyEhNq\", \"脚本\" : \"\", \"分类一\" : \"人与社会\", \"中文名称\" : \"我的浴缸\", \"词汇量\" : 34, \"英文名称\" : \"My Bath\"}"
"{\"阅读时长\" : 36, \"年级\" : \"oneGrade,twoGrade,threeGrade\", \"封面\" : \"eyyb\\/system\\/hbyd\\/20240528\\/b332f17dc62015f73be2cb965a425d26\\/1716896708068_489.jpg\", \"主题\" : \"日常活动\", \"分类二\" : \"趣味故事\", \"单词\" : \"play,think,school,yell,jump,goat,nice,hide,cry,job\", \"简介\" : \"绘本以巨魔为主角，展示了巨魔的玩耍、躲藏、跳跃、大喊、思考和哭泣等行为，帮助孩子认识不同的情绪和行为表现。\", \"id\" : \"MsoHJ1D9eZdkiuXrqGLE46\", \"脚本\" : \"\", \"分类一\" : \"人与社会\", \"中文名称\" : \"饥饿的巨魔\", \"词汇量\" : 230, \"英文名称\" : \"The Hungry Troll\"}"
"{\"阅读时长\" : 96, \"年级\" : \"fourGrade,fiveGrade,sixGrade\", \"封面\" : \"eyyb\\/system\\/hbyd\\/20240528\\/41f379302cfaafe78d0bc117a35ec09d\\/1716893951871_734.jpg\", \"主题\" : \"不同国家之间节日的文化差异\", \"分类二\" : \"人文社科\", \"单词\" : \"outfit,bean,cushion,light,treat,figure,festival,kneel,supreme,wrap,costume,favourite,helmet,special,lie,leaf\", \"简介\" : \"春天，丹在日本儿童节穿上武士服，玩偶高森却不见了。他怀疑妹妹、妈妈、狗拿走了玩偶，但四处寻找无果。最后发现玩偶在卧室，原来是父亲拿了玩偶为丹准备了惊喜。绘本展现了日本儿童节的传统习俗和文化，以及丹在这个过程中的经历和情感变化。\", \"id\" : \"NkWct5GyPz8hPKNMiGZqXF\", \"脚本\" : \"\", \"分类一\" : \"人与社会\", \"中文名称\" : \"来自日本的阿光\", \"词汇量\" : 400, \"英文名称\" : \"Ako From Japan\"}"
"{\"阅读时长\" : 64, \"年级\" : \"fourGrade,fiveGrade,sixGrade\", \"封面\" : \"eyyb\\/system\\/hbyd\\/20220526\\/2ea6d4bdee3acac97dacd9b2ba630c75\\/1653544593815_421.jpg\", \"主题\" : \"食物\", \"分类二\" : \"生活常识\", \"单词\" : \"movie,bowl,stove,still,fun,pot,popcorn,lid,pop,oil\", \"简介\" : \"妈妈爸爸去看电影了，于是爷爷过来陪内特和格蕾丝。爷爷做了美味的爆米花，来看看爆米花是如何制作的吧！\", \"id\" : \"Nk7Y5LQQFdYGHFdFDiCNwQ\", \"脚本\" : \"\", \"分类一\" : \"人与社会\", \"中文名称\" : \"嘭，嘭，爆米花！\", \"词汇量\" : 210, \"英文名称\" : \"Pop, Pop, Popcorn!\"}"
"{\"阅读时长\" : 28, \"年级\" : \"twoGrade,threeGrade\", \"封面\" : \"eyyb\\/system\\/hbyd\\/20241205\\/0701e30cdb48cc9e9b82c10cfdece512\\/1733399461683_862.png\", \"主题\" : \"科技创新\", \"分类二\" : \"生活常识\", \"单词\" : \"what,car,plane,rocket,we,boat,go,can,look,make\", \"简介\" : \"这本绘本展现了孩子们在制造小船、汽车、飞机和火箭，并兴奋地看着它们出发的欢乐场景，激发了孩子们的好奇心和创造力。\", \"id\" : \"NjzW76xA1Qj4T2KDVyZWqT\", \"脚本\" : \"\", \"分类一\" : \"人与社会\", \"中文名称\" : \"看它飞驰！\", \"词汇量\" : 96, \"英文名称\" : \"Look at it Go!\"}"
"{\"阅读时长\" : 24, \"年级\" : \"sixGrade\", \"封面\" : \"eyyb\\/system\\/hbyd\\/20240531\\/740bdce6975a33aeb659773f9783ada0\\/1717125984058_158.png\", \"主题\" : \"自然景观\", \"分类二\" : \"自然科学\", \"单词\" : \"continent,edition,educate,discovery,cover\", \"简介\" : \"绘本介绍了撒哈拉沙漠、珠穆朗玛峰、安第斯山脉、大陆漂移、苏格兰高地、北极冻土和死海等自然奇观，展示了地球地貌的多样性和独特性。\", \"id\" : \"NYb1fgoi7Q1sHGwrn31jVe\", \"脚本\" : \"\", \"分类一\" : \"人与自然\", \"中文名称\" : \"地貌特征\", \"词汇量\" : 430, \"英文名称\" : \"Land Features\"}"
"{\"阅读时长\" : 38, \"年级\" : \"threeGrade,fourGrade,fiveGrade\", \"封面\" : \"eyyb\\/system\\/hbyd\\/20211115\\/1a1a7c74fcfeb22b2d5f596283c07770\\/1636958803059_23.jpg\", \"主题\" : \"天气的特征\", \"分类二\" : \"自然科学\", \"单词\" : \"autumn,different,spring,weather,winter,sunny,warm,rainy,windy,season,snowy,summer\", \"简介\" : \"一年有四个季节，春夏秋冬，每个季节有着不同的特点，一起来看看有哪些不同吧！\", \"id\" : \"NeEhu4nKGRz7syXxkSTTHk\", \"脚本\" : \"\", \"分类一\" : \"人与自然\", \"中文名称\" : \"我们的天气\", \"词汇量\" : 43, \"英文名称\" : \"Our Weather\"}"
"{\"阅读时长\" : 52, \"年级\" : \"oneGrade,twoGrade,threeGrade\", \"封面\" : \"eyyb\\/system\\/hbyd\\/20220525\\/ba1f5083b655b075d64794f378461725\\/1653463251052_374.jpg\", \"主题\" : \"节假日\", \"分类二\" : \"人文社科\", \"单词\" : \"game,gift,snack,show,toy\", \"简介\" : \"儿童节到了，我们和爸爸妈妈的童年有什么不一样呢，邀请他们一起看看吧！\", \"id\" : \"P6iYQRzbsUTusQptrNGa4q\", \"脚本\" : \"\", \"分类一\" : \"人与社会\", \"中文名称\" : \"我们的儿童节\", \"词汇量\" : 51, \"英文名称\" : \"Our Children's Day\"}"
"{\"阅读时长\" : 36, \"年级\" : \"fourGrade,fiveGrade\", \"封面\" : \"eyyb\\/system\\/hbyd\\/20251121\\/5082e49d680bfdaca07410cdf8c4d0e2\\/1763715881732_8.jpg\", \"主题\" : \"中国文化体验\", \"分类二\" : \"趣味故事\", \"单词\" : \"fire,new,cave,rain,stone,cold,hungry\", \"简介\" : \"人们的日常生活离不开火。然而，钻木取火并不是一件容易的事。这不，黄帝部落就又遇到了麻烦······\", \"id\" : \"MzFk6NGqEcqAz73acVZ5h1\", \"脚本\" : \",,,,,,,,,,,,,,,,,,,,,\", \"分类一\" : \"人与社会\", \"中文名称\" : \"击石取火\", \"词汇量\" : 107, \"英文名称\" : \"Striking Stones to Make Fire\"}"
"{\"阅读时长\" : 28, \"年级\" : \"twoGrade,threeGrade,fourGrade\", \"封面\" : \"eyyb\\/system\\/hbyd\\/20240528\\/0e959d771a43d03f667bb15a9d2cb10d\\/1716859886404_443.jpg\", \"主题\" : \"数量\", \"分类二\" : \"人体奥秘\", \"单词\" : \"have,look,toe,feet,at,hand,finger\", \"简介\" : \"绘本通过探索身体的各个部分，如手、脚、手指和脚趾，引导孩子们学习从1数到10。帮助孩子们理解基本的计数概念，并认识自己的身体。\", \"id\" : \"PSbUZRfRDf1Sxrxef9Hj5U\", \"脚本\" : \"\", \"分类一\" : \"人与自然\", \"中文名称\" : \"数到十\", \"词汇量\" : 36, \"英文名称\" : \"Counting to 10\"}"
"{\"阅读时长\" : 28, \"年级\" : \"threeGrade,fourGrade,fiveGrade\", \"封面\" : \"eyyb\\/system\\/hbyd\\/20240528\\/19ac56a67be325cc1a65b45445b46f27\\/1716899774732_697.jpg\", \"主题\" : \"食物\", \"分类二\" : \"趣味故事\", \"单词\" : \"tasty,something,many,cherry,money,want,some,have,very,good,peach,fair,berry,eat,like\", \"简介\" : \"绘本讲述了西蒙在去集市的路上遇到卖派的人，他想吃派，但他没有钱。卖派的人看到西蒙想吃，于是让他品尝派。西蒙随后为卖派的人做了一些事来回报他们。\", \"id\" : \"NMWRrnwL3sxW1zns1dvogX\", \"脚本\" : \"\", \"分类一\" : \"人与社会\", \"中文名称\" : \"给单纯的西蒙的派\", \"词汇量\" : 220, \"英文名称\" : \"Pies for Simple Simon\"}"
"{\"阅读时长\" : 28, \"年级\" : \"threeGrade,fourGrade,fiveGrade\", \"封面\" : \"eyyb\\/system\\/hbyd\\/20240528\\/d76cb1a81cf3cbd50126b18debaf665b\\/1716886927054_407.jpg\", \"主题\" : \"健康饮食\", \"分类二\" : \"生活常识\", \"单词\" : \"has,she,cracker,want,he,peach,carrot,too\", \"简介\" : \"绘本通过展示一系列色彩缤纷、营养丰富的食物，这本书教会孩子们认识不同的健康零食，并用简单的英语表达自己对这些食物的喜爱。\", \"id\" : \"NLJUSih41R41uvQA8vFn3A\", \"脚本\" : \"\", \"分类一\" : \"人与社会\", \"中文名称\" : \"健康零食\", \"词汇量\" : 130, \"英文名称\" : \"Healthy Snacks\"}"
"{\"阅读时长\" : 36, \"年级\" : \"oneGrade,twoGrade,threeGrade\", \"封面\" : \"eyyb\\/system\\/hbyd\\/20220812\\/489dc8929417660e8c0bea7988f928c9\\/1660266800244_45.jpg\", \"主题\" : \"\", \"分类二\" : \"自然科学\", \"单词\" : \"scarf,button,stick,snowman,carrot,hat,banana,snow\", \"简介\" : \"看！下雪啦！和我一起来堆雪人吧！\", \"id\" : \"PHHKEqK4hd9GSB8p6bKYXS\", \"脚本\" : \"\", \"分类一\" : \"人与自然\", \"中文名称\" : \"堆雪人\", \"词汇量\" : 35, \"英文名称\" : \"Making a Snowman\"}"
"{\"阅读时长\" : 85, \"年级\" : \"fourGrade\", \"封面\" : \"eyyb\\/system\\/hbyd\\/20211014\\/65f77a2c21a3ff6836383fb85e35a6d4\\/1634180503934_843.jpg\", \"主题\" : \"\", \"分类二\" : \"\", \"单词\" : \"\", \"简介\" : \"null\", \"id\" : \"Mt9KG1559SKUps3Qqw7N5o\", \"脚本\" : \"\", \"分类一\" : \"\", \"中文名称\" : \"null\", \"词汇量\" : \"\", \"英文名称\" : \"Our Dream Home\"}"
"{\"阅读时长\" : 40, \"年级\" : \"oneGrade,twoGrade,threeGrade\", \"封面\" : \"eyyb\\/system\\/hbyd\\/20241129\\/062ae4438033137334c61ce737ca61e2\\/1732851885306_583.png\", \"主题\" : \"我的能力\", \"分类二\" : \"思维培养\", \"单词\" : \"run,jump,hop,paint,read,march,write\", \"简介\" : \"学习read、write、run等常用动词，观察每幅图片，看看小朋友们在干什么？阅读的同时注意“m”在march中的正确发音。\", \"id\" : \"P5ud2fCcQLGHT7knzBEC6V\", \"脚本\" : \"\", \"分类一\" : \"人与自我\", \"中文名称\" : \"我\", \"词汇量\" : 26, \"英文名称\" : \"I\"}"
"{\"阅读时长\" : 28, \"年级\" : \"threeGrade,fourGrade\", \"封面\" : \"eyyb\\/system\\/hbyd\\/20241129\\/8c90b140e0762cf472e61bf3a12ba25f\\/1732842993689_946.png\", \"主题\" : \"\", \"分类二\" : \"校园生活\", \"单词\" : \"bag,hat,teacher,red,know,shirt,classroom,sugar,pen,sweet,blue,student,violet,see\", \"简介\" : \"这本绘本通过色彩与味道的认知游戏，让孩子们在寻找红色、蓝色与甜味物品的过程中，享受阅读的乐趣，同时学会赞美与欣赏他人的美好。\", \"id\" : \"MaXZ5kiAttHgL9uZpMw1jP\", \"脚本\" : \"\", \"分类一\" : \"人与社会\", \"中文名称\" : \"红玫瑰，蓝紫罗兰以及······？\", \"词汇量\" : 179, \"英文名称\" : \"Red Roses, Blue Violet, and...?\"}"
"{\"阅读时长\" : 123, \"年级\" : \"fourGrade,fiveGrade,sixGrade\", \"封面\" : \"eyyb\\/system\\/hbyd\\/20220128\\/1715caf571fb22154beef74021b760b1\\/1643342974984_911.jpg\", \"主题\" : \"游览其他国家\", \"分类二\" : \"世界地理\", \"单词\" : \"China,France,Australia,Canada,from,country\", \"简介\" : \"魔法奶奶想要环游世界，便从市场买了一条会飞的毯子。飞毯带着魔法奶奶先去了中国，她买了······\", \"id\" : \"NbARrrW2vVKuwKK82MNen6\", \"脚本\" : \"\", \"分类一\" : \"人与自然\", \"中文名称\" : \"魔法奶奶的毯子\", \"词汇量\" : 203, \"英文名称\" : \"The Magic Grandma's Carpet\"}"
"{\"阅读时长\" : 28, \"年级\" : \"twoGrade,threeGrade,fourGrade\", \"封面\" : \"eyyb\\/system\\/hbyd\\/20240523\\/6fcc5e9f9c4314c0492fbca6503284f3\\/1716454733475_124.jpg\", \"主题\" : \"海洋动物\", \"分类二\" : \"自然科学\", \"单词\" : \"look,clam,crab,we,whale\", \"简介\" : \"通过展示孩子们在海边的探险活动，介绍了几种常见的海洋生物。让孩子们在阅读中学习到海洋生物的英文名称，同时培养他们的观察力和对自然界的好奇心。\", \"id\" : \"NdzuqjWjyCHUYosW5GeztL\", \"脚本\" : \"\", \"分类一\" : \"人与自然\", \"中文名称\" : \"在海岸边\", \"词汇量\" : 130, \"英文名称\" : \"At the Shore\"}"
"{\"阅读时长\" : 57, \"年级\" : \"threeGrade\", \"封面\" : \"eyyb\\/system\\/hbyd\\/20211109\\/c95451f63867f2333a41b47c07961115\\/1636447163817_676.jpg\", \"主题\" : \"\", \"分类二\" : \"\", \"单词\" : \"\", \"简介\" : \"null\", \"id\" : \"ND3nASzpxThutRUJq4FsCa\", \"脚本\" : \"\", \"分类一\" : \"\", \"中文名称\" : \"null\", \"词汇量\" : \"\", \"英文名称\" : \"A Dog's Day\"}"
"{\"阅读时长\" : 28, \"年级\" : \"fourGrade,fiveGrade,sixGrade\", \"封面\" : \"eyyb\\/system\\/hbyd\\/20240530\\/716326819b999d4ba6a55fb5139b6d64\\/1717056390346_970.jpg\", \"主题\" : \"解决方式\", \"分类二\" : \"社会交往\", \"单词\" : \"them,have,look,alone,woods,sheep,no,come,where,hope,find,you\", \"简介\" : \"在这本《Where Are Bo Peep's Sheep?》绘本中，小牧羊女丢了她的羊，她四处向人打听有没有见到她的羊，她去了哪些地方找羊呢？最终牧羊女的羊找到了吗？一起来看一看吧！\", \"id\" : \"MqQ8PQTE5LJu7MWx1ar8Hz\", \"脚本\" : \"\", \"分类一\" : \"人与社会\", \"中文名称\" : \"小波比的羊在哪里？\", \"词汇量\" : 311, \"英文名称\" : \"Where Are Bo Peep's Sheep?\"}"
"{\"阅读时长\" : 28, \"年级\" : \"threeGrade,fourGrade,fiveGrade\", \"封面\" : \"eyyb\\/system\\/hbyd\\/20240528\\/27184c88ed54c7d0f47a4770c270905b\\/1716893088643_103.jpg\", \"主题\" : \"动物习性\", \"分类二\" : \"生活常识\", \"单词\" : \"eat,we,zebra,monkey,elephant,at,see\", \"简介\" : \"孩子们在动物园看到大象、猴子、北极熊和斑马等动物，分别介绍了这些动物的喂食时间。大象在8点进食，猴子在9点进食，北极熊在10点进食，斑马在11点进食，而孩子们在12点进食。绘本通过展示动物园的场景，让读者了解不同动物的生活习性。\", \"id\" : \"N7AUVyyAy2A1zFtBSD6LVt\", \"脚本\" : \"\", \"分类一\" : \"人与社会\", \"中文名称\" : \"动物园的喂食时间\", \"词汇量\" : 130, \"英文名称\" : \"Feeding Time at the Zoo\"}"
"{\"阅读时长\" : 54, \"年级\" : \"threeGrade,fourGrade,fiveGrade\", \"封面\" : \"eyyb\\/system\\/hbyd\\/20210722\\/1db1d495b14d5282a89d5347d89d7c21\\/1626917891879_773.jpg\", \"主题\" : \"爱好\", \"分类二\" : \"亲情友情\", \"单词\" : \"play,draw,cookie,book,lunch,watch,eat,picture,read\", \"简介\" : \"山姆是一个非常幸福的孩子，他的爸爸会陪他一起读书、一起打球、一起画画······一起来分享山姆的幸福时刻吧！\", \"id\" : \"NoNictpfPxZyU9ZmLX5EHS\", \"脚本\" : \"\", \"分类一\" : \"人与社会\", \"中文名称\" : \"山姆和爸爸\", \"词汇量\" : 68, \"英文名称\" : \"Sam and Papa\"}"
"{\"阅读时长\" : 96, \"年级\" : \"fiveGrade,sixGrade\", \"封面\" : \"eyyb\\/system\\/hbyd\\/20240530\\/d365268726093392215d11325469346d\\/1717058998586_681.png\", \"主题\" : \"环境保护\", \"分类二\" : \"环境保护\", \"单词\" : \"carve,entirely,fragile,sort,bark,destroy,tap,swamp,sting\", \"简介\" : \"奶牛黛西快乐地生活在草地中，却在不经意间践踏了花草，伤害了大自然。她不小心践踏了多米诺的菜园，还不听劝告准备在树上刻字，差点把脏袜子扔进了堆肥垃圾桶，喝水后不关水龙头让自己掉进了泥沼，后来，在多米诺的教导下，黛西逐渐认识到自然很脆弱，需要大家保护。\", \"id\" : \"MnHYRchhZ83yKEaZ6ShZKD\", \"脚本\" : \"\", \"分类一\" : \"人与自然\", \"中文名称\" : \"和奶牛黛西一起学习尊重自然\", \"词汇量\" : 587, \"英文名称\" : \"Learn to Respect Nature with Daisy the Cow\"}"
"{\"阅读时长\" : 122, \"年级\" : \"fourGrade,fiveGrade,sixGrade\", \"封面\" : \"hbyd\\/20190801\\/c90d6b72a36a3ca71b3b738a415f099e\\/Hairy_Bear_on_the_Roof.jpg\", \"主题\" : \"意外\", \"分类二\" : \"安全教育\", \"单词\" : \"ladder,roof,grab,hurt,fix,bush,brave,hole,slip\", \"简介\" : \"毛毛熊家的新房子屋顶破了一个洞，他爬到了屋顶修补这个洞。啊！毛毛熊滑下来了······\", \"id\" : \"MqbkEEvsDCB55qShSyxQ83\", \"脚本\" : \"\", \"分类一\" : \"人与自我\", \"中文名称\" : \"屋顶上的毛毛熊\", \"词汇量\" : 198, \"英文名称\" : \"Hairy Bear on the Roof\"}"
"{\"阅读时长\" : 218, \"年级\" : \"sixGrade\", \"封面\" : \"\\/bookread\\/userfiles2\\/1\\/files\\/APP\\/kantupeiyin\\/4x\\/Little Blue and Little Yellow\\/img\\/1_f.jpg\", \"主题\" : \"\", \"分类二\" : \"\", \"单词\" : \"\", \"简介\" : \"null\", \"id\" : \"MYRxon3qFH6BbXfXJyPRSP\", \"脚本\" : \"\", \"分类一\" : \"\", \"中文名称\" : \"null\", \"词汇量\" : \"\", \"英文名称\" : \"Little Blue And Little Yellow 小蓝和小黄\"}"
"{\"阅读时长\" : 72, \"年级\" : \"twoGrade,threeGrade,fourGrade\", \"封面\" : \"eyyb\\/system\\/hbyd\\/20220705\\/b22a6fb8bddffac89f8f809d992cb7c9\\/1656982339516_92.jpg\", \"主题\" : \"\", \"分类二\" : \"情感教育\", \"单词\" : \"\", \"简介\" : \"拉芙季贝家里很穷，她和儿子每天连饭都吃不饱。这一天，她决定让儿子去市场上调查，看看什么商品卖得最好……\", \"id\" : \"NbDHJzSz1Eshw3kvbeAN7s\", \"脚本\" : \"\", \"分类一\" : \"中文绘本\", \"中文名称\" : \"\", \"词汇量\" : 33, \"英文名称\" : \"鳄鱼的牙齿\"}"
"{\"阅读时长\" : 40, \"年级\" : \"threeGrade,fourGrade,fiveGrade,sixGrade\", \"封面\" : \"eyyb\\/system\\/hbyd\\/20220526\\/b232dfd6193e4b0753017ed20edd53db\\/1653555219094_130.jpg\", \"主题\" : \"物品\", \"分类二\" : \"趣味故事\", \"单词\" : \"home,bed,chair,bowl,girl,house,bear\", \"简介\" : \"有一天，一个小女孩独自在散步，她在森林深处发现了一座房子，房子里有什么呢？又发生了什么有趣的故事呢？\", \"id\" : \"MhNzkMUTVwPvJffiSEdKz6\", \"脚本\" : \"\", \"分类一\" : \"人与社会\", \"中文名称\" : \"三只熊\", \"词汇量\" : 120, \"英文名称\" : \"The Three Bears\"}"
"{\"阅读时长\" : 48, \"年级\" : \"fourGrade,fiveGrade,sixGrade\", \"封面\" : \"eyyb\\/system\\/hbyd\\/20251121\\/3408e9d387e4db1f7e4c203ab3b82536\\/1763716918092_957.jpg\", \"主题\" : \"中国文化体验\", \"分类二\" : \"趣味故事\", \"单词\" : \"home,house,flood,fast,hungry,river\", \"简介\" : \"黄帝手下有两位大臣，共鼓和货狄，他们主要负责建造房屋。这一年，山洪突然爆发······\", \"id\" : \"7ASaMUwuxWqP1QRarKP6H6\", \"脚本\" : \",,,,,,,,,,,,,,,,,,,,,,,,,,,,\", \"分类一\" : \"人与社会\", \"中文名称\" : \"共鼓凿舟\", \"词汇量\" : 145, \"英文名称\" : \"Gonggu Making a Boat\"}"
"{\"阅读时长\" : 40, \"年级\" : \"oneGrade,twoGrade,threeGrade\", \"封面\" : \"eyyb\\/system\\/hbyd\\/20241218\\/94a34cfb9d1a1021191408086e3c7da3\\/1734487737213_10.png\", \"主题\" : \"我的能力\", \"分类二\" : \"趣味故事\", \"单词\" : \"book,home,like,mat,truck,go\", \"简介\" : \"妈妈带Tam和Sam去了玩具店，他们在玩具店里看到了什么？最后他们买了什么喜爱的东西呢？阅读的同时注意“t”在Tam、Sam中的正确发音。\", \"id\" : \"6H36QXqdnGkiRvBkFz2sBg\", \"脚本\" : \"\", \"分类一\" : \"人与社会\", \"中文名称\" : \"我看见\", \"词汇量\" : 30, \"英文名称\" : \"I See\"}"
"{\"阅读时长\" : 265, \"年级\" : \"threeGrade,fourGrade,fiveGrade\", \"封面\" : \"eyyb\\/system\\/hbyd\\/20220507\\/13f0cd7e939cf060b71b0de5835ccf33\\/1651911785185_903.png\", \"主题\" : \"购物\", \"分类二\" : \"亲情友情\", \"单词\" : \"carrot,potato,water,tomato,surprise,spoon,soup,pot,market\", \"简介\" : \"母亲节快到了，我和爸爸想给妈妈准备一个惊喜。这个惊喜是什么呢？妈妈喜不喜欢这个惊喜呢？一起来看看吧！\", \"id\" : \"6bfQpEABGh6xBccBvASnK4\", \"脚本\" : \"\", \"分类一\" : \"人与社会\", \"中文名称\" : \"给妈妈的惊喜\", \"词汇量\" : 180, \"英文名称\" : \"A Surprise for Mom\"}"
"{\"阅读时长\" : 28, \"年级\" : \"twoGrade,threeGrade,fourGrade\", \"封面\" : \"eyyb\\/system\\/hbyd\\/20240528\\/cb0fd2968bca99d8a5af9a180d359584\\/1716895615773_214.jpg\", \"主题\" : \"自然现象\", \"分类二\" : \"探索宇宙\", \"单词\" : \"moon,sun,see,cloud,I,look,star\", \"简介\" : \"绘本以户外白天和夜晚为背景，通过引导孩子仰望天空，观察太阳、云、月亮和星星等自然景观，采用简洁的问答形式，帮助孩子认识天空中的自然现象。绘本风格生动活泼，激发孩子对自然的好奇与探索欲。\", \"id\" : \"6iqceL2SXrtMohFgp4n6hX\", \"脚本\" : \"\", \"分类一\" : \"人与自然\", \"中文名称\" : \"仰望天空\", \"词汇量\" : 110, \"英文名称\" : \"Looking at the Sky\"}"
"{\"阅读时长\" : 36, \"年级\" : \"fiveGrade,sixGrade\", \"封面\" : \"eyyb\\/system\\/hbyd\\/20250708\\/11e2355a753718edbdb0d03af45389dd\\/1751967935143_178.png\", \"主题\" : \"自然现象\", \"分类二\" : \"趣味故事\", \"单词\" : \"blow,boast,wrap,argue\", \"简介\" : \"风和太阳在争论谁能让旅行者脱下斗篷谁就更强。风使劲吹，但还是失败，而太阳用温暖的阳光让旅行者自行脱下斗篷。\", \"id\" : \"7ErV99UpgL5RKT3w6KSUZq\", \"脚本\" : \"\", \"分类一\" : \"人与社会\", \"中文名称\" : \"风和太阳\", \"词汇量\" : 340, \"英文名称\" : \"The Wind and the Sun\"}"
"{\"阅读时长\" : 77, \"年级\" : \"zonghe\", \"封面\" : \"\\/bookread\\/userfiles2\\/1\\/files\\/APP\\/kantupeiyin\\/Xce\\/Lemonade300.jpg\", \"主题\" : \"\", \"分类二\" : \"\", \"单词\" : \"\", \"简介\" : \"null\", \"id\" : \"7632cc74ec0c41b3ad0c09dbd7cf04e4\", \"脚本\" : \"\", \"分类一\" : \"\", \"中文名称\" : \"null\", \"词汇量\" : \"\", \"英文名称\" : \"Lemonade   柠 檬 汁\"}"
"{\"阅读时长\" : 28, \"年级\" : \"fiveGrade,sixGrade\", \"封面\" : \"eyyb\\/system\\/hbyd\\/20240529\\/cf90e5ae903c9c30c6958ad201dbada3\\/1716971140456_54.png\", \"主题\" : \"野生动物\", \"分类二\" : \"自然科学\", \"单词\" : \"hunter,pattern,wild,weigh,leap,unique,solitary,jaw,travel\", \"简介\" : \"介绍了老虎是最大的大型猫科动物，可长达2.8米，重300千克，是独居的捕食者，会巡逻数小时并行走20千米去寻找猎物。老虎悄悄靠近猎物后会以闪电般的速度扑上去。然而，野生老虎数量极少，大多被猎人捕杀。\", \"id\" : \"6m6w5jm62PwJMmuBwM17ou\", \"脚本\" : \"\", \"分类一\" : \"人与自然\", \"中文名称\" : \"老虎\", \"词汇量\" : 57, \"英文名称\" : \"Tiger\"}"
"{\"阅读时长\" : 84, \"年级\" : \"fourGrade,fiveGrade,sixGrade\", \"封面\" : \"eyyb\\/system\\/hbyd\\/20211116\\/16e9f90e64ab36d1c64d1845469e706c\\/1637029743613_168.jpg\", \"主题\" : \"劳动的描述\", \"分类二\" : \"自然科学\", \"单词\" : \"flower,outside,sweet,bee,water,bottle,visit,garden,sugar\", \"简介\" : \"安妮做了三朵花，一朵红的，一朵蓝的，一朵黄的。这三朵漂亮的花把谁吸引过来了呢？\", \"id\" : \"7S7foQrNJgKPKGaCyqVceW\", \"脚本\" : \"\", \"分类一\" : \"人与自然\", \"中文名称\" : \"蜜蜂和花朵\", \"词汇量\" : 96, \"英文名称\" : \"Bees and Flowers\"}"
"{\"阅读时长\" : 52, \"年级\" : \"fourGrade,fiveGrade,sixGrade\", \"封面\" : \"eyyb\\/system\\/hbyd\\/20240530\\/e8b5ebc43c80d1ade3846426642aabb5\\/1717057143639_745.jpg\", \"主题\" : \"团队精神\", \"分类二\" : \"趣味故事\", \"单词\" : \"pull,garden,juicy,cupboard,grow,enormous,watermelon,plant,seed,sweet\", \"简介\" : \"老母亲哈伯德在花园里种下了一颗西瓜种子。西瓜越长越大，直到变得巨大无比。老母亲哈伯德想把西瓜带回家，却怎么也拉不动。她先后叫来矮胖子、小玛菲特小姐、杰克和吉尔、小威利・温基帮忙，最后大家一起成功地把西瓜拉回了厨房。老母亲哈伯德切开西瓜，大家一起坐下来享用。\", \"id\" : \"5sxitJBbgZWWajH1XdGF8p\", \"脚本\" : \"\", \"分类一\" : \"人与社会\", \"中文名称\" : \"巨大的西瓜\", \"词汇量\" : 200, \"英文名称\" : \"The Enormous Watermelon\"}"
"{\"阅读时长\" : 133, \"年级\" : \"twoGrade,threeGrade,fourGrade\", \"封面\" : \"eyyb\\/system\\/hbyd\\/20211213\\/c03931ad18365c1f7f23ae1bf1e95790\\/1639386074557_103.jpg\", \"主题\" : \"其他动物\", \"分类二\" : \"安全教育\", \"单词\" : \"not,duck,a,hen,cat,yes,horse,cow,it,dog\", \"简介\" : \"鸭子和母鸡发现了一个大洞，接下来的每个人都在这个危险的大洞边缘疯狂试探······\", \"id\" : \"5k5NJN4v76Asc8NUToX3t2\", \"脚本\" : \"\", \"分类一\" : \"人与自我\", \"中文名称\" : \"这里有一个大洞\", \"词汇量\" : 160, \"英文名称\" : \"There's a Big Hole Here\"}"
"{\"阅读时长\" : 36, \"年级\" : \"threeGrade,fourGrade,fiveGrade\", \"封面\" : \"eyyb\\/system\\/hbyd\\/20230330\\/faa313790356d8ebe4b11860854eca23\\/1680159331982_349.jpg\", \"主题\" : \"\", \"分类二\" : \"社会交往\", \"单词\" : \"toy,food,ball,put,car,bag\", \"简介\" : \"我们把所需物品放到车里，一家人准备出发去度假。\", \"id\" : \"6pBzzsxbNhjJt5N1vBhn7U\", \"脚本\" : \"\", \"分类一\" : \"人与社会\", \"中文名称\" : \"度假\", \"词汇量\" : 54, \"英文名称\" : \"Going on Vacation\"}"
"{\"阅读时长\" : 34, \"年级\" : \"threeGrade\", \"封面\" : \"eyyb\\/system\\/hbyd\\/20210715\\/c68ce2e0a7d5d5b4dba0d744beebc78b\\/1626319741499_226.jpg\", \"主题\" : \"\", \"分类二\" : \"\", \"单词\" : \"\", \"简介\" : \"null\", \"id\" : \"7CJXPkNhP5hunaiTQi5bDU\", \"脚本\" : \"\", \"分类一\" : \"\", \"中文名称\" : \"null\", \"词汇量\" : \"\", \"英文名称\" : \"Monkey\"}"
"{\"阅读时长\" : 351, \"年级\" : \"fiveGrade,sixGrade\", \"封面\" : \"hbyd\\/20190614\\/a56688b40ed29cddb18ec0953d369f1d\\/Goodnight_Moon.jpg\", \"主题\" : \"\", \"分类二\" : \"\", \"单词\" : \"\", \"简介\" : \"null\", \"id\" : \"5wrhdKBunvzbpFGyxFDT5C\", \"脚本\" : \"\", \"分类一\" : \"\", \"中文名称\" : \"null\", \"词汇量\" : \"\", \"英文名称\" : \"Goodnight Moon\"}"
"{\"阅读时长\" : 28, \"年级\" : \"fourGrade,fiveGrade,sixGrade\", \"封面\" : \"eyyb\\/system\\/hbyd\\/20240530\\/23a26a4fdf135f415da7d61c95f60748\\/1717057730355_683.jpg\", \"主题\" : \"成长历程\", \"分类二\" : \"趣味故事\", \"单词\" : \"pool,hotel,trip,rabbit,cloud,airport,seat,suitcase,weigh,climb,load,board,magnetic,swimsuit,curious,busy\", \"简介\" : \"马丁忙碌地打包行李准备度假，告别朋友后飞往目的地。在酒店，他选择在游泳池边休息，享受阳光和果汁。马丁用相机记录美好时刻，寄明信片给朋友表达思念。假期结束后，他飞回家，朋友们在机场热情迎接。绘本通过马丁的视角，向孩子们展示了一场愉快的旅行。\", \"id\" : \"62Nu9WYwLUt2L2zbpgckGP\", \"脚本\" : \"\", \"分类一\" : \"人与社会\", \"中文名称\" : \"马丁度假记\", \"词汇量\" : 379, \"英文名称\" : \"MARTIN on Holiday\"}"
"{\"阅读时长\" : 51, \"年级\" : \"fiveGrade\", \"封面\" : \"eyyb\\/system\\/hbyd\\/20210723\\/a48884b4da631065f61db798c98aa9ec\\/1627005133474_447.jpg\", \"主题\" : \"\", \"分类二\" : \"\", \"单词\" : \"\", \"简介\" : \"null\", \"id\" : \"6JghG3Gp9XsyT2HorSNkCH\", \"脚本\" : \"\", \"分类一\" : \"\", \"中文名称\" : \"null\", \"词汇量\" : \"\", \"英文名称\" : \"Play Ball!\"}"
"{\"阅读时长\" : 65, \"年级\" : \"fiveGrade\", \"封面\" : \"\\/bookread\\/userfiles2\\/1\\/files\\/APP\\/kantupeiyin\\/5X\\/Where Is Fire Engine 1.jpg\", \"主题\" : \"\", \"分类二\" : \"\", \"单词\" : \"\", \"简介\" : \"null\", \"id\" : \"7a592a266d2d4728a71e999441c3510d\", \"脚本\" : \"\", \"分类一\" : \"\", \"中文名称\" : \"null\", \"词汇量\" : \"\", \"英文名称\" : \"Where Is Fire Engine?  飞儿去哪儿了\"}"
"{\"阅读时长\" : 36, \"年级\" : \"threeGrade,fourGrade,fiveGrade\", \"封面\" : \"eyyb\\/system\\/hbyd\\/20241104\\/af43de381ad67443bc6432ee7cb38bab\\/1730702407903_887.png\", \"主题\" : \"烹饪食物\", \"分类二\" : \"生活常识\", \"单词\" : \"pizza,cheese,cook\", \"简介\" : \"爸爸今晚化身为大厨，精心准备晚餐。从揉面团到调酱料，从磨奶酪到切香肠，每一步都充满爱意。最终，一盘色香味俱全的披萨出炉，香气扑鼻，美味难挡，让全家人围坐一起，共享这温馨而美好的时刻。\", \"id\" : \"7LCWcHyukTkmBMFTMQxPoB\", \"脚本\" : \"\", \"分类一\" : \"人与社会\", \"中文名称\" : \"爸爸在做什么菜？\", \"词汇量\" : 135, \"英文名称\" : \"What Is Papa Cooking?\"}"
"{\"阅读时长\" : 132, \"年级\" : \"threeGrade,fourGrade\", \"封面\" : \"hbyd\\/20190614\\/862ae534320669d9938de78f7c32e85e\\/Wheels_on_the_Bus.jpg\", \"主题\" : \"\", \"分类二\" : \"\", \"单词\" : \"\", \"简介\" : \"null\", \"id\" : \"7SPfWtyXjq8XeYEzsdz4gj\", \"脚本\" : \"\", \"分类一\" : \"\", \"中文名称\" : \"null\", \"词汇量\" : \"\", \"英文名称\" : \"Wheels on the Bus\"}"
"{\"阅读时长\" : 33, \"年级\" : \"twoGrade\", \"封面\" : \"eyyb\\/system\\/hbyd\\/20210713\\/e9ab358c202f50a8296a6beb851763be\\/1626164091458_518.jpg\", \"主题\" : \"\", \"分类二\" : \"\", \"单词\" : \"\", \"简介\" : \"null\", \"id\" : \"7PupQwU88tm6vpx2WAQazf\", \"脚本\" : \"\", \"分类一\" : \"\", \"中文名称\" : \"null\", \"词汇量\" : \"\", \"英文名称\" : \"Swim!\"}"
"{\"阅读时长\" : 36, \"年级\" : \"fourGrade,fiveGrade,sixGrade\", \"封面\" : \"eyyb\\/system\\/hbyd\\/20230524\\/e22aea0044b6b1997977a470abb564c3\\/1684909826326_22.jpg\", \"主题\" : \"\", \"分类二\" : \"趣味故事\", \"单词\" : \"eat,food,tree,toy\", \"简介\" : \"一天小猫胡格斯爬到了树上，梅格想让小猫从树上下来。她想了很多办法，但是小猫胡格斯不想从树上下来。最后，梅格也爬到了树上。\", \"id\" : \"7Tg1AfpE4qpMMdBpqkeZLL\", \"脚本\" : \"\", \"分类一\" : \"人与社会\", \"中文名称\" : \"在树上\", \"词汇量\" : 115, \"英文名称\" : \"Up in a Tree\"}"
"{\"阅读时长\" : 36, \"年级\" : \"threeGrade,fourGrade\", \"封面\" : \"eyyb\\/system\\/hbyd\\/20220428\\/84235869d155f9004e7a611a0aa401df\\/1651114483318_933.jpg\", \"主题\" : \"帮助他人\", \"分类二\" : \"社会交往\", \"单词\" : \"help,pig,red,dog,hen,cat\", \"简介\" : \"小红母鸡准备种小麦来做面包，它向小狗、小猫还有小猪寻求帮助，那它们有没有帮助小红母鸡呢？\", \"id\" : \"7P6nQTP69tLkMFwbyyVirr\", \"脚本\" : \"\", \"分类一\" : \"人与社会\", \"中文名称\" : \"红色的小母鸡\", \"词汇量\" : 143, \"英文名称\" : \"The Little Red Hen\"}"
"{\"阅读时长\" : 72, \"年级\" : \"sixGrade\", \"封面\" : \"\\/bookread\\/userfiles2\\/1\\/files\\/APP\\/kantupeiyin\\/6X\\/Tin Clown 1.jpg\", \"主题\" : \"\", \"分类二\" : \"\", \"单词\" : \"\", \"简介\" : \"null\", \"id\" : \"62227c556c2d4962b31d3f0a96f2ca9c\", \"脚本\" : \"\", \"分类一\" : \"\", \"中文名称\" : \"null\", \"词汇量\" : \"\", \"英文名称\" : \"Tin Clown  小丑迪恩\"}"
"{\"阅读时长\" : 76, \"年级\" : \"zonghe\", \"封面\" : \"\\/bookread\\/userfiles2\\/1\\/files\\/APP\\/kantupeiyin\\/Xce\\/21-The Rainbow Bird300.jpg\", \"主题\" : \"\", \"分类二\" : \"\", \"单词\" : \"\", \"简介\" : \"null\", \"id\" : \"7c1e1ca9b1a7420882cf8dce003513c3\", \"脚本\" : \"\", \"分类一\" : \"\", \"中文名称\" : \"null\", \"词汇量\" : \"\", \"英文名称\" : \"The Rainbow Bird  彩 虹 鸟\"}"
"{\"阅读时长\" : 64, \"年级\" : \"fourGrade,fiveGrade,sixGrade\", \"封面\" : \"eyyb\\/system\\/hbyd\\/20220524\\/5e4c453fdd41511149139cd2bb4fae57\\/1653379905798_565.jpg\", \"主题\" : \"尊敬长辈\", \"分类二\" : \"亲情友情\", \"单词\" : \"quarter,card,space,present,basketball,penny,give,car,book,rocket,computer,birthday\", \"简介\" : \"爸爸的生日到了，山姆和杰西想送爸爸一个礼物。但是山姆和杰西没有那么多钱，他们会怎么办呢？\", \"id\" : \"7V8mqHZV86Nkft8UTNJtUA\", \"脚本\" : \"\", \"分类一\" : \"人与社会\", \"中文名称\" : \"爸爸的生日\", \"词汇量\" : 280, \"英文名称\" : \"Papa's Birthday\"}"
"{\"阅读时长\" : 28, \"年级\" : \"oneGrade,twoGrade,threeGrade\", \"封面\" : \"eyyb\\/system\\/hbyd\\/20241205\\/700ea69d2ccee0dea2c1b1562de43d4f\\/1733399309831_877.png\", \"主题\" : \"学校场所\", \"分类二\" : \"校园生活\", \"单词\" : \"classroom,library,we,playground,cafeteria,to,the,go,gym\", \"简介\" : \"这本绘本展示了学校里的各个场所，如图书馆、体育馆、食堂和教室等。孩子们在这些地方度过丰富多彩的校园生活。\", \"id\" : \"6XkT68wpuXSjeigpQ9wHaL\", \"脚本\" : \"\", \"分类一\" : \"人与社会\", \"中文名称\" : \"我们去上学\", \"词汇量\" : 42, \"英文名称\" : \"We Go to School\"}"
"{\"阅读时长\" : 52, \"年级\" : \"fiveGrade,sixGrade\", \"封面\" : \"eyyb\\/system\\/hbyd\\/20230913\\/e6f9a672e24565020b0e93ebac347c4d\\/1694589317673_429.jpg\", \"主题\" : \"\", \"分类二\" : \"性格教育\", \"单词\" : \"bring,make a list,chair,anything,table,picnic\", \"简介\" : \"猪女士邀请她的朋友们周六一起野餐。她列了一个清单，要求朋友们必须听从她的安排。\", \"id\" : \"5nu7G5BQrr2RHCARS1ouEr\", \"脚本\" : \"\", \"分类一\" : \"人与自我\", \"中文名称\" : \"霸道的猪女士\", \"词汇量\" : 289, \"英文名称\" : \"The Bossy Pig\"}"
"{\"阅读时长\" : 339, \"年级\" : \"fourGrade\", \"封面\" : \"hbyd\\/20200628\\/a40b652285eed5cdaf1062910d19bf82\\/1593304628968_417.jpg\", \"主题\" : \"\", \"分类二\" : \"\", \"单词\" : \"\", \"简介\" : \"null\", \"id\" : \"69vgFNphv3XqAwLeTYRZwP\", \"脚本\" : \"\", \"分类一\" : \"\", \"中文名称\" : \"null\", \"词汇量\" : \"\", \"英文名称\" : \"Green Eggs and Ham 绿鸡蛋和火腿\"}"
"{\"阅读时长\" : 364, \"年级\" : \"fiveGrade,sixGrade\", \"封面\" : \"hbyd\\/20191220\\/4fe6673d3fa9ebde560e9d6af6891829\\/The_Mixed-Up_Chameleon_1.jpg\", \"主题\" : \"\", \"分类二\" : \"\", \"单词\" : \"\", \"简介\" : \"null\", \"id\" : \"6Pce9FoseCFrt3cFXuUfbL\", \"脚本\" : \"\", \"分类一\" : \"\", \"中文名称\" : \"null\", \"词汇量\" : \"\", \"英文名称\" : \"The Mixed-Up Chameleon\"}"
"{\"阅读时长\" : 24, \"年级\" : \"sixGrade\", \"封面\" : \"eyyb\\/system\\/hbyd\\/20240529\\/bddd6a2540ae22e89806003b618b2b5b\\/1716969652144_183.png\", \"主题\" : \"水\", \"分类二\" : \"自然科学\", \"单词\" : \"pour,drop,tide,distance,size,flow\", \"简介\" : \"这本绘本揭示了全球水体奇观：尼罗河、安赫尔瀑布、五大湖、里海、亚马逊河及其地下河，以及地球上海水与淡水的比例。展示了水体的多样性和重要性。\", \"id\" : \"6nN2RVr3gqaVxE3gCjcczz\", \"脚本\" : \"\", \"分类一\" : \"人与自然\", \"中文名称\" : \"水体\", \"词汇量\" : 365, \"英文名称\" : \"Water Bodies\"}"
"{\"阅读时长\" : 40, \"年级\" : \"oneGrade,twoGrade,threeGrade\", \"封面\" : \"eyyb\\/system\\/hbyd\\/20241129\\/76a83915e90cb9dbbbe0b1ba5f69c5d6\\/1732862161776_509.png\", \"主题\" : \"交通方式\", \"分类二\" : \"交通运输\", \"单词\" : \"train,see,go,plane\", \"简介\" : \"Tam和Sam看到了哪些交通工具？你认识这些交通工具吗？阅读的同时注意“t”在Tam中的正确发音。\", \"id\" : \"6RdCppRa4huDLjn1ZbaLPL\", \"脚本\" : \"\", \"分类一\" : \"人与社会\", \"中文名称\" : \"塔姆和山姆\", \"词汇量\" : 31, \"英文名称\" : \"Tam and Sam\"}"
"{\"阅读时长\" : 28, \"年级\" : \"twoGrade,threeGrade,fourGrade\", \"封面\" : \"eyyb\\/system\\/hbyd\\/20210714\\/1f2b6879b7eaf9f0b560beed37102cd7\\/1626248316192_355.jpg\", \"主题\" : \"\", \"分类二\" : \"生活习惯\", \"单词\" : \"ride,climb,swim,run,jump\", \"简介\" : \"雷克斯是一只活泼的小恐龙，他喜欢荡秋千、跑步、爬树、玩悬挂、骑单车、玩滑滑梯还有游泳！\", \"id\" : \"7MvJMdwF2VrFCYMnGSVpLm\", \"脚本\" : \"\", \"分类一\" : \"人与自我\", \"中文名称\" : \"雷克斯\", \"词汇量\" : 33, \"英文名称\" : \"Rex\"}"
"{\"阅读时长\" : 28, \"年级\" : \"twoGrade,threeGrade,fourGrade\", \"封面\" : \"eyyb\\/system\\/hbyd\\/20240523\\/f191345653ff23f4591378742a8d8878\\/1716449720329_617.jpg\", \"主题\" : \"学校用品\", \"分类二\" : \"生活常识\", \"单词\" : \"yellow,here,have,pen,my,red,crayon,green,are,marker,black,blue,pencil\", \"简介\" : \"绘本介绍了各种文具及其颜色，教会孩子们如何用英语描述物品并学会整理他们的书桌。\", \"id\" : \"5dm9cBurdQ5i2QApNXREsr\", \"脚本\" : \"\", \"分类一\" : \"人与社会\", \"中文名称\" : \"整理我的书桌\", \"词汇量\" : 130, \"英文名称\" : \"Sorting at My Desk\"}"
"{\"阅读时长\" : 36, \"年级\" : \"threeGrade,fourGrade,fiveGrade\", \"封面\" : \"eyyb\\/system\\/hbyd\\/20240530\\/c796de759306fc15efccfc231594b905\\/1717055465653_709.jpg\", \"主题\" : \"交通方式\", \"分类二\" : \"交通运输\", \"单词\" : \"dump,farm,garbage,street,load,heavy,busy,truck,road\", \"简介\" : \"这本绘本展示了各种大卡车在不同场景下运输重物的情景。在街道上、农场里和繁忙道路上行驶的大卡车，包括垃圾车、拖车、自卸卡车、农用卡车和大型卡车等。这些车会运输什么东西呢？\", \"id\" : \"6LzrxMVGBeKyon5qxBVa1m\", \"脚本\" : \"\", \"分类一\" : \"人与社会\", \"中文名称\" : \"大卡车\", \"词汇量\" : 92, \"英文名称\" : \"Big Trucks\"}"
"{\"阅读时长\" : 28, \"年级\" : \"fiveGrade,sixGrade\", \"封面\" : \"eyyb\\/system\\/hbyd\\/20240529\\/9e04fe6f6720073b8b96cff2d885cc78\\/1716970832033_74.png\", \"主题\" : \"基本常识认知\", \"分类二\" : \"自然科学\", \"单词\" : \"giant,elastic,nylon,spider,measure,insect,liquid,steel,vary,web,trap\", \"简介\" : \"介绍了蜘蛛用腹部产生的液态丝线织成的网，这种丝线接触空气后比钢更强、比尼龙更有弹性，蜘蛛还用它来筑茧保护卵。马达加斯加的巨大 “达尔文树皮蛛”能织出数米宽的网。绘本还提到蜘蛛网的形状因蜘蛛种类而异，它作为昆虫陷阱，只有五分之一的几率能成功捕获昆虫。这个故事展现了蜘蛛在自然环境中的生存方式和独特之处。\", \"id\" : \"6tgiMzM8BcaAkPRd4zwKjk\", \"脚本\" : \"\", \"分类一\" : \"人与自然\", \"中文名称\" : \"蜘蛛\", \"词汇量\" : 58, \"英文名称\" : \"Spider\"}"
"{\"阅读时长\" : 215, \"年级\" : \"fiveGrade,sixGrade\", \"封面\" : \"hbyd\\/20190614\\/de791de1788aafbc4a37bf15156ecd68\\/Quick_As_A_Cricket.jpg\", \"主题\" : \"\", \"分类二\" : \"\", \"单词\" : \"\", \"简介\" : \"null\", \"id\" : \"6nfqbyLDh4Q5AwuNGPkdb9\", \"脚本\" : \"\", \"分类一\" : \"\", \"中文名称\" : \"null\", \"词汇量\" : \"\", \"英文名称\" : \"I'm as Quick as A Cricket\"}"
"{\"阅读时长\" : 28, \"年级\" : \"twoGrade,threeGrade\", \"封面\" : \"eyyb\\/system\\/hbyd\\/20241129\\/613f68eca545c8a209d4020f5dbdde3a\\/1732863842654_461.png\", \"主题\" : \"运动能力,体育运动精神\", \"分类二\" : \"品德教养\", \"单词\" : \"who,will,winner,look,tortoise\", \"简介\" : \"绘本讲述了乌龟和兔子赛跑的故事。乌龟一直稳步走着，而兔子先是跳跃、跑步，接着坐着、睡觉。最后乌龟成为了获胜者。\", \"id\" : \"6D9M67vHeLfRLH6vU9PjUf\", \"脚本\" : \"\", \"分类一\" : \"人与自我\", \"中文名称\" : \"乌龟和兔子赛跑\", \"词汇量\" : 73, \"英文名称\" : \"Tortoise and Hare Run a Race\"}"
"{\"阅读时长\" : 176, \"年级\" : \"oneGrade,twoGrade,threeGrade,fourGrade\", \"封面\" : \"eyyb\\/system\\/hbyd\\/20220630\\/6c3f1f495fe88886c3e42e8d55aac25a\\/1656579500284_153.jpg\", \"主题\" : \"\", \"分类二\" : \"传统文化\", \"单词\" : \"\", \"简介\" : \"春节到了，又是年兽出没的时候。年兽会去哪里呢？让我们一起看看吧！\", \"id\" : \"6mQbSBwcjQSoQNwNFtZDGW\", \"脚本\" : \"\", \"分类一\" : \"中文绘本\", \"中文名称\" : \"\", \"词汇量\" : 19, \"英文名称\" : \"嘘，年兽来了\"}"
"{\"阅读时长\" : 40, \"年级\" : \"oneGrade,twoGrade,threeGrade\", \"封面\" : \"eyyb\\/system\\/hbyd\\/20241218\\/dd4d10932c0d11965795a1696e6079df\\/1734491146233_760.png\", \"主题\" : \"情绪\", \"分类二\" : \"情绪管理\", \"单词\" : \"the,rain,happy,sun,sad,see,go,surprised\", \"简介\" : \"下雨了，我有些悲伤；天晴了，我好开心啊！Tam来了，我十分惊喜！这下，我们可以一起出去放风筝咯！阅读的同时注意“t”在Tam中的正确发音。\", \"id\" : \"67i9PEUXuYjGmQH5jnaA2Z\", \"脚本\" : \"\", \"分类一\" : \"人与自我\", \"中文名称\" : \"走，走，走！\", \"词汇量\" : 42, \"英文名称\" : \"Go, Go, Go!\"}"
"{\"阅读时长\" : 68, \"年级\" : \"zonghe\", \"封面\" : \"\\/bookread\\/userfiles2\\/1\\/files\\/APP\\/kantupeiyin\\/Xce\\/Cold Feet 300.jpg\", \"主题\" : \"\", \"分类二\" : \"\", \"单词\" : \"\", \"简介\" : \"null\", \"id\" : \"6a55ba2ce6b94abe8d769032c34ded87\", \"脚本\" : \"\", \"分类一\" : \"\", \"中文名称\" : \"null\", \"词汇量\" : \"\", \"英文名称\" : \"Cold Feet   冰凉的小脚\"}"
"{\"阅读时长\" : 158, \"年级\" : \"threeGrade\", \"封面\" : \"eyyb\\/system\\/hbyd\\/20220128\\/5b87cb8ea13f33a1a46aced037edd2cb\\/1643341517217_295.jpg\", \"主题\" : \"\", \"分类二\" : \"\", \"单词\" : \"\", \"简介\" : \"null\", \"id\" : \"6NbHwkzbusAVeTk69B3ejg\", \"脚本\" : \"\", \"分类一\" : \"\", \"中文名称\" : \"null\", \"词汇量\" : \"\", \"英文名称\" : \"Can You Spy Colours with Hippo?\"}"
"{\"阅读时长\" : 36, \"年级\" : \"fourGrade,fiveGrade,sixGrade\", \"封面\" : \"eyyb\\/system\\/hbyd\\/20241223\\/ac9bdb88a0990df3326ea0f11fe078ca\\/1734917111346_36.png\", \"主题\" : \"良好品格\", \"分类二\" : \"品德教养\", \"单词\" : \"better,aquarium,leave,stair,left,kind,tap,tank,shark,cool,shoulder,pet\", \"简介\" : \"迈克在水族馆为后面的一家人扶门，在宠物芬丢失后，之前他帮助过的女孩帮他找到了芬。在礼品店，迈克和女孩都想要最后一个鲨鱼玩具，迈克选择让给女孩，他体会到善良比拥有玩具更让人感觉美好。\", \"id\" : \"7H5hurfv8FTeeEPaCs2ApJ\", \"脚本\" : \"\", \"分类一\" : \"人与自我\", \"中文名称\" : \"我可以很善良\", \"词汇量\" : 250, \"英文名称\" : \"I Can Be Kind\"}"
"{\"阅读时长\" : 60, \"年级\" : \"fourGrade\", \"封面\" : \"\\/bookread\\/userfiles2\\/1\\/files\\/APP\\/kantupeiyin\\/4x\\/Wishy-Washy Clothes 1.jpg\", \"主题\" : \"\", \"分类二\" : \"\", \"单词\" : \"\", \"简介\" : \"null\", \"id\" : \"7a2c67e8a1944b2980c9028de186b67e\", \"脚本\" : \"\", \"分类一\" : \"\", \"中文名称\" : \"null\", \"词汇量\" : \"\", \"英文名称\" : \"Wishy-Washy Clothes  模 仿 秀\"}"
"{\"阅读时长\" : 93, \"年级\" : \"threeGrade\", \"封面\" : \"eyyb\\/system\\/hbyd\\/20211109\\/214e68450aec3196262373bec5d2b2a7\\/1636445212481_446.jpg\", \"主题\" : \"\", \"分类二\" : \"\", \"单词\" : \"\", \"简介\" : \"null\", \"id\" : \"6HUrG2mFY8ShY2HDyvUZFj\", \"脚本\" : \"\", \"分类一\" : \"\", \"中文名称\" : \"null\", \"词汇量\" : \"\", \"英文名称\" : \"My Family Tree\"}"
"{\"阅读时长\" : 124, \"年级\" : \"oneGrade,twoGrade,threeGrade,fourGrade\", \"封面\" : \"eyyb\\/system\\/hbyd\\/20220630\\/f453f61db8fdba0703594a895b17d459\\/1656551291640_729.jpg\", \"主题\" : \"\", \"分类二\" : \"世界旅行\", \"单词\" : \"\", \"简介\" : \"今天是元旦节，七个小朋友正在视频通话，让我们一起跟着他们了解世界各地的跨年夜吧！\", \"id\" : \"75k6PACkB813iKzCnh1kpa\", \"脚本\" : \"\", \"分类一\" : \"中文绘本\", \"中文名称\" : \"\", \"词汇量\" : 24, \"英文名称\" : \"不一样的跨年夜\"}"
"{\"阅读时长\" : 120, \"年级\" : \"sixGrade\", \"封面\" : \"eyyb\\/system\\/hbyd\\/20201215\\/c41b39eda1483b374d31e79a85864c72\\/1608014512750_989.jpg\", \"主题\" : \"\", \"分类二\" : \"\", \"单词\" : \"\", \"简介\" : \"null\", \"id\" : \"5fdWQtmkJtE2BZf3RzcuYx\", \"脚本\" : \"\", \"分类一\" : \"\", \"中文名称\" : \"null\", \"词汇量\" : \"\", \"英文名称\" : \"Papa, Please Get the Moon for Me\"}"
"{\"阅读时长\" : 128, \"年级\" : \"fourGrade,fiveGrade,sixGrade\", \"封面\" : \"hbyd\\/20190801\\/8f6511494901b1b5ab369d14e522667d\\/Mrs_Wishy-Washy_on_TV.jpg\", \"主题\" : \"个人卫生\", \"分类二\" : \"健康教育\", \"单词\" : \"tub,towel,mud,soap\", \"简介\" : \"洗刷刷太太要上电视了，她要用“桑德思”牌肥皂给动物们洗澡，来演示这款肥皂的清洁能力，一起来看看洗刷刷太太的表现吧！\", \"id\" : \"6nwfkkgJqoCnKQYeiLbpNR\", \"脚本\" : \"\", \"分类一\" : \"人与自我\", \"中文名称\" : \"洗刷刷太太上电视\", \"词汇量\" : 192, \"英文名称\" : \"Mrs Wishy-Washy on TV\"}"
"{\"阅读时长\" : 87, \"年级\" : \"fourGrade\", \"封面\" : \"\\/bookread\\/userfiles2\\/1\\/files\\/APP\\/kantupeiyin\\/4x\\/Handa's Surprise\\/img\\/1_1.jpg\", \"主题\" : \"\", \"分类二\" : \"\", \"单词\" : \"\", \"简介\" : \"null\", \"id\" : \"6W78mS2PXAjktBnvDDKbe9\", \"脚本\" : \"\", \"分类一\" : \"\", \"中文名称\" : \"null\", \"词汇量\" : \"\", \"英文名称\" : \"Handa's Surprise 汉达的惊喜\"}"
"{\"阅读时长\" : 36, \"年级\" : \"oneGrade,twoGrade,threeGrade\", \"封面\" : \"eyyb\\/system\\/hbyd\\/20220811\\/b30a9f456f051148128fad336037a857\\/1660207444279_337.jpg\", \"主题\" : \"能力\", \"分类二\" : \"职业认知\", \"单词\" : \"paint,chair,house,flower,tree,swing,friend\", \"简介\" : \"青蛙先生是一位画家！他会画椅子，画自行车，还会画······\", \"id\" : \"6bKgJBo1uPs7dnhQtM3ifH\", \"脚本\" : \"\", \"分类一\" : \"人与社会\", \"中文名称\" : \"画家\", \"词汇量\" : 41, \"英文名称\" : \"The Painter\"}"
"{\"阅读时长\" : 81, \"年级\" : \"fourGrade\", \"封面\" : \"eyyb\\/system\\/hbyd\\/20220301\\/4c1630aa2d28f6b3e66ae8c10cc4295f\\/1646120461260_317.jpg\", \"主题\" : \"\", \"分类二\" : \"\", \"单词\" : \"\", \"简介\" : \"null\", \"id\" : \"6JXn769zTKc2PbMXA5AU3U\", \"脚本\" : \"\", \"分类一\" : \"\", \"中文名称\" : \"null\", \"词汇量\" : \"\", \"英文名称\" : \"If I Were a Verb\"}"
"{\"阅读时长\" : 103, \"年级\" : \"threeGrade,fourGrade\", \"封面\" : \"hbyd\\/20191223\\/d7a987f7b4463e1e97e759ed0ac0b44d\\/Color_Zoo_1.jpg\", \"主题\" : \"\", \"分类二\" : \"\", \"单词\" : \"\", \"简介\" : \"null\", \"id\" : \"9JeNzxgT6aERVQesGEXJu5\", \"脚本\" : \"\", \"分类一\" : \"\", \"中文名称\" : \"null\", \"词汇量\" : \"\", \"英文名称\" : \"Color Zoo\"}"
"{\"阅读时长\" : 53, \"年级\" : \"fiveGrade\", \"封面\" : \"eyyb\\/system\\/hbyd\\/20210723\\/fa541aeee3f887eca8be55c6afa2088e\\/1627002095173_163.jpg\", \"主题\" : \"\", \"分类二\" : \"\", \"单词\" : \"\", \"简介\" : \"null\", \"id\" : \"8GXbbYfbdhdExtYEU8fbqk\", \"脚本\" : \"\", \"分类一\" : \"\", \"中文名称\" : \"null\", \"词汇量\" : \"\", \"英文名称\" : \"The Fish Tank\"}"
"{\"阅读时长\" : 514, \"年级\" : \"sixGrade\", \"封面\" : \"hbyd\\/20200624\\/2ea79c75db2b80c42add80689f6e7ba8\\/1592999767050_811.jpg\", \"主题\" : \"\", \"分类二\" : \"\", \"单词\" : \"\", \"简介\" : \"null\", \"id\" : \"8GTZN7HXEcLyi3Pahf3ct5\", \"脚本\" : \"\", \"分类一\" : \"\", \"中文名称\" : \"null\", \"词汇量\" : \"\", \"英文名称\" : \"Chester\"}"
"{\"阅读时长\" : 28, \"年级\" : \"fourGrade,fiveGrade,sixGrade\", \"封面\" : \"eyyb\\/system\\/hbyd\\/20240528\\/562e76263059a1597e6618e02cddb716\\/1716899632740_746.jpg\", \"主题\" : \"\", \"分类二\" : \"自然科学\", \"单词\" : \"\", \"简介\" : \"\", \"id\" : \"838KJ6BtkgL4KkG4Sziqgz\", \"脚本\" : \"\", \"分类一\" : \"人与自然\", \"中文名称\" : \"\", \"词汇量\" : 220, \"英文名称\" : \"Miss Mary Mack and the Jumping Elephants\"}"
"{\"阅读时长\" : 92, \"年级\" : \"fourGrade\", \"封面\" : \"eyyb\\/system\\/hbyd\\/20221122\\/b6d62043e7e7c3f12915edab44829d49\\/1669099349896_641.jpg\", \"主题\" : \"食物\", \"分类二\" : \"趣味故事\", \"单词\" : \"dumpling,bread,hungry,biscuit,milk,noodle(s),rice\", \"简介\" : \"自助餐厅的传送带上有一盘魔法面条，它能变出小动物们爱吃的食物，到底变了些什么呢？\", \"id\" : \"88HVPUGvuDfkhmCb1Uicr3\", \"脚本\" : \"\", \"分类一\" : \"人与社会\", \"中文名称\" : \"魔法面条\", \"词汇量\" : 70, \"英文名称\" : \"Magic Noodles\"}"
"{\"阅读时长\" : 154, \"年级\" : \"fourGrade,fiveGrade,sixGrade\", \"封面\" : \"hbyd\\/20190801\\/6e5560573bb92489481001e62b665888\\/Hairy_Bear_and_the_Door.jpg\", \"主题\" : \"帮助他人\", \"分类二\" : \"趣味故事\", \"单词\" : \"growl,hammer,smile,paw,saw,hairy,care,yowl,howl,sausage\", \"简介\" : \"毛毛熊要做一扇新大门。突然他一不小心捶到了自己的爪子，医生说要休息三天，那毛毛熊的新大门怎么办呢？\", \"id\" : \"93oU8K9m6KTWRrfTVQDWZe\", \"脚本\" : \"\", \"分类一\" : \"人与社会\", \"中文名称\" : \"毛毛熊和门\", \"词汇量\" : 276, \"英文名称\" : \"Hairy Bear and the Door\"}"
"{\"阅读时长\" : 84, \"年级\" : \"fiveGrade\", \"封面\" : \"eyyb\\/system\\/hbyd\\/20221123\\/61b53a628fd924d635bbea4fb5df97de\\/1669171683002_2.jpg\", \"主题\" : \"外貌\", \"分类二\" : \"思维培养\", \"单词\" : \"young,old,round,tall,short,long\", \"简介\" : \"珠宝店老板的钻石失窃了，他能描绘出罪犯的大致外貌特征，你能找出真正的罪犯吗？\", \"id\" : \"9CPpGHtWssKC6iCZCDta35\", \"脚本\" : \"\", \"分类一\" : \"人与自我\", \"中文名称\" : \"她是谁？\", \"词汇量\" : 71, \"英文名称\" : \"Who Is She?\"}"
"{\"阅读时长\" : 54, \"年级\" : \"fourGrade,fiveGrade,sixGrade\", \"封面\" : \"eyyb\\/system\\/hbyd\\/20211116\\/73d78d29d76c5071a531cd7b83367507\\/1637025554464_23.jpg\", \"主题\" : \"家具和家庭用品\", \"分类二\" : \"生活常识\", \"单词\" : \"when,me,shoe,baby,chair,sock,bed\", \"简介\" : \"你还记得小时候用过的东西是什么样的吗？我们一起来看看吧！\", \"id\" : \"8y9uHpiPvYudcLWNKiMC21\", \"脚本\" : \"\", \"分类一\" : \"人与社会\", \"中文名称\" : \"当我还是个孩子\", \"词汇量\" : 79, \"英文名称\" : \"When I Was a Baby\"}"
"{\"阅读时长\" : 42, \"年级\" : \"threeGrade\", \"封面\" : \"\\/bookread\\/userfiles2\\/1\\/files\\/APP\\/kantupeiyin\\/3X\\/Wishy-Washy Pie.jpg\", \"主题\" : \"\", \"分类二\" : \"\", \"单词\" : \"\", \"简介\" : \"null\", \"id\" : \"96393df59595494fa99f0a4457d757a5\", \"脚本\" : \"\", \"分类一\" : \"\", \"中文名称\" : \"null\", \"词汇量\" : \"\", \"英文名称\" : \"Wishy-Washy Pie  馅饼哪去了\"}"
"{\"阅读时长\" : 100, \"年级\" : \"fiveGrade,sixGrade\", \"封面\" : \"eyyb\\/system\\/hbyd\\/20240527\\/ee9c98ee8741ebdbd59b41644c56f691\\/1716789179136_549.jpg\", \"主题\" : \"情感\", \"分类二\" : \"自然科学\", \"单词\" : \"delight,neck,kangaroo,zoo,hug,lion,familiar,penguin,bright,wet,paw,bounce,hairy,giraffe,noisy,tight,high\", \"简介\" : \"在动物园里，婴猴波在清晨醒来，其他动物都醒了，只有它像所有婴猴一样准备睡觉。但它找不到妈妈，没有妈妈特别的睡前拥抱它无法入睡。波先后找了狮子、长颈鹿、企鹅、袋鼠、金刚鹦鹉和北极熊要拥抱，但每个拥抱都不合适。它觉得这些拥抱不是太毛糙、太高、太腥、太有弹性、太吵、太亮、太皱、太崎岖、太紧、太大就是太湿。最后，当它感到绝望时，妈妈出现了，给了它一个最舒服、最温暖、最合适的睡前拥抱。\", \"id\" : \"7ybpszjKemAyAiZGgMWkSv\", \"脚本\" : \"\", \"分类一\" : \"人与自然\", \"中文名称\" : \"我需要一个拥抱！\", \"词汇量\" : 462, \"英文名称\" : \"I need a hug!\"}"
"{\"阅读时长\" : 49, \"年级\" : \"threeGrade\", \"封面\" : \"\\/bookread\\/userfiles2\\/1\\/files\\/APP\\/kantupeiyin\\/3X\\/Wishy-Washy Sleep.jpg\", \"主题\" : \"\", \"分类二\" : \"\", \"单词\" : \"\", \"简介\" : \"null\", \"id\" : \"7d6255633c1847fd902d55668f6bd6ee\", \"脚本\" : \"\", \"分类一\" : \"\", \"中文名称\" : \"null\", \"词汇量\" : \"\", \"英文名称\" : \"Wishy-Washy Sleep\"}"
"{\"阅读时长\" : 43, \"年级\" : \"oneGrade\", \"封面\" : \"eyyb\\/system\\/hbyd\\/20210713\\/3b994ad7e14f3b73a5bc8f94e0b53cc8\\/1626155917440_916.jpg\", \"主题\" : \"\", \"分类二\" : \"\", \"单词\" : \"\", \"简介\" : \"null\", \"id\" : \"9JQN8ogTwTwRjSnaQ2phx4\", \"脚本\" : \"\", \"分类一\" : \"\", \"中文名称\" : \"null\", \"词汇量\" : \"\", \"英文名称\" : \"Baby\"}"
"{\"阅读时长\" : 40, \"年级\" : \"fourGrade\", \"封面\" : \"\\/bookread\\/userfiles2\\/1\\/files\\/APP\\/kantupeiyin\\/4x\\/Wishy-Washy Card 1.jpg\", \"主题\" : \"\", \"分类二\" : \"\", \"单词\" : \"\", \"简介\" : \"null\", \"id\" : \"9290b26fede74b77a86d86963ad211f5\", \"脚本\" : \"\", \"分类一\" : \"\", \"中文名称\" : \"null\", \"词汇量\" : \"\", \"英文名称\" : \"Wishy-Washy Card  爱心贺卡\"}"
"{\"阅读时长\" : 36, \"年级\" : \"threeGrade,fourGrade,fiveGrade\", \"封面\" : \"eyyb\\/system\\/hbyd\\/20241105\\/cb2ccf70f4d5fb655a8920419eabe9e1\\/1730775096750_154.png\", \"主题\" : \"社会交往\", \"分类二\" : \"社会交往\", \"单词\" : \"playground,leader,join,puzzle,jealous\", \"简介\" : \"新同学Josie的到来让Emma感到嫉妒，她渴望的当领队、当助手、玩拼图的机会都被Josie获得。但在老师的引导下，Emma学会了分享与接纳，最终与Josie成为了好朋友。\", \"id\" : \"8LAgR8BQMEUFwkepES9Eer\", \"脚本\" : \"\", \"分类一\" : \"人与社会\", \"中文名称\" : \"嫉妒乔茜\", \"词汇量\" : 166, \"英文名称\" : \"Jealous of Josie\"}"
"{\"阅读时长\" : 86, \"年级\" : \"zonghe\", \"封面\" : \"\\/bookread\\/userfiles2\\/1\\/files\\/APP\\/kantupeiyin\\/Xce\\/11-Chocolate300.jpg\", \"主题\" : \"\", \"分类二\" : \"\", \"单词\" : \"\", \"简介\" : \"null\", \"id\" : \"8fcc276da378439ba5700c0b0910be51\", \"脚本\" : \"\", \"分类一\" : \"\", \"中文名称\" : \"null\", \"词汇量\" : \"\", \"英文名称\" : \"Chocolate  巧 克 力\"}"
"{\"阅读时长\" : 36, \"年级\" : \"twoGrade,threeGrade,fourGrade\", \"封面\" : \"eyyb\\/system\\/hbyd\\/20230330\\/97745418b5e7b3cbca6517f4596345ba\\/1680158876710_669.jpg\", \"主题\" : \"日常活动\", \"分类二\" : \"生活常识\", \"单词\" : \"eat,play,sleep,run,drink,hide,jump\", \"简介\" : \"有一只小猫叫做汤姆。汤姆活泼好动，他会跑、会玩、会跳，他还会······\", \"id\" : \"912aYd5Dt8sahcYBuyvvCF\", \"脚本\" : \"\", \"分类一\" : \"人与社会\", \"中文名称\" : \"汤姆\", \"词汇量\" : 25, \"英文名称\" : \"Tom\"}"
"{\"阅读时长\" : 76, \"年级\" : \"threeGrade,fourGrade,fiveGrade\", \"封面\" : \"eyyb\\/system\\/hbyd\\/20210723\\/8b318b748f60842c619f130bd889a923\\/1627009740681_217.jpg\", \"主题\" : \"\", \"分类二\" : \"自然科学\", \"单词\" : \"crawl,swim,buzz,hop,fly,moo,ant,oink,spider,bark\", \"简介\" : \"蚂蚁出门寻找自己会做的事情，一路上它遇到了很多动物，可发现自己什么也不会。最后它遇到了蜘蛛，发现自己会爬行。\", \"id\" : \"7jXd6rFfwfRQfyZyx5xyTN\", \"脚本\" : \"\", \"分类一\" : \"人与自然\", \"中文名称\" : \"蚂蚁不能做的事\", \"词汇量\" : 181, \"英文名称\" : \"Ant Can't\"}"
"{\"阅读时长\" : 28, \"年级\" : \"twoGrade,threeGrade,fourGrade\", \"封面\" : \"eyyb\\/system\\/hbyd\\/20240523\\/2447ae9a32aff6c8a2952ffe8db5bcea\\/1716454920883_552.jpg\", \"主题\" : \"植物\", \"分类二\" : \"自然科学\", \"单词\" : \"tomato,corn,watermelon,pumpkin,pepper\", \"简介\" : \"绘本围绕人与自然主题，用插图展示了一些种植物：玉米、南瓜、西红柿和西瓜。引导孩子认识这些种植物，同时帮助孩子学会用英语描述。\", \"id\" : \"8TrJTMpsWRjVXWL8XsdPLq\", \"脚本\" : \"\", \"分类一\" : \"人与自然\", \"中文名称\" : \"他们种植植物\", \"词汇量\" : 140, \"英文名称\" : \"They Grow Plants\"}"
"{\"阅读时长\" : 133, \"年级\" : \"threeGrade,fourGrade\", \"封面\" : \"eyyb\\/system\\/hbyd\\/20211213\\/8743617a437891da6f0cfa4d17d86c2f\\/1639376279193_254.jpg\", \"主题\" : \"认识、介绍同伴\", \"分类二\" : \"趣味故事\", \"单词\" : \"what,my,is,name,your\", \"简介\" : \"几个小伙伴去澡堂泡澡，记性差的老板记不住他们的名字，大伙们不开心了。\", \"id\" : \"8kRRK3xKYjJZjuWvzE2vqp\", \"脚本\" : \"\", \"分类一\" : \"人与社会\", \"中文名称\" : \"记性差的澡堂老板\", \"词汇量\" : 145, \"英文名称\" : \"The Bathhouse Owner With Poor Memory\"}"
"{\"阅读时长\" : 65, \"年级\" : \"sixGrade\", \"封面\" : \"eyyb\\/system\\/hbyd\\/20210723\\/c9b976d52f54ddf082f34693e2f101a3\\/1627024325870_5.jpg\", \"主题\" : \"\", \"分类二\" : \"\", \"单词\" : \"\", \"简介\" : \"null\", \"id\" : \"8F9soHnPqphYRNCZ7xsMRu\", \"脚本\" : \"\", \"分类一\" : \"\", \"中文名称\" : \"null\", \"词汇量\" : \"\", \"英文名称\" : \"A Box\"}"
"{\"阅读时长\" : 28, \"年级\" : \"twoGrade,threeGrade,fourGrade\", \"封面\" : \"eyyb\\/system\\/hbyd\\/20240528\\/cd5f983cfca96d689b9ca139e266509b\\/1716861152068_647.jpg\", \"主题\" : \"交通方式\", \"分类二\" : \"交通运输\", \"单词\" : \"car,plane,bicycle,ship,bus,train\", \"简介\" : \"绘本通过介绍不同的交通工具，如公共汽车、飞机、汽车、火车、轮船和自行车，带领孩子们了解如何使用这些工具去往不同的地方。\", \"id\" : \"8UQugH9HbDdLWVuvivvuMi\", \"脚本\" : \"\", \"分类一\" : \"人与社会\", \"中文名称\" : \"我们可以去任何地方\", \"词汇量\" : 60, \"英文名称\" : \"We Can Go Everywhere\"}"
"{\"阅读时长\" : 590, \"年级\" : \"fourGrade,fiveGrade,sixGrade\", \"封面\" : \"eyyb\\/system\\/hbyd\\/20220705\\/74a906b4b708804c7352dce7a6712988\\/1656989725230_870.jpg\", \"主题\" : \"\", \"分类二\" : \"神话故事\", \"单词\" : \"\", \"简介\" : \"共工怒触不周山，把天捅了一个窟窿，天上的水从大窟窿里倾盆而下。女娲先想起了那些柔软、美丽的花，然后想到自己捏的人，她不想看到生灵涂炭的场面，于是寻找五彩石补天······\", \"id\" : \"8TwniumaR7AFXVgb6ovZDs\", \"脚本\" : \"\", \"分类一\" : \"中文绘本\", \"中文名称\" : \"\", \"词汇量\" : 27, \"英文名称\" : \"女娲补天\"}"
"{\"阅读时长\" : 139, \"年级\" : \"fourGrade,fiveGrade,sixGrade\", \"封面\" : \"eyyb\\/system\\/hbyd\\/20220128\\/9fa21dcecb10b5fef164611baa78157d\\/1643342852583_912.jpg\", \"主题\" : \"天气与活动\", \"分类二\" : \"自然科学\", \"单词\" : \"boat,summer,sun,river,moon,autumn,lake,cloud,sky,winter,star,mountain,spring\", \"简介\" : \"地球不停地转动，四季也在不停地更替，我们一起去寻找春夏秋冬吧！\", \"id\" : \"89i5QciaGaLHTjSQB8MryE\", \"脚本\" : \"\", \"分类一\" : \"人与自然\", \"中文名称\" : \"我们要去寻找四季！\", \"词汇量\" : 212, \"英文名称\" : \"We Are Going on a Season Hunt!\"}"
"{\"阅读时长\" : 40, \"年级\" : \"oneGrade,twoGrade,threeGrade\", \"封面\" : \"eyyb\\/system\\/hbyd\\/20241129\\/7212f35cc6684594d3e43e89c5f6b726\\/1732852109717_866.png\", \"主题\" : \"动物习性\", \"分类二\" : \"生活常识\", \"单词\" : \"swim,run,swing,hop,jump,fly,moo\", \"简介\" : \"学习swing、fly、swim、jump等常用动词，观察图片，说一说每种动物在做什么？阅读的同时注意“m”在swim和moo中的正确发音。\", \"id\" : \"89p3FdXEgiUKLXFHKG7DfG\", \"脚本\" : \"\", \"分类一\" : \"人与社会\", \"中文名称\" : \"我能\", \"词汇量\" : 19, \"英文名称\" : \"I Can\"}"
"{\"阅读时长\" : 74, \"年级\" : \"sixGrade\", \"封面\" : \"\\/bookread\\/userfiles2\\/1\\/files\\/APP\\/kantupeiyin\\/6S\\/The New Toy.jpg\", \"主题\" : \"\", \"分类二\" : \"\", \"单词\" : \"\", \"简介\" : \"null\", \"id\" : \"8db72f30583043abbabf0437268f8baa\", \"脚本\" : \"\", \"分类一\" : \"\", \"中文名称\" : \"null\", \"词汇量\" : \"\", \"英文名称\" : \"The New Toy  新 玩 具\"}"
"{\"阅读时长\" : 28, \"年级\" : \"twoGrade,threeGrade,fourGrade\", \"封面\" : \"eyyb\\/system\\/hbyd\\/20240522\\/c95b34af17cf44f3ad1d30c5ff27e7af\\/1716361068536_71.jpg\", \"主题\" : \"聚会\", \"分类二\" : \"社会交往\", \"单词\" : \"juice,I,present,open,we,party,candle,cake,game,have\", \"简介\" : \"绘本讲述了一个小女孩准备并庆祝生日的故事。书中通过简单的句型和生动的插图，带领孩子们体验生日派对的各个环节，从游戏到享用美食，再到吹蜡烛和拆礼物。\", \"id\" : \"9DEw8ZqGVMXP8feBMcrV2P\", \"脚本\" : \"\", \"分类一\" : \"人与社会\", \"中文名称\" : \"生日派对\", \"词汇量\" : 60, \"英文名称\" : \"Birthday Party\"}"
"{\"阅读时长\" : 32, \"年级\" : \"twoGrade,threeGrade,fourGrade\", \"封面\" : \"eyyb\\/system\\/hbyd\\/20240528\\/9ff76d9f84ee1df9f8b19b5ad8a32c85\\/1716858369376_14.jpg\", \"主题\" : \"日常活动\", \"分类二\" : \"生活常识\", \"单词\" : \"monkey,elephant,eat,children,zebra\", \"简介\" : \"通过描绘大象、猴子、北极熊、斑马和学生的用餐时间，这本书以简单的句型和生动的插图，帮助孩子们认识时间并学会用英语描述。\", \"id\" : \"8j8V2UiN9CQ6z22gSGZQzR\", \"脚本\" : \"\", \"分类一\" : \"人与社会\", \"中文名称\" : \"吃饭时间\", \"词汇量\" : 47, \"英文名称\" : \"Time to Eat\"}"
"{\"阅读时长\" : 564, \"年级\" : \"fiveGrade,sixGrade\", \"封面\" : \"eyyb\\/system\\/hbyd\\/20220705\\/b5b8055439f890c89c7dc4e79d5880bc\\/1656991079654_796.jpg\", \"主题\" : \"\", \"分类二\" : \"神话故事\", \"单词\" : \"\", \"简介\" : \"路边有块石头。傍晚，大禹忙活完一天，都会来到这里，靠着这块石头说话。这块石头就是大禹的妻子变成的。大禹的妻子为什么会变成石头呢？\", \"id\" : \"8SAC21TanEn7kmdUkmaH6U\", \"脚本\" : \"\", \"分类一\" : \"中文绘本\", \"中文名称\" : \"\", \"词汇量\" : 24, \"英文名称\" : \"治水的大禹\"}"
"{\"阅读时长\" : 46, \"年级\" : \"twoGrade,threeGrade,fourGrade\", \"封面\" : \"eyyb\\/system\\/hbyd\\/20211214\\/5b4c92df26d30938aae99cdc30001a45\\/1639466458769_600.jpg\", \"主题\" : \"关怀他人\", \"分类二\" : \"趣味故事\", \"单词\" : \"notebook,birthday,cake,toy,gift,for,love,picture,card,happy\", \"简介\" : \"小动物们准备了很多礼物，你知道这些礼物是送给谁的吗？这是谁的生日呢？\", \"id\" : \"8MQ9MMShERLc3eEDn81Ls5\", \"脚本\" : \"\", \"分类一\" : \"人与社会\", \"中文名称\" : \"谁的生日？\", \"词汇量\" : 58, \"英文名称\" : \"Whose Birthday?\"}"
"{\"阅读时长\" : 20, \"年级\" : \"fiveGrade,sixGrade\", \"封面\" : \"eyyb\\/system\\/hbyd\\/20240530\\/3edad04201b0ab352b2d3c7ac90c4247\\/1717059212998_474.png\", \"主题\" : \"探索宇宙\", \"分类二\" : \"探索宇宙\", \"单词\" : \"core,hydrogen,Mars,mass,solar system,satellite\", \"简介\" : \"绘本展现了神秘浩瀚的太阳系。它介绍了太阳系的年龄、各行星的特点，如水星以罗马信使神命名，木星巨大且行星日短，土星质量较轻由氢和氦组成，冥王星由英国女孩命名等。还讲述了太阳核心的热度及占比，天王星卫星的命名来源，月球的形成以及火星上的重大发现——有水，让人对火星生命充满遐想。绘本以生动有趣的知识和奇幻的风格，激发孩子对宇宙的好奇与探索，开启一场奇妙的宇宙之旅。\", \"id\" : \"8H6oee2Ge6B2XU9wnupGH8\", \"脚本\" : \"\", \"分类一\" : \"人与自然\", \"中文名称\" : \"太阳系\", \"词汇量\" : 149, \"英文名称\" : \"The Solar System\"}"
"{\"阅读时长\" : 195, \"年级\" : \"sixGrade\", \"封面\" : \"\\/bookread\\/userfiles2\\/1\\/files\\/APP\\/kantupeiyin\\/5X\\/MOUSE SHAPES\\/MOUSE SHAPES.jpg\", \"主题\" : \"\", \"分类二\" : \"\", \"单词\" : \"\", \"简介\" : \"null\", \"id\" : \"8bRdMcRhdUqb4Bdhn7QC8r\", \"脚本\" : \"\", \"分类一\" : \"\", \"中文名称\" : \"null\", \"词汇量\" : \"\", \"英文名称\" : \"Mouse Shapes 小老鼠的形状\"}"
"{\"阅读时长\" : 91, \"年级\" : \"sixGrade\", \"封面\" : \"eyyb\\/system\\/hbyd\\/20210723\\/43b1a512b4de36219603bd76e018ea9a\\/1627024634375_29.jpg\", \"主题\" : \"\", \"分类二\" : \"\", \"单词\" : \"\", \"简介\" : \"null\", \"id\" : \"8MtVytNZjXJ6uzaNXHfWhx\", \"脚本\" : \"\", \"分类一\" : \"\", \"中文名称\" : \"null\", \"词汇量\" : \"\", \"英文名称\" : \"My Five Senses\"}"
"{\"阅读时长\" : 36, \"年级\" : \"threeGrade,fourGrade,fiveGrade\", \"封面\" : \"eyyb\\/system\\/hbyd\\/20241101\\/791dcfffb1bae5efed03405475b88acd\\/1730451639036_429.png\", \"主题\" : \"交通方式\", \"分类二\" : \"交通运输\", \"单词\" : \"plane,house,river,cloud,car\", \"简介\" : \"一个女孩要乘飞机去看望她的奶奶，她从高空会看到什么呢？收起小桌板，在位置上坐好，系好安全带，让我们一起飞向天空吧！\", \"id\" : \"91rTE8YLRhhEBbhoVjrz2W\", \"脚本\" : \"\", \"分类一\" : \"人与社会\", \"中文名称\" : \"在天空中\", \"词汇量\" : 172, \"英文名称\" : \"Up in the Sky\"}"
"{\"阅读时长\" : 40, \"年级\" : \"fourGrade,fiveGrade,sixGrade\", \"封面\" : \"eyyb\\/system\\/hbyd\\/20220509\\/1f973f4768859e399c46f2e4d5098789\\/1652081260532_446.jpg\", \"主题\" : \"家人和亲友\", \"分类二\" : \"自然科学\", \"单词\" : \"sand,shell,dig,hole,swim,sit,grow,turtle,flipper,lay,pick,sea,beach,crawl,safe,deep\", \"简介\" : \"海龟妈妈得上岸才能生蛋。海龟妈妈下好蛋后，就回海里了。那么小海龟们是怎么被孵出来的呢？一起来看看吧！\", \"id\" : \"7zaaZDCBJR12WVc8KJfhz8\", \"脚本\" : \"\", \"分类一\" : \"人与自然\", \"中文名称\" : \"海龟妈妈\", \"词汇量\" : 158, \"英文名称\" : \"Mother Sea Turtle\"}"
"{\"阅读时长\" : 16, \"年级\" : \"fourGrade,fiveGrade,sixGrade\", \"封面\" : \"eyyb\\/system\\/hbyd\\/20260409\\/2326a27256ad11539fc67853c1fd0b39\\/1775701101830_124.jpg\", \"主题\" : \"\", \"分类二\" : \"思维培养\", \"单词\" : \"boat,go,see,good,bridge,idea\", \"简介\" : \"曼迪和莉娜划船出海遇矮桥，莉娜急着返回，曼迪却劝她 “船到桥头自然直”。他们能顺利过桥吗？快来读故事吧！\", \"id\" : \"8aqHYV3PjKZg4yv3Qx3btx\", \"脚本\" : \",,,,,,,,,,,,,,\", \"分类一\" : \"人与自我\", \"中文名称\" : \"船到桥头自然直\", \"词汇量\" : 115, \"英文名称\" : \"Cross that bridge when one comes to it\"}"
"{\"阅读时长\" : 365, \"年级\" : \"sixGrade\", \"封面\" : \"\\/bookread\\/userfiles2\\/1\\/files\\/APP\\/kantupeiyin\\/6X\\/Grizzwold\\/Grizzwold.jpg\", \"主题\" : \"\", \"分类二\" : \"\", \"单词\" : \"\", \"简介\" : \"null\", \"id\" : \"8R2Q8Rnyjakd1DNiPfJvhB\", \"脚本\" : \"\", \"分类一\" : \"\", \"中文名称\" : \"null\", \"词汇量\" : \"\", \"英文名称\" : \"Grizzwold 格瑞兹伍德\"}"
"{\"阅读时长\" : 28, \"年级\" : \"oneGrade,twoGrade,threeGrade\", \"封面\" : \"eyyb\\/system\\/hbyd\\/20241104\\/97d7e304eb4ddb6397411f4b3440c4d6\\/1730687647800_316.png\", \"主题\" : \"日常\\/其他活动\", \"分类二\" : \"社会交往\", \"单词\" : \"hat,look,sun\", \"简介\" : \"孩子们到户外玩耍，谁在堆雪人？谁在放风筝？谁在阳光下奔跑？谁在树林里跳跃？阅读时注意“k”在Kat、Ken、Kip、kids中的正确发音。\", \"id\" : \"7xkpgVpqfdTiZtwXKUzG5H\", \"脚本\" : \"\", \"分类一\" : \"人与社会\", \"中文名称\" : \"孩子们玩得很开心\", \"词汇量\" : 31, \"英文名称\" : \"Kids Have Fun\"}"
"{\"阅读时长\" : 28, \"年级\" : \"twoGrade,threeGrade,fourGrade\", \"封面\" : \"eyyb\\/system\\/hbyd\\/20240528\\/86881d06903b7b756af290778ca60593\\/1716859739522_936.jpg\", \"主题\" : \"健康饮食\", \"分类二\" : \"自然科学\", \"单词\" : \"pepper,carrot,cucumber,all,vegetable,we,like,bean\", \"简介\" : \"通过展示豆类、黄瓜、胡萝卜和甜椒等蔬菜，这本书以简单的句型和生动的插图，引导孩子们认识蔬菜以及学习如何用英语表达对蔬菜的喜爱。\", \"id\" : \"9KjUf28hoxcYgN9T38HgXR\", \"脚本\" : \"\", \"分类一\" : \"人与自然\", \"中文名称\" : \"我们喜欢蔬菜\", \"词汇量\" : 140, \"英文名称\" : \"We Like Vegetables\"}"
"{\"阅读时长\" : 174, \"年级\" : \"threeGrade,fourGrade\", \"封面\" : \"hbyd\\/20190614\\/a9f53af2fbb6c57af3a50aef8c819dcd\\/I_Am_Water.jpg\", \"主题\" : \"\", \"分类二\" : \"\", \"单词\" : \"\", \"简介\" : \"null\", \"id\" : \"94EUjRLitwhmntbjopLBj4\", \"脚本\" : \"\", \"分类一\" : \"\", \"中文名称\" : \"null\", \"词汇量\" : \"\", \"英文名称\" : \"I Am Water\"}"
"{\"阅读时长\" : 28, \"年级\" : \"twoGrade,threeGrade\", \"封面\" : \"eyyb\\/system\\/hbyd\\/20241205\\/8502ffdb04a831c48067f689709048c7\\/1733399413115_605.png\", \"主题\" : \"社会交往\", \"分类二\" : \"亲情友情\", \"单词\" : \"come,who,our,can,lemonade,will,friend\", \"简介\" : \"这本绘本描绘了朋友们在小镇上的欢乐时光。大家一起享受户外烧烤、摆柠檬水小摊、踢足球或者去野餐。无论做什么，有朋友的陪伴总是充满欢乐。\", \"id\" : \"7j5DE9ymxrhJSBZk8Qe7wP\", \"脚本\" : \"\", \"分类一\" : \"人与社会\", \"中文名称\" : \"和朋友们一起玩\", \"词汇量\" : 76, \"英文名称\" : \"Fun With Our Friends\"}"
"{\"阅读时长\" : 259, \"年级\" : \"threeGrade,fourGrade\", \"封面\" : \"hbyd\\/20191220\\/e03dabdc5df2259b5a717296c00aacae\\/Does_a_Kangaroo_Have_a_Mother,_Too_1.jpg\", \"主题\" : \"\", \"分类二\" : \"\", \"单词\" : \"\", \"简介\" : \"null\", \"id\" : \"7uWZg1sRk3qJpTDDdbqMna\", \"脚本\" : \"\", \"分类一\" : \"\", \"中文名称\" : \"null\", \"词汇量\" : \"\", \"英文名称\" : \"Does a Kangaroo Have a Mother, Too?\"}"
"{\"阅读时长\" : 43, \"年级\" : \"threeGrade\", \"封面\" : \"eyyb\\/system\\/hbyd\\/20210715\\/9de21c09f09187375bec838713593fef\\/1626335652138_423.jpg\", \"主题\" : \"\", \"分类二\" : \"\", \"单词\" : \"\", \"简介\" : \"null\", \"id\" : \"93ssUGE4GHtGnkYJqc2qce\", \"脚本\" : \"\", \"分类一\" : \"\", \"中文名称\" : \"null\", \"词汇量\" : \"\", \"英文名称\" : \"Wheels\"}"
"{\"阅读时长\" : 34, \"年级\" : \"threeGrade\", \"封面\" : \"\\/bookread\\/userfiles2\\/1\\/files\\/APP\\/kantupeiyin\\/3X\\/Wishy-Washy House.jpg\", \"主题\" : \"\", \"分类二\" : \"\", \"单词\" : \"\", \"简介\" : \"null\", \"id\" : \"98ee77bbde9b47a4a6628773e9bd161a\", \"脚本\" : \"\", \"分类一\" : \"\", \"中文名称\" : \"null\", \"词汇量\" : \"\", \"英文名称\" : \"Wishy-Washy House  房子里的泥脚印\"}"
"{\"阅读时长\" : 187, \"年级\" : \"fiveGrade,sixGrade\", \"封面\" : \"hbyd\\/20191220\\/ade915969279e677eb6a9b437a9152d9\\/Sheep_in_a_Shop_1.jpg\", \"主题\" : \"\", \"分类二\" : \"\", \"单词\" : \"\", \"简介\" : \"null\", \"id\" : \"7jKvUEfRfVtP1WRcpBP4gi\", \"脚本\" : \"\", \"分类一\" : \"\", \"中文名称\" : \"null\", \"词汇量\" : \"\", \"英文名称\" : \"Sheep in a Shop\"}"
"{\"阅读时长\" : 40, \"年级\" : \"oneGrade,twoGrade,threeGrade\", \"封面\" : \"eyyb\\/system\\/hbyd\\/20241129\\/3768deb6e04b78d182ffaa3030391265\\/1732860696498_157.png\", \"主题\" : \"日常活动\", \"分类二\" : \"生活习惯\", \"单词\" : \"he,on,stool,mom,pot,bag\", \"简介\" : \"妈妈拿出一只锅，Tom向锅中倒入一袋东西。过了一会儿，锅子发出Pop! Pop! Pop!的声响，你猜到他们做的是什么美食了吗？阅读的同时注意“short o”在on、pop、pot、Mom、Tom中的正确发音。\", \"id\" : \"7wskS1S63qDuj3BEvgJDKL\", \"脚本\" : \"\", \"分类一\" : \"人与自我\", \"中文名称\" : \"砰砰砰！\", \"词汇量\" : 36, \"英文名称\" : \"Pop! Pop! Pop!\"}"
"{\"阅读时长\" : 305, \"年级\" : \"fiveGrade,sixGrade,threeGrade,fourGrade\", \"封面\" : \"eyyb\\/system\\/hbyd\\/20211116\\/a5bf7f1160ca761817dc33ef982c0096\\/1637033314028_7.jpg\", \"主题\" : \"动物的性格\", \"分类二\" : \"趣味故事\", \"单词\" : \"crackle,thin,straw,smoke,skinny,burn,build,flame,brick,stick,climb,plump,bony,hungry,chimney\", \"简介\" : \"三只小猪要建房子了。第一只小猪用茅草建房子，第二只小猪用木头建房子，第三只小猪用砖头建房子。房子终于建好了，可大灰狼也来了······\", \"id\" : \"8myAZ5jmvLDK8xGfyMZ3pb\", \"脚本\" : \"\", \"分类一\" : \"人与社会\", \"中文名称\" : \"三只小猪\", \"词汇量\" : 339, \"英文名称\" : \"The Three Plump Pigs\"}"
"{\"阅读时长\" : 90, \"年级\" : \"threeGrade\", \"封面\" : \"eyyb\\/system\\/hbyd\\/20211109\\/c8cbb3ebf38c8b7d8d5142278b96690d\\/1636444431096_314.jpg\", \"主题\" : \"\", \"分类二\" : \"\", \"单词\" : \"\", \"简介\" : \"null\", \"id\" : \"7rGVvSPRT6neAb4YBiffm1\", \"脚本\" : \"\", \"分类一\" : \"\", \"中文名称\" : \"null\", \"词汇量\" : \"\", \"英文名称\" : \"The Magic Grandma\"}"
"{\"阅读时长\" : 58, \"年级\" : \"threeGrade,fourGrade,fiveGrade\", \"封面\" : \"eyyb\\/system\\/hbyd\\/20210722\\/23549c8709fcce46fb340af4c93430e8\\/1626914746339_665.jpg\", \"主题\" : \"动物\", \"分类二\" : \"自然科学\", \"单词\" : \"fly,butterfly,plane,bird,duck\", \"简介\" : \"一年一度的飞行大赛马上要开始了，首先出场是勤劳的蜜蜂，接着是美丽的蝴蝶，然后是······\", \"id\" : \"7jVk7ywkqkdfmfxjXKTHgW\", \"脚本\" : \"\", \"分类一\" : \"人与自然\", \"中文名称\" : \"会飞的东西\", \"词汇量\" : 75, \"英文名称\" : \"Things That Fly\"}"
"{\"阅读时长\" : 36, \"年级\" : \"sixGrade\", \"封面\" : \"eyyb\\/system\\/hbyd\\/20250704\\/ccc4e63296d7a2384b646dc4693b3514\\/1751621632536_732.jpg\", \"主题\" : \"诚实\", \"分类二\" : \"趣味故事\", \"单词\" : \"again,only,bring,asked,real,watched,help,home,angry,laughed,tell,said,come,around,wolf,believe,day,far,hill,loudly,really,found,villager,thought,village,sheep,saw,cry,evening,boy,sat,bored,very\", \"简介\" : \"牧童大喊：“狼来了，狼来了！”村民们立马赶去帮忙，跑上山却没有发现狼。原来这只是牧童在捉弄村民，生气的村民不再相信牧童了。当狼真的来了之后，会发生什么呢？\", \"id\" : \"BZh5LkS11VnSutXHJQWAwm\", \"脚本\" : \",,,,,,,,,,,,,,,,,,,,,,,,,,,,,,,,,,\", \"分类一\" : \"人与社会\", \"中文名称\" : \"狼来了\", \"词汇量\" : 331, \"英文名称\" : \"The Boy Who Cried Wolf\"}"
"{\"阅读时长\" : 28, \"年级\" : \"twoGrade,threeGrade\", \"封面\" : \"eyyb\\/system\\/hbyd\\/20241204\\/3d0eb3a7b00207f9f5985215c88e6e15\\/1733283917886_143.png\", \"主题\" : \"居住环境\", \"分类二\" : \"生活常识\", \"单词\" : \"school,like,street,house,playground,my\", \"简介\" : \"这本绘本描绘了一个美丽的小镇，通过介绍小镇中的房子、街道、操场和学校，表达了孩子们对家乡的热爱之情。每个地方都有其独特的魅力，让孩子们感受到生活的美好。\", \"id\" : \"BhLuAEBMN3tjTfmuduPADS\", \"脚本\" : \"\", \"分类一\" : \"人与社会\", \"中文名称\" : \"我喜欢我的小镇\", \"词汇量\" : 65, \"英文名称\" : \"I Like My Town\"}"
"{\"阅读时长\" : 66, \"年级\" : \"fourGrade,fiveGrade,sixGrade\", \"封面\" : \"eyyb\\/system\\/hbyd\\/20230330\\/9591d4ea8f7b8f36d8a0aec89661aeab\\/1680156004689_448.jpg\", \"主题\" : \"房间\", \"分类二\" : \"趣味故事\", \"单词\" : \"bathroom,in,kitchen,bedroom,rose,car,under\", \"简介\" : \"一天，杰克到处在寻找塔可，塔可到底在哪里呢？\", \"id\" : \"DJ9nSgEff2RVVs7mZsRtB4\", \"脚本\" : \"\", \"分类一\" : \"人与社会\", \"中文名称\" : \"寻找塔可\", \"词汇量\" : 97, \"英文名称\" : \"Looking for Taco\"}"
"{\"阅读时长\" : 52, \"年级\" : \"fourGrade\", \"封面\" : \"eyyb\\/system\\/hbyd\\/20221123\\/bef2f5e7ebaa6aae121fa9adbb309537\\/1669164991701_108.jpg\", \"主题\" : \"运动能力\", \"分类二\" : \"亲情友情\", \"单词\" : \"jump,fast,fly,high,swim,far,can,run\", \"简介\" : \"小男孩的大乌鸦嘴把老爸变成了超人，他有哪些冒险的经历呢？一起来看看吧！\", \"id\" : \"BKjPxU9vCLan8jWnyh6oGi\", \"脚本\" : \"\", \"分类一\" : \"人与社会\", \"中文名称\" : \"我的超人老爸\", \"词汇量\" : 58, \"英文名称\" : \"My Superman Dad\"}"
"{\"阅读时长\" : 68, \"年级\" : \"threeGrade,fourGrade,fiveGrade\", \"封面\" : \"eyyb\\/system\\/hbyd\\/20220701\\/3a26569afb0758e6b33b8e60f99fc8e1\\/1656663811070_861.jpg\", \"主题\" : \"\", \"分类二\" : \"环境保护\", \"单词\" : \"\", \"简介\" : \"在天山主峰上，一片裸露的岩石间，冒出来一个灰灰的小脑袋，然后“嗖”地一下不见了。没一会儿，这个毛茸茸的小家伙又出现了，它在几近垂直的岩壁上攀爬着，看上去像老鼠又像兔子……\", \"id\" : \"DEEwJUeipSHLBLtrZVk5QF\", \"脚本\" : \"\", \"分类一\" : \"中文绘本\", \"中文名称\" : \"\", \"词汇量\" : 35, \"英文名称\" : \"亲爱的伊犁鼠兔\"}"
"{\"阅读时长\" : 89, \"年级\" : \"threeGrade\", \"封面\" : \"eyyb\\/system\\/hbyd\\/20211109\\/3567f237214b2e6bef49e3b3cec7c7b0\\/1636445678337_593.jpg\", \"主题\" : \"\", \"分类二\" : \"\", \"单词\" : \"\", \"简介\" : \"null\", \"id\" : \"BCZJnQ6Q2X1nAvDDuxoNWi\", \"脚本\" : \"\", \"分类一\" : \"\", \"中文名称\" : \"null\", \"词汇量\" : \"\", \"英文名称\" : \"The Baby Monster\"}"
"{\"阅读时长\" : 32, \"年级\" : \"twoGrade,threeGrade,fourGrade\", \"封面\" : \"eyyb\\/system\\/hbyd\\/20240528\\/21ac506987f7063067eeb9d8f0d88df3\\/1716858917694_3.jpg\", \"主题\" : \"天气与季节\", \"分类二\" : \"自然科学\", \"单词\" : \"rain,lightning,sun,snow\", \"简介\" : \"通过描绘雪、雨、太阳、风和闪电，这本书以简单的句型和生动的插图，帮助孩子们学会观察天气以及用英语描述天气。\", \"id\" : \"CCuhSbzudhqvMMgyBoS7ta\", \"脚本\" : \"\", \"分类一\" : \"人与自然\", \"中文名称\" : \"看看天气\", \"词汇量\" : 50, \"英文名称\" : \"Look at the Weather\"}"
"{\"阅读时长\" : 126, \"年级\" : \"threeGrade,fourGrade,fiveGrade\", \"封面\" : \"eyyb\\/system\\/hbyd\\/20220413\\/28db64fb6d547d79175f454e19ceee43\\/1649839809339_166.jpg\", \"主题\" : \"海洋动物\", \"分类二\" : \"自然科学\", \"单词\" : \"swim,sit,sea,walk,penguin,baby,ice\", \"简介\" : \"企鹅，有着“海洋之舟”的美称。它们走起路来一摇一摆，十分逗人。你知道企鹅有哪些技能吗？\", \"id\" : \"BgrbFk7iH9kvzi4vzbT9WR\", \"脚本\" : \"\", \"分类一\" : \"人与自然\", \"中文名称\" : \"企鹅\", \"词汇量\" : 100, \"英文名称\" : \"All About Penguins\"}"
"{\"阅读时长\" : 100, \"年级\" : \"fourGrade,fiveGrade,sixGrade\", \"封面\" : \"eyyb\\/system\\/hbyd\\/20240528\\/460e019d6d135d8356529a14ad17913a\\/1716897940930_958.jpg\", \"主题\" : \"成长历程\", \"分类二\" : \"品德教养\", \"单词\" : \"hunt,camp,sled,enthusiastic,wolf,fish,departure,print,trail,tent,paw,seal,flee,lake\", \"简介\" : \"绘本讲述了生活在格陵兰的卡亚与受伤的小狗米基之间深厚的感情。米基失踪后，卡亚在寻找过程中勇敢面对各种危险和困难，最终与米基重逢。展现了卡亚在困境中的勇敢以及他与米基如同兄弟般的情谊。\", \"id\" : \"BVcwC1FMhxzxWTqn4LdrAc\", \"脚本\" : \"\", \"分类一\" : \"人与自我\", \"中文名称\" : \"来自格陵兰的卡亚\", \"词汇量\" : 370, \"英文名称\" : \"KAYA FROM GREENLAND\"}"
"{\"阅读时长\" : 68, \"年级\" : \"fourGrade,fiveGrade,sixGrade\", \"封面\" : \"eyyb\\/system\\/hbyd\\/20240530\\/720ab6c5cc32e1b81e5fdef42e8d00d5\\/1717058166455_835.jpg\", \"主题\" : \"成长历程\", \"分类二\" : \"趣味故事\", \"单词\" : \"swollen,wave,awake,jellyfish,compass,weak,stare,point,sting,sail,wind,steer,star,sick,ocean,map,burst,check\", \"简介\" : \"大卫和 “我” 准备乘船回家时，大卫被水母蜇了，他让 “我” 找到回家的路。“我” 正在接受大卫的领航者训练，现在不得不独自完成这次旅程。晚上，“我” 利用星星确定方向；白天，“我” 跟随海鸟航行。最终，“我” 的决定得到了大卫的认可。这个故事展现了 “我” 在挑战中成长为一名领航者的过程。\", \"id\" : \"BtDPgXd58xjsruBJfnTtDx\", \"脚本\" : \"\", \"分类一\" : \"人与社会\", \"中文名称\" : \"领航者\", \"词汇量\" : 360, \"英文名称\" : \"The Wayfinder\"}"
"{\"阅读时长\" : 78, \"年级\" : \"threeGrade,fourGrade,fiveGrade\", \"封面\" : \"eyyb\\/system\\/hbyd\\/20210723\\/8e824791ed203a5e0445df1a7d62d1c4\\/1627010805210_846.jpg\", \"主题\" : \"\", \"分类二\" : \"趣味故事\", \"单词\" : \"on,lizard,run,under,big,fast,little\", \"简介\" : \"小蜥蜴跟着大蜥蜴去抓虫子，大蜥蜴接连抓到虫子。那小蜥蜴有没有抓到虫子呢？小蜥蜴是如何抓到虫子的呢？\", \"id\" : \"BBr2H2HUTXjrJfgKunDosW\", \"脚本\" : \"\", \"分类一\" : \"人与社会\", \"中文名称\" : \"大蜥蜴，小蜥蜴\", \"词汇量\" : 101, \"英文名称\" : \"Big Lizard, Little Lizard\"}"
"{\"阅读时长\" : 103, \"年级\" : \"fourGrade\", \"封面\" : \"eyyb\\/system\\/hbyd\\/20211019\\/c29a9bf8786972aa7f93f949fb71963b\\/1634627558559_542.jpg\", \"主题\" : \"\", \"分类二\" : \"\", \"单词\" : \"\", \"简介\" : \"null\", \"id\" : \"BrEmLLRD8zWxYYAKT6YmpU\", \"脚本\" : \"\", \"分类一\" : \"\", \"中文名称\" : \"null\", \"词汇量\" : \"\", \"英文名称\" : \"I Like Noodles\"}"
"{\"阅读时长\" : 52, \"年级\" : \"fourGrade,fiveGrade,sixGrade\", \"封面\" : \"eyyb\\/system\\/hbyd\\/20241111\\/b36a809db10194630dbbd49bca1ea4f4\\/1731306102339_542.png\", \"主题\" : \"良好品格\", \"分类二\" : \"性格教育\", \"单词\" : \"graceful,competition,bear,ballet,dance\", \"简介\" : \"小熊爱上了跳舞，他试了好多种舞蹈：芭蕾舞、霹雳舞、还有踢踏舞，但是每次尝试都会被其他小伙伴笑话。但是小熊没有灰心，最后他找到了适合自己的舞蹈，还赢得了一枚金牌！\", \"id\" : \"CKP8tXUCD34kuTaiBQfMG1\", \"脚本\" : \"\", \"分类一\" : \"人与自我\", \"中文名称\" : \"永不言弃的小熊\", \"词汇量\" : 218, \"英文名称\" : \"The BEAR who NEVER gave up\"}"
"{\"阅读时长\" : 41, \"年级\" : \"threeGrade\", \"封面\" : \"eyyb\\/system\\/hbyd\\/20210715\\/4fde1d0d47f643839dc972d36d0ee480\\/1626320514324_869.jpg\", \"主题\" : \"\", \"分类二\" : \"\", \"单词\" : \"\", \"简介\" : \"null\", \"id\" : \"C92Wt1UbWZ99o5eCziH9J7\", \"脚本\" : \"\", \"分类一\" : \"\", \"中文名称\" : \"null\", \"词汇量\" : \"\", \"英文名称\" : \"Oh No!\"}"
"{\"阅读时长\" : 34, \"年级\" : \"threeGrade,fourGrade,fiveGrade\", \"封面\" : \"eyyb\\/system\\/hbyd\\/20210715\\/748417feb9c38f5aeb4d384bbda7e9ad\\/1626319631515_910.jpg\", \"主题\" : \"类型\", \"分类二\" : \"生活习惯\", \"单词\" : \"shoes,shirt,jacket,glasses,pants,sock(s),cap\", \"简介\" : \"杰西是一个男孩。他喜欢自己的紫色衬衫、紫色裤子、紫色袜子、紫色鞋子、紫色夹克、紫色帽子和紫色眼镜。\", \"id\" : \"BywNAjfm1cmLoAsrAMj5ek\", \"脚本\" : \"\", \"分类一\" : \"人与自我\", \"中文名称\" : \"杰西\", \"词汇量\" : 39, \"英文名称\" : \"Jesse\"}"
"{\"阅读时长\" : 64, \"年级\" : \"threeGrade,fourGrade,fiveGrade\", \"封面\" : \"eyyb\\/system\\/hbyd\\/20211115\\/85b3499c004dbe6cda4a792799444d80\\/1636957357656_513.jpg\", \"主题\" : \"天气情况\", \"分类二\" : \"环境保护\", \"单词\" : \"air,float,chair,basketball,beach,ball\", \"简介\" : \"空气无处不在，它在篮球里、在游泳圈里、在沙滩球里，甚至可以在椅子里！\", \"id\" : \"Bn2f6hckRFVbKiUQwYCPer\", \"脚本\" : \"\", \"分类一\" : \"人与自然\", \"中文名称\" : \"无处不在的空气\", \"词汇量\" : 84, \"英文名称\" : \"Air Everywhere\"}"
"{\"阅读时长\" : 40, \"年级\" : \"fourGrade,fiveGrade\", \"封面\" : \"eyyb\\/system\\/hbyd\\/20251121\\/278f413531bf3b117c044e04cdbb84a8\\/1763714806598_678.jpg\", \"主题\" : \"中国文化体验\", \"分类二\" : \"趣味故事\", \"单词\" : \"funny,sound,help,young,drum,horse,loud,sun\", \"简介\" : \"常先是黄帝手下的大臣，他非常聪明，发明了很多工具。\", \"id\" : \"CPBrBVqQQBPsdLYasXq33P\", \"脚本\" : \",,,,,,,,,,,,,,,,,,,,,,,,,,,\", \"分类一\" : \"人与社会\", \"中文名称\" : \"常先制鼓\", \"词汇量\" : 200, \"英文名称\" : \"The Story of Changxian Inventing the Drum\"}"
"{\"阅读时长\" : 36, \"年级\" : \"fourGrade,fiveGrade,sixGrade\", \"封面\" : \"eyyb\\/system\\/hbyd\\/20260409\\/58f8d444bfae993372fa091234ff8c94\\/1775700929853_250.jpg\", \"主题\" : \"\", \"分类二\" : \"趣味故事\", \"单词\" : \"man,go,help,run,good,watch,horse,race,fun,win,people\", \"简介\" : \"孙膑如何用智慧帮田忌反败为胜？一场赛马背后藏着怎样的策略？快来一探究竟！\", \"id\" : \"DJYgMKnTiPD4UrMj5Fc1v6\", \"脚本\" : \",,,,,,,,,,,,,,,,,,,,,\", \"分类一\" : \"人与社会\", \"中文名称\" : \"田忌赛马\", \"词汇量\" : 229, \"英文名称\" : \"Tian Ji's Horse Racing Strategy\"}"
"{\"阅读时长\" : 36, \"年级\" : \"twoGrade,threeGrade,fourGrade\", \"封面\" : \"eyyb\\/system\\/hbyd\\/20220526\\/b4e08d18a9f03ae43e2de20832f1a3aa\\/1653549108229_271.jpg\", \"主题\" : \"食物\", \"分类二\" : \"交通运输\", \"单词\" : \"sister,brother,dad,bear,ride,train\", \"简介\" : \"我的火车要开动了，火车上有谁呢？一起看一看吧！\", \"id\" : \"C2gzaQiweGLnrCM5zekQsH\", \"脚本\" : \"\", \"分类一\" : \"人与社会\", \"中文名称\" : \"坐火车\", \"词汇量\" : 81, \"英文名称\" : \"Going On a Train Ride\"}"
"{\"阅读时长\" : 34, \"年级\" : \"threeGrade\", \"封面\" : \"eyyb\\/system\\/hbyd\\/20210715\\/9657ba646ce8e76f70e99fb5f40ac7c3\\/1626330828147_759.jpg\", \"主题\" : \"\", \"分类二\" : \"\", \"单词\" : \"\", \"简介\" : \"null\", \"id\" : \"Bro7JKHDHVUgEEiR8BDdBw\", \"脚本\" : \"\", \"分类一\" : \"\", \"中文名称\" : \"null\", \"词汇量\" : \"\", \"英文名称\" : \"My Puppy\"}"
"{\"阅读时长\" : 28, \"年级\" : \"threeGrade,fourGrade\", \"封面\" : \"eyyb\\/system\\/hbyd\\/20241129\\/720bfe3a49f28fe5443a5039de41fc52\\/1732846886621_286.png\", \"主题\" : \"性格\", \"分类二\" : \"性格教育\", \"单词\" : \"now,girl,little,very,narrator,teacher,forehead,wash,curl,school,bed,time,horrid,up\", \"简介\" : \"绘本讲述了一位留着一缕卷发的女孩莎莉。她时而乖巧听话，在学校表现优异；时而调皮捣蛋，尤其在睡觉时间变得非常不听话，让爸爸妈妈头疼。一起读绘本，看看莎莉到底是一个什么样的女孩吧！\", \"id\" : \"BazqxuSJy8rYCvw83VD6Nf\", \"脚本\" : \"\", \"分类一\" : \"人与自我\", \"中文名称\" : \"有卷发的小女孩\", \"词汇量\" : 182, \"英文名称\" : \"The Little Girl with the Curl\"}"
"{\"阅读时长\" : 186, \"年级\" : \"fiveGrade,sixGrade\", \"封面\" : \"hbyd\\/20191220\\/6328e99a1d7433d629aad2edf3d0ab7c\\/Down_by_the_Station_1.jpg\", \"主题\" : \"\", \"分类二\" : \"\", \"单词\" : \"\", \"简介\" : \"null\", \"id\" : \"Bnj7F6LzrgpWsrGoAAswCq\", \"脚本\" : \"\", \"分类一\" : \"\", \"中文名称\" : \"null\", \"词汇量\" : \"\", \"英文名称\" : \"Down by the Station\"}"
"{\"阅读时长\" : 165, \"年级\" : \"threeGrade,fourGrade\", \"封面\" : \"hbyd\\/20190610\\/a0cd1fc3c9076f16f5d14518965acec4\\/3.jpg\", \"主题\" : \"\", \"分类二\" : \"\", \"单词\" : \"\", \"简介\" : \"null\", \"id\" : \"CjogdhbL5eHeu4kiFQ7Lw2\", \"脚本\" : \"\", \"分类一\" : \"\", \"中文名称\" : \"null\", \"词汇量\" : \"\", \"英文名称\" : \"What's the time, Mr. Wolf?\"}"
"{\"阅读时长\" : 28, \"年级\" : \"twoGrade,threeGrade\", \"封面\" : \"eyyb\\/system\\/hbyd\\/20241128\\/b174458b257b4485360b170f4349ccff\\/1732756621683_38.png\", \"主题\" : \"养成良好的生活习惯\", \"分类二\" : \"生活习惯\", \"单词\" : \"go,get up,talk,bell,late,time,morning,hear,bed\", \"简介\" : \"叮叮咚，叮叮咚，清晨的钟声响起，起床的时间到了！是谁还在睡觉呢？再不起来就要迟到了······你有没有这样的经历呢？\", \"id\" : \"BVQTj5VzkE1AJAaX58x3m4\", \"脚本\" : \"\", \"分类一\" : \"人与自我\", \"中文名称\" : \"约翰哥哥，醒醒！\", \"词汇量\" : 139, \"英文名称\" : \"Brother John, Wake Up!\"}"
"{\"阅读时长\" : 36, \"年级\" : \"threeGrade,fourGrade\", \"封面\" : \"eyyb\\/system\\/hbyd\\/20241204\\/959c248fdfdb06e42c6dfc4b4c112cda\\/1733302007820_121.png\", \"主题\" : \"社会交往\", \"分类二\" : \"校园生活\", \"单词\" : \"play,swing\", \"简介\" : \"这本绘本描绘了在学校里孩子们与朋友们一起参与各种活动的场景，包括攀爬、荡秋千、绘画、唱歌、挖掘、观察、阅读、烹饪、跳舞、关心他人、建造以及分享等。展现了校园生活中丰富多彩的友情和活动。\", \"id\" : \"C9udBa4P8FHA2okkA7dqgU\", \"脚本\" : \"\", \"分类一\" : \"人与社会\", \"中文名称\" : \"我的朋友们\", \"词汇量\" : 61, \"英文名称\" : \"My Friends\"}"
"{\"阅读时长\" : 28, \"年级\" : \"twoGrade,threeGrade,fourGrade\", \"封面\" : \"eyyb\\/system\\/hbyd\\/20240523\\/6d5c050a1bb701c4e1c1b90e453d3bf0\\/1716455499355_861.jpg\", \"主题\" : \"动物的外貌\", \"分类二\" : \"生活常识\", \"单词\" : \"caterpillar,fish,the,has,zebra,snake,tiger\", \"简介\" : \"通过简洁的句型和鲜明的插图，这本书向孩子们介绍了斑马、老虎、蛇、鱼、毛毛虫这些拥有条纹的生物，激发孩子们对自然界多样性和动物特征的好奇心。\", \"id\" : \"BhjLSiTubHZ1umdu6JhkDu\", \"脚本\" : \"\", \"分类一\" : \"人与社会\", \"中文名称\" : \"什么有条纹\", \"词汇量\" : 41, \"英文名称\" : \"What Has Stripes?\"}"
"{\"阅读时长\" : 124, \"年级\" : \"fourGrade,fiveGrade,sixGrade\", \"封面\" : \"hbyd\\/20190801\\/109c823af86c35a51478f82e0252a28d\\/Sloppy_Tiger_Washes_the_Floor.jpg\", \"主题\" : \"家务劳动\", \"分类二\" : \"趣味故事\", \"单词\" : \"skate,bucket,laugh,mop,mad,bubble,sloppy\", \"简介\" : \"毛手毛脚虎喜欢泡泡，所以他在擦地的时候在水桶里弄出了很多的泡泡，结果脚一滑，撞到了······\", \"id\" : \"CxSxmGFKAR9BJyBEixFiQH\", \"脚本\" : \"\", \"分类一\" : \"人与社会\", \"中文名称\" : \"毛手毛脚虎擦地\", \"词汇量\" : 203, \"英文名称\" : \"Sloppy Tiger Washes the Floor\"}"
"{\"阅读时长\" : 28, \"年级\" : \"threeGrade,fourGrade,fiveGrade\", \"封面\" : \"eyyb\\/system\\/hbyd\\/20240531\\/c1bdf2bcca16a1977916a7d03b166b3a\\/1717120271216_525.png\", \"主题\" : \"游戏的特点\", \"分类二\" : \"生活常识\", \"单词\" : \"park,plane,roller coaster\", \"简介\" : \"绘本通过简洁的画面和文字，呈现了公园的欢乐氛围，带领孩子们认识了过山车、漂流探险、充气城堡、摩天轮和飞机等游乐设施。\", \"id\" : \"CJ6yysFkvQMikEYjNcsM8f\", \"脚本\" : \"\", \"分类一\" : \"人与社会\", \"中文名称\" : \"在公园\", \"词汇量\" : 60, \"英文名称\" : \"In the Park\"}"
"{\"阅读时长\" : 290, \"年级\" : \"sixGrade\", \"封面\" : \"\\/bookread\\/userfiles2\\/1\\/files\\/APP\\/kantupeiyin\\/6X\\/I Am a Rock\\/I Am a Rock.jpg\", \"主题\" : \"\", \"分类二\" : \"\", \"单词\" : \"\", \"简介\" : \"null\", \"id\" : \"CiLUforUYwQtbrYoQ6H3ET\", \"脚本\" : \"\", \"分类一\" : \"\", \"中文名称\" : \"null\", \"词汇量\" : \"\", \"英文名称\" : \"I Am a Rock 我是一块石头\"}"
"{\"阅读时长\" : 28, \"年级\" : \"oneGrade,twoGrade,threeGrade\", \"封面\" : \"eyyb\\/system\\/hbyd\\/20241205\\/0c56c7143f3e39ce999b30e46accbc6b\\/1733399180652_723.png\", \"主题\" : \"家人\", \"分类二\" : \"亲情友情\", \"单词\" : \"mom,dad,is,brother,my,family,this,me\", \"简介\" : \"这本绘本生动地展现了温馨的家庭画面。通过介绍妈妈、爸爸、兄弟以及自己，让大家感受到家庭的温暖与爱。\", \"id\" : \"CybW159QAtFX2r9LSiH9Rc\", \"脚本\" : \"\", \"分类一\" : \"人与社会\", \"中文名称\" : \"我的家庭\", \"词汇量\" : 36, \"英文名称\" : \"My Family\"}"
"{\"阅读时长\" : 94, \"年级\" : \"sixGrade\", \"封面\" : \"eyyb\\/system\\/hbyd\\/20210723\\/8c607f2651c1555f89f3fb2ba3cdc990\\/1627024435246_725.jpg\", \"主题\" : \"\", \"分类二\" : \"\", \"单词\" : \"\", \"简介\" : \"null\", \"id\" : \"CDZKYfnDyz2Hr7J23WmXaG\", \"脚本\" : \"\", \"分类一\" : \"\", \"中文名称\" : \"null\", \"词汇量\" : \"\", \"英文名称\" : \"Books\"}"
"{\"阅读时长\" : 26, \"年级\" : \"threeGrade\", \"封面\" : \"eyyb\\/system\\/hbyd\\/20210715\\/998d1364cd0d16e7d00f9b61f6964700\\/1626335447418_196.jpg\", \"主题\" : \"\", \"分类二\" : \"\", \"单词\" : \"\", \"简介\" : \"null\", \"id\" : \"CXVLid4zymUNcWU1dupzBh\", \"脚本\" : \"\", \"分类一\" : \"\", \"中文名称\" : \"null\", \"词汇量\" : \"\", \"英文名称\" : \"The Sky\"}"
"{\"阅读时长\" : 28, \"年级\" : \"threeGrade,fourGrade,fiveGrade\", \"封面\" : \"eyyb\\/system\\/hbyd\\/20240523\\/77ee09d71fd07e97f0e89d62f9fbd964\\/1716455205276_164.png\", \"主题\" : \"食物\", \"分类二\" : \"趣味故事\", \"单词\" : \"some,here,sandwich,pudding,hot,would,worm,like,soup,cold,jelly\", \"简介\" : \"午餐时间到了，今天的特色菜是碗豆粥！有热的粥，有凉的粥，还有放了9天的粥……你会选择哪一种呢？打开这本《Pease Porridge, Please!》看看学生们各自选择了什么午餐吧！\", \"id\" : \"BdAscfEnwRCotBBc6VSpwf\", \"脚本\" : \"\", \"分类一\" : \"人与社会\", \"中文名称\" : \"请给我豌豆粥！\", \"词汇量\" : 287, \"英文名称\" : \"Pease Porridge, Please!\"}"
"{\"阅读时长\" : 129, \"年级\" : \"threeGrade,fourGrade,fiveGrade\", \"封面\" : \"hbyd\\/20190801\\/7f58bdcdf588a18848f8fa89c2b6aaf1\\/Mrs_Wishy-Washy_and_the_Big_Tub.jpg\", \"主题\" : \"假期活动\", \"分类二\" : \"自然科学\", \"单词\" : \"sandwich,train,beach,sea,seat,ticket,tub\", \"简介\" : \"洗刷刷太太带着动物们坐阳光列车去海边，他们看到了什么像大澡盆呢？\", \"id\" : \"BbPGCrK394fnU4Xvy7wSEo\", \"脚本\" : \"\", \"分类一\" : \"人与自然\", \"中文名称\" : \"洗刷刷太太和大澡盆\", \"词汇量\" : 162, \"英文名称\" : \"Mrs Wishy-Washy and the Big Tub\"}"
"{\"阅读时长\" : 36, \"年级\" : \"threeGrade,fourGrade,fiveGrade\", \"封面\" : \"eyyb\\/system\\/hbyd\\/20240528\\/ecc2950f58b092a603c24a3a93c567d2\\/1716894744796_208.jpg\", \"主题\" : \"野生动物\", \"分类二\" : \"自然科学\", \"单词\" : \"creep,monkey,swing,gray,suit,asleep,skin,frog,hairy\", \"简介\" : \"以雨林为背景，通过提问的形式让读者猜猜看在不同位置能看到哪些动物。先是在树上看到吃水果、毛茸茸的猴子，接着看到睡着的树懒，然后看到有着明亮橙色鸟嘴的巨嘴鸟，最后在树下看到有着灰色鳞状皮肤的鳄鱼。\", \"id\" : \"CPpEhPdhHBkwRCpDbDXKFW\", \"脚本\" : \"\", \"分类一\" : \"人与自然\", \"中文名称\" : \"你看到了谁？雨林说唱\", \"词汇量\" : 300, \"英文名称\" : \"Who Do You See? A Rain Forest Rap\"}"
"{\"阅读时长\" : 28, \"年级\" : \"fourGrade,fiveGrade,sixGrade\", \"封面\" : \"eyyb\\/system\\/hbyd\\/20240530\\/9443e8dad08a7bb6f0ebb26bdc4b73c8\\/1717056054086_149.jpg\", \"主题\" : \"聚会\", \"分类二\" : \"趣味故事\", \"单词\" : \"merry,just,pipe,compare,soul,castle,sleepy,rare\", \"简介\" : \"《Party Time With Old King Cole》是由经典童谣改编的幽默绘本剧，在故事中，老国王科尔是个快乐的老人，半夜毫无睡意的他，打电话叫来了一位管乐器手和三位小提琴手，他们会带来一场怎样的音乐盛会呢？一起来看看吧！\", \"id\" : \"ChDMGYA6kJmiDxycwafKYU\", \"脚本\" : \"\", \"分类一\" : \"人与社会\", \"中文名称\" : \"老国王科尔的派对时光\", \"词汇量\" : 230, \"英文名称\" : \"Party Time with Old King Cole\"}"
"{\"阅读时长\" : 64, \"年级\" : \"threeGrade\", \"封面\" : \"eyyb\\/system\\/hbyd\\/20211109\\/078151d02787277543743b401849dce5\\/1636440618126_714.jpg\", \"主题\" : \"\", \"分类二\" : \"\", \"单词\" : \"\", \"简介\" : \"null\", \"id\" : \"BwCLUgWJzW8xZgf1SRSKno\", \"脚本\" : \"\", \"分类一\" : \"\", \"中文名称\" : \"null\", \"词汇量\" : \"\", \"英文名称\" : \"Whose Birthday Is It?\"}"
"{\"阅读时长\" : 40, \"年级\" : \"twoGrade,threeGrade,fourGrade\", \"封面\" : \"eyyb\\/system\\/hbyd\\/20241104\\/ddf742fbc94f90e1f68b37001da874be\\/1730687449497_1000.png\", \"主题\" : \"日常\\/其他活动\", \"分类二\" : \"社会交往\", \"单词\" : \"fine,kite\", \"简介\" : \"孩子们在雪地里拉什么？货车开不动了怎么办？你会放风筝吗？阅读时注意“长音i”在kite、tire、wire中的正确发音。\", \"id\" : \"DMEuLjN9QeEnRG8e7rx9bT\", \"脚本\" : \"\", \"分类一\" : \"人与社会\", \"中文名称\" : \"是时候用力拉了\", \"词汇量\" : 69, \"英文名称\" : \"Time to Tug\"}"
"{\"阅读时长\" : 50, \"年级\" : \"threeGrade\", \"封面\" : \"eyyb\\/system\\/hbyd\\/20220413\\/527cabf71879bb641db35fda0a0b42d8\\/1649830333598_918.jpg\", \"主题\" : \"饮食卫生\", \"分类二\" : \"生活常识\", \"单词\" : \"salad,like,bug,pizza,pancake,cake,food,bread,popcorn,soup\", \"简介\" : \"美食家青蛙先生最喜欢吃虫子了，青蛙先生把虫子放在香喷喷的爆米花、芳香四溢的汤、美味可口的蛋糕上面。哇，真香啊！\", \"id\" : \"C9TBgALSA3gheawaCsct2q\", \"脚本\" : \"\", \"分类一\" : \"人与社会\", \"中文名称\" : \"青蛙的食物\", \"词汇量\" : 40, \"英文名称\" : \"Frog Food\"}"
"{\"阅读时长\" : 45, \"年级\" : \"threeGrade,fourGrade\", \"封面\" : \"eyyb\\/system\\/hbyd\\/20211119\\/4491f8778574ab3b9f6480e8989a7358\\/1637283558320_209.jpg\", \"主题\" : \"个人卫生\", \"分类二\" : \"生活习惯\", \"单词\" : \"face,bag,can,tie,brush,pack,go,wash\", \"简介\" : \"你会刷牙吗？你会洗脸吗？快来看看其他小朋友会做什么吧！\", \"id\" : \"Chkr3pBQzgquWdeHuqXhqN\", \"脚本\" : \"\", \"分类一\" : \"人与自我\", \"中文名称\" : \"我会做！\", \"词汇量\" : 34, \"英文名称\" : \"I Can Do It!\"}"
"{\"阅读时长\" : 104, \"年级\" : \"fiveGrade,sixGrade\", \"封面\" : \"eyyb\\/system\\/hbyd\\/20240528\\/ef9e9bd8111590756e3ff0848b3331d8\\/1716883276227_408.jpg\", \"主题\" : \"探索宇宙\", \"分类二\" : \"探索宇宙\", \"单词\" : \"stare,explain,stroke,crowd,rocket,rainbow,announce,bakery,crispy,oven,pancake,golden\", \"简介\" : \"面包师加布里埃尔喜欢夜晚，当他的酥脆羊角面包在烤箱里烘烤时，他会靠在窗边凝视月亮。有一天晚上，有人敲门，原来是来自月球的阿罗。加布里埃尔跟着阿罗乘坐火箭去了月球，月球人很喜欢他的羊角面包。但当加布里埃尔要回地球开面包店时，火箭出了故障，原来是一个月球人不想让他走而破坏了火箭。在伟大的月球人的要求下，这个月球人帮助阿罗修好了火箭。加布里埃尔回到地球后很伤心，月球人在空篮子里留了张纸条。加布里埃尔决定做一个柠檬味的羊角面包，叫“阿罗羊角面包”。他期待着很快能再次见到月球上的朋友们，因为阿罗承诺会回来。\", \"id\" : \"BoXpkKUJfKXoUrk9MtraJM\", \"脚本\" : \"\", \"分类一\" : \"人与自然\", \"中文名称\" : \"新月\", \"词汇量\" : 623, \"英文名称\" : \"Crescent Moons\"}"
"{\"阅读时长\" : 69, \"年级\" : \"fourGrade,fiveGrade,sixGrade\", \"封面\" : \"eyyb\\/system\\/hbyd\\/20211116\\/fd7ae01bb5c2d9cdbdb5acc7be68232c\\/1637030594144_132.jpg\", \"主题\" : \"物品\", \"分类二\" : \"生活常识\", \"单词\" : \"time,kind,special,movement,different,watch,even,clock,sound,clear,all\", \"简介\" : \"世界上有各种各样的钟表，你见过植物做成的钟吗？我们一起来看看这些特别的钟表吧！\", \"id\" : \"C9NAnv8ZrCf7HSe4q1uTKK\", \"脚本\" : \"\", \"分类一\" : \"人与社会\", \"中文名称\" : \"不同的钟表\", \"词汇量\" : 72, \"英文名称\" : \"Different Clocks\"}"
"{\"阅读时长\" : 20, \"年级\" : \"threeGrade,fourGrade,fiveGrade\", \"封面\" : \"eyyb\\/system\\/hbyd\\/20241105\\/603b98998e8b4cabce6b091144b65f48\\/1730785308929_233.png\", \"主题\" : \"帮助他人\", \"分类二\" : \"趣味故事\", \"单词\" : \"laugh,winter,squirrel,ant\", \"简介\" : \"维克多和蒂姆在森林偶遇伤心的松鼠弗拉菲，弗拉菲丢失了过冬的栗子。大家都来帮他找，维克多意外发现栗子，森林重新充满了欢笑。\", \"id\" : \"C2PrK14AqawZ2X8WBu28Aj\", \"脚本\" : \"\", \"分类一\" : \"人与社会\", \"中文名称\" : \"维克多在树林\", \"词汇量\" : 110, \"英文名称\" : \"Learn to Read 10 Victor in the Woods\"}"
"{\"阅读时长\" : 32, \"年级\" : \"twoGrade,threeGrade,fourGrade\", \"封面\" : \"eyyb\\/system\\/hbyd\\/20240830\\/8bacf529c9ef8678873c6aed90530942\\/1724983555486_980.jpg\", \"主题\" : \"时钟\", \"分类二\" : \"生活常识\", \"单词\" : \"eight,two,o'clock,it,ten,four,nine\", \"简介\" : \"书中介绍了八点、十点、两点、四点以及九点等时间，通过简单的句型和清晰的插图，帮助孩子们学会用英文描述钟表上的时间。\", \"id\" : \"BQ2CNbTdJTEqSdscayUhXz\", \"脚本\" : \"\", \"分类一\" : \"人与社会\", \"中文名称\" : \"几点了？\", \"词汇量\" : 45, \"英文名称\" : \"What Is the Time\"}"
"{\"阅读时长\" : 124, \"年级\" : \"fiveGrade,sixGrade\", \"封面\" : \"hbyd\\/20190614\\/d890d483ea1aa51c6ccc71e4c7d2072b\\/Five_Little_Ducks.jpg\", \"主题\" : \"\", \"分类二\" : \"\", \"单词\" : \"\", \"简介\" : \"null\", \"id\" : \"BKdX6WfVdLHxM3pyL2Xeig\", \"脚本\" : \"\", \"分类一\" : \"\", \"中文名称\" : \"null\", \"词汇量\" : \"\", \"英文名称\" : \"Five Little Ducks\"}"
"{\"阅读时长\" : 52, \"年级\" : \"threeGrade,fourGrade,fiveGrade\", \"封面\" : \"eyyb\\/system\\/hbyd\\/20240528\\/a4d857796968251de01cac2c54242451\\/1716892718685_666.jpg\", \"主题\" : \"爱好\", \"分类二\" : \"亲情友情\", \"单词\" : \"little,back,she,bag,stay,is,not,good,soon,look,school,can,pet\", \"简介\" : \"大多数人把猫或狗当宠物，而玛丽有只小羊羔。玛丽告诉小羊羔自己会很快回来后去学校，一开始没发现小羊羔跟着，后又允许小羊羔一起去学校并把它放在包里。到学校后被老师和同学发现，老师说羊不能来学校，孩子们觉得小羊羔可怜，最后老师说小羊羔是只好羊可以留下。故事中有叙述者、老师、玛丽、两个孩子和小羊羔等角色，场景在玛丽家及学校。\", \"id\" : \"C5UCHHcRXL4cTijh2M3qvr\", \"脚本\" : \"\", \"分类一\" : \"人与社会\", \"中文名称\" : \"玛丽有只小羊羔\", \"词汇量\" : 220, \"英文名称\" : \"Mary Has a Little Lamb\"}"
"{\"阅读时长\" : 36, \"年级\" : \"fourGrade,fiveGrade,sixGrade\", \"封面\" : \"eyyb\\/system\\/hbyd\\/20250708\\/044f151a5e03519b66eb490378af5642\\/1751967904482_646.png\", \"主题\" : \"农场动物\", \"分类二\" : \"趣味故事\", \"单词\" : \"red,ran,night,everyone,terrible,pink,there,bear,white,farm,big,animal,hen,Saturday,see,pig,something,who,cow,little,fat,sheep\", \"简介\" : \"一个星期六的晚上，农场里的动物们被吓醒了。有人把什么东西从卡车上拖到了棚屋里。于是，从棚屋里传出来嚎叫和爪子抓挠的响声。到底谁在棚屋里呢？\", \"id\" : \"EeqkRVGzh8stKS3rN3Pey5\", \"脚本\" : \"\", \"分类一\" : \"人与社会\", \"中文名称\" : \"谁在棚屋里？\", \"词汇量\" : 206, \"英文名称\" : \"WHO'S IN THE SHED?\"}"
"{\"阅读时长\" : 36, \"年级\" : \"fiveGrade,sixGrade\", \"封面\" : \"eyyb\\/system\\/hbyd\\/20241122\\/a47bec1264f3bb14fea6753857279356\\/1732267347772_754.png\", \"主题\" : \"良好品格\", \"分类二\" : \"性格教育\", \"单词\" : \"chew,pat,bone,grab,greedy,understand,deserve,enormous\", \"简介\" : \"小狗喜欢啃骨头，但是他总觉得自己的骨头太小了，想要更大的。他看到水中的倒影，以为有更大的骨头，结果自己的骨头也丢了。最后，他认识到要学会知足，即使拥有的是小骨头，也很幸运。\", \"id\" : \"DYuji7n9nLWR9SATJwhyh6\", \"脚本\" : \"\", \"分类一\" : \"人与自我\", \"中文名称\" : \"狗和它的影子\", \"词汇量\" : 432, \"英文名称\" : \"Dog and His Reflection\"}"
"{\"阅读时长\" : 131, \"年级\" : \"fourGrade,fiveGrade,sixGrade\", \"封面\" : \"hbyd\\/20190801\\/4436c98a1900311c6f197b8f3655a41c\\/Oops_Mr_Wishy-Washy.jpg\", \"主题\" : \"家务劳动\", \"分类二\" : \"生活常识\", \"单词\" : \"water,fast,cup,animal,cow,pig,plate,wash,duck\", \"简介\" : \"洗刷刷太太去镇上了，她叫洗刷刷先生把餐具洗了并喂饱动物们。洗刷刷先生完成了太太交代的任务了吗？\", \"id\" : \"EJJjzdgXXMpQSqmTjYuwjB\", \"脚本\" : \"\", \"分类一\" : \"人与社会\", \"中文名称\" : \"哎呦，洗刷刷先生！\", \"词汇量\" : 213, \"英文名称\" : \"Oops, Mr Wishy-Washy!\"}"
"{\"阅读时长\" : 33, \"年级\" : \"threeGrade,fourGrade,fiveGrade\", \"封面\" : \"eyyb\\/system\\/hbyd\\/20211116\\/29fad5a73e0da1294bd15c839c439057\\/1637031337807_550.jpg\", \"主题\" : \"中西方文化差异\", \"分类二\" : \"人文社科\", \"单词\" : \"world,festival,second,celebrate,gift,country,get together,different,Easter\", \"简介\" : \"世界上有很多节日，有春节、儿童节······你还知道什么节日呢？我们一起看看吧！\", \"id\" : \"EUUgRUZyriruczECzeYZmR\", \"脚本\" : \",,,\", \"分类一\" : \"人与社会\", \"中文名称\" : \"节日\", \"词汇量\" : 78, \"英文名称\" : \"Festivals\"}"
"{\"阅读时长\" : 75, \"年级\" : \"threeGrade\", \"封面\" : \"eyyb\\/system\\/hbyd\\/20211109\\/058cd3d5a87188f4cc95ba4f7d8e727f\\/1636442769751_482.jpg\", \"主题\" : \"\", \"分类二\" : \"\", \"单词\" : \"\", \"简介\" : \"null\", \"id\" : \"DcttdAGPkt277cKUpZ6Tj2\", \"脚本\" : \"\", \"分类一\" : \"\", \"中文名称\" : \"null\", \"词汇量\" : \"\", \"英文名称\" : \"I Like the Zoo\"}"
"{\"阅读时长\" : 28, \"年级\" : \"twoGrade,threeGrade,fourGrade\", \"封面\" : \"eyyb\\/system\\/hbyd\\/20240523\\/6abbff54bca508ea6e3cef00efdc3da9\\/1716455605140_556.jpg\", \"主题\" : \"物品\", \"分类二\" : \"生活常识\", \"单词\" : \"chair,sail,with,see,ball,umbrella\", \"简介\" : \"绘本中展示了一系列日常生活中的物品，如球、帆、椅子、凉鞋和伞，通过简单的语言和生动的插图，让孩子们在寻找条纹的过程中学习英语，同时引导他们学会观察身边的事物。\", \"id\" : \"EPYWwZvNcGoKiTD5XzTG7t\", \"脚本\" : \"\", \"分类一\" : \"人与社会\", \"中文名称\" : \"寻找条纹\", \"词汇量\" : 47, \"英文名称\" : \"Finding Stripes\"}"
"{\"阅读时长\" : 51, \"年级\" : \"fiveGrade\", \"封面\" : \"eyyb\\/system\\/hbyd\\/20210723\\/aee880a410791b7acb3991c909a70acb\\/1627004718346_331.jpg\", \"主题\" : \"\", \"分类二\" : \"\", \"单词\" : \"\", \"简介\" : \"null\", \"id\" : \"Ej2gKnG9LdNwxvkEfEB6tz\", \"脚本\" : \"\", \"分类一\" : \"\", \"中文名称\" : \"null\", \"词汇量\" : \"\", \"英文名称\" : \"Clouds\"}"
"{\"阅读时长\" : 193, \"年级\" : \"sixGrade\", \"封面\" : \"\\/bookread\\/userfiles2\\/1\\/files\\/APP\\/kantupeiyin\\/6X\\/Mrs. Brice's Mice\\/Mrs_ Brice's Mice.jpg\", \"主题\" : \"\", \"分类二\" : \"\", \"单词\" : \"\", \"简介\" : \"null\", \"id\" : \"DraJMftp3HzgTLTGZmB6ne\", \"脚本\" : \"\", \"分类一\" : \"\", \"中文名称\" : \"null\", \"词汇量\" : \"\", \"英文名称\" : \"Mrs. Brice's Mice 布莱斯夫人的老鼠\"}"
"{\"阅读时长\" : 38, \"年级\" : \"threeGrade,fourGrade\", \"封面\" : \"eyyb\\/system\\/hbyd\\/20211115\\/5665c81773e44982f20734954a062220\\/1636943670868_717.jpg\", \"主题\" : \"蔬菜\", \"分类二\" : \"自然科学\", \"单词\" : \"peanut,eat,grow,food,onion,under,potato,carrot\", \"简介\" : \"胡萝卜、洋葱、土豆······这些食物都是在地下生长的哦！\", \"id\" : \"DnTqLaEdPtki4Qid6uTsjE\", \"脚本\" : \"\", \"分类一\" : \"人与自然\", \"中文名称\" : \"来自地下的食物\", \"词汇量\" : 33, \"英文名称\" : \"Food from Underground\"}"
"{\"阅读时长\" : 68, \"年级\" : \"oneGrade,twoGrade,threeGrade,fourGrade\", \"封面\" : \"eyyb\\/system\\/hbyd\\/20220630\\/c96520178af71493fb67d7de79d740a5\\/1656556431281_409.jpg\", \"主题\" : \"\", \"分类二\" : \"情感教育\", \"单词\" : \"\", \"简介\" : \"妈妈是超人，那么妈妈的超能力是什么呢？让我们一起来听听咦咦和呦呦的想法吧！\", \"id\" : \"EhPZHzetUhkLp2HM3BDh43\", \"脚本\" : \"\", \"分类一\" : \"中文绘本\", \"中文名称\" : \"\", \"词汇量\" : 29, \"英文名称\" : \"我的超人妈妈\"}"
"{\"阅读时长\" : 36, \"年级\" : \"threeGrade,fourGrade,fiveGrade\", \"封面\" : \"eyyb\\/system\\/hbyd\\/20240830\\/eb024b42d436281e99af137eff1cac78\\/1724980224495_653.jpg\", \"主题\" : \"成长历程\", \"分类二\" : \"性格教育\", \"单词\" : \"solo,exclaim,imagine,finally,practice,clap,explain,cheer,pretend\", \"简介\" : \"某天在学校，布莱恩先生邀请 “我” 在家庭之夜独唱。奶奶每晚陪“我”练习。表演前，“我” 担心忘词，奶奶鼓励“我”并让“我”想象是在家为她唱歌。最后“我”上台演唱，大家欢呼鼓掌，奶奶大喊“你是我的明星”。绘本以温馨的故事和简洁的画面，展现孩子在表演中克服恐惧、找到自信的成长历程。\", \"id\" : \"DuPE9Z1nzTfdD8oWDz4y3N\", \"脚本\" : \"\", \"分类一\" : \"人与自我\", \"中文名称\" : \"我是明星！\", \"词汇量\" : 220, \"英文名称\" : \"I Am a Star!\"}"
"{\"阅读时长\" : 44, \"年级\" : \"oneGrade,twoGrade,threeGrade,fourGrade\", \"封面\" : \"eyyb\\/system\\/hbyd\\/20220629\\/0ccfb3a14c786db990ec26c50a560929\\/1656464661597_48.jpg\", \"主题\" : \"\", \"分类二\" : \"形状认知\", \"单词\" : \"\", \"简介\" : \"“○”先生的新公寓是怎样的呢？让我们一起跟着小兔子去参观吧！\", \"id\" : \"Ee1qKMrUNPw86oF5Rx6Nkz\", \"脚本\" : \"\", \"分类一\" : \"中文绘本\", \"中文名称\" : \"\", \"词汇量\" : 20, \"英文名称\" : \"“○”先生的家\"}"
"{\"阅读时长\" : 28, \"年级\" : \"twoGrade,threeGrade\", \"封面\" : \"eyyb\\/system\\/hbyd\\/20241205\\/b3ffbce6aedddcc7703ef8f130c45dc4\\/1733399629631_690.png\", \"主题\" : \"亲属\", \"分类二\" : \"亲情友情\", \"单词\" : \"milk,ice cream,cake,fruit\", \"简介\" : \"绘本讲述了孩子们去探望奶奶，共享了蛋糕、冰淇淋、水果与牛奶，温馨展现了家的温暖和幸福时光。\", \"id\" : \"DNiXoJB3xH39CvUAyQen1g\", \"脚本\" : \"\", \"分类一\" : \"人与社会\", \"中文名称\" : \"看望奶奶\", \"词汇量\" : 69, \"英文名称\" : \"Visiting Grandma\"}"
"{\"阅读时长\" : 80, \"年级\" : \"fourGrade\", \"封面\" : \"eyyb\\/system\\/hbyd\\/20221123\\/dd23e58d948579a028a7ff2cfe3afc21\\/1669166460155_819.jpg\", \"主题\" : \"天气与活动\", \"分类二\" : \"趣味故事\", \"单词\" : \"winter,summer,spring,autumn\", \"简介\" : \"一只熊有鱼吃，四只熊饿肚子，这是怎么回事呢？\", \"id\" : \"F5LUbij6ztS4T8QKuTQYW9\", \"脚本\" : \"\", \"分类一\" : \"人与社会\", \"中文名称\" : \"四只熊\", \"词汇量\" : 143, \"英文名称\" : \"Four Bears\"}"
"{\"阅读时长\" : 59, \"年级\" : \"threeGrade,fourGrade,fiveGrade\", \"封面\" : \"eyyb\\/system\\/hbyd\\/20210723\\/47976391f0261d850d45f0221290c1e7\\/1627002531574_985.jpg\", \"主题\" : \"爱好\", \"分类二\" : \"性格教育\", \"单词\" : \"park,bench,hit,want,bug,swing,tree,climb,map,kite,ball,ice cream,run\", \"简介\" : \"杰西和山姆还有他们的爸爸今天去了公园，他们玩得很开心！一起来看看都发生了什么有趣的事情吧！\", \"id\" : \"Dp67Zn9pm2S342KRnKiLPy\", \"脚本\" : \"\", \"分类一\" : \"人与自我\", \"中文名称\" : \"在公园的一天\", \"词汇量\" : 110, \"英文名称\" : \"A Day at the Park\"}"
"{\"阅读时长\" : 24, \"年级\" : \"oneGrade,twoGrade,threeGrade\", \"封面\" : \"eyyb\\/system\\/hbyd\\/20240523\\/4c3a0560d80e7dff1ace7e4e05579048\\/1716456390940_959.jpg\", \"主题\" : \"我的能力\", \"分类二\" : \"自然科学\", \"单词\" : \"jump,hop,can,she,fly,sit\", \"简介\" : \"你会跳吗？你会飞吗？你会坐吗？······阅读的同时注意“短元音i”在sit、Tim中的正确发音。\", \"id\" : \"EVyPfKnwS5wPSUwyueHmF6\", \"脚本\" : \"\", \"分类一\" : \"人与自然\", \"中文名称\" : \"坐，坐，坐\", \"词汇量\" : 102, \"英文名称\" : \"Sit, Sit, Sit\"}"
"{\"阅读时长\" : 28, \"年级\" : \"twoGrade,threeGrade,fourGrade\", \"封面\" : \"eyyb\\/system\\/hbyd\\/20240528\\/c005d245a31c15f49b40e4134a398ad2\\/1716860009333_273.jpg\", \"主题\" : \"时间表\", \"分类二\" : \"生活习惯\", \"单词\" : \"get dressed,I,breakfast,brush,hug,get up\", \"简介\" : \"绘本通过一系列简单的问答，引导孩子们思考和描述他们早上起床后会做的事情：起床、拥抱妈妈、穿衣、刷牙、吃早餐和上学。\", \"id\" : \"EsEp2KHi8mCCzUkVBkeTpp\", \"脚本\" : \"\", \"分类一\" : \"人与自我\", \"中文名称\" : \"该起床了\", \"词汇量\" : 70, \"英文名称\" : \"Time to Get Up\"}"
"{\"阅读时长\" : 72, \"年级\" : \"twoGrade,threeGrade,fourGrade\", \"封面\" : \"eyyb\\/system\\/hbyd\\/20241204\\/68f7b187da06bf1b65f0218c672b7035\\/1733298422672_341.png\", \"主题\" : \"运动能力,家人\", \"分类二\" : \"亲情友情\", \"单词\" : \"celebrate,watch,eat,travel,play,work,shop,learn,explore,spend,together\", \"简介\" : \"这本绘本强调了家庭的重要性，列举了家庭成员一起玩耍、学习、庆祝、购物、吃饭、旅行和探索等各种活动，让孩子们感受到家庭的温暖和凝聚力。\", \"id\" : \"EoymowDq7KcEvxujfAroP3\", \"脚本\" : \"\", \"分类一\" : \"人与社会\", \"中文名称\" : \"家人在一起\", \"词汇量\" : 60, \"英文名称\" : \"Families Together\"}"
"{\"阅读时长\" : 49, \"年级\" : \"twoGrade,threeGrade,fourGrade\", \"封面\" : \"eyyb\\/system\\/hbyd\\/20211221\\/15e8a4b4085445cb05448dc3c93e1655\\/1640068112086_787.jpg\", \"主题\" : \"交通方式\", \"分类二\" : \"生活常识\", \"单词\" : \"go to,plane,car,bike,train,ship,school,bus,them,by\", \"简介\" : \"要开学了，小动物们会乘坐什么交通工具去上学呢？\", \"id\" : \"E2qhhujNksJteXnYc5BHT8\", \"脚本\" : \"\", \"分类一\" : \"人与社会\", \"中文名称\" : \"你们怎么去上学？\", \"词汇量\" : 52, \"英文名称\" : \"How Do You Go to School?\"}"
"{\"阅读时长\" : 52, \"年级\" : \"fiveGrade\", \"封面\" : \"eyyb\\/system\\/hbyd\\/20210723\\/73b365c73ffaa04a180073b599b3e3d7\\/1627006091787_839.jpg\", \"主题\" : \"\", \"分类二\" : \"\", \"单词\" : \"\", \"简介\" : \"null\", \"id\" : \"DjTkyn9k3PJdcMfPeW1vVD\", \"脚本\" : \"\", \"分类一\" : \"\", \"中文名称\" : \"null\", \"词汇量\" : \"\", \"英文名称\" : \"A Visit from Aunt Bee\"}"
"{\"阅读时长\" : 117, \"年级\" : \"oneGrade,twoGrade,threeGrade,fourGrade\", \"封面\" : \"eyyb\\/system\\/hbyd\\/20220628\\/75eff1edb5c743a051217f97a66a3d4e\\/1656406700612_934.jpg\", \"主题\" : \"\", \"分类二\" : \"世界旅行\", \"单词\" : \"\", \"简介\" : \"世界上有许许多多种房子，木头房子、泥房子、土房子、石头房子、冰砖砌的房子等等，你喜欢什么样的房子呢？\", \"id\" : \"Dzdb8S1PM8wviJwj24uMYb\", \"脚本\" : \"\", \"分类一\" : \"中文绘本\", \"中文名称\" : \"\", \"词汇量\" : 31, \"英文名称\" : \"你喜欢什么房子\"}"
"{\"阅读时长\" : 36, \"年级\" : \"fourGrade,fiveGrade,sixGrade\", \"封面\" : \"eyyb\\/system\\/hbyd\\/20231114\\/4528f2783b6c0e05746a9191babe2976\\/1699941407814_248.jpg\", \"主题\" : \"物品描述\", \"分类二\" : \"思维培养\", \"单词\" : \"little,big,box,fish\", \"简介\" : \"爸爸叫我一起去钓鱼。爸爸带上了大鱼竿，我带上了小鱼竿。后来我钓到了大鱼，爸爸钓到了小鱼。\", \"id\" : \"F3ocfHddJi58Tj2x99xWMr\", \"脚本\" : \"\", \"分类一\" : \"人与自我\", \"中文名称\" : \"钓鱼\", \"词汇量\" : 101, \"英文名称\" : \"Fishing\"}"
"{\"阅读时长\" : 36, \"年级\" : \"threeGrade,fourGrade,fiveGrade\", \"封面\" : \"eyyb\\/system\\/hbyd\\/20240530\\/62297a8d24e6c493cb6b5c25b46411f6\\/1717055850494_428.jpg\", \"主题\" : \"认识规则\", \"分类二\" : \"安全教育\", \"单词\" : \"room,rule,allow,remember\", \"简介\" : \"在室内玩耍时需遵守规则，包括用室内声音说话、慢慢走路。在一次游戏中，伊娃不小心撞倒玩具，意识到规则的重要性。\", \"id\" : \"ECK4zzeaH4rroRdd2fcXqt\", \"脚本\" : \"\", \"分类一\" : \"人与自我\", \"中文名称\" : \"我能遵守规则\", \"词汇量\" : 197, \"英文名称\" : \"I Can Follow the Rules\"}"
"{\"阅读时长\" : 28, \"年级\" : \"twoGrade,threeGrade,fourGrade\", \"封面\" : \"eyyb\\/system\\/hbyd\\/20240522\\/8e01ee145177d8a585828916c9397084\\/1716359561770_938.jpg\", \"主题\" : \"五感\", \"分类二\" : \"人体奥秘\", \"单词\" : \"touch,taste,I,can,see,listen,smell\", \"简介\" : \"绘本旨在帮助孩子们认识和理解五种基本感官——视觉、味觉、触觉、嗅觉和听觉。通过简单的句型，孩子们可以学习如何用英语表达自己的感官体验。\", \"id\" : \"EZsKkgEyi6WxiLLnahv2BH\", \"脚本\" : \"\", \"分类一\" : \"人与自然\", \"中文名称\" : \"五种感官\", \"词汇量\" : 50, \"英文名称\" : \"Five Senses\"}"
"{\"阅读时长\" : 102, \"年级\" : \"threeGrade\", \"封面\" : \"eyyb\\/system\\/hbyd\\/20220128\\/abc6b69fcc8d140e8b1d735d35dbc230\\/1643341981648_314.jpg\", \"主题\" : \"\", \"分类二\" : \"\", \"单词\" : \"\", \"简介\" : \"null\", \"id\" : \"DpUrrCFT8vddDuN1NavYYW\", \"脚本\" : \"\", \"分类一\" : \"\", \"中文名称\" : \"null\", \"词汇量\" : \"\", \"英文名称\" : \"Who Can Deliver It?\"}"
"{\"阅读时长\" : 50, \"年级\" : \"twoGrade,threeGrade,fourGrade\", \"封面\" : \"eyyb\\/system\\/hbyd\\/20211220\\/a1592624485b95666084d7302745b963\\/1639968296809_830.jpg\", \"主题\" : \"时间\", \"分类二\" : \"生活常识\", \"单词\" : \"eleven,clock,twelve,please,o'clock,OK,time\", \"简介\" : \"一天小鸟的爸爸问小鸟时间，但是家里的闹钟坏了。小鸟要去哪里看时间呢？\", \"id\" : \"E1JbDizpFwcEeHgeENYCjN\", \"脚本\" : \"\", \"分类一\" : \"人与社会\", \"中文名称\" : \"现在几点？\", \"词汇量\" : 62, \"英文名称\" : \"What Time ls lt?\"}"
"{\"阅读时长\" : 60, \"年级\" : \"oneGrade,twoGrade,threeGrade,fourGrade\", \"封面\" : \"eyyb\\/system\\/hbyd\\/20220507\\/e639a957ff2e7cd57094010d3cd164ac\\/1651921070400_75.jpg\", \"主题\" : \"中国节日,西方节日\", \"分类二\" : \"亲情友情\", \"单词\" : \"something,mother,happy,today,thank\", \"简介\" : \"母亲节，你想怎样表达对母亲的爱呢？来看看绘本里的小男生和小女生是怎么做的吧！爱要大声说出来。\", \"id\" : \"DbJ4Vn1NmN2czcsSY7SiQU\", \"脚本\" : \"\", \"分类一\" : \"人与社会\", \"中文名称\" : \"母亲节快乐\", \"词汇量\" : 40, \"英文名称\" : \"Happy Mother's Day\"}"
"{\"阅读时长\" : 80, \"年级\" : \"sixGrade\", \"封面\" : \"eyyb\\/system\\/hbyd\\/20210723\\/b446df3b55b3be423d183f2161349a66\\/1627024127214_834.jpg\", \"主题\" : \"\", \"分类二\" : \"\", \"单词\" : \"\", \"简介\" : \"null\", \"id\" : \"DWrhYyEwbwXaP5hSBA4Rm2\", \"脚本\" : \"\", \"分类一\" : \"\", \"中文名称\" : \"null\", \"词汇量\" : \"\", \"英文名称\" : \"The Good Dog\"}"
"{\"阅读时长\" : 65, \"年级\" : \"threeGrade,fourGrade,fiveGrade\", \"封面\" : \"eyyb\\/system\\/hbyd\\/20210723\\/5174d50e7670ce15a798325e1926a2fc\\/1627011056298_349.jpg\", \"主题\" : \"劳动与品德\", \"分类二\" : \"社会交往\", \"单词\" : \"play,cut,eat,busy,plant,water,bake,mix,come\", \"简介\" : \"母鸡最近非常忙碌，忙得没有时间玩耍。它拒绝了所有好朋友的玩耍邀请，它到底在忙什么呢？\", \"id\" : \"EH6xC3M7oigmRoNbSXY77x\", \"脚本\" : \"\", \"分类一\" : \"人与社会\", \"中文名称\" : \"非常忙碌的母鸡\", \"词汇量\" : 162, \"英文名称\" : \"The Very Busy Hen\"}"
"{\"阅读时长\" : 115, \"年级\" : \"fourGrade\", \"封面\" : \"\\/bookread\\/userfiles2\\/1\\/files\\/APP\\/kantupeiyin\\/4x\\/Sheep in a Shop\\/img\\/1_f.jpg\", \"主题\" : \"\", \"分类二\" : \"\", \"单词\" : \"\", \"简介\" : \"null\", \"id\" : \"EYPbc32127U9jm4Ngb6ukE\", \"脚本\" : \"\", \"分类一\" : \"\", \"中文名称\" : \"null\", \"词汇量\" : \"\", \"英文名称\" : \"Sheep in a Shop 绵羊在商店\"}"
"{\"阅读时长\" : 55, \"年级\" : \"fourGrade\", \"封面\" : \"eyyb\\/system\\/hbyd\\/20211019\\/fa8d5134502c4add15f77fbd432b9826\\/1634627272296_154.jpg\", \"主题\" : \"\", \"分类二\" : \"\", \"单词\" : \"\", \"简介\" : \"null\", \"id\" : \"Eg2UNYM4NkZGMxzva1ScTb\", \"脚本\" : \"\", \"分类一\" : \"\", \"中文名称\" : \"null\", \"词汇量\" : \"\", \"英文名称\" : \"Where Are the Sleepy Sheep?\"}"
"{\"阅读时长\" : 28, \"年级\" : \"twoGrade,threeGrade\", \"封面\" : \"eyyb\\/system\\/hbyd\\/20241223\\/6c5771e34db39a0d4e6c53732ad4e65e\\/1734916761235_156.png\", \"主题\" : \"能力\", \"分类二\" : \"思维培养\", \"单词\" : \"do,we,little,to,are\", \"简介\" : \"绘本讲述了晚上一群调皮的小猴子不睡觉在床上跳来跳去，有几只小猴子从床上摔下来受了伤，医生帮它们包扎好之后，它们才乖乖睡觉。\", \"id\" : \"E9g7HB1veeiay7V3qSB1Wv\", \"脚本\" : \"\", \"分类一\" : \"人与自我\", \"中文名称\" : \"跳跃的猴子\", \"词汇量\" : 78, \"英文名称\" : \"Jumping Monkeys\"}"
"{\"阅读时长\" : 28, \"年级\" : \"threeGrade,fourGrade\", \"封面\" : \"eyyb\\/system\\/hbyd\\/20241129\\/f9cd1564a0c39bbe30a84f49a0f3d364\\/1732847603934_90.png\", \"主题\" : \"表达情绪与情感\", \"分类二\" : \"心理教育\", \"单词\" : \"starry,grant,time,star,sleep,first,bright,tonight,bedroom,wish,read\", \"简介\" : \"一个星光灿烂的夏夜，孩子们睡不着，妈妈提议一家人去看星星，爸爸说可以对着星星默默许愿，多么温馨的时刻呀！\", \"id\" : \"Ewuk64J77g4BE2sFakvnAH\", \"脚本\" : \"\", \"分类一\" : \"人与自我\", \"中文名称\" : \"向明亮的星星许愿\", \"词汇量\" : 204, \"英文名称\" : \"Wishing On a Bright Star\"}"
"{\"阅读时长\" : 70, \"年级\" : \"twoGrade,threeGrade,fourGrade\", \"封面\" : \"eyyb\\/system\\/hbyd\\/20211214\\/b68ef3333ae7fb477e370d639582700c\\/1639443493726_775.jpg\", \"主题\" : \"帮助他人\", \"分类二\" : \"亲情友情\", \"单词\" : \"beautiful,book,ruler,pencil-box,how,schoolbag,pen,pencil\", \"简介\" : \"小猴子想去学校，但是他什么都没有。小动物们给他送来了什么呢？\", \"id\" : \"DnfPeihLcMvtde9uCujQRh\", \"脚本\" : \"\", \"分类一\" : \"人与社会\", \"中文名称\" : \"小猴子想去学校\", \"词汇量\" : 70, \"英文名称\" : \"Little Monkey Wants to Go to School\"}"
"{\"阅读时长\" : 40, \"年级\" : \"twoGrade,threeGrade,fourGrade\", \"封面\" : \"eyyb\\/system\\/hbyd\\/20241218\\/7aa1d377330fd14127bfb5e888cc8ddd\\/1734484919244_75.png\", \"主题\" : \"居住环境\", \"分类二\" : \"趣味故事\", \"单词\" : \"come,my,Mrs,Mr,rope,big,hope,hole,pole,nose,look,home,here\", \"简介\" : \"鼹鼠夫妇背着包裹赶路，它们发现了一个洞，聪明的鼹鼠利用绳子滑入到了洞里，经过一番修整，它们把这个洞变成了温馨的家。阅读的同时注意“Long o”在Mole、pole、rope中的正确发音。\", \"id\" : \"ELGoLds5x8PCfFdc9uyHcK\", \"脚本\" : \"\", \"分类一\" : \"人与社会\", \"中文名称\" : \"鼹鼠的家\", \"词汇量\" : 70, \"英文名称\" : \"A Home for Moles\"}"
"{\"阅读时长\" : 40, \"年级\" : \"twoGrade,threeGrade,fourGrade\", \"封面\" : \"eyyb\\/system\\/hbyd\\/20240523\\/65f0dd8eff8e2183524b5a69d1d29532\\/1716454637259_247.jpg\", \"主题\" : \"我的能力\", \"分类二\" : \"趣味故事\", \"单词\" : \"red,no,hit,pot,hen,ten,pan,play,tap,for\", \"简介\" : \"你知道红母鸡吗？你知道它们是如何敲打锅碗瓢盆的吗？翻开这本书，让我们一起来发现吧！在阅读的过程中，注意“e”在“ten”、“Ben”和“hen”中的正确发音。\", \"id\" : \"E6NCkiUFi1vvx4s1GbFzqJ\", \"脚本\" : \"\", \"分类一\" : \"人与社会\", \"中文名称\" : \"十只红母鸡\", \"词汇量\" : 89, \"英文名称\" : \"Ten Red Hens\"}"
"{\"阅读时长\" : 168, \"年级\" : \"fourGrade\", \"封面\" : \"\\/bookread\\/userfiles2\\/1\\/files\\/APP\\/kantupeiyin\\/4x\\/Noisy Nora\\/img\\/1_f.jpg\", \"主题\" : \"\", \"分类二\" : \"\", \"单词\" : \"\", \"简介\" : \"null\", \"id\" : \"DuAhEWkmd7jmdT5wkFEen5\", \"脚本\" : \"\", \"分类一\" : \"\", \"中文名称\" : \"null\", \"词汇量\" : \"\", \"英文名称\" : \"Noisy Nora 吵闹的诺拉\"}"
"{\"阅读时长\" : 44, \"年级\" : \"oneGrade,twoGrade,threeGrade,fourGrade\", \"封面\" : \"eyyb\\/system\\/hbyd\\/20210722\\/a7ea6b9cf91c2d517ea48d7c60f92371\\/1626918431784_666.jpg\", \"主题\" : \"食物\", \"分类二\" : \"生活常识\", \"单词\" : \"carrot,bean,soup,onion,corn,water,potato,pot\", \"简介\" : \"美味的汤是怎么做的呢？一起来学做汤吧！\", \"id\" : \"EmZ6rTcHMB2NVmh3Sf82E2\", \"脚本\" : \"\", \"分类一\" : \"人与社会\", \"中文名称\" : \"煲汤\", \"词汇量\" : 55, \"英文名称\" : \"Making Soup\"}"
"{\"阅读时长\" : 20, \"年级\" : \"twoGrade,threeGrade,fourGrade\", \"封面\" : \"eyyb\\/system\\/hbyd\\/20241104\\/b7bbf8b9393a4c07a1c5ce73335296cc\\/1730710197624_383.png\", \"主题\" : \"交流与合作,合作伙伴\", \"分类二\" : \"社会交往\", \"单词\" : \"brush,stable,dirty,thirsty,horse,bring\", \"简介\" : \"马厩里，动物们互助友爱。老鼠蒂姆给马解渴，小熊维克多梳理马鬃、给奶牛挤奶、给猪洗澡，蒂姆也帮忙。维克多带绵羊回家，蒂姆开门，小狗麦克斯旁观，画面温馨和谐。\", \"id\" : \"DV9fXKPpC8XowRhqawWSy2\", \"脚本\" : \"\", \"分类一\" : \"人与社会\", \"中文名称\" : \"维克多在马厩\", \"词汇量\" : 85, \"英文名称\" : \"Learn to Read 1 Victor in the Stable\"}"
"{\"阅读时长\" : 76, \"年级\" : \"threeGrade,fourGrade\", \"封面\" : \"eyyb\\/system\\/hbyd\\/20220413\\/ad9d0f936f266c26f8333ef49c8f0822\\/1649834337390_687.jpg\", \"主题\" : \"其他动物\", \"分类二\" : \"自然科学\", \"单词\" : \"fish,look,little,shell,pool\", \"简介\" : \"退潮了，不少生物都浮上了岸······ 你能看到什么呢？\", \"id\" : \"Dj6apEYXuLptLytgNnsXR1\", \"脚本\" : \"\", \"分类一\" : \"人与自然\", \"中文名称\" : \"潮池\", \"词汇量\" : 53, \"英文名称\" : \"The Tide Pool\"}"
"{\"阅读时长\" : 36, \"年级\" : \"fourGrade,fiveGrade\", \"封面\" : \"eyyb\\/system\\/hbyd\\/20251121\\/1dba1af589dcb5fe96b85c79d0863097\\/1763715609852_237.jpg\", \"主题\" : \"中国文化体验\", \"分类二\" : \"趣味故事\", \"单词\" : \"find,plant,people,garden,taste,want,help\", \"简介\" : \"远古时期，五谷、杂草长在一起，百花、草药开在一起。哪些能吃，哪些能治病，谁也分不清。人们经常因为吃错而生病，甚至丧命······\", \"id\" : \"F1izVZgC5WGZ92CZPtCDXy\", \"脚本\" : \",,,,,,,,,,,,,,,,,,,,,\", \"分类一\" : \"人与社会\", \"中文名称\" : \"神农尝百草\", \"词汇量\" : 156, \"英文名称\" : \"Shennong Tasted Hundreds of Herbs\"}"
"{\"阅读时长\" : 98, \"年级\" : \"threeGrade,fourGrade,fiveGrade\", \"封面\" : \"hbyd\\/20190801\\/f5e9910fc0b8c1970b97542ed7b9c8ee\\/Smarty_Pants_and_the_Talent_Show.jpg\", \"主题\" : \"日常\\/其他活动\", \"分类二\" : \"趣味故事\", \"单词\" : \"dance,play,clown,act,sing,actor\", \"简介\" : \"聪明裤要去参加达人秀了，并且还赢得了小丑第一名，一起看看他表演了哪些才艺吧！\", \"id\" : \"DMfCCxtXZ9ok51Jo9Wm7rA\", \"脚本\" : \"\", \"分类一\" : \"人与社会\", \"中文名称\" : \"聪明裤和达人秀\", \"词汇量\" : 144, \"英文名称\" : \"Smarty Pants and the Talent Show\"}"
"{\"阅读时长\" : 53, \"年级\" : \"threeGrade,fourGrade\", \"封面\" : \"eyyb\\/system\\/hbyd\\/20211118\\/9598aaa78f084043e9cb24d3dfe1c3a7\\/1637223865130_988.jpg\", \"主题\" : \"物品颜色\", \"分类二\" : \"思维培养\", \"单词\" : \"hat,ball,bag,dog,box\", \"简介\" : \"在一次展示会上，小朋友们将自己带有彩色圆点儿的物品都拿出来和大家分享，如帽子、马克杯、箱子······\", \"id\" : \"ERFJYzHYZWXwLaNXuN1rUe\", \"脚本\" : \"\", \"分类一\" : \"人与自我\", \"中文名称\" : \"彩色的圆点儿\", \"词汇量\" : 26, \"英文名称\" : \"Colorful Spots\"}"
"{\"阅读时长\" : 64, \"年级\" : \"fiveGrade,sixGrade\", \"封面\" : \"eyyb\\/system\\/hbyd\\/20210723\\/ddd1c4f8e330e8148b5480969ce3b745\\/1627011574851_454.jpg\", \"主题\" : \"家人和亲友\", \"分类二\" : \"亲情友情\", \"单词\" : \"mushroom,tomato,surprise,cheese,pepper\", \"简介\" : \"Roxy的爸爸给Roxy准备了一份惊喜，这份惊喜是什么呢？Roxy会喜欢这个惊喜吗？\", \"id\" : \"DPmhiP8g7CHWfA3hxrev9H\", \"脚本\" : \"\", \"分类一\" : \"人与社会\", \"中文名称\" : \"给罗克西的一个惊喜\", \"词汇量\" : 111, \"英文名称\" : \"A Surprise for Roxy\"}"
"{\"阅读时长\" : 60, \"年级\" : \"sixGrade\", \"封面\" : \"eyyb\\/system\\/hbyd\\/20240528\\/c2bc6f744295fe127d7e7c6116ed8d0b\\/1716858511165_589.jpg\", \"主题\" : \"家人\", \"分类二\" : \"亲情友情\", \"单词\" : \"follow,stretch,hero,everywhere,copy,penguin,park,wing,yawn\", \"简介\" : \"博是一只小企鹅，他的妹妹莱拉总是模仿他。尽管博觉得烦恼，但他妈妈告诉他，莱拉通过模仿他来学习。故事展现了兄妹间的爱和成长。\", \"id\" : \"Ekvz7Rc2CoX3T3tY9q5qEK\", \"脚本\" : \"\", \"分类一\" : \"人与社会\", \"中文名称\" : \"两只小企鹅\", \"词汇量\" : 533, \"英文名称\" : \"Two Little Penguins\"}"
"{\"阅读时长\" : 100, \"年级\" : \"fourGrade\", \"封面\" : \"eyyb\\/system\\/hbyd\\/20211012\\/0f69a73639c6333b3bc0093697aa61bb\\/1634030686842_522.jpg\", \"主题\" : \"\", \"分类二\" : \"\", \"单词\" : \"\", \"简介\" : \"null\", \"id\" : \"DhqfekHLjP5jhWFoq1JFqe\", \"脚本\" : \"\", \"分类一\" : \"\", \"中文名称\" : \"null\", \"词汇量\" : \"\", \"英文名称\" : \"We're Going on a Treasure Hunt\"}"
"{\"阅读时长\" : 36, \"年级\" : \"threeGrade,fourGrade,fiveGrade\", \"封面\" : \"eyyb\\/system\\/hbyd\\/20241105\\/4dfed999636db5144350009d8c9a74fd\\/1730776667324_603.png\", \"主题\" : \"诚实\", \"分类二\" : \"人际关系\", \"单词\" : \"honest,vase,mad,balloon,floor\", \"简介\" : \"杰西和威尔玩气球时不小心打碎了花瓶。他们试图粘好花瓶，但杰西最终诚实地向妈妈坦白了。妈妈表扬了杰西的诚实，并告诉她信任的重要性。\", \"id\" : \"Dgz6YMEfFW5QSQZSBnmgdD\", \"脚本\" : \"\", \"分类一\" : \"人与社会\", \"中文名称\" : \"要诚实，杰西\", \"词汇量\" : 248, \"英文名称\" : \"Be Honest, Jess\"}"
"{\"阅读时长\" : 70, \"年级\" : \"fiveGrade\", \"封面\" : \"eyyb\\/system\\/hbyd\\/20210723\\/e4c0ac52cda73a3e62436e78694bcf29\\/1627004823497_513.jpg\", \"主题\" : \"\", \"分类二\" : \"\", \"单词\" : \"\", \"简介\" : \"null\", \"id\" : \"E9DFBmerVj61PA4kZYWUun\", \"脚本\" : \"\", \"分类一\" : \"\", \"中文名称\" : \"null\", \"词汇量\" : \"\", \"英文名称\" : \"What Am I\"}"
"{\"阅读时长\" : 147, \"年级\" : \"fourGrade,fiveGrade,sixGrade\", \"封面\" : \"hbyd\\/20190801\\/8167de67b6d5020ec81b5a66e6bf05b0\\/Sloppy_Tiger_s_Picnic.jpg\", \"主题\" : \"性格\", \"分类二\" : \"安全教育\", \"单词\" : \"push,drop,picnic,hug,slop,tidy,swing\", \"简介\" : \"毛手毛脚的老虎胡乱地收拾了卧室后就和波比去野餐了，回到家后却打不开房门，这是什么原因呢？\", \"id\" : \"FkzNvF8zy5RBdMNrpxEkfC\", \"脚本\" : \"\", \"分类一\" : \"人与自我\", \"中文名称\" : \"毛手毛脚虎的野餐\", \"词汇量\" : 241, \"英文名称\" : \"Sloppy Tiger's Picnic\"}"
"{\"阅读时长\" : 52, \"年级\" : \"fourGrade,fiveGrade,sixGrade\", \"封面\" : \"eyyb\\/system\\/hbyd\\/20240528\\/e87ea2f413f332d6ce10b73ce20afb3b\\/1716860450595_959.jpg\", \"主题\" : \"成长历程\", \"分类二\" : \"亲情友情\", \"单词\" : \"crack,hatch,roll,nod,sigh,discover,safe,blanket,growl,adventure,owner,depth,fluffy,peer,belong\", \"简介\" : \"格雷西一直以来都是独自生活，她觉得虽有些事情做起来棘手但也不想改变。有一天，她在旅途中发现了一个蛋，她不想照顾这个蛋，等着蛋的主人回来。但第二天也没人来，蛋还滚进了海里，格雷西努力保护蛋。蛋孵化后，一只小鸭子出生了，格雷西给它取名为蛋。格雷西感受到了蛋的关心，她意识到有蛋在身边一切都更有趣。\", \"id\" : \"FMB8DEThbjxThXMRbHjLL4\", \"脚本\" : \"\", \"分类一\" : \"人与社会\", \"中文名称\" : \"蛋\", \"词汇量\" : 163, \"英文名称\" : \"The Egg\"}"
"{\"阅读时长\" : 134, \"年级\" : \"fourGrade\", \"封面\" : \"eyyb\\/system\\/hbyd\\/20220224\\/c88ff108c48cea21fcf9277606772a3f\\/1645693031107_833.jpg\", \"主题\" : \"\", \"分类二\" : \"\", \"单词\" : \"\", \"简介\" : \"null\", \"id\" : \"FCcJc9yibBHWmgWXJb9vQ8\", \"脚本\" : \"\", \"分类一\" : \"\", \"中文名称\" : \"null\", \"词汇量\" : \"\", \"英文名称\" : \"Today Is Monday\"}"
"{\"阅读时长\" : 28, \"年级\" : \"oneGrade,twoGrade,threeGrade\", \"封面\" : \"eyyb\\/system\\/hbyd\\/20241205\\/ca5f0e77b7f96973835f6e1ddd9391fb\\/1733398971079_185.png\", \"主题\" : \"常见职业介绍\", \"分类二\" : \"职业认知\", \"单词\" : \"doctor,pilot,teacher,farmer,firefighter\", \"简介\" : \"这本绘本描绘了孩子们对未来职业的美好憧憬，展示了医生、消防员、农民、飞行员和教师等职业。鼓励孩子们勇敢追求自己的梦想。\", \"id\" : \"GEbhnJxGbVFUyJq4ikHaLB\", \"脚本\" : \"\", \"分类一\" : \"人与社会\", \"中文名称\" : \"当我长大\", \"词汇量\" : 43, \"英文名称\" : \"When I Grow Up\"}"
"{\"阅读时长\" : 64, \"年级\" : \"threeGrade,fourGrade,fiveGrade\", \"封面\" : \"eyyb\\/system\\/hbyd\\/20241104\\/1a2acfe2171d5a6f468d9ddd153b97e3\\/1730710077511_514.png\", \"主题\" : \"善待生命\", \"分类二\" : \"生活常识\", \"单词\" : \"dog,stair,slipper,laundry,rug,shampoo\", \"简介\" : \"你们看到过狗狗掉毛吗？狗狗掉毛是一种常见的现象，绘本中的主人们是怎么处理这个问题的呢？我们一起走进故事里看看吧！\", \"id\" : \"FQAy4YUwiukMAbtr9a3fCY\", \"脚本\" : \"\", \"分类一\" : \"人与社会\", \"中文名称\" : \"到处都是狗毛！\", \"词汇量\" : 270, \"英文名称\" : \"Dog Hair Everywhere!\"}"
"{\"阅读时长\" : 28, \"年级\" : \"twoGrade,threeGrade\", \"封面\" : \"eyyb\\/system\\/hbyd\\/20241204\\/659aaea743d7c60ccbfeb9f64dc45553\\/1733295466079_583.png\", \"主题\" : \"大小与形状,团队精神\", \"分类二\" : \"生活常识\", \"单词\" : \"big,bed,spoon,home,bowl,chair,little\", \"简介\" : \"这本绘本以三只熊的家为背景，展示了不同大小的碗、勺子、椅子、床等物品。通过描述这些物品，让孩子们认识大小的概念。\", \"id\" : \"F8SpkRSC1xAPsygk3VfbA8\", \"脚本\" : \"\", \"分类一\" : \"人与社会\", \"中文名称\" : \"遇见三只熊\", \"词汇量\" : 79, \"英文名称\" : \"Meet the Three Bears\"}"
"{\"阅读时长\" : 68, \"年级\" : \"fiveGrade,sixGrade\", \"封面\" : \"eyyb\\/system\\/hbyd\\/20240530\\/9f785722439c869661a7129b157bd6e8\\/1717058348385_897.png\", \"主题\" : \"成长历程\", \"分类二\" : \"自然科学\", \"单词\" : \"greedy,picnic,boot,sword,gather,cheetah,steal,bush,sunset,hide,cabin,branch,camping,surprise,spoon,suggest,sausage,guitar\", \"简介\" : \"这个故事充满了冒险和惊喜，展示了孩子们在露营中的经历和成长。他们勇敢面对找木柴、处理意外等挑战，还救助了被困小鹿，展现了勇敢、善良与创造力。此外，与家人和宠物一起度过的时光也让他们更加亲近大自然，体验到了露营的乐趣。\", \"id\" : \"GokZn9DMJjXdAPnTfJRumV\", \"脚本\" : \"\", \"分类一\" : \"人与自然\", \"中文名称\" : \"去露营\", \"词汇量\" : 360, \"英文名称\" : \"Go Camping\"}"
"{\"阅读时长\" : 43, \"年级\" : \"threeGrade,fourGrade,fiveGrade\", \"封面\" : \"eyyb\\/system\\/hbyd\\/20210722\\/13214bff776bd5b74195b5d856127318\\/1626925165970_419.jpg\", \"主题\" : \"\", \"分类二\" : \"自然科学\", \"单词\" : \"bean,tomato,flower,garden,carrot\", \"简介\" : \"我们家有一大块园地，园地里有玉米、豆子、花、草莓、西红柿、南瓜、胡萝卜，还有小兔子！\", \"id\" : \"GUgA7LPJPkKCcbWAmt7jZ1\", \"脚本\" : \"\", \"分类一\" : \"人与自然\", \"中文名称\" : \"我们的园地\", \"词汇量\" : 56, \"英文名称\" : \"Our Garden\"}"
"{\"阅读时长\" : 64, \"年级\" : \"fourGrade,fiveGrade,sixGrade\", \"封面\" : \"eyyb\\/system\\/hbyd\\/20240530\\/179180665e79c8816c9212c9cd657b89\\/1717055434803_643.jpg\", \"主题\" : \"植物\", \"分类二\" : \"自然科学\", \"单词\" : \"stem,away,smell,tuck,pour,water,lunch,safe,bunch,seed,wait,few,dirt,sweet,bean\", \"简介\" : \"一颗种子种植在泥土里，大家给它浇水，让它晒太阳，种子逐渐生根、发芽、长出茎、叶子、花朵，最后结出果实。\", \"id\" : \"FbJGj4ZvsbAPJnf7ArRWCX\", \"脚本\" : \"\", \"分类一\" : \"人与自然\", \"中文名称\" : \"我们需要一颗种子\", \"词汇量\" : 157, \"英文名称\" : \"We Need a Seed\"}"
"{\"阅读时长\" : 40, \"年级\" : \"oneGrade,twoGrade,threeGrade\", \"封面\" : \"eyyb\\/system\\/hbyd\\/20241104\\/81701186647dde55feef1b0df4be2d29\\/1730685985042_114.png\", \"主题\" : \"小动物\", \"分类二\" : \"趣味故事\", \"单词\" : \"cap,cat,can\", \"简介\" : \"Sam有一只小猫叫Cam，Cam喜欢在帽子里打盹。阅读时注意“c”在Cam、can、cap、cat中的发音。\", \"id\" : \"GYMnYC7yrJgQ8jjEC7GvGK\", \"脚本\" : \"\", \"分类一\" : \"人与社会\", \"中文名称\" : \"帽子里的猫\", \"词汇量\" : 27, \"英文名称\" : \"Cat in a Cap\"}"
"{\"阅读时长\" : 92, \"年级\" : \"oneGrade,twoGrade,threeGrade,fourGrade\", \"封面\" : \"eyyb\\/system\\/hbyd\\/20220629\\/9b1c14d8e0a84237b642143a563a6813\\/1656492425720_784.jpg\", \"主题\" : \"\", \"分类二\" : \"动物世界\", \"单词\" : \"\", \"简介\" : \"大熊猫伊娃想拍一张彩色的照片，可是，怎么才能变成一只彩色的大熊猫呢？\", \"id\" : \"FdPtbxLYFKrjr4bK7pSvtf\", \"脚本\" : \"\", \"分类一\" : \"中文绘本\", \"中文名称\" : \"\", \"词汇量\" : 25, \"英文名称\" : \"伊娃的饮食记\"}"
"{\"阅读时长\" : 28, \"年级\" : \"twoGrade,threeGrade,fourGrade\", \"封面\" : \"eyyb\\/system\\/hbyd\\/20240523\\/dcf4c34408c6f201a2b40b2d78cfb38b\\/1716454663483_486.jpg\", \"主题\" : \"物品描述\", \"分类二\" : \"生活常识\", \"单词\" : \"circle,see,square\", \"简介\" : \"绘本中的爸爸邀请大家一起来找圆形、长方形、正方形还有三角形。\", \"id\" : \"HCQiKhqoE8PNRDVzB5KRy5\", \"脚本\" : \"\", \"分类一\" : \"人与社会\", \"中文名称\" : \"和爸爸一起找形状\", \"词汇量\" : 29, \"英文名称\" : \"Finding Shapes With Dad\"}"
"{\"阅读时长\" : 64, \"年级\" : \"fourGrade,fiveGrade,sixGrade\", \"封面\" : \"eyyb\\/system\\/hbyd\\/20240528\\/e6d53f55fe54e82186d4e520aa4e225a\\/1716884602754_924.jpg\", \"主题\" : \"成长历程\", \"分类二\" : \"性格教育\", \"单词\" : \"mean,yell,friend,cut,prince,castle,long,knock,drop,talk,plan,city,tower,walk,tie,school,hair,cry,fun,climb\", \"简介\" : \"长发公主被关在高塔，没上学、没朋友、没乐趣，只会唱歌。王子听到歌声后与她相识，给她讲学校和朋友。公主渴望新生活，剪掉头发逃离高塔，找到城堡，开始了解塔外的世界。\", \"id\" : \"GdzDqPurk7cnqdrCoetsAQ\", \"脚本\" : \"\", \"分类一\" : \"人与自我\", \"中文名称\" : \"长发公主\", \"词汇量\" : 230, \"英文名称\" : \"Rapunzel\"}"
"{\"阅读时长\" : 36, \"年级\" : \"fourGrade,fiveGrade\", \"封面\" : \"eyyb\\/system\\/hbyd\\/20240530\\/a0b9b11a545277f0263fac96768c8a13\\/1717055334817_198.jpg\", \"主题\" : \"思考\", \"分类二\" : \"思维培养\", \"单词\" : \"baby,idea,butterfly,present\", \"简介\" : \"梅格提议为卡森老师的宝宝制作一个礼物。大家讨论后，决定制作一个有蝴蝶的风铃。讨论结束后大家一直没行动，于是梅格自己先开始做了一些蝴蝶，这激发了大家的热情。\", \"id\" : \"FPQxwcgpDhBRa435i35est\", \"脚本\" : \"\", \"分类一\" : \"人与自我\", \"中文名称\" : \"让我们开始吧\", \"词汇量\" : 240, \"英文名称\" : \"Let's Get It Started\"}"
"{\"阅读时长\" : 28, \"年级\" : \"fiveGrade,sixGrade\", \"封面\" : \"eyyb\\/system\\/hbyd\\/20241111\\/24bed9d99abc0a3279201ec0e8835645\\/1731307348060_86.png\", \"主题\" : \"野生动物\", \"分类二\" : \"自然科学\", \"单词\" : \"zebra,jungle,crown,lion,surprise,king\", \"简介\" : \"维克多与蒂姆踏上了一场激动人心的丛林探险，目标是寻找丛林之王狮子利奥。他们穿越草原，克服重重困难，在众多动物的帮助下，最终找到了利奥。而维克多准备的神秘礼物——一顶王冠，更是让这次探险充满了温馨与惊喜。\", \"id\" : \"FQp7WnN455Mw2o5MxhHwus\", \"脚本\" : \"\", \"分类一\" : \"人与自然\", \"中文名称\" : \"丛林探险\", \"词汇量\" : 347, \"英文名称\" : \"VICTOR on a Safari\"}"
"{\"阅读时长\" : 59, \"年级\" : \"fiveGrade\", \"封面\" : \"eyyb\\/system\\/hbyd\\/20210723\\/8715c2c1c17433f1e5298bb242e4077d\\/1627005027162_441.jpg\", \"主题\" : \"\", \"分类二\" : \"\", \"单词\" : \"\", \"简介\" : \"null\", \"id\" : \"HVUgkR1FnRdpGJi2ACUnuG\", \"脚本\" : \"\", \"分类一\" : \"\", \"中文名称\" : \"null\", \"词汇量\" : \"\", \"英文名称\" : \"The Puppets\"}"
"{\"阅读时长\" : 64, \"年级\" : \"oneGrade,twoGrade,threeGrade,fourGrade\", \"封面\" : \"eyyb\\/system\\/hbyd\\/20220630\\/a45a95fb0fa18424a744a532a92a91a8\\/1656552849593_364.jpg\", \"主题\" : \"\", \"分类二\" : \"生活常识\", \"单词\" : \"\", \"简介\" : \"快乐的周末到了，龙龙邀请朋友们一起做美食。他们会做出什么样的美食呢？\", \"id\" : \"FBFXLA6TCfpQhzrqJwMfKz\", \"脚本\" : \"\", \"分类一\" : \"中文绘本\", \"中文名称\" : \"\", \"词汇量\" : 40, \"英文名称\" : \"龙龙和朋友们的聚会\"}"
"{\"阅读时长\" : 36, \"年级\" : \"threeGrade,fourGrade,fiveGrade\", \"封面\" : \"eyyb\\/system\\/hbyd\\/20241105\\/5035ae3a0911cf657b03c4935287db19\\/1730768367063_696.png\", \"主题\" : \"交流与合作\", \"分类二\" : \"社会交往\", \"单词\" : \"chance,fair,first\", \"简介\" : \"在操场上，孩子们争抢使用新玩具车。Ken不遵守依次轮流的规则，最终在老师Miss Jan的提醒下，学会了分享和遵守规则。\", \"id\" : \"HMGSAnG7phoP64wM5pzGYG\", \"脚本\" : \"\", \"分类一\" : \"人与社会\", \"中文名称\" : \"轮流来\", \"词汇量\" : 179, \"英文名称\" : \"I Take Turns\"}"
"{\"阅读时长\" : 129, \"年级\" : \"fourGrade\", \"封面\" : \"\\/bookread\\/userfiles2\\/1\\/files\\/APP\\/kantupeiyin\\/4x\\/The Little Mouse, The Red Pipe Strawberry,and The Big Hungry Bear\\/img\\/1_f.jpg\", \"主题\" : \"\", \"分类二\" : \"\", \"单词\" : \"\", \"简介\" : \"null\", \"id\" : \"HGH21jB2Ri2FycvcRfGfBt\", \"脚本\" : \"\", \"分类一\" : \"\", \"中文名称\" : \"null\", \"词汇量\" : \"\", \"英文名称\" : \"The Little Mouse, The Red Ripe Strawberry, and the Big Hungry Bear 小老鼠，红草莓和大饿熊\"}"
"{\"阅读时长\" : 98, \"年级\" : \"threeGrade\", \"封面\" : \"eyyb\\/system\\/hbyd\\/20220302\\/5342d2ec2a92ef5974a106cc2671ff7f\\/1646204624871_761.jpg\", \"主题\" : \"\", \"分类二\" : \"\", \"单词\" : \"\", \"简介\" : \"null\", \"id\" : \"GJidhNBjoRFQxg75eRbb4h\", \"脚本\" : \"\", \"分类一\" : \"\", \"中文名称\" : \"null\", \"词汇量\" : \"\", \"英文名称\" : \"How Many Animals Are There in the Zoo?\"}"
"{\"阅读时长\" : 52, \"年级\" : \"fiveGrade,sixGrade\", \"封面\" : \"eyyb\\/system\\/hbyd\\/20240531\\/0104639aa9a65e12feacfdb3ef7ca3f6\\/1717120983064_684.png\", \"主题\" : \"成长历程\", \"分类二\" : \"趣味故事\", \"单词\" : \"loop,soak,stand,big wheel,meanwhile,ticket office,outing,sign\", \"简介\" : \"Victor和Tim兴奋地前往大型游乐园，准备开心地玩一天。一进园，Tim就被大轮盘和射击游戏吸引。他们在游乐园里尝试了各种游戏，Victor在投球游戏中表现出色，还赢得了一只泰迪熊。一天结束时，他们带着快乐的回忆离开了游乐园。\", \"id\" : \"GLi6Q5CcLcSUXZSFUgAz9w\", \"脚本\" : \"\", \"分类一\" : \"人与社会\", \"中文名称\" : \"维克多在游乐园的冒险\", \"词汇量\" : 295, \"英文名称\" : \"The Adventures of Victor at the amusement park\"}"
"{\"阅读时长\" : 28, \"年级\" : \"oneGrade,twoGrade,threeGrade\", \"封面\" : \"eyyb\\/system\\/hbyd\\/20241205\\/18e4a3587e02eca643bdf3444abe8953\\/1733398847237_838.png\", \"主题\" : \"社区环境与设施\", \"分类二\" : \"生活常识\", \"单词\" : \"bank,park,museum,library\", \"简介\" : \"在我们的小镇上有各种各样的地方，有银行、花店、图书馆等等，让我们一起去探索吧！\", \"id\" : \"GUPddDbXGaJJqnZ8BDq2gs\", \"脚本\" : \"\", \"分类一\" : \"人与社会\", \"中文名称\" : \"在我们的小镇\", \"词汇量\" : 43, \"英文名称\" : \"In Our Town\"}"
"{\"阅读时长\" : 40, \"年级\" : \"oneGrade,twoGrade,threeGrade\", \"封面\" : \"eyyb\\/system\\/hbyd\\/20241129\\/8a56c28d999eeebf21c1025a1da3e2f5\\/1732859465866_963.png\", \"主题\" : \"我的能力\", \"分类二\" : \"思维培养\", \"单词\" : \"man,see\", \"简介\" : \"“我”先见到了谁？又见到了谁？最后见到了谁？“我们”后来去做什么了呢？阅读的同时请注意“n”在Nan、Nat、man中的正确发音。\", \"id\" : \"HabwTVuYZh6oJsByGYp36k\", \"脚本\" : \"\", \"分类一\" : \"人与自我\", \"中文名称\" : \"我看见纳特\", \"词汇量\" : 26, \"英文名称\" : \"I See Nat\"}"
"{\"阅读时长\" : 64, \"年级\" : \"fourGrade,fiveGrade,sixGrade\", \"封面\" : \"eyyb\\/system\\/hbyd\\/20241111\\/29a4311dae2f2b8297d9064639da2abb\\/1731305375402_274.png\", \"主题\" : \"解决方式\", \"分类二\" : \"生活常识\", \"单词\" : \"forest,dragon,paint,idea,activity\", \"简介\" : \"马克和迪伦决定一起画一幅画，却因绿色颜料变干而陷入困境。马克混合黄色和蓝色颜料，制作出了新的绿色颜料，更巧妙地让龙从画中\\\"跃出\\\"，展现了创新思维与团队协作能力。\", \"id\" : \"GkZB3EDjDYTpnffLaJ25py\", \"脚本\" : \"\", \"分类一\" : \"人与社会\", \"中文名称\" : \"我会找到办法\", \"词汇量\" : 262, \"英文名称\" : \"I Will Find a Way\"}"
"{\"阅读时长\" : 36, \"年级\" : \"fourGrade,fiveGrade\", \"封面\" : \"eyyb\\/system\\/hbyd\\/20241111\\/d041cb34d0287ed0ec976dcba02e72f6\\/1731307162378_795.png\", \"主题\" : \"认识规则\", \"分类二\" : \"社会交往\", \"单词\" : \"fruit,watermelon,apron,salad,bowl\", \"简介\" : \"在尼克老师的带领下，孩子们动手制作美味的水果沙拉。从做西瓜球到分配蓝莓，每个步骤都充满了欢声笑语与小小的\\\"公平\\\"争议。最终，大家完成色彩斑斓、令人垂涎的水果沙拉，也学会了在合作中寻求公平与分享的乐趣。\", \"id\" : \"GzCqymqbqSw2Wu7bXumq4U\", \"脚本\" : \"\", \"分类一\" : \"人与社会\", \"中文名称\" : \"不公平！\", \"词汇量\" : 263, \"英文名称\" : \"That's Not Fair!\"}"
"{\"阅读时长\" : 92, \"年级\" : \"fourGrade\", \"封面\" : \"eyyb\\/system\\/hbyd\\/20221122\\/6c6b3d349466d03ce036b372f52046b9\\/1669101100466_614.jpg\", \"主题\" : \"拥有的物品\", \"分类二\" : \"社会交往\", \"单词\" : \"bag,scarf,key,hat,mobile phone,wallet,whose\", \"简介\" : \"小熊的失物招领处堆满了大家丢失的物品，是些什么呢？它们的主人又是谁呢？\", \"id\" : \"FgeTSm7pucnanc74qKWdS5\", \"脚本\" : \"\", \"分类一\" : \"人与社会\", \"中文名称\" : \"失物招领处\", \"词汇量\" : 109, \"英文名称\" : \"The Lost and Found\"}"
"{\"阅读时长\" : 64, \"年级\" : \"fiveGrade,sixGrade\", \"封面\" : \"eyyb\\/system\\/hbyd\\/20240328\\/36211c422a83c498fcf5b9c057691583\\/1711590524999_389.jpg\", \"主题\" : \"体育运动精神\", \"分类二\" : \"人际关系\", \"单词\" : \"help,team,ball,play,foot\", \"简介\" : \"萨姆、杰西还有爸爸一起踢足球，萨姆和杰西合作把球踢进了爸爸防守的球门。\", \"id\" : \"HXNVLaNgqDndd5hfNPhtD\", \"脚本\" : \"\", \"分类一\" : \"人与社会\", \"中文名称\" : \"足球比赛\", \"词汇量\" : 283, \"英文名称\" : \"The Soccer Game\"}"
"{\"阅读时长\" : 36, \"年级\" : \"oneGrade,twoGrade,threeGrade\", \"封面\" : \"eyyb\\/system\\/hbyd\\/20220811\\/a366b13ed699422612ebd5a8fc4c5237\\/1660209357839_882.jpg\", \"主题\" : \"饮食卫生\", \"分类二\" : \"健康教育\", \"单词\" : \"dog,bug,apple,cookie,grass,bone,food\", \"简介\" : \"奥森的肚子痛。奥森吃了一点狗粮，吃了一点草。它还吃了什么呢？\", \"id\" : \"FMdJZPBS9EBvNXxWpX344M\", \"脚本\" : \"\", \"分类一\" : \"人与自我\", \"中文名称\" : \"奥森的肚子痛\", \"词汇量\" : 54, \"英文名称\" : \"Orson's Tummy Ache\"}"
"{\"阅读时长\" : 159, \"年级\" : \"fiveGrade,sixGrade\", \"封面\" : \"hbyd\\/20191220\\/4c0037d4315d179152defeaa338b0441\\/Creep_Crawly_Calypso_1.jpg\", \"主题\" : \"\", \"分类二\" : \"\", \"单词\" : \"\", \"简介\" : \"null\", \"id\" : \"FUQY34XYNzrptebf5jheJz\", \"脚本\" : \"\", \"分类一\" : \"\", \"中文名称\" : \"null\", \"词汇量\" : \"\", \"英文名称\" : \"Creep Crawly Calypso\"}"
"{\"阅读时长\" : 28, \"年级\" : \"threeGrade,fourGrade,fiveGrade\", \"封面\" : \"eyyb\\/system\\/hbyd\\/20240528\\/4a9a2e1fc8055d6b2e94d03225af43ac\\/1716893193539_835.jpg\", \"主题\" : \"时间表\", \"分类二\" : \"生活习惯\", \"单词\" : \"eat,paint,o'clock,swim\", \"简介\" : \"孩子们上午九点吃早餐。他们上午十点游泳。来看看他们的活动时间表吧。\", \"id\" : \"Fd6My9QhfxC7EVvJssK8YJ\", \"脚本\" : \"\", \"分类一\" : \"人与自我\", \"中文名称\" : \"是时候了！\", \"词汇量\" : 64, \"英文名称\" : \"It Is Time!\"}"
"{\"阅读时长\" : 141, \"年级\" : \"threeGrade,fourGrade,fiveGrade\", \"封面\" : \"hbyd\\/20190801\\/bc262cbf786b50d8bf6843ee737e2a38\\/Mrs_Wishy-Washy_and_the_Big_Farm_Fair.jpg\", \"主题\" : \"劳动与生活\", \"分类二\" : \"趣味故事\", \"单词\" : \"judge,farm,clean,soap,rose,fair\", \"简介\" : \"今天是农场大会的日子，可是动物们还脏兮兮的。洗刷刷太太给它们用玫瑰香皂冲洗了一遍，它们会拿奖吗？\", \"id\" : \"GTy5co3doA4UoqtUEZrkBJ\", \"脚本\" : \"\", \"分类一\" : \"人与社会\", \"中文名称\" : \"洗刷刷太太和农场大会\", \"词汇量\" : 179, \"英文名称\" : \"Mrs Wishy-Washy and the Big Farm Fair\"}"
"{\"阅读时长\" : 28, \"年级\" : \"threeGrade,fourGrade,fiveGrade\", \"封面\" : \"eyyb\\/system\\/hbyd\\/20240523\\/d496fd6384501b4279f9246362c3f3eb\\/1716451570441_608.jpg\", \"主题\" : \"家人\", \"分类二\" : \"社会交往\", \"单词\" : \"sister,dad,play,brother\", \"简介\" : \"看，这是我的妈妈、爸爸、兄弟和姐妹。我和妈妈、爸爸、兄弟姐妹一起玩耍。小朋友你会和家人一起做什么呢？\", \"id\" : \"GR6ZtmitcvRJTD88E1Q8cb\", \"脚本\" : \"\", \"分类一\" : \"人与社会\", \"中文名称\" : \"和我的家人一起\", \"词汇量\" : 120, \"英文名称\" : \"With My Family\"}"
"{\"阅读时长\" : 76, \"年级\" : \"threeGrade\", \"封面\" : \"eyyb\\/system\\/hbyd\\/20220128\\/882b0750083bc531d0858958e1d9da15\\/1643341485040_958.jpg\", \"主题\" : \"\", \"分类二\" : \"\", \"单词\" : \"\", \"简介\" : \"null\", \"id\" : \"GBgiy75Yutm7zRgUBQnEpj\", \"脚本\" : \"\", \"分类一\" : \"\", \"中文名称\" : \"null\", \"词汇量\" : \"\", \"英文名称\" : \"Babies Everywhere\"}"
"{\"阅读时长\" : 96, \"年级\" : \"fourGrade,fiveGrade,sixGrade\", \"封面\" : \"eyyb\\/system\\/hbyd\\/20240530\\/619dc5d1c14f306afaaacfb15e9747b1\\/1717056530174_268.jpg\", \"主题\" : \"成长历程\", \"分类二\" : \"趣味故事\", \"单词\" : \"ladder,slam,yell,wolf,brick,climb,straw,chimney,stick,pig\", \"简介\" : \"从前有三只小猪，它们长大后离开母亲各自建房。第一只小猪用稻草建房子，第二只小猪用木棍建房子，第三只小猪用砖建房子。一只大坏狼出现，先后吹倒了稻草屋和木棍屋，两只小猪逃到砖屋。狼又来吹砖屋，没成功后试图爬上梯子进入，三只小猪用一锅沸水阻止了狼，狼逃跑后再也没出现，三只小猪从此幸福地生活。绘本通过生动的故事展现了智慧和勇敢的重要性。\", \"id\" : \"GCCikNYh4YUCoEgEJTMeRZ\", \"脚本\" : \"\", \"分类一\" : \"人与社会\", \"中文名称\" : \"三只小猪\", \"词汇量\" : 270, \"英文名称\" : \"The Three Little Pigs\"}"
"{\"阅读时长\" : 54, \"年级\" : \"fiveGrade\", \"封面\" : \"eyyb\\/system\\/hbyd\\/20210723\\/768bd523b5091d92e5e114742f7dbbb0\\/1627002353982_366.jpg\", \"主题\" : \"\", \"分类二\" : \"\", \"单词\" : \"\", \"简介\" : \"null\", \"id\" : \"Fg82LsemMS8KfTyoqX6ri\", \"脚本\" : \"\", \"分类一\" : \"\", \"中文名称\" : \"null\", \"词汇量\" : \"\", \"英文名称\" : \"The Big City\"}"
"{\"阅读时长\" : 24, \"年级\" : \"fiveGrade,sixGrade\", \"封面\" : \"eyyb\\/system\\/hbyd\\/20241025\\/c16d3f1b319626c5c89c2973212dce93\\/1729838399567_720.jpg\", \"主题\" : \"探索地球\", \"分类二\" : \"探索宇宙\", \"单词\" : \"space,earth,land\", \"简介\" : \"绘本展现了地球奇妙之处：地球自转约23小时56分4秒，公转 365.2564 天，而‌公历规定一年为365天，因此每年会积累约0.2422天的误差。为了弥补这个时间差异，每四年增加一天，这就是闰年多一天的原因。地球是蓝色的，因为海水会反射天空呈现蓝色。绘本以简洁的语言和生动的描述，激发孩子对自然的好奇与热爱。\", \"id\" : \"Grbu2e1bSzxFpp2KSUSvRv\", \"脚本\" : \"\", \"分类一\" : \"人与自然\", \"中文名称\" : \"我们的地球\", \"词汇量\" : 170, \"英文名称\" : \"Our Earth\"}"
"{\"阅读时长\" : 36, \"年级\" : \"threeGrade,fourGrade,fiveGrade\", \"封面\" : \"eyyb\\/system\\/hbyd\\/20241104\\/5dd701f0b983334fbd4fba7755b68498\\/1730704113889_87.png\", \"主题\" : \"声音\", \"分类二\" : \"生活常识\", \"单词\" : \"horse,car,sound,cow\", \"简介\" : \"万物皆有声音，听，猫咪的轻吟，马儿的嘶鸣，孩子的欢笑，肚子咕咕叫，每一种声音都讲述着不同的故事，引领我们走进一个个充满想象的奇妙世界。\", \"id\" : \"FhpjLq7KarTTzWQEzNwE93\", \"脚本\" : \"\", \"分类一\" : \"人与社会\", \"中文名称\" : \"那是什么声音？\", \"词汇量\" : 192, \"英文名称\" : \"What Is That Sound?\"}"
"{\"阅读时长\" : 725, \"年级\" : \"sixGrade\", \"封面\" : \"hbyd\\/20200624\\/43a43f3301d586fefbd079f791f7a1d8\\/1592990944069_522.jpg\", \"主题\" : \"\", \"分类二\" : \"\", \"单词\" : \"\", \"简介\" : \"null\", \"id\" : \"Gykc2WZnjsghaH21J4nFjW\", \"脚本\" : \"\", \"分类一\" : \"\", \"中文名称\" : \"null\", \"词汇量\" : \"\", \"英文名称\" : \"Danny and the Dinosaur\"}"
"{\"阅读时长\" : 132, \"年级\" : \"fiveGrade,sixGrade\", \"封面\" : \"eyyb\\/system\\/hbyd\\/20240530\\/39e63ae6b325458227177fa49a54be06\\/1717038582817_817.png\", \"主题\" : \"西方节日\", \"分类二\" : \"趣味故事\", \"单词\" : \"present,snowman,Christmas\", \"简介\" : \"冬天，维克多和蒂姆决定在雪地里玩。蒂姆准备好后迫不及待地出门，他们开始堆雪人。之后蒂姆去玩雪橇，差点被圣诞老人的驯鹿拉的雪橇撞到，雪橇翻倒，圣诞老人也摔倒了。维克多和蒂姆帮忙整理礼物，发现驯鹿鲁道夫不见了，他们顺着踪迹找到鲁道夫。圣诞老人手臂受伤，维克多带他去找维多利亚处理伤口。维多利亚建议维克多和蒂姆帮圣诞老人送礼物，他们欣然同意。他们把礼物从烟囱投递下去，努力工作直到所有礼物都送完。最后圣诞老人送他们回家，他们向圣诞老人挥手道别。这个故事展现了互助和节日的温暖。\", \"id\" : \"FyEWB882ywxZLKMYBj42M7\", \"脚本\" : \"\", \"分类一\" : \"人与社会\", \"中文名称\" : \"维克多——圣诞老人需要帮助！\", \"词汇量\" : 894, \"英文名称\" : \"VICTOR - Father Christmas Needs Help!\"}"
"{\"阅读时长\" : 20, \"年级\" : \"sixGrade\", \"封面\" : \"eyyb\\/system\\/hbyd\\/20240528\\/e752b75acd572e8ed46ca2ec9d12f392\\/1716861616975_664.jpg\", \"主题\" : \"科技创新\", \"分类二\" : \"科学技术\", \"单词\" : \"hyphen,lose,flexibility,release,educate,edition,mouse,complicated,chairman,term,develop\", \"简介\" : \"绘本介绍了计算机科学的重要历史，包括巴贝奇的分析机、IBM的早期计算机、人工智能的诞生、鼠标的发明、电脑游戏的起源、苹果电脑的命名、以及微软的成立。\", \"id\" : \"GGYBwDxWu4io7Wz34fQmCm\", \"脚本\" : \"\", \"分类一\" : \"人与社会\", \"中文名称\" : \"计算机科学\", \"词汇量\" : 308, \"英文名称\" : \"Computer Science\"}"
"{\"阅读时长\" : 176, \"年级\" : \"threeGrade,fourGrade\", \"封面\" : \"eyyb\\/system\\/hbyd\\/20211213\\/2cfe050fdf04150f9e7a8d8cb4bde1ac\\/1639378686986_232.jpg\", \"主题\" : \"年龄\", \"分类二\" : \"社会交往\", \"单词\" : \"old,three,eight,six,seven,four,nine,are,how,five,two,ten,one,you\", \"简介\" : \"河马大叔给大家送生日礼物了，小动物们的年龄分别是多大呢？\", \"id\" : \"HRVtq4CZ9hMtuutBbFhwh9\", \"脚本\" : \"\", \"分类一\" : \"人与社会\", \"中文名称\" : \"给大家的生日礼物\", \"词汇量\" : 129, \"英文名称\" : \"Birthday Presents for Everyone\"}"
"{\"阅读时长\" : 28, \"年级\" : \"threeGrade,fourGrade,fiveGrade\", \"封面\" : \"eyyb\\/system\\/hbyd\\/20240523\\/bddb1e8791f93ca6adf7c970aec0477c\\/1716449702971_126.jpg\", \"主题\" : \"聚会\", \"分类二\" : \"社会交往\", \"单词\" : \"pizza,candy,have,like,we,she,he,cake\", \"简介\" : \"通过生动的插图和简单的句型，孩子们将学习如何用英语描述生日派对的内容，包括蛋糕、糖果、比萨和杯子蛋糕等美味食物。\", \"id\" : \"HNp8SrwVt55C2dTkwgoRws\", \"脚本\" : \"\", \"分类一\" : \"人与社会\", \"中文名称\" : \"生日派对\", \"词汇量\" : 8, \"英文名称\" : \"Birthday Parties\"}"
"{\"阅读时长\" : 36, \"年级\" : \"threeGrade,fourGrade\", \"封面\" : \"eyyb\\/system\\/hbyd\\/20241204\\/578cb54ca5e99c05f9797ae94f373aee\\/1733300939276_918.png\", \"主题\" : \"自然现象,社会交往\", \"分类二\" : \"自然科学\", \"单词\" : \"blow,shout,scarf,umbrella,street,wind,sand\", \"简介\" : \"这本绘本通过简洁的语言和生动的画面，展示了风的力量。风可以吹动树、船、帽子、外套等各种物品，还能吹起风筝、在沙子上吹出图案、吹走纸张、吹动树叶和云朵、扬起旗帜。\", \"id\" : \"HSCXc4CGDXNyW56quyjYBm\", \"脚本\" : \"\", \"分类一\" : \"人与自然\", \"中文名称\" : \"风\", \"词汇量\" : 93, \"英文名称\" : \"The Wind\"}"
"{\"阅读时长\" : 36, \"年级\" : \"fiveGrade,sixGrade\", \"封面\" : \"eyyb\\/system\\/hbyd\\/20241122\\/bf4e17eeae0daadb6c220e99af616dfa\\/1732266077000_19.png\", \"主题\" : \"居住环境\", \"分类二\" : \"趣味故事\", \"单词\" : \"kitchen,collect,country,neighborhood,city,pizza,air,life\", \"简介\" : \"乡村老鼠在城市老鼠的邀请下，品尝了城市中丰富美味的食物。然而，一只猫的出现让它意识到城市生活的危险性。最终，乡村老鼠选择回到乡村，享受平静的生活。\", \"id\" : \"F61Cda7dq8jqqpX9BB1z2B\", \"脚本\" : \"\", \"分类一\" : \"人与社会\", \"中文名称\" : \"城市老鼠和乡村老鼠\", \"词汇量\" : 392, \"英文名称\" : \"City Mouse and Country Mouse\"}"
"{\"阅读时长\" : 72, \"年级\" : \"twoGrade,threeGrade,fourGrade\", \"封面\" : \"eyyb\\/system\\/hbyd\\/20220705\\/96df2efa85104ddd04d197a24c93c34f\\/1656984385838_821.jpg\", \"主题\" : \"\", \"分类二\" : \"品德教育\", \"单词\" : \"\", \"简介\" : \"很久以前，麻雀和乌鸦是好朋友，他们一起觅食，一起开心地唱歌聊天。可是有一天，乌鸦耍了一个花招，想吃掉麻雀。麻雀识破了乌鸦的恶意，它镇定地想出了一个巧妙的主意……\", \"id\" : \"GA388PDsgWmaeQT83aRAy1\", \"脚本\" : \"\", \"分类一\" : \"中文绘本\", \"中文名称\" : \"\", \"词汇量\" : 19, \"英文名称\" : \"乌鸦与麻雀\"}"
"{\"阅读时长\" : 40, \"年级\" : \"oneGrade,twoGrade,threeGrade\", \"封面\" : \"eyyb\\/system\\/hbyd\\/20241218\\/b63a31483f25cedbc354be6e8218608a\\/1734489723587_666.png\", \"主题\" : \"假期活动\", \"分类二\" : \"趣味故事\", \"单词\" : \"run,fun,dad,wet,win,have,mom\", \"简介\" : \"拔河、赛跑、购物、看精彩演出、还有好玩的娱乐设施，一起在游乐场度过快乐的一天！阅读的同时注意“w”在Wes、wet、wig、win、we中的正确发音。\", \"id\" : \"J2WuLNFuMwsTykGy8K4CbC\", \"脚本\" : \"\", \"分类一\" : \"人与社会\", \"中文名称\" : \"赢，赢，赢！\", \"词汇量\" : 56, \"英文名称\" : \"Win, Win, Win!\"}"
"{\"阅读时长\" : 36, \"年级\" : \"oneGrade,twoGrade,threeGrade\", \"封面\" : \"eyyb\\/system\\/hbyd\\/20220526\\/0922941f5e07919c7384830af76d33cf\\/1653549701706_895.jpg\", \"主题\" : \"朋友\", \"分类二\" : \"生活常识\", \"单词\" : \"pizza,cookie,brownie,bread,pie,cupcake,cake\", \"简介\" : \"两只可爱的小猴子做烘焙，我们去看看他们都做了哪些食物吧！\", \"id\" : \"Jz6ycYvUYoJ2ZgrPmKt9v\", \"脚本\" : \"\", \"分类一\" : \"人与社会\", \"中文名称\" : \"烘焙\", \"词汇量\" : 29, \"英文名称\" : \"Baking\"}"
"{\"阅读时长\" : 28, \"年级\" : \"fourGrade,fiveGrade,sixGrade\", \"封面\" : \"eyyb\\/system\\/hbyd\\/20240528\\/f11134b74250122a89f36a2cacc2996d\\/1716883705091_191.png\", \"主题\" : \"自然景观\", \"分类二\" : \"趣味故事\", \"单词\" : \"stream,row,fish,life,butterfly,shore,frog,rabbit,merrily,dream,turtle\", \"简介\" : \"“Row, row, row your boat”是一首广泛传唱的经典儿歌，本书由此改编。讲述了小主人公蒂姆在梦里和小伙伴们快乐地划着船，顺流而下，他们一路上看见了哪些小动物？爸爸叫醒蒂姆后，又会发生什么事情呢？\", \"id\" : \"JWaji7NUMaMgLu2TD97FUb\", \"脚本\" : \"\", \"分类一\" : \"人与社会\", \"中文名称\" : \"蒂姆轻轻地顺流划船\", \"词汇量\" : 220, \"英文名称\" : \"Tim Rows a Boat Gently Down the Stream\"}"
"{\"阅读时长\" : 36, \"年级\" : \"fourGrade,fiveGrade,sixGrade\", \"封面\" : \"eyyb\\/system\\/hbyd\\/20241223\\/91ff2db3c62941d69ceda61bad2454b1\\/1734917248458_904.png\", \"主题\" : \"困难\", \"分类二\" : \"性格教育\", \"单词\" : \"scissors,smell,guess,tease,miss,kick,hard,yet,sink\", \"简介\" : \"丽莎跟着史密斯太太学习游泳，这对她来说并不容易，她想放弃了。妈妈说第一课总是很难，哥哥也鼓励她继续学，不然会错过夏天的乐趣。接下来，丽莎会怎么做呢？她会坚持上游泳课吗？\", \"id\" : \"HvXYNr8dtKEie4hgAqd6Da\", \"脚本\" : \"\", \"分类一\" : \"人与自我\", \"中文名称\" : \"别放弃！\", \"词汇量\" : 200, \"英文名称\" : \"Don't Give Up!\"}"
"{\"阅读时长\" : 36, \"年级\" : \"fiveGrade,sixGrade\", \"封面\" : \"eyyb\\/system\\/hbyd\\/20240529\\/ee098d59212ca49dd1c2ece508a0d625\\/1716968535527_11.png\", \"主题\" : \"团队精神\", \"分类二\" : \"趣味故事\", \"单词\" : \"grasp,strength,soup,energy,goat,farmer,solid,power,seed,assistance,delicious,ripe,turnip\", \"简介\" : \"从前，一个农民种了一些萝卜种子。很快萝卜发芽了，农民很高兴。不久，他发现有一个萝卜比其他的都大。事实上，这是他见过的最大的萝卜。农民想把这个巨大的萝卜拔出来，但他自己怎么也拔不动。于是他叫来了妻子一起帮忙，可还是拔不动。接着他们又叫来了奶牛、猪、马和山羊，大家一起用力，最后终于把巨大的萝卜拔了出来。晚上，农民和妻子做了一大锅美味的萝卜汤，和大家一起分享。\", \"id\" : \"KeyxHtz5KcrMBm9uvx9VEB\", \"脚本\" : \"\", \"分类一\" : \"人与社会\", \"中文名称\" : \"巨大的萝卜\", \"词汇量\" : 250, \"英文名称\" : \"The Enormous Turnip\"}"
"{\"阅读时长\" : 28, \"年级\" : \"oneGrade,twoGrade\", \"封面\" : \"eyyb\\/system\\/hbyd\\/20241204\\/cb42aca046f62befe81091c9d01b0cda\\/1733297195782_412.png\", \"主题\" : \"能力,家人\", \"分类二\" : \"趣味故事\", \"单词\" : \"I,pot,pig,we,wolf,the,chimney,brick,see\", \"简介\" : \"这本绘本讲述了三只小猪和狼的故事。狼试图吃掉小猪，小猪们用砖、烟囱和锅等物品来保护自己。通过这个故事，孩子们可以学到勇敢和智慧的重要性。\", \"id\" : \"KMCXWpV5jdwLufgi8bKeEh\", \"脚本\" : \"My Sight(p:saɪt) Words\", \"分类一\" : \"人与社会\", \"中文名称\" : \"三只小猪和狼\", \"词汇量\" : 59, \"英文名称\" : \"The Three Little Pigs and the Wolf\"}"
"{\"阅读时长\" : 36, \"年级\" : \"threeGrade,fourGrade,fiveGrade\", \"封面\" : \"eyyb\\/system\\/hbyd\\/20241105\\/83a51786a46d46e3fb2e83fb8cc50ae9\\/1730766810601_470.png\", \"主题\" : \"情感\", \"分类二\" : \"性格教育\", \"单词\" : \"show,wish,promise,wave,guess,rule\", \"简介\" : \"Tasha对临时保姆Kendra不满，躲藏起来。Kendra以游戏化解隔阂，展现耐心与尊重。最终，Tasha被Kendra的友善打动，两人关系升温。人和人之间相互尊重会让生活更美好。\", \"id\" : \"JVwUrGvgqPLnoTGq3jgTbz\", \"脚本\" : \"\", \"分类一\" : \"人与自我\", \"中文名称\" : \"展现尊重\", \"词汇量\" : 178, \"英文名称\" : \"I Show Respect\"}"
"{\"阅读时长\" : 64, \"年级\" : \"fiveGrade,sixGrade\", \"封面\" : \"eyyb\\/system\\/hbyd\\/20250708\\/8ed399a5c273364895c27af02dd324ab\\/1751967855138_24.png\", \"主题\" : \"良好品格\", \"分类二\" : \"趣味故事\", \"单词\" : \"cat,you,take,plant,morning,hen,myself,on,table,asked,dog,tall,cut,she,home,red,found,bread,help,better,ready,duck,eat,it,cool,make,thing,spring,little,bake,I\", \"简介\" : \"小红母鸡发现了一粒小麦，想要种下它。她向身边的朋友们请求帮助，但每个人都忙于自己的事情，拒绝了她的请求。小红母鸡最终独自做好了美味的面包，这时朋友们却想要分享，但她决定自己享用这份成果。\", \"id\" : \"KMRArKg2MDSJFE4kZoZg2y\", \"脚本\" : \"\", \"分类一\" : \"人与社会\", \"中文名称\" : \"小红母鸡\", \"词汇量\" : 407, \"英文名称\" : \"The Little Red Hen\"}"
"{\"阅读时长\" : 39, \"年级\" : \"threeGrade,fourGrade\", \"封面\" : \"eyyb\\/system\\/hbyd\\/20211115\\/9b150ba70e0ecddb7b719e485c989165\\/1636957546122_197.jpg\", \"主题\" : \"体育运动项目\", \"分类二\" : \"健康教育\", \"单词\" : \"soccer,favorite,volleyball,sport,like,ping-pong\", \"简介\" : \"每个人都有不同的体育爱好。有的人喜欢打乒乓球；有的人喜欢踢足球；而有的人喜欢打排球。你喜欢打什么球呢？\", \"id\" : \"JYeR6SYMMZHMQHXEcsYncq\", \"脚本\" : \"\", \"分类一\" : \"人与自我\", \"中文名称\" : \"运动\", \"词汇量\" : 28, \"英文名称\" : \"Sports\"}"
"{\"阅读时长\" : 36, \"年级\" : \"sixGrade\", \"封面\" : \"eyyb\\/system\\/hbyd\\/20241122\\/1b0e386376fcd025b2b17ae135246b19\\/1732266385085_911.png\", \"主题\" : \"社会交往\", \"分类二\" : \"趣味故事\", \"单词\" : \"forest,feather,crocodile,shell\", \"简介\" : \"乌龟常常嘲笑其他动物的外貌。有一天，他让秃鹫带他去参加鸟类的宴会，但由于张嘴说话不慎从高空坠落，导致他的壳裂开。动物们纷纷安慰他，从那以后，乌龟学会了三思而后言，变得更加关心他人。\", \"id\" : \"J9AUtnihfeHxY4P2wpTgF2\", \"脚本\" : \"\", \"分类一\" : \"人与社会\", \"中文名称\" : \"乌龟的壳是如何裂开的\", \"词汇量\" : 495, \"英文名称\" : \"How the Turtle Cracked Its Shell\"}"
"{\"阅读时长\" : 64, \"年级\" : \"threeGrade,fourGrade,fiveGrade\", \"封面\" : \"eyyb\\/system\\/hbyd\\/20220701\\/5b61fc51e2018bc14da1b05c7af95467\\/1656664845933_236.jpg\", \"主题\" : \"\", \"分类二\" : \"环境保护\", \"单词\" : \"\", \"简介\" : \"爷爷退休后，和奶奶一起放弃了城市的舒适生活，投入到治沙事业中。日复一日，他们在沙漠中种下了数万棵梭梭树……\", \"id\" : \"HkFNQfTXvhjQn8SFnY5Qoa\", \"脚本\" : \"\", \"分类一\" : \"中文绘本\", \"中文名称\" : \"\", \"词汇量\" : 39, \"英文名称\" : \"种绿洲的人\"}"
"{\"阅读时长\" : 28, \"年级\" : \"threeGrade,fourGrade,fiveGrade\", \"封面\" : \"eyyb\\/system\\/hbyd\\/20241128\\/33050a2676cc35defe96bf4f12e880d0\\/1732781247202_680.png\", \"主题\" : \"运动能力\", \"分类二\" : \"安全教育\", \"单词\" : \"high,coach,quick,announcer,toe,burn,want,low,jump\", \"简介\" : \"欢迎大家来到儿童奥林匹克赛，接下来出场的是擅长跳跃的杰克！在大家的欢呼声中，杰克跳过了烛台。然而，不幸的事情发生了。\", \"id\" : \"KNetrYyYCPHGejqgmyxmGp\", \"脚本\" : \"\", \"分类一\" : \"人与自我\", \"中文名称\" : \"杰克好身手\", \"词汇量\" : 208, \"英文名称\" : \"Jack B. Nimble Jumps\"}"
"{\"阅读时长\" : 45, \"年级\" : \"fourGrade,fiveGrade,sixGrade\", \"封面\" : \"eyyb\\/system\\/hbyd\\/20211116\\/1c965267f71d59ee46303b97f49442cb\\/1637028049944_341.jpg\", \"主题\" : \"交通运输方式\", \"分类二\" : \"交通运输\", \"单词\" : \"bike,ground,ride,carry,race,stay,trick\", \"简介\" : \"自行车除了可以骑行，还可以用来干什么呢？我们来看看吧！\", \"id\" : \"HkCQ9fcMqaKDbDzayxmUzp\", \"脚本\" : \"\", \"分类一\" : \"人与社会\", \"中文名称\" : \"骑车的乐趣\", \"词汇量\" : 43, \"英文名称\" : \"Fun with Bikes\"}"
"{\"阅读时长\" : 42, \"年级\" : \"twoGrade,threeGrade,fourGrade\", \"封面\" : \"eyyb\\/system\\/hbyd\\/20211220\\/063ebb03184a3a4342a8b2bc640f2509\\/1639989645716_223.jpg\", \"主题\" : \"天气的特征\", \"分类二\" : \"趣味故事\", \"单词\" : \"warm,cold,hot,cool,ice cream,sunny,rainy\", \"简介\" : \"冰淇淋先生喜欢怎样的天气呢？\", \"id\" : \"HkVQdhDrK9uf5m8ZGpz29s\", \"脚本\" : \"\", \"分类一\" : \"人与社会\", \"中文名称\" : \"我喜欢寒冷的日子\", \"词汇量\" : 47, \"英文名称\" : \"I Like a Cold Day\"}"
"{\"阅读时长\" : 46, \"年级\" : \"fourGrade\", \"封面\" : \"eyyb\\/system\\/hbyd\\/20210722\\/b09e76d209e98f5c1f293e64c432e709\\/1626922051733_857.jpg\", \"主题\" : \"\", \"分类二\" : \"\", \"单词\" : \"\", \"简介\" : \"null\", \"id\" : \"KhmSKDU4DTp38S5YWZcU8j\", \"脚本\" : \"\", \"分类一\" : \"\", \"中文名称\" : \"null\", \"词汇量\" : \"\", \"英文名称\" : \"Going to School\"}"
"{\"阅读时长\" : 110, \"年级\" : \"fourGrade\", \"封面\" : \"eyyb\\/system\\/hbyd\\/20211019\\/b2e61f87dd38acc3f551a7a07a9d12ba\\/1634627671655_709.jpg\", \"主题\" : \"\", \"分类二\" : \"\", \"单词\" : \"\", \"简介\" : \"null\", \"id\" : \"KYdoBPshp1szchFxvkq672\", \"脚本\" : \"\", \"分类一\" : \"\", \"中文名称\" : \"null\", \"词汇量\" : \"\", \"英文名称\" : \"Uncle Jimmy Had a Little Jacket\"}"
"{\"阅读时长\" : 211, \"年级\" : \"threeGrade,fourGrade\", \"封面\" : \"hbyd\\/20191220\\/1397c90d4d3cfb423bb4f0eec3a512b7\\/Go_Away_Mr_Wolf!_1.jpg\", \"主题\" : \"\", \"分类二\" : \"\", \"单词\" : \"\", \"简介\" : \"null\", \"id\" : \"JmSCFZgsYEjSrDbUZQvPKS\", \"脚本\" : \"\", \"分类一\" : \"\", \"中文名称\" : \"null\", \"词汇量\" : \"\", \"英文名称\" : \"Go Away Mr Wolf!\"}"
"{\"阅读时长\" : 36, \"年级\" : \"fourGrade,fiveGrade,sixGrade\", \"封面\" : \"eyyb\\/system\\/hbyd\\/20240528\\/fd64afe830a49e7cee0a713fd2965cd4\\/1716893642449_170.jpg\", \"主题\" : \"安全与防护的意识\", \"分类二\" : \"安全教育\", \"单词\" : \"classmate,share,swing,classroom,help,fuss,push,learn,inside,ride,walk,slide\", \"简介\" : \"绘本通过一系列清晰的规则和指导，教导孩子们如何在校园内外保护自己和他人的安全，确保每一天都是安全、愉快的学习体验。\", \"id\" : \"KSb3iYZDWFAXxHEmDxMDub\", \"脚本\" : \"\", \"分类一\" : \"人与自我\", \"中文名称\" : \"在学校安全\", \"词汇量\" : 300, \"英文名称\" : \"Safe at School\"}"
"{\"阅读时长\" : 40, \"年级\" : \"twoGrade,threeGrade,fourGrade\", \"封面\" : \"eyyb\\/system\\/hbyd\\/20240523\\/e77ebdf61a007b41f7033a0a46272e75\\/1716455091595_597.jpg\", \"主题\" : \"食物\", \"分类二\" : \"生活习惯\", \"单词\" : \"turkey,happy,bread,sandwich,cheese,tomato,lettuce\", \"简介\" : \"你喜欢吃面包、生菜和番茄吗？那你知道你最喜欢的三明治里的每一种食材长什么样子吗？打开这本绘本，让我们一起来探索吧！阅读的同时，注意“a”在“happy”和“sandwich”中的正确发音。\", \"id\" : \"KCbLdrFm4xtWGbuug6CvQH\", \"脚本\" : \"\", \"分类一\" : \"人与自我\", \"中文名称\" : \"我喜欢\", \"词汇量\" : 23, \"英文名称\" : \"I Like\"}"
"{\"阅读时长\" : 71, \"年级\" : \"fiveGrade\", \"封面\" : \"eyyb\\/system\\/hbyd\\/20210723\\/8980c3350ff2c3552c5d2dc9158b9669\\/1627001817014_530.jpg\", \"主题\" : \"\", \"分类二\" : \"\", \"单词\" : \"\", \"简介\" : \"null\", \"id\" : \"JDazMCDiHYdp979gW7Schi\", \"脚本\" : \"\", \"分类一\" : \"\", \"中文名称\" : \"null\", \"词汇量\" : \"\", \"英文名称\" : \"Mop\"}"
"{\"阅读时长\" : 234, \"年级\" : \"fiveGrade,sixGrade,threeGrade,fourGrade\", \"封面\" : \"eyyb\\/system\\/hbyd\\/20211119\\/23d0f0aee5a66b1c6796ed6f791177db\\/1637301084552_202.jpg\", \"主题\" : \"合作与交流\", \"分类二\" : \"思维培养\", \"单词\" : \"monster,knot,steal,scare,string,nuisance,feather,pudding,loose,blueberry,squish,squash,juicy,stick,muffin,pancake\", \"简介\" : \"一群鸟儿为了夺回属于它们的蓝莓，团结一心一致对外，最后成功地赶跑了人类，吃到了美丽多汁的蓝莓！\", \"id\" : \"KdUGDqCDwEhAhJMYVucdji\", \"脚本\" : \"\", \"分类一\" : \"人与自我\", \"中文名称\" : \"嘘！蓝莓\", \"词汇量\" : 238, \"英文名称\" : \"Blueberry Shoo\"}"
"{\"阅读时长\" : 28, \"年级\" : \"twoGrade,threeGrade\", \"封面\" : \"eyyb\\/system\\/hbyd\\/20241205\\/e77ac30783b81eacf39e479647c33cab\\/1733399568619_74.png\", \"主题\" : \"健康饮食\", \"分类二\" : \"健康教育\", \"单词\" : \"good,some,want,carrot,eat,bean,pepper,cucumber\", \"简介\" : \"这本绘本介绍了各种美味又营养的蔬菜，如豆子、黄瓜、胡萝卜和辣椒。强调了蔬菜的好处，鼓励孩子们多吃蔬菜。\", \"id\" : \"JE17Af4ALtCQgCkqxGHxkv\", \"脚本\" : \"\", \"分类一\" : \"人与自我\", \"中文名称\" : \"蔬菜真好！\", \"词汇量\" : 67, \"英文名称\" : \"Vegetables Are Good!\"}"
"{\"阅读时长\" : 64, \"年级\" : \"threeGrade,fourGrade,fiveGrade\", \"封面\" : \"eyyb\\/system\\/hbyd\\/20220701\\/1a5d5f9a52096f0785c291217405c20f\\/1656664491415_449.jpg\", \"主题\" : \"\", \"分类二\" : \"环境保护\", \"单词\" : \"\", \"简介\" : \"跳鼠想想和朋友们一起生活在气候恶劣、植被稀疏的大沙漠里。有一天，沙漠里来了一群奇怪的人，他们运来了很多机器……\", \"id\" : \"JweZFLKTvMV1DyiQqCpBEf\", \"脚本\" : \"\", \"分类一\" : \"中文绘本\", \"中文名称\" : \"\", \"词汇量\" : 17, \"英文名称\" : \"跳鼠找不到家了\"}"
"{\"阅读时长\" : 91, \"年级\" : \"threeGrade\", \"封面\" : \"eyyb\\/system\\/hbyd\\/20220209\\/f875678b8c68dde673c72ee0ecb5de9b\\/1644398694642_555.jpg\", \"主题\" : \"\", \"分类二\" : \"\", \"单词\" : \"\", \"简介\" : \"null\", \"id\" : \"KK3u3DFiWrSKRXGgyUJ7Bm\", \"脚本\" : \"\", \"分类一\" : \"\", \"中文名称\" : \"null\", \"词汇量\" : \"\", \"英文名称\" : \"The New Neighbour\"}"
"{\"阅读时长\" : 74, \"年级\" : \"twoGrade,threeGrade,fourGrade\", \"封面\" : \"eyyb\\/system\\/hbyd\\/20211216\\/2bf12ff81cc9293e539d2ed1bbe3d8eb\\/1639641807112_3.jpg\", \"主题\" : \"其他人\", \"分类二\" : \"生活常识\", \"单词\" : \"girl,baby,boy,woman,man\", \"简介\" : \"这里有两个可爱的小宝贝，当他们长大后，他们会变成什么样子呢？\", \"id\" : \"KV8oAgXeVsT5fE5ugTYr7P\", \"脚本\" : \"\", \"分类一\" : \"人与社会\", \"中文名称\" : \"当他们长大后\", \"词汇量\" : 80, \"英文名称\" : \"When They Grow Up\"}"
"{\"阅读时长\" : 557, \"年级\" : \"fourGrade,fiveGrade,sixGrade\", \"封面\" : \"eyyb\\/system\\/hbyd\\/20220705\\/98319d98c32e7d4ed50331d662d10267\\/1656989913665_733.jpg\", \"主题\" : \"\", \"分类二\" : \"神话故事\", \"单词\" : \"\", \"简介\" : \"很久以前，有十个太阳，他们轮流升上天空，照亮世间万物。可如果天空中同时出现十个太阳会怎么样呢？让我们一起去看看吧！\", \"id\" : \"Kih8mw3YLToKwC2FBCFRbX\", \"脚本\" : \"\", \"分类一\" : \"中文绘本\", \"中文名称\" : \"\", \"词汇量\" : 26, \"英文名称\" : \"十个太阳\"}"
"{\"阅读时长\" : 28, \"年级\" : \"threeGrade,fourGrade,fiveGrade\", \"封面\" : \"eyyb\\/system\\/hbyd\\/20240523\\/2b4a25ddbd2a143c28890e315a8eefed\\/1716456326420_836.jpg\", \"主题\" : \"位置\", \"分类二\" : \"趣味故事\", \"单词\" : \"watch,grass,horn,corn,you,he,eat,blow,need,we,little,asleep\", \"简介\" : \"清晨的农场上，羊在草地上吃草，牛在玉米地里吃玉米······可是，看管牛羊的小男孩不见了，他去哪里了？打开这本《Little Boy Blue, Where are You?》，帮农夫们一起找一找吧！\", \"id\" : \"J4k1QparzYBHvdwNkrTCrR\", \"脚本\" : \"\", \"分类一\" : \"人与社会\", \"中文名称\" : \"小男孩布鲁，你在哪里？\", \"词汇量\" : 263, \"英文名称\" : \"Little Boy Blue, Where Are You?\"}"
"{\"阅读时长\" : 75, \"年级\" : \"twoGrade,threeGrade,fourGrade\", \"封面\" : \"eyyb\\/system\\/hbyd\\/20211220\\/700c31f971a484b007827e5e34838f6e\\/1639966492417_52.jpg\", \"主题\" : \"颜色\", \"分类二\" : \"趣味故事\", \"单词\" : \"blue,balloon,black,red,white,colour,green,yellow\", \"简介\" : \"小动物们手上都有一个气球，他们的气球分别是什么颜色的呢？\", \"id\" : \"JefaGFpjnCtgwdsENmGxb2\", \"脚本\" : \"\", \"分类一\" : \"人与社会\", \"中文名称\" : \"我有一个气球\", \"词汇量\" : 58, \"英文名称\" : \"I Have a Balloon\"}"
"{\"阅读时长\" : 32, \"年级\" : \"twoGrade,threeGrade,fourGrade\", \"封面\" : \"eyyb\\/system\\/hbyd\\/20251124\\/1091b2d505555d085c5562e4b48ca2ba\\/1763975529828_914.jpg\", \"主题\" : \"劳动的描述\", \"分类二\" : \"文学艺术\", \"单词\" : \"bamboo,scissors,glue,draw,cut,fan\", \"简介\" : \"竹编是中国最古老的传统手工艺之一。人们用竹子编织出竹席、竹篮、竹扇等各种生活用品。\", \"id\" : \"KLB4C4EsZBkkAXWDDgcvKq\", \"脚本\" : \",,,,,,,,,,,,,,,,\", \"分类一\" : \"人与社会\", \"中文名称\" : \"竹编扇\", \"词汇量\" : 63, \"英文名称\" : \"Bamboo Woven Fan\"}"
"{\"阅读时长\" : 194, \"年级\" : \"threeGrade,fourGrade\", \"封面\" : \"hbyd\\/20190610\\/e6cc4f0d3cb936b67843a748b845e9ee\\/1.jpg\", \"主题\" : \"\", \"分类二\" : \"\", \"单词\" : \"\", \"简介\" : \"null\", \"id\" : \"JLXmRpeaMwvELTw8Qzwf41\", \"脚本\" : \"\", \"分类一\" : \"\", \"中文名称\" : \"null\", \"词汇量\" : \"\", \"英文名称\" : \"Brown Bear, Brown Bear, What Do You See\"}"
"{\"阅读时长\" : 20, \"年级\" : \"twoGrade,threeGrade,fourGrade\", \"封面\" : \"eyyb\\/system\\/hbyd\\/20240530\\/f8dee7eacbd41bd9e38dc9ca4c254886\\/1717055645909_465.jpg\", \"主题\" : \"交通方式\", \"分类二\" : \"社会交往\", \"单词\" : \"cab,hit,ball,bus,bat,train\", \"简介\" : \"绘本向孩子们介绍了不同类型的交通工具以及与之相关的活动。这本书通过重复的句型和押韵的词汇，帮助孩子们学习英语中的交通工具名称。\", \"id\" : \"HyFqCytCczeSEamWTQ7rBn\", \"脚本\" : \"\", \"分类一\" : \"人与社会\", \"中文名称\" : \"鲍勃、塔布和我\", \"词汇量\" : 92, \"英文名称\" : \"Bob, Tab, and I\"}"
"{\"阅读时长\" : 64, \"年级\" : \"fourGrade,fiveGrade,sixGrade\", \"封面\" : \"eyyb\\/system\\/hbyd\\/20210723\\/31c11c6fc1e39506cf1eef736ec92e33\\/1627021029345_604.jpg\", \"主题\" : \"常见职业特征\", \"分类二\" : \"职业认知\", \"单词\" : \"driver,night,firefighter,drive,work,worker,police officer,nurse\", \"简介\" : \"当我们在熟睡时，有那么一群人在默默地守护着我们的城市，一起来认识一下他们吧！\", \"id\" : \"Ko5pE86tdjLWQaiTJY49a6\", \"脚本\" : \"\", \"分类一\" : \"人与社会\", \"中文名称\" : \"夜间工作者\", \"词汇量\" : 122, \"英文名称\" : \"Night Workers\"}"
"{\"阅读时长\" : 48, \"年级\" : \"threeGrade\", \"封面\" : \"eyyb\\/system\\/hbyd\\/20220527\\/6b5687568a8446eafa3bab64fc7e538f\\/1653637318669_704.jpg\", \"主题\" : \"动物\", \"分类二\" : \"自然科学\", \"单词\" : \"chick,wake,pig,rooster,sheep,turkey,cow,duck,horse\", \"简介\" : \"太阳公公出来了，动物们要起床啦！公鸡咯咯叫，奶牛哞哞叫，小猪哼哼叫，小羊······\", \"id\" : \"KCvBv7TPyUYETHDTu2a3pT\", \"脚本\" : \"\", \"分类一\" : \"人与自然\", \"中文名称\" : \"起床啦\", \"词汇量\" : 50, \"英文名称\" : \"Waking Up\"}"
"{\"阅读时长\" : 28, \"年级\" : \"oneGrade,twoGrade,threeGrade\", \"封面\" : \"eyyb\\/system\\/hbyd\\/20241205\\/561f6e2ecb70510ace5ff0bfcdc3793e\\/1733398737901_792.png\", \"主题\" : \"职业与生活\", \"分类二\" : \"校园生活\", \"单词\" : \"coach,driver,nurse,teacher\", \"简介\" : \"在学校里，有各种各样的人在为我们的学习和生活服务。他们有着不同的职业，快来认识一下这些的职业吧！\", \"id\" : \"KC5e7NivuCk4AV2m4ZFem\", \"脚本\" : \"\", \"分类一\" : \"人与社会\", \"中文名称\" : \"在我学校\", \"词汇量\" : 38, \"英文名称\" : \"At My School\"}"
"{\"阅读时长\" : 40, \"年级\" : \"fourGrade,fiveGrade,sixGrade\", \"封面\" : \"eyyb\\/system\\/hbyd\\/20251121\\/109449d19a65b4b8e890e4103f7f30fb\\/1763710125004_663.jpg\", \"主题\" : \"中国文化体验\", \"分类二\" : \"趣味故事\", \"单词\" : \"tiger,stone,rabbit,count,goat,seven,nine\", \"简介\" : \"黄帝时代，猎人在狩猎后会将猎物放入部落的库房统一保存。隶首是当时负责记账的官员。他发明了一种计数的方法。\", \"id\" : \"JAgxNSf9mpSaA7LhvJfpip\", \"脚本\" : \",,,,,,,,,,,,,,,,,,,,,,,,,,,,,,\", \"分类一\" : \"人与社会\", \"中文名称\" : \"隶首作数\", \"词汇量\" : 144, \"英文名称\" : \"Lishou's Invention of a Counting Method\"}"
"{\"阅读时长\" : 60, \"年级\" : \"fiveGrade,sixGrade\", \"封面\" : \"eyyb\\/system\\/hbyd\\/20240530\\/594a939de7764190e18ae04e30768480\\/1717059030929_718.png\", \"主题\" : \"\", \"分类二\" : \"环境保护\", \"单词\" : \"\", \"简介\" : \"\", \"id\" : \"JLLv6rFV1mGZ7cEqq3eVLF\", \"脚本\" : \"\", \"分类一\" : \"人与自然\", \"中文名称\" : \"\", \"词汇量\" : 613, \"英文名称\" : \"The Three R's: Reuse, Reduce, Recycle\"}"
"{\"阅读时长\" : 20, \"年级\" : \"twoGrade,threeGrade,fourGrade\", \"封面\" : \"eyyb\\/system\\/hbyd\\/20240528\\/e2af1531bf4fe156882ef2b541065466\\/1716895015455_39.jpg\", \"主题\" : \"日常活动\", \"分类二\" : \"社会交往\", \"单词\" : \"beach,lamp,trunk,sunglasses,carry,load\", \"简介\" : \"绘本两个好朋友Victor和Tim的冒险故事。这本书通过详细的描述和生动的插图，带领孩子们一起体验从准备出发到结束一天的海滩之旅。\", \"id\" : \"HbrQ3aWXm96HPYRUUQJ9XF\", \"脚本\" : \"\", \"分类一\" : \"人与社会\", \"中文名称\" : \"维克多度假\", \"词汇量\" : 86, \"英文名称\" : \"VICTOR on Vacation\"}"
"{\"阅读时长\" : 51, \"年级\" : \"fourGrade\", \"封面\" : \"eyyb\\/system\\/hbyd\\/20210722\\/b87932a0f396489cc594643048883e9c\\/1626941945034_298.jpg\", \"主题\" : \"\", \"分类二\" : \"\", \"单词\" : \"\", \"简介\" : \"null\", \"id\" : \"HgcVUreNQqiFCRrJfboDSB\", \"脚本\" : \"\", \"分类一\" : \"\", \"中文名称\" : \"null\", \"词汇量\" : \"\", \"英文名称\" : \"Trucks\"}"
"{\"阅读时长\" : 36, \"年级\" : \"threeGrade,fourGrade,fiveGrade\", \"封面\" : \"eyyb\\/system\\/hbyd\\/20240527\\/3d6de9d58c863511682f8873d19986e5\\/1716794557956_74.jpg\", \"主题\" : \"植物\", \"分类二\" : \"自然科学\", \"单词\" : \"carrot,grow,pea,garden,rabbit,fence,bean\", \"简介\" : \"麦克唐纳夫人有一个花园，里面种着豌豆、豆子、胡萝卜等。但是花园里来了一些兔子，它们到处啃食。麦克唐纳夫人为了保护花园，在周围建起了围栏。之后，花园里的植物又能继续生长了。\", \"id\" : \"HqVjScC7fQXmzMWCwWgJh\", \"脚本\" : \"\", \"分类一\" : \"人与自然\", \"中文名称\" : \"麦克唐纳夫人的花园\", \"词汇量\" : 112, \"英文名称\" : \"Mrs. MacDonld's Garden\"}"
"{\"阅读时长\" : 40, \"年级\" : \"twoGrade,threeGrade,fourGrade\", \"封面\" : \"eyyb\\/system\\/hbyd\\/20241104\\/b6f22e980b2b5590149263ffe32d00fb\\/1730687273041_914.png\", \"主题\" : \"善待生命\", \"分类二\" : \"自然科学\", \"单词\" : \"big,bag,get up\", \"简介\" : \"Meg和妈妈出去露营。Meg起床后发现包上有一些昆虫，妈妈拿来了捕虫的网。阅读时注意“g”在bag、big、bugs、get、gum、Meg中的正确发音。\", \"id\" : \"KaUvMdA1wAMgNfQwHq23NA\", \"脚本\" : \"\", \"分类一\" : \"人与自然\", \"中文名称\" : \"起床，梅格！\", \"词汇量\" : 65, \"英文名称\" : \"Get Up, Meg!\"}"
"{\"阅读时长\" : 16, \"年级\" : \"threeGrade,fourGrade,fiveGrade\", \"封面\" : \"eyyb\\/system\\/hbyd\\/20260401\\/261605f631d046d444a436e57d131a0f\\/1775014621848_131.png\", \"主题\" : \"\", \"分类二\" : \"人文社科\", \"单词\" : \"last,busy,tea,weather,flower,warm,farmer,fish,plant,spring,pick,grow\", \"简介\" : \"“谷雨谷雨，采茶对雨。”谷雨带来了许多的雨水，天气也更暖和了。一起来了解这个节气吧！\", \"id\" : \"JyNzCRovq5FFAVTK6b6yBs\", \"脚本\" : \",,,,,,,,\", \"分类一\" : \"人与社会\", \"中文名称\" : \"谷雨\", \"词汇量\" : 92, \"英文名称\" : \"Grain Rain\"}"
"{\"阅读时长\" : 64, \"年级\" : \"threeGrade,fourGrade\", \"封面\" : \"eyyb\\/system\\/hbyd\\/20220413\\/81cca1c95d7fa1ca7eac4327bbe98607\\/1649841409554_896.jpg\", \"主题\" : \"自然景观\", \"分类二\" : \"自然科学\", \"单词\" : \"monkey,bee,lion,elephant,tiger,giraffe\", \"简介\" : \"今天动物们可真奇怪！狮子、老虎、猴子、长颈鹿、大象还有犀牛，它们突然在小路上都飞奔了起来，到底是什么原因呢？\", \"id\" : \"Khg8C56xzueLs4Zd9Uozpp\", \"脚本\" : \"\", \"分类一\" : \"人与自然\", \"中文名称\" : \"沿着小路跑啊跑\", \"词汇量\" : 46, \"英文名称\" : \"Down the Path\"}"
"{\"阅读时长\" : 133, \"年级\" : \"fiveGrade\", \"封面\" : \"\\/bookread\\/userfiles2\\/1\\/files\\/APP\\/kantupeiyin\\/5X\\/Row Row Row Your Boat\\/img\\/0.jpg\", \"主题\" : \"\", \"分类二\" : \"\", \"单词\" : \"\", \"简介\" : \"null\", \"id\" : \"Jq8LiEoHW778myGeix7AwH\", \"脚本\" : \"\", \"分类一\" : \"\", \"中文名称\" : \"null\", \"词汇量\" : \"\", \"英文名称\" : \"Row Row Row Your Boat 划啊划啊划小船\"}"
"{\"阅读时长\" : 28, \"年级\" : \"twoGrade,threeGrade\", \"封面\" : \"eyyb\\/system\\/hbyd\\/20241204\\/a6375eb6b9133891efa5832137ff082f\\/1733290801626_488.png\", \"主题\" : \"日常活动,运动能力\", \"分类二\" : \"生活习惯\", \"单词\" : \"pool,river,the,fountain,in,lake\", \"简介\" : \"这本绘本描绘了在炎热的天气里，孩子们可以去有水的地方，如喷泉、游泳池、湖和河。孩子们可以在这些地方尽情地玩耍，享受清凉的水带来的快乐。\", \"id\" : \"JAdLeSAVZDF229GUWsctY\", \"脚本\" : \"\", \"分类一\" : \"人与自我\", \"中文名称\" : \"在水中玩耍\", \"词汇量\" : 75, \"英文名称\" : \"Playing in the Water\"}"
"{\"阅读时长\" : 28, \"年级\" : \"twoGrade,threeGrade,fourGrade\", \"封面\" : \"eyyb\\/system\\/hbyd\\/20240523\\/dbf882d1e8b3a53a9a95bcfd655e94ba\\/1716451514683_296.jpg\", \"主题\" : \"形状\", \"分类二\" : \"生活常识\", \"单词\" : \"window,triangle,we,circle,square,see,pizza,door,rectangle,flag\", \"简介\" : \"通过仔细观察，孩子们将发现形状无处不在。从圆形的披萨到方形的窗户，从三角形的旗帜到长方形的门。这本绘本用简单的句型和直观的插图，让孩子们学会识别形状并学会用英语描述形状。\", \"id\" : \"KAcKexxmN1rYzofEq9SvbL\", \"脚本\" : \"\", \"分类一\" : \"人与社会\", \"中文名称\" : \"我们看到形状\", \"词汇量\" : 120, \"英文名称\" : \"We See Shapes\"}"
"{\"阅读时长\" : 36, \"年级\" : \"fourGrade,fiveGrade,sixGrade\", \"封面\" : \"eyyb\\/system\\/hbyd\\/20230621\\/3ab02743b5f31764ba93f40e4e716c60\\/1687326801219_814.jpg\", \"主题\" : \"帮助他人\", \"分类二\" : \"社会交往\", \"单词\" : \"build,wall,help,wood\", \"简介\" : \"一天小猪想盖一座新房子。小猪请绵羊、马、鸭子、还有兔子来帮忙。于是，小猪的新房子很快就建好了。\", \"id\" : \"JTc3vU9rKfUEJeihmePXU4\", \"脚本\" : \"\", \"分类一\" : \"人与社会\", \"中文名称\" : \"小猪的新房子\", \"词汇量\" : 231, \"英文名称\" : \"Pig's New House\"}"
"{\"阅读时长\" : 20, \"年级\" : \"fourGrade,fiveGrade,sixGrade\", \"封面\" : \"eyyb\\/system\\/hbyd\\/20240523\\/91e0fa1a425adc8b81ebe544f63e8ca1\\/1716455896909_256.jpg\", \"主题\" : \"动物习性\", \"分类二\" : \"自然科学\", \"单词\" : \"grow,high,evolve,elephant,weigh,centimetre,huge,length,extraordinary,kilogram,ear,fan,immense,tooth\", \"简介\" : \"非洲象是陆地上最大的动物，这本绘本通过详细的描述和精美的插图，让孩子们了解非洲象的生理特征、行为习性以及它们如何适应极端环境。\", \"id\" : \"JuXgSCzN1bVC6GUaHEfgwn\", \"脚本\" : \"\", \"分类一\" : \"人与自然\", \"中文名称\" : \"非洲象\", \"词汇量\" : 52, \"英文名称\" : \"African Elephant\"}"
"{\"阅读时长\" : 36, \"年级\" : \"threeGrade,fourGrade,fiveGrade\", \"封面\" : \"eyyb\\/system\\/hbyd\\/20230228\\/d78f1d73599632883677e1aafac05ccb\\/1677570829872_919.jpg\", \"主题\" : \"天气与活动\", \"分类二\" : \"安全教育\", \"单词\" : \"umbrella,hat,rain,shoe,play,toy\", \"简介\" : \"小兔子邦妮想要出去玩。出门前，邦妮妈妈让邦妮带上一些需要的物品。但是没想到外面下雨了，这时邦妮该怎么办呢？\", \"id\" : \"KAkug83PSDjUM8eEYEt3PV\", \"脚本\" : \"\", \"分类一\" : \"人与自我\", \"中文名称\" : \"出去玩\", \"词汇量\" : 76, \"英文名称\" : \"Out to Play\"}"
"{\"阅读时长\" : 24, \"年级\" : \"sixGrade\", \"封面\" : \"eyyb\\/system\\/hbyd\\/20240528\\/a9577a18661d8d774461d77304c3f790\\/1716862470021_628.jpg\", \"主题\" : \"科技与生活\", \"分类二\" : \"科学技术\", \"单词\" : \"propose,average,simple,transmit,switch,millionaire,network,launch,original,retain,stay,create,estimate,log,message,crash\", \"简介\" : \"本文介绍了互联网的起源、表情符号的创造、电子邮件和社交媒体的使用情况，以及互联网的增长速度和影响力，展示了数字时代的沟通和信息传播方式。\", \"id\" : \"LdMxw8JpvsM1MoRwobjJof\", \"脚本\" : \"\", \"分类一\" : \"人与社会\", \"中文名称\" : \"互联网\", \"词汇量\" : 439, \"英文名称\" : \"The Internet\"}"
"{\"阅读时长\" : 114, \"年级\" : \"fourGrade\", \"封面\" : \"eyyb\\/system\\/hbyd\\/20220128\\/14407fd2ebe8a5cc79718db6783514e3\\/1643343087088_144.jpg\", \"主题\" : \"\", \"分类二\" : \"\", \"单词\" : \"\", \"简介\" : \"null\", \"id\" : \"Lv18isN3VUa3vTkpvTJQqh\", \"脚本\" : \"\", \"分类一\" : \"\", \"中文名称\" : \"null\", \"词汇量\" : \"\", \"英文名称\" : \"If You Give a Child a Cake\"}"
"{\"阅读时长\" : 143, \"年级\" : \"threeGrade\", \"封面\" : \"eyyb\\/system\\/hbyd\\/20220128\\/66651e059cf947c0e6385fa9efd3e9a2\\/1643341565817_12.jpg\", \"主题\" : \"\", \"分类二\" : \"\", \"单词\" : \"\", \"简介\" : \"null\", \"id\" : \"LyhoUHJVaPrYv6UmaowViU\", \"脚本\" : \"\", \"分类一\" : \"\", \"中文名称\" : \"null\", \"词汇量\" : \"\", \"英文名称\" : \"Joey Gets Dressed\"}"
"{\"阅读时长\" : 32, \"年级\" : \"oneGrade,twoGrade,threeGrade\", \"封面\" : \"eyyb\\/system\\/hbyd\\/20241104\\/a872e83550f4098d3bdd59db0f11cfcf\\/1730687795689_10.png\", \"主题\" : \"交通方式\", \"分类二\" : \"生活常识\", \"单词\" : \"car,bus\", \"简介\" : \"你会乘坐什么交通工具外出？一起来看看这些交通工具：汽车、卡车、货车、公交车……\", \"id\" : \"KuyVrdD5QhBckHg7TdUB1A\", \"脚本\" : \"\", \"分类一\" : \"人与社会\", \"中文名称\" : \"我出发了！\", \"词汇量\" : 24, \"英文名称\" : \"I Go!\"}"
"{\"阅读时长\" : 55, \"年级\" : \"threeGrade,fourGrade\", \"封面\" : \"eyyb\\/system\\/hbyd\\/20211115\\/4f0bc76d4c14e372d5563964e685f66d\\/1636956622513_932.jpg\", \"主题\" : \"科普知识\", \"分类二\" : \"环境保护\", \"单词\" : \"wash,fun,cook,thing,grow,drink\", \"简介\" : \"我们需要喝水。我们做什么事情还需要水呢？快来看看吧！\", \"id\" : \"KvdywYjZ8MCDZFS5vMT6YL\", \"脚本\" : \"\", \"分类一\" : \"人与自然\", \"中文名称\" : \"神奇的水\", \"词汇量\" : 39, \"英文名称\" : \"Fantastic Water\"}"
"{\"阅读时长\" : 40, \"年级\" : \"twoGrade,threeGrade,fourGrade\", \"封面\" : \"eyyb\\/system\\/hbyd\\/20241218\\/1fb67fbba9ee3d772f4ee790895ab463\\/1734492052336_205.png\", \"主题\" : \"物品\", \"分类二\" : \"生活常识\", \"单词\" : \"tub,cut,elevator,cub,read,hot,TV,lamp,fun,big,night,mom,home\", \"简介\" : \"电梯的出现，让我们上下高楼更方便；有了电视，让我们可以收看各类精彩节目。在阅读这本绘本时，请大家仔细观察：绘本中还呈现了哪些有趣的事物呢？阅读的同时注意“short u”在but、cub、up、cut、tub、fun中的正确发音。\", \"id\" : \"MT9s1Ls1TwTcs17wVHyYe4\", \"脚本\" : \"\", \"分类一\" : \"人与社会\", \"中文名称\" : \"向上，向上，向上\", \"词汇量\" : 67, \"英文名称\" : \"Go Up, Up, Up\"}"
"{\"阅读时长\" : 272, \"年级\" : \"threeGrade,fourGrade\", \"封面\" : \"hbyd\\/20191223\\/be8d95b48ca269d91dd5d42c01c4b4ae\\/Animal_Boogie_1.jpg\", \"主题\" : \"\", \"分类二\" : \"\", \"单词\" : \"\", \"简介\" : \"null\", \"id\" : \"MFXJ3T4cB3PWJCareh8dvW\", \"脚本\" : \"\", \"分类一\" : \"\", \"中文名称\" : \"null\", \"词汇量\" : \"\", \"英文名称\" : \"Animal Boogie\"}"
"{\"阅读时长\" : 68, \"年级\" : \"threeGrade,fourGrade,fiveGrade\", \"封面\" : \"eyyb\\/system\\/hbyd\\/20241025\\/276098340decffa4bfcf1f88b66bbf6d\\/1729839387521_45.jpg\", \"主题\" : \"科技与生活\", \"分类二\" : \"亲情友情\", \"单词\" : \"marker,swing,hop,phone,holiday,electricity,slide,computer,charge,count\", \"简介\" : \"爷爷告诉今天我们不能玩电子游戏。但我们找到了其他好玩的：跳房子、玩套圈游戏、荡秋千、滑草。虽然没有电脑和电视，但我们依然度过了愉快的一天。\", \"id\" : \"LMKoFz4WBmmSp46YPpUnG\", \"脚本\" : \"\", \"分类一\" : \"人与社会\", \"中文名称\" : \"无科技的玩耍日\", \"词汇量\" : 226, \"英文名称\" : \"The No-Tech Day of Play\"}"
"{\"阅读时长\" : 48, \"年级\" : \"fourGrade,fiveGrade,sixGrade\", \"封面\" : \"eyyb\\/system\\/hbyd\\/20220526\\/9f7872af24a1da5e117a492c9b73d093\\/1653552122155_612.jpg\", \"主题\" : \"相互帮助\", \"分类二\" : \"社会交往\", \"单词\" : \"pot,spoon,stone,corn,bean,food,potato,soup,carrot,meat,hungry\", \"简介\" : \"石头怎么能做汤呢？石头汤会是什么味道呢？石头汤好喝吗？想知道这是怎么回事吗？一起来看看吧！\", \"id\" : \"MLUd5BwHwTCBBteKnuZQpi\", \"脚本\" : \"\", \"分类一\" : \"人与社会\", \"中文名称\" : \"石头汤\", \"词汇量\" : 557, \"英文名称\" : \"Stone Soup\"}"
"{\"阅读时长\" : 117, \"年级\" : \"fourGrade,fiveGrade,sixGrade\", \"封面\" : \"hbyd\\/20190801\\/cca7e3fc4aea030983bdbe2b424eea13\\/The_Hungry_Giant_s_Baby.jpg\", \"主题\" : \"帮助他人\", \"分类二\" : \"趣味故事\", \"单词\" : \"rock,baby-sit,truck,crane,coin,wheel,shiny,giant\", \"简介\" : \"饿肚子巨人想回巨人国一趟，他把他的小宝贝巴布交给人们照顾。但巴布离开了爸爸后，哇哇大哭，人们该怎么办呢？\", \"id\" : \"Kwg1WPvdgHknjjvS4Ny3NV\", \"脚本\" : \"\", \"分类一\" : \"人与社会\", \"中文名称\" : \"饿肚子巨人的宝宝\", \"词汇量\" : 218, \"英文名称\" : \"The Hungry Giant's Baby\"}"
"{\"阅读时长\" : 55, \"年级\" : \"fourGrade\", \"封面\" : \"eyyb\\/system\\/hbyd\\/20210722\\/83cae3380bf3a2307706b20824f7bb5f\\/1626922413638_942.jpg\", \"主题\" : \"\", \"分类二\" : \"\", \"单词\" : \"\", \"简介\" : \"null\", \"id\" : \"MC8Z3LSvNMucXZB3RCdPfr\", \"脚本\" : \"\", \"分类一\" : \"\", \"中文名称\" : \"null\", \"词汇量\" : \"\", \"英文名称\" : \"In My Room\"}"
"{\"阅读时长\" : 132, \"年级\" : \"fiveGrade,sixGrade\", \"封面\" : \"eyyb\\/system\\/hbyd\\/20240530\\/1db043b78f22fa8cc188f8aad6d29154\\/1717038480058_175.png\", \"主题\" : \"西方节日\", \"分类二\" : \"趣味故事\", \"单词\" : \"broken,sigh,promise,reply,cosy,silly,prepare,decoration,slip,exclaim,stretch,glance,slippery,pleasure,wonderful,curtain,step,rise\", \"简介\" : \"冬天，雪下了一夜，维克多和蒂姆的房子被厚雪覆盖。蒂姆醒来看到雪很兴奋，但他们要去帮维多利亚准备圣诞派对。路上蒂姆滑倒，圣诞球飞出，幸好没坏。他们装饰圣诞树，蒂姆因树下没礼物难过。做蛋糕时看到烟囱冒烟，维克多发现圣诞老人在屋顶，因有个礼物太大放不进烟囱。维克多帮圣诞老人把礼物拿进来，大家很开心。\", \"id\" : \"MHQSgofPq7nr7drvEqBFjV\", \"脚本\" : \"\", \"分类一\" : \"人与社会\", \"中文名称\" : \"维克多——很大的圣诞礼物！\", \"词汇量\" : 865, \"英文名称\" : \"VICTOR - The Too Big Christmas Present!\"}"
"{\"阅读时长\" : 42, \"年级\" : \"twoGrade,threeGrade,fourGrade\", \"封面\" : \"eyyb\\/system\\/hbyd\\/20210713\\/6d40d98221844814107fefbd236c6234\\/1626156443642_403.jpg\", \"主题\" : \"动物\", \"分类二\" : \"自然科学\", \"单词\" : \"cat,dog,bike,see,car\", \"简介\" : \"塔科的主人带着塔科散步，塔科在路上看到了鸟、猫、卡车、汽车、松鼠、自行车、虫子，最后还看到了一只小狗。\", \"id\" : \"LnfAoZdpMpT11vteYKF1M6\", \"脚本\" : \"\", \"分类一\" : \"人与自然\", \"中文名称\" : \"汪汪叫！\", \"词汇量\" : 43, \"英文名称\" : \"Woof!\"}"
"{\"阅读时长\" : 36, \"年级\" : \"sixGrade\", \"封面\" : \"eyyb\\/system\\/hbyd\\/20241122\\/b3762472ffe5d2fabd2f7aabe3909628\\/1732267471483_123.png\", \"主题\" : \"交流与合作\", \"分类二\" : \"趣味故事\", \"单词\" : \"musician,feed,farm,band,donkey\", \"简介\" : \"老驴、老狗、老猫和公鸡被主人遗弃后，结伴去不来梅镇成为音乐家。他们智斗强盗，保护了一家人，最终被邀请留下，过上了幸福的生活。\", \"id\" : \"Kt3v7DJrwAoRfmtPXXLnCr\", \"脚本\" : \"\", \"分类一\" : \"人与社会\", \"中文名称\" : \"不来梅镇的音乐家\", \"词汇量\" : 694, \"英文名称\" : \"The Bremen Town Musicians\"}"
"{\"阅读时长\" : 28, \"年级\" : \"sixGrade\", \"封面\" : \"eyyb\\/system\\/hbyd\\/20240531\\/a4c7ac873f889596b115b969327b2a53\\/1717126013146_445.png\", \"主题\" : \"国外名胜古迹相关介绍\", \"分类二\" : \"人文社科\", \"单词\" : \"design,origin,edition,increase,discovery,lean,reduce,location,Japan,Stonehenge\", \"简介\" : \"这本绘本讲述了哈利法塔、埃菲尔铁塔、吴哥窟、亚历山大灯塔、比萨斜塔、中国长城和巨石阵等世界著名建筑的趣闻，揭示了它们的规模、历史和独特性。\", \"id\" : \"MALxxFCHXkoU6d79oRcsKg\", \"脚本\" : \"\", \"分类一\" : \"人与社会\", \"中文名称\" : \"伟大的建筑\", \"词汇量\" : 306, \"英文名称\" : \"Great Buildings\"}"
"{\"阅读时长\" : 58, \"年级\" : \"sixGrade\", \"封面\" : \"eyyb\\/system\\/hbyd\\/20210723\\/8497b9b3a164867a6997b3f09ac3914d\\/1627011233171_219.jpg\", \"主题\" : \"\", \"分类二\" : \"\", \"单词\" : \"\", \"简介\" : \"null\", \"id\" : \"LZaVP6MLfxyahXRfegNS64\", \"脚本\" : \"\", \"分类一\" : \"\", \"中文名称\" : \"null\", \"词汇量\" : \"\", \"英文名称\" : \"The Drip\"}"
"{\"阅读时长\" : 64, \"年级\" : \"fourGrade,fiveGrade,sixGrade\", \"封面\" : \"eyyb\\/system\\/hbyd\\/20241111\\/58867e10b36f827601a95a010be5e734\\/1731305508282_63.png\", \"主题\" : \"社会交往\", \"分类二\" : \"社会交往\", \"单词\" : \"shell,show,computer,feet,driver\", \"简介\" : \"汤米向大家展示了他的机器人Mr. Robo。最初他不愿分享，但在老师鼓励下，他与朋友们一起分享自己的机器人，发现一起玩更有趣。\", \"id\" : \"KzZyY1uz4XBoembg5T8yQ2\", \"脚本\" : \"\", \"分类一\" : \"人与社会\", \"中文名称\" : \"谢谢分享，汤米\", \"词汇量\" : 203, \"英文名称\" : \"Thanks for Sharing, Tommy\"}"
"{\"阅读时长\" : 88, \"年级\" : \"oneGrade,twoGrade,threeGrade\", \"封面\" : \"eyyb\\/system\\/hbyd\\/20220701\\/001c7d2677dae47bcf38c6c4b6d3d722\\/1656662110535_447.jpg\", \"主题\" : \"\", \"分类二\" : \"人际交往\", \"单词\" : \"\", \"简介\" : \"小黑长得和兄弟姐妹都不一样，大家都不爱和小黑一起玩。这一天，小黑决定出去走走，结识新朋友……\", \"id\" : \"MChbETwkxaXTK8W84wbFCc\", \"脚本\" : \"\", \"分类一\" : \"中文绘本\", \"中文名称\" : \"\", \"词汇量\" : 27, \"英文名称\" : \"不一样的我\"}"
"{\"阅读时长\" : 52, \"年级\" : \"fiveGrade,sixGrade\", \"封面\" : \"eyyb\\/system\\/hbyd\\/20250708\\/345e9f63810e45b82ecc100dade1aeb3\\/1751968002230_117.png\", \"主题\" : \"西方文化体验\", \"分类二\" : \"趣味故事\", \"单词\" : \"catch,raisin,bake,spoon,flour,button\", \"简介\" : \"老爷爷和老奶奶做了一个姜饼人，但他跳出烤箱逃跑了。老爷爷、老奶奶、男孩、女孩、狗、猫都在追他，姜饼人边跑边唱“你们抓不到我”。最后，一只狐狸假装帮他过河，却趁机吃掉了他。\", \"id\" : \"LZZFasKmgGcYe4x4MLhFA1\", \"脚本\" : \"\", \"分类一\" : \"人与社会\", \"中文名称\" : \"姜饼人\", \"词汇量\" : 528, \"英文名称\" : \"The Gingerbread Man\"}"
"{\"阅读时长\" : 64, \"年级\" : \"fourGrade,fiveGrade,sixGrade\", \"封面\" : \"eyyb\\/system\\/hbyd\\/20241223\\/d6ee948850b95895ee6552b38eb8805e\\/1734916916394_958.png\", \"主题\" : \"情绪\", \"分类二\" : \"情绪管理\", \"单词\" : \"guess,pick,snack,sneaker,allergic\", \"简介\" : \"绘本讲述了梅森因为妈妈生病，由爸爸负责照顾他一天的故事。梅森开始担心爸爸是否能胜任照顾他的任务，爸爸虽然在准备小吃时用了雅各布过敏的花生酱，忘记给梅森签到，但最终他准时接走了梅森，并带他去了公园。\", \"id\" : \"LuPNjF3GsuXXfV39gxJ8AC\", \"脚本\" : \"\", \"分类一\" : \"人与自我\", \"中文名称\" : \"别担心，梅森\", \"词汇量\" : 196, \"英文名称\" : \"Don't Worry, Mason\"}"
"{\"阅读时长\" : 28, \"年级\" : \"twoGrade,threeGrade,fourGrade\", \"封面\" : \"eyyb\\/system\\/hbyd\\/20240528\\/4aae449aee38347bffea54c719f56c01\\/1716892934737_759.jpg\", \"主题\" : \"衣物\", \"分类二\" : \"生活常识\", \"单词\" : \"dad,hat,sweater,vest,shirt,coat,want\", \"简介\" : \"绘本展示了爸爸想要的各种新衣服：外套、帽子、衬衫、毛衣和背心等。通过简单的句子和图片，让读者认识这些衣物的单词。\", \"id\" : \"Lw9bqCGe9yPnFXXHHXsRp3\", \"脚本\" : \"\", \"分类一\" : \"人与社会\", \"中文名称\" : \"爸爸喜欢新衣服\", \"词汇量\" : 42, \"英文名称\" : \"Dad Likes New Clothes\"}"
"{\"阅读时长\" : 36, \"年级\" : \"fiveGrade,sixGrade\", \"封面\" : \"eyyb\\/system\\/hbyd\\/20241025\\/76a0e26c07fac36e9833e47360eb3d0e\\/1729839145952_13.jpg\", \"主题\" : \"成长历程\", \"分类二\" : \"趣味故事\", \"单词\" : \"explain,unexpected,pond,reach,certain,feather,frightening,tremble,aloud,kingdom,nervous,snack\", \"简介\" : \"在一个晴朗的日子里，小鸡外出散步时，突然有东西掉在了他的头上。他非常害怕认为天要塌了，决定去告诉国王。途中，他遇到了饥饿的母鸡、嘎嘎叫的鹅和她的鹅宝宝、时髦的鸭子，还有高大的火鸡，他们都加入了小鸡的队伍。最终，他们到达国王那里，小鸡告诉国王天要塌了。国王询问后，从他的羽毛上拿下一颗橡子，告诉他王国是安全的，那只是一颗橡子掉在了他的头上。\", \"id\" : \"MWew9TMgudRkabpXJeauzG\", \"脚本\" : \"\", \"分类一\" : \"人与社会\", \"中文名称\" : \"小鸡小小\", \"词汇量\" : 425, \"英文名称\" : \"Chicken little\"}"
"{\"阅读时长\" : 16, \"年级\" : \"fourGrade,fiveGrade,sixGrade\", \"封面\" : \"eyyb\\/system\\/hbyd\\/20260401\\/449706f11c6d82b01ee9d368188cbaea\\/1775014459838_172.png\", \"主题\" : \"中国节日\", \"分类二\" : \"生活常识\", \"单词\" : \"south,hat,rain,often,festival,walk,season,during,visit,April\", \"简介\" : \"二十四节气是大自然的节奏，指导我们的农耕、生活和节庆。而与节气紧密相连的，还有那些美丽的非遗手工技艺，它们散发着智慧和温暖。让我们一起感受自然律动，化身小小匠人，开启一段传统文化之旅吧！\", \"id\" : \"Lun56wvHWHcX9SFUbWUZr5\", \"脚本\" : \",,,,,,,,\", \"分类一\" : \"人与社会\", \"中文名称\" : \"清明\", \"词汇量\" : 105, \"英文名称\" : \"Pure Brightness\"}"
"{\"阅读时长\" : 28, \"年级\" : \"twoGrade,threeGrade,fourGrade\", \"封面\" : \"eyyb\\/system\\/hbyd\\/20240522\\/94f6b741bf8442f99fc96f156b5fb431\\/1716359149528_806.jpg\", \"主题\" : \"家人\", \"分类二\" : \"人际关系\", \"单词\" : \"are,sister,pet,parent,he,cousin,my,she,they,grandparent\", \"简介\" : \"绘本围绕人与自我主题，聚焦家庭认知与情感。通过展示不同家庭成员及对应英语单词，帮助孩子认识家庭关系，感受对家人的情感。\", \"id\" : \"Kvs2FcKxt2Cwft7ByhjJMU\", \"脚本\" : \"\", \"分类一\" : \"人与社会\", \"中文名称\" : \"我的家庭\", \"词汇量\" : 50, \"英文名称\" : \"My Family\"}"
"{\"阅读时长\" : 80, \"年级\" : \"fourGrade,fiveGrade,sixGrade\", \"封面\" : \"hbyd\\/20190801\\/1d9536ec1b06dca196c6977a8f1a3dc8\\/Meanies_in_the_House.jpg\", \"主题\" : \"故事\", \"分类二\" : \"趣味故事\", \"单词\" : \"roll,mess,meany,step,skate,laugh,handstand\", \"简介\" : \"我的家里有三个小气鬼，他们经常把家里弄得乱糟糟。但他们害怕妈妈，看到奶奶甚至逃跑了，这是为什么呢？\", \"id\" : \"MB8ZieG9kbafKAJywz7h1u\", \"脚本\" : \"\", \"分类一\" : \"人与社会\", \"中文名称\" : \"房子里的小气鬼\", \"词汇量\" : 156, \"英文名称\" : \"Meanies in the House\"}"
"{\"阅读时长\" : 32, \"年级\" : \"oneGrade,twoGrade,threeGrade\", \"封面\" : \"eyyb\\/system\\/hbyd\\/20241104\\/11d2991a8a4f0d85988b4bb4c566fe0d\\/1730688168895_946.png\", \"主题\" : \"小动物\", \"分类二\" : \"自然科学\", \"单词\" : \"kitten,puppy,bunny\", \"简介\" : \"一起来与小鸡、小狗、小羊、小兔和小猫互动，认识可爱的动物宝宝，培养对动物的爱心。\", \"id\" : \"L9gy92K483uFDqoSci1nAN\", \"脚本\" : \"\", \"分类一\" : \"人与自然\", \"中文名称\" : \"动物宝宝\", \"词汇量\" : 27, \"英文名称\" : \"Animal Babies\"}"
"{\"阅读时长\" : 28, \"年级\" : \"threeGrade,fourGrade,fiveGrade\", \"封面\" : \"eyyb\\/system\\/hbyd\\/20240528\\/75e3777da458d91d45ea370eb263f652\\/1716898458223_980.jpg\", \"主题\" : \"购物\", \"分类二\" : \"生活常识\", \"单词\" : \"glove,ball\", \"简介\" : \"绘本描绘了在旧物出售处的场景，展示了不同物品与不同面值硬币，帮助读者认识相关硬币和物品的英文表达。\", \"id\" : \"LFgfJi8BSPjGYnCMdQReyH\", \"脚本\" : \"\", \"分类一\" : \"人与社会\", \"中文名称\" : \"在旧货出售现场\", \"词汇量\" : 126, \"英文名称\" : \"At the Tag Sale\"}"
"{\"阅读时长\" : 100, \"年级\" : \"threeGrade,fourGrade\", \"封面\" : \"eyyb\\/system\\/hbyd\\/20210722\\/6d527a4ef2e4f122ddc86c756ba59e2b\\/1626925039321_189.jpg\", \"主题\" : \"家人和亲友\", \"分类二\" : \"亲情友情\", \"单词\" : \"hose,hat,pants,dog,jacket,truck,boot\", \"简介\" : \"凯拉的妈妈是一位消防员，凯拉想成为像妈妈那样伟大的人，便开始模仿起了妈妈······\", \"id\" : \"Krx8WKF4Y6UJPQSd61jdG4\", \"脚本\" : \"\", \"分类一\" : \"人与社会\", \"中文名称\" : \"妈妈和凯拉\", \"词汇量\" : 72, \"英文名称\" : \"Mom and Kayla\"}"
"{\"阅读时长\" : 68, \"年级\" : \"fiveGrade\", \"封面\" : \"eyyb\\/system\\/hbyd\\/20210723\\/a3ec6801d59ab9a47bb2fd2ce144fc0d\\/1627004918323_758.jpg\", \"主题\" : \"\", \"分类二\" : \"\", \"单词\" : \"\", \"简介\" : \"null\", \"id\" : \"LPXYweutayZz52FxFHpX4f\", \"脚本\" : \"\", \"分类一\" : \"\", \"中文名称\" : \"null\", \"词汇量\" : \"\", \"英文名称\" : \"Play and Ride\"}"
"{\"阅读时长\" : 28, \"年级\" : \"twoGrade,threeGrade,fourGrade\", \"封面\" : \"eyyb\\/system\\/hbyd\\/20240528\\/6b5d5026b2ed1ad20f8cfc39b8885e4f\\/1716860326721_846.jpg\", \"主题\" : \"爱好\", \"分类二\" : \"文学艺术\", \"单词\" : \"concert,sing,ballet,dance\", \"简介\" : \"跳舞与唱歌绘本通过简单的句型和生动的插图，带领孩子们进入舞蹈和歌唱的世界，让他们了解不同的舞蹈风格和音乐活动。\", \"id\" : \"MXdZ52Rm2z8zAAkmUi4JNx\", \"脚本\" : \"\", \"分类一\" : \"人与社会\", \"中文名称\" : \"跳舞与唱歌\", \"词汇量\" : 50, \"英文名称\" : \"Dance and Sing\"}"
"{\"阅读时长\" : 40, \"年级\" : \"twoGrade,threeGrade,fourGrade\", \"封面\" : \"eyyb\\/system\\/hbyd\\/20241218\\/f7a4fa9342e9bd56d502f12d69109297\\/1734489232585_406.png\", \"主题\" : \"职业与生活\", \"分类二\" : \"职业认知\", \"单词\" : \"sit,run,sun,like,vet,rub,leg,van\", \"简介\" : \"瓦尔是一名兽医，她开着一辆面包车去给动物们看病，瓦尔是怎么帮助受伤的动物的？阅读的同时注意“v、q”在vet、Vic、Val、van、quit中的正确发音。\", \"id\" : \"LKh8GZCAEcJH6SVqS8froG\", \"脚本\" : \"\", \"分类一\" : \"人与社会\", \"中文名称\" : \"瓦尔是一名兽医\", \"词汇量\" : 69, \"英文名称\" : \"Val Is a Vet\"}"
"{\"阅读时长\" : 68, \"年级\" : \"fiveGrade,sixGrade\", \"封面\" : \"eyyb\\/system\\/hbyd\\/20220526\\/6a8df529360ffc6119d2092f243262b6\\/1653547375708_784.jpg\", \"主题\" : \"团队精神\", \"分类二\" : \"社会交往\", \"单词\" : \"yell,turnip,check,seed,pull,enormous\", \"简介\" : \"一个农夫种下了一颗萝卜种子。种子长啊长啊，就长成了一个巨大的萝卜！农夫是怎样拔出萝卜的呢？一起来看看吧！\", \"id\" : \"MRB3gofxyGA5UJLyFZceNx\", \"脚本\" : \"\", \"分类一\" : \"人与社会\", \"中文名称\" : \"巨大的大萝卜\", \"词汇量\" : 360, \"英文名称\" : \"The Great Big Enormous Turnip\"}"
"{\"阅读时长\" : 20, \"年级\" : \"fourGrade,fiveGrade,sixGrade\", \"封面\" : \"eyyb\\/system\\/hbyd\\/20240523\\/fb2c20d27518705c177bd5a7cbaea955\\/1716455838758_688.jpg\", \"主题\" : \"动物的外貌\", \"分类二\" : \"自然科学\", \"单词\" : \"double,rainforest,Asia,metre,speed,tall,jump,ground\", \"简介\" : \"绘本中以生动的插图和简洁的文字，带领孩子们进入亚洲热带雨林，认识长臂猿。长臂猿有惊人的跳跃能力，得益于独特的身体特征，长臂猿能以30公里\\/小时的速度在树林间穿梭。\", \"id\" : \"MWeCF32a64hV4yrGrU4skP\", \"脚本\" : \"\", \"分类一\" : \"人与自然\", \"中文名称\" : \"长臂猿\", \"词汇量\" : 54, \"英文名称\" : \"Gibbon\"}"
"{\"阅读时长\" : 73, \"年级\" : \"sixGrade\", \"封面\" : \"eyyb\\/system\\/hbyd\\/20210723\\/5621c9758031c7f0e84c525c5c0211a1\\/1627024008174_148.jpg\", \"主题\" : \"\", \"分类二\" : \"\", \"单词\" : \"\", \"简介\" : \"null\", \"id\" : \"MKtReEHqpDFX2TQFaHfkyg\", \"脚本\" : \"\", \"分类一\" : \"\", \"中文名称\" : \"null\", \"词汇量\" : \"\", \"英文名称\" : \"Time for Lunch\"}"
"{\"阅读时长\" : 72, \"年级\" : \"twoGrade,threeGrade,fourGrade\", \"封面\" : \"eyyb\\/system\\/hbyd\\/20220705\\/61c48c287eb1ed825f7782b24c37cc34\\/1656985660776_251.jpg\", \"主题\" : \"\", \"分类二\" : \"品德教育\", \"单词\" : \"\", \"简介\" : \"从前有一对夫妻，他们下定决心要舀干大海寻找宝藏，于是整天都在海里忙碌，不肯休息片刻。海里的鱼儿见此十分害怕，他们来到水晶宫里，找到了海龙王……\", \"id\" : \"M77oNVoa58DJcBhxAS86hr\", \"脚本\" : \"\", \"分类一\" : \"中文绘本\", \"中文名称\" : \"\", \"词汇量\" : 18, \"英文名称\" : \"舀干大海\"}"
"{\"阅读时长\" : 28, \"年级\" : \"twoGrade,threeGrade,fourGrade\", \"封面\" : \"eyyb\\/system\\/hbyd\\/20240528\\/681f1d0012d1c5273b4fc3cbcc393de5\\/1716860999584_855.jpg\", \"主题\" : \"爱好\", \"分类二\" : \"文学艺术\", \"单词\" : \"picture,draw,cut,she,write,I,glue\", \"简介\" : \"绘本通过简单的问答形式，引导孩子们思考如何使用一盒彩色铅笔和其他工具，如剪刀和胶水，来创作自己的艺术作品。\", \"id\" : \"LLPisMwy9i1ufmx9yV9ivQ\", \"脚本\" : \"\", \"分类一\" : \"人与社会\", \"中文名称\" : \"画画与剪纸\", \"词汇量\" : 60, \"英文名称\" : \"Draw and Cut\"}"
"{\"阅读时长\" : 74, \"年级\" : \"threeGrade\", \"封面\" : \"eyyb\\/system\\/hbyd\\/20211109\\/4cbdeabf7d0afcf932d1ebb46460923d\\/1636444938040_374.jpg\", \"主题\" : \"\", \"分类二\" : \"\", \"单词\" : \"\", \"简介\" : \"null\", \"id\" : \"L2pNNBeUisoa9vhgna6fHt\", \"脚本\" : \"\", \"分类一\" : \"\", \"中文名称\" : \"null\", \"词汇量\" : \"\", \"英文名称\" : \"Visit a Farm\"}"
"{\"阅读时长\" : 36, \"年级\" : \"fourGrade,fiveGrade,sixGrade\", \"封面\" : \"eyyb\\/system\\/hbyd\\/20230418\\/8931f04f54435f98433886427cc5cd79\\/1681803480718_98.jpg\", \"主题\" : \"调整情绪与情感\", \"分类二\" : \"心理教育\", \"单词\" : \"feel,storm,thunder,hurt\", \"简介\" : \"一天晚上，暴风雨来了。独自在家的邦妮感到很害怕，她看到霍皮也很害怕。邦妮想给霍皮一个大大的拥抱，这样他们就都不会害怕了。\", \"id\" : \"LRev6ogpyBRPZzLEDLHzzt\", \"脚本\" : \"\", \"分类一\" : \"人与自我\", \"中文名称\" : \"暴风雨\", \"词汇量\" : 155, \"英文名称\" : \"The Storm\"}"
"{\"阅读时长\" : 28, \"年级\" : \"twoGrade,threeGrade,fourGrade\", \"封面\" : \"eyyb\\/system\\/hbyd\\/20240523\\/6f7bf7efc3c0834bbdd2dff73167c366\\/1716451637985_875.jpg\", \"主题\" : \"运动能力\", \"分类二\" : \"人体奥秘\", \"单词\" : \"arm,help,have,me,leg,feet,hand,my\", \"简介\" : \"绘本引导孩子们认识和了解身体各部位及其功能。通过生动的插图和简单的句型，孩子们将学习如何用英语表达身体部位以及它们如何帮助我们进行日常活动和游戏。\", \"id\" : \"KpeUL95PGTnzjGf4B1sMhm\", \"脚本\" : \"\", \"分类一\" : \"人与自然\", \"中文名称\" : \"运用我的身体\", \"词汇量\" : 130, \"英文名称\" : \"Using My Body\"}"
"{\"阅读时长\" : 396, \"年级\" : \"threeGrade,fourGrade,fiveGrade,sixGrade\", \"封面\" : \"eyyb\\/system\\/hbyd\\/20220701\\/531228f8ebf66daba5c87a1577f9fe27\\/1656667711376_529.jpg\", \"主题\" : \"\", \"分类二\" : \"神话故事\", \"单词\" : \"\", \"简介\" : \"伏羲在哪儿？伏羲在火堆边、在山洞里、在小溪边，他在画画、在敲鼓、在歌唱、在舞蹈。伏羲永远都在寻找、在创造。他让生活有了“富足”，有了音乐，有了舞蹈。他不仅在生活，更是在创造生活······\", \"id\" : \"MLUBm4bm3xMwbG2p8EUMMv\", \"脚本\" : \"\", \"分类一\" : \"中文绘本\", \"中文名称\" : \"\", \"词汇量\" : 14, \"英文名称\" : \"伏羲伏羲\"}"
"{\"阅读时长\" : 44, \"年级\" : \"threeGrade\", \"封面\" : \"eyyb\\/system\\/hbyd\\/20211119\\/cbb22634fd4f6097d5618a6e9401c236\\/1637285695190_200.jpg\", \"主题\" : \"动物\", \"分类二\" : \"自然科学\", \"单词\" : \"fish,mouse,cat,rabbit,I\", \"简介\" : \"我和这些动物们都有一个共同的特征，你知道是什么吗？来看看吧！\", \"id\" : \"LdJqVp9VkvhnJTxS8QVDX2\", \"脚本\" : \"\", \"分类一\" : \"人与自然\", \"中文名称\" : \"他们有胡须\", \"词汇量\" : 27, \"英文名称\" : \"They Have Whiskers\"}"
"{\"阅读时长\" : 44, \"年级\" : \"twoGrade,threeGrade,fourGrade\", \"封面\" : \"eyyb\\/system\\/hbyd\\/20211221\\/32421183414da8a96701cb0e3f8ca51f\\/1640067956846_661.jpg\", \"主题\" : \"职业理想\", \"分类二\" : \"职业认知\", \"单词\" : \"pupil,policeman,fireman,policewoman\", \"简介\" : \"彼得长大后的职业梦想是什么呢？一起来看看他想做什么吧！\", \"id\" : \"LzNWCrKtF93rBPX4S4W5Qp\", \"脚本\" : \"\", \"分类一\" : \"人与社会\", \"中文名称\" : \"你想当什么？\", \"词汇量\" : 71, \"英文名称\" : \"What Do You Want to Be?\"}"
"{\"阅读时长\" : 43, \"年级\" : \"fourGrade,fiveGrade,sixGrade\", \"封面\" : \"eyyb\\/system\\/hbyd\\/20211116\\/848c57afad293e9f578d2a023da3b958\\/1637031034400_124.jpg\", \"主题\" : \"时间\", \"分类二\" : \"社会交往\", \"单词\" : \"ride,very,pool,wet,park,wash,bike,run\", \"简介\" : \"布莱特又被淋湿了，他为什么会被淋湿呢？他干什么了？去哪里了呢？\", \"id\" : \"Kx9CsrAaUrEx14hvVN9Dag\", \"脚本\" : \"\", \"分类一\" : \"人与社会\", \"中文名称\" : \"布莱特被淋湿了\", \"词汇量\" : 52, \"英文名称\" : \"Brett Got Wet\"}"
"{\"阅读时长\" : 64, \"年级\" : \"fiveGrade,sixGrade\", \"封面\" : \"eyyb\\/system\\/hbyd\\/20231023\\/0a31db15ea9ac02acd4065a9d450a946\\/1698033209401_188.jpg\", \"主题\" : \"\", \"分类二\" : \"性格教育\", \"单词\" : \"basketball,coach,tall,volleyball,sad\", \"简介\" : \"长颈鹿罗拉想要加入一个队伍，可是很多教练拒绝了她。后来，吉尔邀请她加入篮球队。她的身高很适合打篮球。\", \"id\" : \"MWLTSDUQ1cwqsmvN345TZh\", \"脚本\" : \"\", \"分类一\" : \"人与自我\", \"中文名称\" : \"太高了\", \"词汇量\" : 424, \"英文名称\" : \"Too Tall\"}"
"{\"阅读时长\" : 36, \"年级\" : \"twoGrade,threeGrade,fourGrade\", \"封面\" : \"eyyb\\/system\\/hbyd\\/20230524\\/c29afa3909ba08bf68b0d7e5c1ff50dd\\/1684908071870_632.jpg\", \"主题\" : \"\", \"分类二\" : \"交通运输\", \"单词\" : \"plane,boat,bike,train,bus,car\", \"简介\" : \"小汽车、飞机、火车、公共汽车、船、货车、还有自行车，这些交通工具都可以跑得很快。还有什么可以跑得很快呢？\", \"id\" : \"KssC2mCzv7ftW53AQ2dGjG\", \"脚本\" : \"\", \"分类一\" : \"人与社会\", \"中文名称\" : \"跑得很快的东西\", \"词汇量\" : 43, \"英文名称\" : \"Things That Go Fast\"}"
"{\"阅读时长\" : 56, \"年级\" : \"sixGrade\", \"封面\" : \"eyyb\\/system\\/hbyd\\/20241122\\/a835315349824cffa920183f82e755a0\\/1732266977940_518.png\", \"主题\" : \"家人\", \"分类二\" : \"亲情友情\", \"单词\" : \"thunderstorm,swallow,insect,mushroom,yawn\", \"简介\" : \"小猴子和爷爷一起度过了快乐的一天，他们一起看日出、吃早餐，然后在草地上打盹、玩水坑、打滚，最后再梳理毛发。\", \"id\" : \"QCKfWqncxrirR2VPqGWuZF\", \"脚本\" : \"\", \"分类一\" : \"人与社会\", \"中文名称\" : \"爷爷的小猴子\", \"词汇量\" : 522, \"英文名称\" : \"Grandpa’s Little Monkey\"}"
"{\"阅读时长\" : 64, \"年级\" : \"fourGrade,fiveGrade,sixGrade\", \"封面\" : \"eyyb\\/system\\/hbyd\\/20240528\\/889a018f65f0c7b3bea9f72c1f5ce9d6\\/1716893273258_8.jpg\", \"主题\" : \"我的玩具\", \"分类二\" : \"生活习惯\", \"单词\" : \"track,hole,teeth,puzzle,piece\", \"简介\" : \"肯和我拼图时发现少了几块，我们叫来简老师，她告诉我们这是因为没有及时整理玩具。于是，我们开始了一场玩具寻宝活动，整理玩具箱，确保每样东西都放回原位。最终，我们找到了丢失的拼图块和其他玩具。\", \"id\" : \"QbPhqGmDcnfri78Yru7X7u\", \"脚本\" : \"\", \"分类一\" : \"人与自我\", \"中文名称\" : \"大家一起来打扫\", \"词汇量\" : 240, \"英文名称\" : \"Clean Up, Everybody\"}"
"{\"阅读时长\" : 371, \"年级\" : \"sixGrade\", \"封面\" : \"eyyb\\/system\\/hbyd\\/20201215\\/3889b33cdba11d1895db7e1803675a6b\\/1608014642653_647.jpg\", \"主题\" : \"\", \"分类二\" : \"\", \"单词\" : \"\", \"简介\" : \"null\", \"id\" : \"Rg4JidtVFn5EYyHBHRL4QR\", \"脚本\" : \"\", \"分类一\" : \"\", \"中文名称\" : \"null\", \"词汇量\" : \"\", \"英文名称\" : \"Sammy the Seal\"}"
"{\"阅读时长\" : 81, \"年级\" : \"fourGrade,fiveGrade,sixGrade\", \"封面\" : \"eyyb\\/system\\/hbyd\\/20211116\\/6096ac862b89403774666937aebc536c\\/1637029975717_217.jpg\", \"主题\" : \"交通方式\", \"分类二\" : \"交通运输\", \"单词\" : \"special train,stair,walk,escalator,mountain,hill,golf cart,take a ride,get around,animal,chairlift\", \"简介\" : \"你平时会搭乘什么交通工具外出呢？步行？火车？汽车？除了这些，还有什么特别的交通工具吗？\", \"id\" : \"R5eEyngQjAjhq2NFxXv98F\", \"脚本\" : \"\", \"分类一\" : \"人与社会\", \"中文名称\" : \"让我们来搭乘吧\", \"词汇量\" : 97, \"英文名称\" : \"Let's Ride\"}"
"{\"阅读时长\" : 392, \"年级\" : \"oneGrade,twoGrade,threeGrade,fourGrade\", \"封面\" : \"eyyb\\/system\\/hbyd\\/20220630\\/719271b507378f202b0968c9d58a1ba5\\/1656580708296_476.jpg\", \"主题\" : \"\", \"分类二\" : \"人际交往\", \"单词\" : \"\", \"简介\" : \"龙龙哥哥想组建一支乐队，可是没有鼓手，谁会成为乐队的鼓手呢？让我们一起来看看吧！\", \"id\" : \"Q5KDUTaywPvH7DPMMk2Rxy\", \"脚本\" : \"\", \"分类一\" : \"中文绘本\", \"中文名称\" : \"\", \"词汇量\" : 33, \"英文名称\" : \"咚咚咚，鼓手来了\"}"
"{\"阅读时长\" : 64, \"年级\" : \"threeGrade,fourGrade,fiveGrade\", \"封面\" : \"eyyb\\/system\\/hbyd\\/20240528\\/a95fc9d8bbbf3a601dcc7bf88056aad7\\/1716893840824_977.jpg\", \"主题\" : \"调整情绪与情感\", \"分类二\" : \"情绪管理\", \"单词\" : \"playground,run,mad,feel\", \"简介\" : \"米娅在沙盒里建沙堡时，梅森和奥利维亚的加入让她生气。在老师劳丽的建议下，米娅跑步缓解情绪，然后重新加入朋友们一起玩耍，学会了分享和处理情绪。\", \"id\" : \"R1kLsJEMdaaPY8Y4gFYLwp\", \"脚本\" : \"\", \"分类一\" : \"人与自我\", \"中文名称\" : \"我当时很生气\", \"词汇量\" : 208, \"英文名称\" : \"I Was So Mad\"}"
"{\"阅读时长\" : 199, \"年级\" : \"sixGrade\", \"封面\" : \"\\/bookread\\/userfiles2\\/1\\/files\\/APP\\/kantupeiyin\\/6X\\/Guess How Much I Love You\\/Guess How Much I Love You.jpg\", \"主题\" : \"\", \"分类二\" : \"\", \"单词\" : \"\", \"简介\" : \"null\", \"id\" : \"R8h7igTAG2xvsbNkNkjpW2\", \"脚本\" : \"\", \"分类一\" : \"\", \"中文名称\" : \"null\", \"词汇量\" : \"\", \"英文名称\" : \"Guess How Much I Love You 猜猜我有多爱你\"}"
"{\"阅读时长\" : 64, \"年级\" : \"threeGrade,fourGrade,fiveGrade\", \"封面\" : \"eyyb\\/system\\/hbyd\\/20240528\\/6a76d12dd8f0ddea86ca912ac384daa7\\/1716893322743_429.jpg\", \"主题\" : \"善待生命\", \"分类二\" : \"安全教育\", \"单词\" : \"help,breakfast,word,brother\", \"简介\" : \"Ben是家里的小助手，Brodie想向哥哥学习，却常常弄巧成拙，一起来看看他们的生活趣事吧。\", \"id\" : \"R8aaZcTxYSGG4ZoWwCsw2k\", \"脚本\" : \"\", \"分类一\" : \"人与自我\", \"中文名称\" : \"啊，布罗迪\", \"词汇量\" : 106, \"英文名称\" : \"OH BRODIE!\"}"
"{\"阅读时长\" : 52, \"年级\" : \"fourGrade,fiveGrade,sixGrade\", \"封面\" : \"eyyb\\/system\\/hbyd\\/20240528\\/ee229b70e7f6c2d77bee975bad58a64f\\/1716883384940_965.jpg\", \"主题\" : \"探索认知\", \"分类二\" : \"探索宇宙\", \"单词\" : \"star,wonder,big,sky,high,light,shine,see,bright,like,night,above,little,look,diamond\", \"简介\" : \"你会唱小星星吗？想必这首经典的“Twinkle, twinkle little star”大家都会唱哟！一起来看看根据这首儿歌改编的绘本剧吧！卡洛斯一家看着夜空，他们在想星星像什么呢？像钻石一样在夜空中闪亮，像夜灯一样为路人照亮前路······\", \"id\" : \"QjvYyo9cfzRKx9GqeJqQos\", \"脚本\" : \"\", \"分类一\" : \"人与自然\", \"中文名称\" : \"闪烁的星星\", \"词汇量\" : 277, \"英文名称\" : \"The Twinkling Stars\"}"
"{\"阅读时长\" : 24, \"年级\" : \"oneGrade,twoGrade,threeGrade\", \"封面\" : \"eyyb\\/system\\/hbyd\\/20240515\\/8f1f0184bdabb08bacb72252f7c0fdab\\/1715736846145_752.jpg\", \"主题\" : \"乐学\", \"分类二\" : \"趣味故事\", \"单词\" : \"\", \"简介\" : \"将26个字母与相关事物、动物、人物联系起来，帮助孩子们认识 26 个英文字母。\", \"id\" : \"QdfgFaoxQyebtJ4tpKT7QQ\", \"脚本\" : \"\", \"分类一\" : \"人与社会\", \"中文名称\" : \"ABC字母\", \"词汇量\" : 97, \"英文名称\" : \"ABC\"}"
"{\"阅读时长\" : 40, \"年级\" : \"twoGrade,threeGrade,fourGrade\", \"封面\" : \"eyyb\\/system\\/hbyd\\/20241218\\/0192d55ef473ef98c1b796f9803d8656\\/1734488674828_640.png\", \"主题\" : \"能力\", \"分类二\" : \"思维培养\", \"单词\" : \"make,home,log,cut,lake,cube,mule,lot\", \"简介\" : \"内德准备用木头建造一个家，幸好他有一匹能干的骡子，骡子帮助内德做了哪些工作？阅读的同时注意“Long u”在cube、cute、use、mule中的正确发音。\", \"id\" : \"QWSKvxBoAPdqzKCyysZfnP\", \"脚本\" : \"\", \"分类一\" : \"人与自我\", \"中文名称\" : \"用一头骡子\", \"词汇量\" : 74, \"英文名称\" : \"Use a Mule\"}"
"{\"阅读时长\" : 226, \"年级\" : \"fiveGrade,sixGrade,threeGrade,fourGrade\", \"封面\" : \"eyyb\\/system\\/hbyd\\/20211119\\/d2b60d3e187a044359e02f20cec04c9b\\/1637302257620_982.jpg\", \"主题\" : \"动物的性格\", \"分类二\" : \"品德教养\", \"单词\" : \"crocodile,zebra,hay,anteater,smile,tiger,monkey,style,happen,greedy,lizard,hippo,guest,meat\", \"简介\" : \"什么才会使鳄鱼微笑呢？鳄鱼的微笑下面又隐藏着什么样的阴谋呢？一起来读一读绘本吧！\", \"id\" : \"QaupWEToxqQvpzNPPgGbnW\", \"脚本\" : \"\", \"分类一\" : \"人与自我\", \"中文名称\" : \"鳄鱼的微笑\", \"词汇量\" : 225, \"英文名称\" : \"The Crocodile Smile\"}"
"{\"阅读时长\" : 28, \"年级\" : \"twoGrade,threeGrade,fourGrade\", \"封面\" : \"eyyb\\/system\\/hbyd\\/20240515\\/567cec03748bdc5667c79131d3503911\\/1715738755787_165.jpg\", \"主题\" : \"社会交往\", \"分类二\" : \"亲情友情\", \"单词\" : \"hello,friend,play,she\", \"简介\" : \"孩子们通过自我介绍认识彼此，然后一起玩滑板，展现友谊。绘本有助于孩子开始学会英语表达，感受美好友谊。\", \"id\" : \"QEVFidFLz6R9uaW4hFYyrL\", \"脚本\" : \"\", \"分类一\" : \"人与社会\", \"中文名称\" : \"朋友\", \"词汇量\" : 21, \"英文名称\" : \"Friends\"}"
"{\"阅读时长\" : 28, \"年级\" : \"twoGrade,threeGrade,fourGrade\", \"封面\" : \"eyyb\\/system\\/hbyd\\/20240528\\/142322af859358ee2decb5a37b0d7052\\/1716859608027_785.jpg\", \"主题\" : \"蔬菜\", \"分类二\" : \"生活常识\", \"单词\" : \"basket,pumpkin,vegetable,soup,carrot,tomato\", \"简介\" : \"绘本通过引导孩子观察南瓜、番茄和胡萝卜等蔬菜，帮助孩子认识各种蔬菜并学习用英语描述，激发孩子们对健康饮食的兴趣。\", \"id\" : \"QMSPLk5mNYy9fmMcfGCoVi\", \"脚本\" : \"\", \"分类一\" : \"人与社会\", \"中文名称\" : \"蔬菜\", \"词汇量\" : 60, \"英文名称\" : \"Vegetables\"}"
"{\"阅读时长\" : 36, \"年级\" : \"fourGrade,fiveGrade,sixGrade\", \"封面\" : \"eyyb\\/system\\/hbyd\\/20240523\\/d4981aef48ab39084b8f9db165869ed3\\/1716456262380_45.jpg\", \"主题\" : \"位置\", \"分类二\" : \"社会交往\", \"单词\" : \"surprise,bed,cupboard,basket,inside,chair,nowhere,policeman,neighborhood,cat,fireman,under,garden,librarian,furry,lovely,stair\", \"简介\" : \"Maisie 有一只毛茸茸、会咕噜叫的猫叫 Moggie，她们一起玩耍、在花园劳作、看电视，去哪儿都一起。但有一天早上 Moggie 不见了，Maisie 到处寻找，问了警察、图书管理员、消防员、邮递员和面包师，都没找到。伤心地回家后，却发现 Moggie 在篮子里，这让她又惊又喜。\", \"id\" : \"PsXMGa5K4swbJNLo3uD9sk\", \"脚本\" : \"\", \"分类一\" : \"人与社会\", \"中文名称\" : \"莫吉在哪里？\", \"词汇量\" : 173, \"英文名称\" : \"Where Is Moggie?\"}"
"{\"阅读时长\" : 60, \"年级\" : \"threeGrade,fourGrade,fiveGrade\", \"封面\" : \"eyyb\\/system\\/hbyd\\/20210722\\/79e7fe9befce2912361febeeb89ceb8d\\/1626918302848_441.jpg\", \"主题\" : \"我的身体\", \"分类二\" : \"人体奥秘\", \"单词\" : \"arm,leg,feet,nose,bear,ear,mouth,eye\", \"简介\" : \"我有一个可爱的大熊娃娃。它有大鼻子、大嘴巴、大眼睛、大耳朵、大手臂、大粗腿还有大脚。你看，它还有一个可爱的小熊娃娃。\", \"id\" : \"R52H28eT38quQ8i1XPhmz1\", \"脚本\" : \"\", \"分类一\" : \"人与自然\", \"中文名称\" : \"我的大熊\", \"词汇量\" : 86, \"英文名称\" : \"My Big Bear\"}"
"{\"阅读时长\" : 132, \"年级\" : \"threeGrade,fourGrade\", \"封面\" : \"hbyd\\/20190614\\/ea34b84c2f39a0afbaa67638164ff4d8\\/Go_Away_Big_Green_Monster.jpg\", \"主题\" : \"\", \"分类二\" : \"\", \"单词\" : \"\", \"简介\" : \"null\", \"id\" : \"RHnVwxmEincZT8byEzWT5o\", \"脚本\" : \"\", \"分类一\" : \"\", \"中文名称\" : \"null\", \"词汇量\" : \"\", \"英文名称\" : \"Go Away Big Green Monster\"}"
"{\"阅读时长\" : 28, \"年级\" : \"twoGrade,threeGrade\", \"封面\" : \"eyyb\\/system\\/hbyd\\/20241204\\/5dafb3907da5c99270b047500e9e07c6\\/1733296468736_737.png\", \"主题\" : \"能力,团队精神\", \"分类二\" : \"趣味故事\", \"单词\" : \"dog,out,man,the,look,cat,turnip,woman,come,at,will\", \"简介\" : \"这本绘本讲述了在农场里，一个男人想要拔出巨大的萝卜，但是他一个人无法做到。于是女人、狗和猫都来帮忙，大家一起用力拉萝卜，最后萝卜终于被拔了出来。这个故事强调了团结协作的重要性。\", \"id\" : \"RXkeHndAcaP3sjbNFho1zi\", \"脚本\" : \"\", \"分类一\" : \"人与社会\", \"中文名称\" : \"巨大的萝卜\", \"词汇量\" : 78, \"英文名称\" : \"The Giant Turnip\"}"
"{\"阅读时长\" : 20, \"年级\" : \"threeGrade,fourGrade\", \"封面\" : \"eyyb\\/system\\/hbyd\\/20241125\\/7529e5ebc4cf1398998c3856bba2a31a\\/1732518446556_359.png\", \"主题\" : \"假期活动\", \"分类二\" : \"安全教育\", \"单词\" : \"arrive,put,luckily,suitcase,moment,tent,pole,carry,top,map,lost,decide,hammer,arm,reach\", \"简介\" : \"小熊Victor和搭档小老鼠Tim带着帐篷和手提箱，开车去山上度假了！它们决定登上山顶，但它们很快就迷路了！接下来会怎么样呢？一起来看看吧！\", \"id\" : \"RE4Xi2oFTw6nFMDcKr8ipX\", \"脚本\" : \"\", \"分类一\" : \"人与自我\", \"中文名称\" : \"维克多在山中\", \"词汇量\" : 107, \"英文名称\" : \"VICTOR in the Mountains\"}"
"{\"阅读时长\" : 28, \"年级\" : \"twoGrade,threeGrade,fourGrade\", \"封面\" : \"eyyb\\/system\\/hbyd\\/20240528\\/ca0c3a01bbc82fece1c4ad17b5b3aa4e\\/1716858128406_350.jpg\", \"主题\" : \"日常活动\", \"分类二\" : \"社会交往\", \"单词\" : \"picnic,tree,lovely,outing,settle,delicious,big\", \"简介\" : \"威兹和帕莎去郊游。他们在一棵大树下安顿下来享受美味的野餐，展现了朋友之间共度欢乐时光的场景。\", \"id\" : \"QVaXocZdEaZAi49Pc8Vp5x\", \"脚本\" : \"\", \"分类一\" : \"人与社会\", \"中文名称\" : \"吉他盒\", \"词汇量\" : 46, \"英文名称\" : \"THE GUITAR CASE\"}"
"{\"阅读时长\" : 151, \"年级\" : \"fourGrade,fiveGrade,sixGrade\", \"封面\" : \"hbyd\\/20190801\\/1d90cc35beb4e707eca8f7776223446a\\/Poor_Sore_Hungry_Giant.jpg\", \"主题\" : \"故事\", \"分类二\" : \"趣味故事\", \"单词\" : \"moan,bend,poor,sore,bone,lie\", \"简介\" : \"饿肚子巨人生病了，他全身都在疼，他到底得了什么病呢？一起来看看今天的故事吧！\", \"id\" : \"QqcubXSKCGVMS5b27MBxan\", \"脚本\" : \"\", \"分类一\" : \"人与社会\", \"中文名称\" : \"可怜的饿肚子巨人\", \"词汇量\" : 221, \"英文名称\" : \"Poor Sore Hungry Giant\"}"
"{\"阅读时长\" : 162, \"年级\" : \"fourGrade,fiveGrade,sixGrade\", \"封面\" : \"hbyd\\/20190801\\/052dbd727a1fe253f927a4140f86dd71\\/Mrs_Wishy-Washy_and_the_Big_Wash.jpg\", \"主题\" : \"劳动与生活\", \"分类二\" : \"趣味故事\", \"单词\" : \"town,water,laugh,truck,bookshop,wash\", \"简介\" : \"洗刷刷太太要大扫除了，但是家里没水。于是她带着动物们去镇上找水，没想到他们去了······\", \"id\" : \"QUtKJ82ppkBrKGs2Hr32py\", \"脚本\" : \"\", \"分类一\" : \"人与社会\", \"中文名称\" : \"洗刷刷太太和大扫除\", \"词汇量\" : 227, \"英文名称\" : \"Mrs Wishy-Washy and the Big Wash\"}"
"{\"阅读时长\" : 28, \"年级\" : \"threeGrade,fourGrade,fiveGrade\", \"封面\" : \"eyyb\\/system\\/hbyd\\/20240523\\/ae7c8d6c3266b6f66dc6f3c20b98dd9d\\/1716455385308_488.jpg\", \"主题\" : \"描述路线\", \"分类二\" : \"思维培养\", \"单词\" : \"rope,down,go,steps,like,slide,we\", \"简介\" : \"通过孩子们在滑梯、绳子、台阶和斜坡上的活动，教会孩子们如何用英语表达“上”和“下”，同时引入了与这些动作相关的词汇。\", \"id\" : \"RfkXPvSA4wyvB4LmhgV83U\", \"脚本\" : \"\", \"分类一\" : \"人与自我\", \"中文名称\" : \"上上下下\", \"词汇量\" : 130, \"英文名称\" : \"Up and Down\"}"
"{\"阅读时长\" : 20, \"年级\" : \"fourGrade,fiveGrade,sixGrade\", \"封面\" : \"eyyb\\/system\\/hbyd\\/20240528\\/8a329ec4ed4567b5ef4233bcbd0b9293\\/1716859500747_755.jpg\", \"主题\" : \"野生动物\", \"分类二\" : \"自然科学\", \"单词\" : \"tall,top,equivalent,height,territory,survey,tree,leg,jump,roughly\", \"简介\" : \"美洲狮是一种生活在美洲的强壮而灵活的猫科动物。这本书将带领孩子们探索美洲狮惊人的跳跃能力，以及它们如何在野外生存和狩猎。\", \"id\" : \"RhseGAgCyPze1cfYqT71EY\", \"脚本\" : \"\", \"分类一\" : \"人与自然\", \"中文名称\" : \"美洲狮\", \"词汇量\" : 52, \"英文名称\" : \"Puma\"}"
"{\"阅读时长\" : 259, \"年级\" : \"threeGrade\", \"封面\" : \"hbyd\\/20190614\\/8ab4e28b0248f6680968abbfb8590beb\\/Ape_in_A_Cape.jpg\", \"主题\" : \"\", \"分类二\" : \"\", \"单词\" : \"\", \"简介\" : \"null\", \"id\" : \"Q7wm1izTfgmHkfhJxCDpC4\", \"脚本\" : \"\", \"分类一\" : \"\", \"中文名称\" : \"null\", \"词汇量\" : \"\", \"英文名称\" : \"Ape in a Cape\"}"
"{\"阅读时长\" : 32, \"年级\" : \"oneGrade,twoGrade,threeGrade\", \"封面\" : \"eyyb\\/system\\/hbyd\\/20241104\\/cc06693e2fe4f6dcc88579695080f933\\/1730687720112_25.png\", \"主题\" : \"农场动物\", \"分类二\" : \"自然科学\", \"单词\" : \"cow,sheep,chicken,horse\", \"简介\" : \"我们在农场见到了一些鸡、牛、马、猪还有绵羊。\", \"id\" : \"PxeohY3Ec4ZWQtuS12tQf9\", \"脚本\" : \"\", \"分类一\" : \"人与自然\", \"中文名称\" : \"农场的动物\", \"词汇量\" : 24, \"英文名称\" : \"Animals on the Farm\"}"
"{\"阅读时长\" : 97, \"年级\" : \"twoGrade,threeGrade,fourGrade\", \"封面\" : \"eyyb\\/system\\/hbyd\\/20211220\\/72272d45e98480b264e5c17477c3bd13\\/1639967310681_160.jpg\", \"主题\" : \"衣物\", \"分类二\" : \"趣味故事\", \"单词\" : \"nice,trousers,coat,they,shirt,shorts,T-shirt,look,and,dress,at\", \"简介\" : \"一天晚上，一些白色衣服想给自己换换颜色，他们都变成了什么颜色呢？\", \"id\" : \"QXS7RGMRKwSEf98zbbxfmw\", \"脚本\" : \"\", \"分类一\" : \"人与社会\", \"中文名称\" : \"看看这些衣服\", \"词汇量\" : 78, \"英文名称\" : \"Look at These Clothes\"}"
"{\"阅读时长\" : 28, \"年级\" : \"twoGrade,threeGrade\", \"封面\" : \"eyyb\\/system\\/hbyd\\/20241204\\/bae0375c89cadee11fd3057aeedc0239\\/1733279060505_861.png\", \"主题\" : \"我的身体\", \"分类二\" : \"健康教育\", \"单词\" : \"have,mountain,desert,with,waterfall,see,the,forest,our,we\", \"简介\" : \"这本绘本通过展示美丽的沙漠、高山、森林和瀑布等场景，强调了我们用眼睛看世界的重要性。孩子们可以通过观察这些自然景观，感受大自然的魅力。\", \"id\" : \"R9eFG9TmTyt9NGqUAMLgSz\", \"脚本\" : \"\", \"分类一\" : \"人与自我\", \"中文名称\" : \"我们用眼睛看\", \"词汇量\" : 67, \"英文名称\" : \"We See With Our Eyes\"}"
"{\"阅读时长\" : 36, \"年级\" : \"threeGrade,fourGrade,fiveGrade\", \"封面\" : \"eyyb\\/system\\/hbyd\\/20230228\\/7925a18738ebda1954e0223b03f95f02\\/1677569982785_140.jpg\", \"主题\" : \"天气与活动\", \"分类二\" : \"社会交往\", \"单词\" : \"dance,write,rainy,read,sing,paint\", \"简介\" : \"在雨天，我们也可以做很多我们喜欢的事情呢！比如，画画、做烘焙、跳舞等。\", \"id\" : \"RccPjfcPp9TpHELnA1jAyG\", \"脚本\" : \"\", \"分类一\" : \"人与社会\", \"中文名称\" : \"雨天\", \"词汇量\" : 64, \"英文名称\" : \"A Rainy Day\"}"
"{\"阅读时长\" : 56, \"年级\" : \"fiveGrade,sixGrade\", \"封面\" : \"eyyb\\/system\\/hbyd\\/20241122\\/77e205e5e7895972e6adbe7175339ffe\\/1732266700876_58.png\", \"主题\" : \"社会交往\", \"分类二\" : \"社会交往\", \"单词\" : \"valley,proud,cosy,tail,cub\", \"简介\" : \"小熊猫Sonny在玩耍时不小心伤害了朋友们。起初，Sonny没有意识到他的行为对朋友们造成了困扰，直到他发现自己没有朋友可以一起玩了。在妈妈的提示下，Sonny学会了说“对不起”。\", \"id\" : \"PpSVLnBFgQfeByjEBvHNzY\", \"脚本\" : \"\", \"分类一\" : \"人与社会\", \"中文名称\" : \"熊猫说：“对不起······”\", \"词汇量\" : 593, \"英文名称\" : \"Panda says, \\\"Sorry...\\\"\"}"
"{\"阅读时长\" : 64, \"年级\" : \"fiveGrade,sixGrade\", \"封面\" : \"eyyb\\/system\\/hbyd\\/20240530\\/4b57517febc306b6d7d6a814f77537a5\\/1717058700999_110.png\", \"主题\" : \"劳动与品德\", \"分类二\" : \"趣味故事\", \"单词\" : \"ingredient,oven,lounge,loaf,harvest,cozy,mill,flour,spectacular,bake,dough,assistance\", \"简介\" : \"一天，小红母鸡发现一粒小麦，想找人帮忙种植，鸭子、狗、猫和猪都拒绝了。之后小红母鸡独自完成种植、收割、送小麦去磨坊、做面包等一系列工作。面包做好后，大家都想吃，小红母鸡拒绝了他们，自己享受了美味面包。这个故事强调了勤劳与合作的重要性。\", \"id\" : \"RBTU5RsUoZnB91YYgioJtv\", \"脚本\" : \"\", \"分类一\" : \"人与社会\", \"中文名称\" : \"小红母鸡\", \"词汇量\" : 555, \"英文名称\" : \"The Little Red Hen\"}"
"{\"阅读时长\" : 72, \"年级\" : \"fiveGrade\", \"封面\" : \"eyyb\\/system\\/hbyd\\/20221123\\/77f548bd887e733a5c7ffc9dbf251b2c\\/1669173213418_808.jpg\", \"主题\" : \"关怀他人\", \"分类二\" : \"亲情友情\", \"单词\" : \"sure,lovely,rabbit,basket\", \"简介\" : \"小男孩想养一只兔子，妈妈问：“你会用什么样的方式去爱它呢？”\", \"id\" : \"QRgRNXn5HZdvnLxQyyVDye\", \"脚本\" : \"\", \"分类一\" : \"人与社会\", \"中文名称\" : \"原来这就是爱\", \"词汇量\" : 160, \"英文名称\" : \"So This Is Love\"}"
"{\"阅读时长\" : 326, \"年级\" : \"fiveGrade,sixGrade\", \"封面\" : \"hbyd\\/20190614\\/386a20f010227eafcd3e470ddbcdb72d\\/Hattie_and_the_Fox.jpg\", \"主题\" : \"\", \"分类二\" : \"\", \"单词\" : \"\", \"简介\" : \"null\", \"id\" : \"PwnCHB4efSZaS81Lb7t9H5\", \"脚本\" : \"\", \"分类一\" : \"\", \"中文名称\" : \"null\", \"词汇量\" : \"\", \"英文名称\" : \"Hattie and the Fox\"}"
"{\"阅读时长\" : 78, \"年级\" : \"threeGrade\", \"封面\" : \"eyyb\\/system\\/hbyd\\/20220128\\/0fb403c8cda1fcc55dea1d8209646927\\/1643341838360_812.jpg\", \"主题\" : \"\", \"分类二\" : \"\", \"单词\" : \"\", \"简介\" : \"null\", \"id\" : \"QNkDMTNm8w7PHXi7yqKKMf\", \"脚本\" : \"\", \"分类一\" : \"\", \"中文名称\" : \"null\", \"词汇量\" : \"\", \"英文名称\" : \"The Three Thieves\"}"
"{\"阅读时长\" : 27, \"年级\" : \"twoGrade,threeGrade,fourGrade\", \"封面\" : \"eyyb\\/system\\/hbyd\\/20210715\\/13cee9ac615d1ca0d4eaf012ad6dfc7f\\/1626335763539_460.jpg\", \"主题\" : \"我的身体\", \"分类二\" : \"人体奥秘\", \"单词\" : \"ear,nose,neck,eye,tail,feet,leg\", \"简介\" : \"看看长颈鹿。看看它的脚，看看它的腿，看看它的尾巴、脖子、眼睛、鼻子还有耳朵。\", \"id\" : \"QRCPZVru41SQStfLBGAL7L\", \"脚本\" : \"\", \"分类一\" : \"人与自然\", \"中文名称\" : \"看！\", \"词汇量\" : 32, \"英文名称\" : \"Look!\"}"
"{\"阅读时长\" : 56, \"年级\" : \"oneGrade,twoGrade,threeGrade,fourGrade\", \"封面\" : \"eyyb\\/system\\/hbyd\\/20220630\\/8c62d250bcee9e78913d1b7e8b563047\\/1656555564257_339.jpg\", \"主题\" : \"\", \"分类二\" : \"品德教育\", \"单词\" : \"\", \"简介\" : \"一年一度的森林音乐会就要开始啦！小动物们该怎么去大江对岸参加音乐会呢？\", \"id\" : \"RD8RvSJT24FDFUSJj5MF2N\", \"脚本\" : \"\", \"分类一\" : \"中文绘本\", \"中文名称\" : \"\", \"词汇量\" : 25, \"英文名称\" : \"神秘的礼物\"}"
"{\"阅读时长\" : 56, \"年级\" : \"threeGrade\", \"封面\" : \"eyyb\\/system\\/hbyd\\/20210714\\/e7fe143e47342f50dee7037a4d842e63\\/1626250535297_359.jpg\", \"主题\" : \"\", \"分类二\" : \"\", \"单词\" : \"\", \"简介\" : \"null\", \"id\" : \"RWz1afLCrNPJ5u9sdsSQNh\", \"脚本\" : \"\", \"分类一\" : \"\", \"中文名称\" : \"null\", \"词汇量\" : \"\", \"英文名称\" : \"The Baby Animals\"}"
"{\"阅读时长\" : 16, \"年级\" : \"threeGrade,fourGrade\", \"封面\" : \"eyyb\\/system\\/hbyd\\/20251125\\/cccb2a68ce80a2e2f414f95099d6c486\\/1764053817599_219.jpg\", \"主题\" : \"季节与活动\", \"分类二\" : \"生活常识\", \"单词\" : \"south,sky,vegetables,fish,fruit,north\", \"简介\" : \"处暑过后，北方的天气变得凉爽，南方还有点热。这个时节，人们会做什么呢？\", \"id\" : \"RKwKnq6125WbVkuiVx2pVv\", \"脚本\" : \",,,,,,,,,,\", \"分类一\" : \"人与社会\", \"中文名称\" : \"处暑\", \"词汇量\" : 95, \"英文名称\" : \"End of Heat\"}"
"{\"阅读时长\" : 196, \"年级\" : \"fourGrade\", \"封面\" : \"eyyb\\/system\\/hbyd\\/20211019\\/3b4015e249c5e4dd34be8c00bdf3d650\\/1634627793712_43.jpg\", \"主题\" : \"\", \"分类二\" : \"\", \"单词\" : \"\", \"简介\" : \"null\", \"id\" : \"PpHVQyDnH1aqaZY9sgLN6N\", \"脚本\" : \"\", \"分类一\" : \"\", \"中文名称\" : \"null\", \"词汇量\" : \"\", \"英文名称\" : \"Trick or Treat?\"}"
"{\"阅读时长\" : 51, \"年级\" : \"fiveGrade\", \"封面\" : \"eyyb\\/system\\/hbyd\\/20210723\\/9830d6410790127db71328bab0b63f70\\/1627002221061_507.jpg\", \"主题\" : \"\", \"分类二\" : \"\", \"单词\" : \"\", \"简介\" : \"null\", \"id\" : \"PjTDMhcnv9sSFidZSqcttR\", \"脚本\" : \"\", \"分类一\" : \"\", \"中文名称\" : \"null\", \"词汇量\" : \"\", \"英文名称\" : \"Kittens\"}"
"{\"阅读时长\" : 36, \"年级\" : \"threeGrade,fourGrade,fiveGrade\", \"封面\" : \"eyyb\\/system\\/hbyd\\/20241101\\/d602ce527dc405802e4f2ad95cba1271\\/1730446159248_287.png\", \"主题\" : \"身心健康\", \"分类二\" : \"健康教育\", \"单词\" : \"bed,sleep,read,bake\", \"简介\" : \"紧张先生难以入睡，他尝试了各种方法来帮助入眠：读书、喝牛奶、烤饼干、听音乐跳舞······可是他仍睡不着。后来，他试着发明了一种睡眠机，这能够让他顺利入睡吗？\", \"id\" : \"QpqTWZspLPeQbJHrVKjgUc\", \"脚本\" : \"\", \"分类一\" : \"人与自我\", \"中文名称\" : \"紧张先生和睡眠机器\", \"词汇量\" : 274, \"英文名称\" : \"Mr. Jitters and the Sleep Machine\"}"
"{\"阅读时长\" : 64, \"年级\" : \"fourGrade,fiveGrade,sixGrade\", \"封面\" : \"eyyb\\/system\\/hbyd\\/20230913\\/e5e788d4d56772e695bf460860c55699\\/1694586668660_34.jpg\", \"主题\" : \"思考\", \"分类二\" : \"趣味故事\", \"单词\" : \"never,look at,fall down,tell,walk\", \"简介\" : \"一天，小小鸡走在树林里。她大喊道：“天要塌下来了！”于是，她要去告诉国王，在路上她遇到了一些小伙伴。\", \"id\" : \"Rd9Q1w19dztjB88VH6Rxg3\", \"脚本\" : \"\", \"分类一\" : \"人与社会\", \"中文名称\" : \"小小鸡\", \"词汇量\" : 258, \"英文名称\" : \"Chicken Little\"}"
"{\"阅读时长\" : 49, \"年级\" : \"threeGrade,fourGrade\", \"封面\" : \"eyyb\\/system\\/hbyd\\/20211119\\/391abb0cf1b3024f6aeb7b077550c48a\\/1637286322674_992.jpg\", \"主题\" : \"家人\", \"分类二\" : \"亲情友情\", \"单词\" : \"grandmother,grandfather,dad,sister,mum,love\", \"简介\" : \"我有着一个幸福美满的家庭，有和蔼可亲的爷爷，有慈眉善目的奶奶，有高大威武的爸爸，还有······\", \"id\" : \"PxqkquZCqZir6Jsz642HWS\", \"脚本\" : \"\", \"分类一\" : \"人与社会\", \"中文名称\" : \"我的家人\", \"词汇量\" : 54, \"英文名称\" : \"My Family\"}"
"{\"阅读时长\" : 68, \"年级\" : \"fiveGrade,sixGrade\", \"封面\" : \"eyyb\\/system\\/hbyd\\/20240530\\/ede3f648cba3b21a59de3500e0329e39\\/1717058478190_558.png\", \"主题\" : \"探索认知\", \"分类二\" : \"社会交往\", \"单词\" : \"fireplace,mountain,rock,camera,eagle,wardrobe,bark,branch,carrot,aeroplane,guide,landscape,bench,valley,button\", \"简介\" : \"洛拉、蒂托和乌菲在旅途中透过车窗看风景，来到山上小木屋。他们等爸爸找钥匙时玩雪做雪人。之后发现大脚印，以为是熊或雪人，决定拿相机跟随。他们沿着脚印经历各种状况，最后发现大脚印是隔壁木屋女孩留下的。故事展现山中探险与意外发现。\", \"id\" : \"QgPTec7SJRHzqPQQ4wWLCt\", \"脚本\" : \"\", \"分类一\" : \"人与社会\", \"中文名称\" : \"在山中\", \"词汇量\" : 350, \"英文名称\" : \"In The Mountains\"}"
"{\"阅读时长\" : 28, \"年级\" : \"twoGrade,threeGrade,fourGrade\", \"封面\" : \"eyyb\\/system\\/hbyd\\/20240523\\/94242ae15e35563f4c7f8641911c6d88\\/1716455305573_594.jpg\", \"主题\" : \"描述路线\", \"分类二\" : \"思维培养\", \"单词\" : \"down,up\", \"简介\" : \"绘本通过孩子们在游乐场的各种活动：小山上攀登、在斜坡上滑下、沿着绳子攀爬、从滑梯上滑落、以及在台阶上上下下，介绍了“上”和“下”的概念，以及与之相关的词汇。\", \"id\" : \"RMmwipKQeNvEVpEtmG9EvQ\", \"脚本\" : \"\", \"分类一\" : \"人与自我\", \"中文名称\" : \"上上下下\", \"词汇量\" : 29, \"英文名称\" : \"Going Up and Down\"}"
"{\"阅读时长\" : 28, \"年级\" : \"oneGrade,twoGrade,threeGrade\", \"封面\" : \"eyyb\\/system\\/hbyd\\/20241205\\/dbc5ed2e2090af4df2d3f93bcf496a2e\\/1733398913709_335.png\", \"主题\" : \"居住环境\", \"分类二\" : \"生活常识\", \"单词\" : \"house,tent,apartment,igloo\", \"简介\" : \"这本绘本展示了不同类型的居住场所，有公寓、房子、船屋、冰屋和帐篷。快来看看这些独特的家吧！\", \"id\" : \"QkidGf824ca7eTtKBoQ5aD\", \"脚本\" : \"\", \"分类一\" : \"人与社会\", \"中文名称\" : \"我的家\", \"词汇量\" : 34, \"英文名称\" : \"My Home\"}"
"{\"阅读时长\" : 258, \"年级\" : \"threeGrade,fourGrade,fiveGrade\", \"封面\" : \"\\/bookread\\/userfiles2\\/1\\/files\\/APP\\/kantupeiyin\\/3X\\/Does a kangaroo have a mother, too\\/img\\/0.jpg\", \"主题\" : \"家人和亲友\", \"分类二\" : \"亲情友情\", \"单词\" : \"sheep,giraffe,penguin,lion,baby,monkey,elephant\", \"简介\" : \"袋鼠有妈妈吗？狮子有妈妈吗？还有哪些动物像我们一样，也有妈妈呢？一起来看看吧！\", \"id\" : \"Q6uTx8cJbUbGfRpRiveiRK\", \"脚本\" : \"\", \"分类一\" : \"人与社会\", \"中文名称\" : \"袋鼠也有妈妈吗？\", \"词汇量\" : 228, \"英文名称\" : \"Does a kangaroo have a mother, too?\"}"
"{\"阅读时长\" : 28, \"年级\" : \"threeGrade,fourGrade,fiveGrade\", \"封面\" : \"eyyb\\/system\\/hbyd\\/20240523\\/03c195a768de917903ff69b2c285a775\\/1716455704829_895.jpg\", \"主题\" : \"动物的外貌\", \"分类二\" : \"生活常识\", \"单词\" : \"fish,look,yellow,snake,tiger,orange,stripe,zebra,blue,black\", \"简介\" : \"绘本介绍了几种具有独特条纹的动物，包括斑马、老虎、蛇和鱼。通过简单的句型和鲜明的插图，帮助孩子们学习动物的英文名称，同时了解它们的外貌特点。\", \"id\" : \"TdL12LumTkd2qpgJmCkqws\", \"脚本\" : \"\", \"分类一\" : \"人与社会\", \"中文名称\" : \"动物有图案\", \"词汇量\" : 130, \"英文名称\" : \"Animals Have Patterns\"}"
"{\"阅读时长\" : 28, \"年级\" : \"threeGrade,fourGrade,fiveGrade\", \"封面\" : \"eyyb\\/system\\/hbyd\\/20240528\\/ef7cc5a2963e7191a00a34ab9c75f031\\/1716883877210_745.png\", \"主题\" : \"家人\", \"分类二\" : \"趣味故事\", \"单词\" : \"pour,snore,rain,get,bump,sleep\", \"简介\" : \"一天早上，窗外倾盆大雨，吃早餐的时间到了，可是爷爷还躺在床上睡觉呢！谁来喊爷爷起床？爷爷起来了吗？他到底怎么了？打开这本《One Raining, Pouring Morning》，一起来看一看吧！\", \"id\" : \"SfZzza9WRQEndT9CVAmu5i\", \"脚本\" : \"\", \"分类一\" : \"人与社会\", \"中文名称\" : \"一个大雨倾盆的早晨\", \"词汇量\" : 209, \"英文名称\" : \"One Raining, Pouring Morning\"}"
"{\"阅读时长\" : 55, \"年级\" : \"oneGrade,twoGrade,threeGrade\", \"封面\" : \"eyyb\\/system\\/hbyd\\/20211214\\/e08f0d48f8d342cb6a3ebe4f6d4ee398\\/1639443790959_996.jpg\", \"主题\" : \"身体部位\", \"分类二\" : \"人体奥秘\", \"单词\" : \"know,hair,nose,eye,ear,mouth,sorry,face\", \"简介\" : \"长满了锋利的牙齿，那是什么呢？噢！原来是鳄鱼的嘴巴！男孩还发现了什么呢？\", \"id\" : \"SUqd7vyhG4EgouwWqFAGLQ\", \"脚本\" : \"\", \"分类一\" : \"人与自然\", \"中文名称\" : \"这是什么？\", \"词汇量\" : 50, \"英文名称\" : \"What's This?\"}"
"{\"阅读时长\" : 40, \"年级\" : \"threeGrade,fourGrade,fiveGrade\", \"封面\" : \"eyyb\\/system\\/hbyd\\/20241025\\/96bda9a43b651b16188d6afd1e5fdc4c\\/1729839493855_649.jpg\", \"主题\" : \"天气与活动\", \"分类二\" : \"趣味故事\", \"单词\" : \"snowy,sky,snow\", \"简介\" : \"孩子们醒来发现外面被雪覆盖了。爸爸提议全家一起享受这个雪天。他们可以玩雪、扔雪球、堆雪人、滑雪。大家都喜欢下雪的日子。\", \"id\" : \"Tu6y3vVHiSXVWDMy3YzKbn\", \"脚本\" : \"\", \"分类一\" : \"人与社会\", \"中文名称\" : \"一个下雪天\", \"词汇量\" : 138, \"英文名称\" : \"One Snowy Day\"}"
"{\"阅读时长\" : 155, \"年级\" : \"fourGrade,fiveGrade,sixGrade\", \"封面\" : \"hbyd\\/20190801\\/9d40dec3a50b56687e4c69f2de3a9876\\/Sloppy_Tiger_on_the_Bus.jpg\", \"主题\" : \"文明的理念与行为\", \"分类二\" : \"趣味故事\", \"单词\" : \"hat,driver,lick,bus,seat,jump\", \"简介\" : \"毛手毛脚虎和波比一起去坐公交。一位头戴一顶缀满樱桃帽子的女士上了车，毛手毛脚虎最喜欢吃樱桃了，然后······\", \"id\" : \"SNNYNpNLZAsmHexQtnqp3y\", \"脚本\" : \"\", \"分类一\" : \"人与社会\", \"中文名称\" : \"毛手毛脚虎乘公交\", \"词汇量\" : 278, \"英文名称\" : \"Sloppy Tiger on the Bus\"}"
"{\"阅读时长\" : 28, \"年级\" : \"threeGrade,fourGrade,fiveGrade\", \"封面\" : \"eyyb\\/system\\/hbyd\\/20240523\\/f2672e76b232aacd7366f707c8e05ca7\\/1716456025140_991.jpg\", \"主题\" : \"居住环境\", \"分类二\" : \"生活常识\", \"单词\" : \"tent,apartment,my,house,big,have,like\", \"简介\" : \"以世界各地的家为背景，展示不同家的房子，帮助孩子们学习与“家”相关的词汇，让孩子们感受到不同类型的家都很温暖重要。\", \"id\" : \"S8q9US2NGrTJy8N3TATfqR\", \"脚本\" : \"\", \"分类一\" : \"人与社会\", \"中文名称\" : \"我喜欢我的家\", \"词汇量\" : 130, \"英文名称\" : \"I Like My Home\"}"
"{\"阅读时长\" : 28, \"年级\" : \"threeGrade,fourGrade,fiveGrade\", \"封面\" : \"eyyb\\/system\\/hbyd\\/20240523\\/0197948a8139e016a4d5bcdcbdc4e974\\/1716454999261_725.jpg\", \"主题\" : \"植物\", \"分类二\" : \"自然科学\", \"单词\" : \"eat,look,apple,seed,can,pepper,watermelon,at,cucumber\", \"简介\" : \"每种植物最初都是一粒小小的种子，最终长成了我们可以享用的美味果实。绘本展示了：苹果、黄瓜、辣椒和西瓜，帮助孩子们学习用英语表达，同时激发他们对自然世界的好奇心和探索欲。\", \"id\" : \"SqXfppfNsuksq1823f4xz7\", \"脚本\" : \"\", \"分类一\" : \"人与自然\", \"中文名称\" : \"植物生长\", \"词汇量\" : 120, \"英文名称\" : \"Plants Grow\"}"
"{\"阅读时长\" : 49, \"年级\" : \"oneGrade,twoGrade,threeGrade\", \"封面\" : \"eyyb\\/system\\/hbyd\\/20211214\\/de43cb95f04d8bb53fff36e16a1ece4c\\/1639465815257_196.jpg\", \"主题\" : \"身体部位\", \"分类二\" : \"人体奥秘\", \"单词\" : \"raise,head,touch,hand,arm,body,foot,leg\", \"简介\" : \"大猩猩是一位体育老师。在他的体育课上，发生了什么有趣的事情呢？\", \"id\" : \"Sew1cBkUmhokAp2762SdgZ\", \"脚本\" : \"\", \"分类一\" : \"人与自然\", \"中文名称\" : \"一节体育课\", \"词汇量\" : 34, \"英文名称\" : \"A PE Class\"}"
"{\"阅读时长\" : 96, \"年级\" : \"fourGrade,fiveGrade,sixGrade\", \"封面\" : \"eyyb\\/system\\/hbyd\\/20240530\\/cb80ba2b79d767e1792157eac118bf24\\/1717054638489_815.jpg\", \"主题\" : \"困难\", \"分类二\" : \"趣味故事\", \"单词\" : \"eat,hillside,deep,bridge,cross,first,run away,decide,water,still,reply,horn,mean,bad-tempered,plenty,hill,rush,enough,next,roar,shout\", \"简介\" : \"大小不同的三只山羊，名字都叫葛鲁夫。一天，他们要到山坡上吃草，但路上必须经过一座桥，桥底下住着可怕的巨魔。首先小山羊葛鲁夫走上了桥，惊醒了巨魔。巨魔要吃他，可是小山羊说：“一会儿中山羊葛鲁夫就来了，他比我大多啦。”结果巨魔放他走了。中山羊葛鲁夫也一样逃了命。大山羊葛鲁夫却勇猛地冲过去把巨魔挑到河中，水中却出现一条大鱼……会发生什么呢？巨魔得到教训了吗？\", \"id\" : \"SbbcsBgDj5cCEfJoLqhXqW\", \"脚本\" : \"\", \"分类一\" : \"人与社会\", \"中文名称\" : \"三只山羊葛鲁夫\", \"词汇量\" : 260, \"英文名称\" : \"The Three Billy Goats Gruff\"}"
"{\"阅读时长\" : 28, \"年级\" : \"twoGrade,threeGrade,fourGrade\", \"封面\" : \"eyyb\\/system\\/hbyd\\/20240528\\/21c2a78a3927226f5217b8a8a63df141\\/1716893917731_751.jpg\", \"主题\" : \"西方节日\", \"分类二\" : \"人文社科\", \"单词\" : \"have,Christmas,like,present,Santa Claus,dinner,sock\", \"简介\" : \"绘本通过简洁的画面和文字，展示了圣诞节以及相关元素，如圣诞老人、晚餐、袜子和礼物等。孩子们可以感受圣诞节的氛围，认识关于圣诞节的单词。\", \"id\" : \"SZNuFRAXRUtTcTLzddNay4\", \"脚本\" : \"\", \"分类一\" : \"人与社会\", \"中文名称\" : \"圣诞节\", \"词汇量\" : 50, \"英文名称\" : \"Christmas\"}"
"{\"阅读时长\" : 40, \"年级\" : \"threeGrade,fourGrade,fiveGrade\", \"封面\" : \"eyyb\\/system\\/hbyd\\/20240604\\/10aa6a6e0bce77d03a18789fac24902f\\/1717484782820_769.png\", \"主题\" : \"天气与生活\", \"分类二\" : \"自然科学\", \"单词\" : \"wet,flash,quickly,best,nothing,pour,care,boring,blue,dress,drip\", \"简介\" : \"绘本描述了下雨天的情景。一开始雨倾盆而下，伴随着雷声和闪电，风在呼啸，窗台在滴水，让人觉得无聊又忧郁。但当雨势变小，爸爸带来雨靴和帽子提议去雨中散步时，孩子的心情瞬间改变，迅速穿好衣服，不再在意外面是否潮湿。这个故事展现了雨对人的情绪的影响以及亲子活动带来的积极变化。\", \"id\" : \"TNzkntxhAj16ZcHM58zSZ3\", \"脚本\" : \"\", \"分类一\" : \"人与自然\", \"中文名称\" : \"雨下得很大\", \"词汇量\" : 102, \"英文名称\" : \"It's Raining; It's Pouring\"}"
"{\"阅读时长\" : 237, \"年级\" : \"fiveGrade,sixGrade\", \"封面\" : \"hbyd\\/20190610\\/716526080b4427dcf8712df857ba1257\\/14.jpg\", \"主题\" : \"\", \"分类二\" : \"\", \"单词\" : \"\", \"简介\" : \"null\", \"id\" : \"TkZvaw82jTUyVGsvdjY3zg\", \"脚本\" : \"\", \"分类一\" : \"\", \"中文名称\" : \"null\", \"词汇量\" : \"\", \"英文名称\" : \"Five Little Monkeys Jumping on the Bed\"}"
"{\"阅读时长\" : 82, \"年级\" : \"twoGrade,threeGrade,fourGrade\", \"封面\" : \"eyyb\\/system\\/hbyd\\/20211220\\/06d6267ae7c474ff29b3ce1e9b85d120\\/1639972075682_97.jpg\", \"主题\" : \"数量\", \"分类二\" : \"趣味故事\", \"单词\" : \"eighteen,thirteen,count,fifteen,nineteen,how many,twenty,sixteen,fourteen,seventeen\", \"简介\" : \"小蚂蚁们出来找食物，发现了一个大家伙。一共出动了多少只蚂蚁来搬动它呢？\", \"id\" : \"SvbmE7atsD3RgwKivZj2P9\", \"脚本\" : \"\", \"分类一\" : \"人与社会\", \"中文名称\" : \"这里有多少只蚂蚁？\", \"词汇量\" : 78, \"英文名称\" : \"How Many Ants Are There?\"}"
"{\"阅读时长\" : 57, \"年级\" : \"fiveGrade\", \"封面\" : \"eyyb\\/system\\/hbyd\\/20210723\\/30a00b40489a660ca347168c17f99633\\/1627002718262_822.jpg\", \"主题\" : \"\", \"分类二\" : \"\", \"单词\" : \"\", \"简介\" : \"null\", \"id\" : \"TLaE4yeFyb6pmGqHo3TJga\", \"脚本\" : \"\", \"分类一\" : \"\", \"中文名称\" : \"null\", \"词汇量\" : \"\", \"英文名称\" : \"Meli on the Stairs\"}"
"{\"阅读时长\" : 64, \"年级\" : \"threeGrade,fourGrade,fiveGrade\", \"封面\" : \"eyyb\\/system\\/hbyd\\/20240528\\/e53f70a13a66d0141f5f06b7b21f39c2\\/1716893587576_372.jpg\", \"主题\" : \"交通标志\", \"分类二\" : \"安全教育\", \"单词\" : \"see,help,sign\", \"简介\" : \"绘本讲述了爷爷和 “我” 外出时看到的各种安全标志。有些标志能保证我们的安全，有些标志为我们指路。我们沿着人行道走，穿过街道，经过消防站，走过桥，在遮阳篷下，穿过公园看到了很多安全标志。强调了安全标志在日常生活中的重要性，培养孩子的安全意识。\", \"id\" : \"SpwwYG2NyWkA8eCMXhaJLH\", \"脚本\" : \"\", \"分类一\" : \"人与自我\", \"中文名称\" : \"安全标志\", \"词汇量\" : 94, \"英文名称\" : \"Safety Signs\"}"
"{\"阅读时长\" : 54, \"年级\" : \"fourGrade,fiveGrade,sixGrade\", \"封面\" : \"eyyb\\/system\\/hbyd\\/20211116\\/8901c02824c8e5178161b8f3d4954c60\\/1637032472236_916.jpg\", \"主题\" : \"时间\", \"分类二\" : \"趣味故事\", \"单词\" : \"beside,Friday,behind,hamburger,cheese,Wednesday,Monday,Thursday,hungry,cracker,French fries,Sunday,Tuesday,Saturday\", \"简介\" : \"大房子里住着两只小老鼠，这两只小老鼠肚子饿了，忙着找吃的，猜猜它们找到了什么好吃的呢？\", \"id\" : \"Sr47v2KMxtTvpFmnkmTmEp\", \"脚本\" : \"\", \"分类一\" : \"人与社会\", \"中文名称\" : \"两只饥饿的老鼠\", \"词汇量\" : 71, \"英文名称\" : \"Two Hungry Mice\"}"
"{\"阅读时长\" : 28, \"年级\" : \"threeGrade,fourGrade,fiveGrade\", \"封面\" : \"eyyb\\/system\\/hbyd\\/20240528\\/760025d4ab23c6360fbe351a9ff53a5e\\/1716861275261_338.jpg\", \"主题\" : \"交通方式\", \"分类二\" : \"交通运输\", \"单词\" : \"have,truck,van,up,bus,go,in,car\", \"简介\" : \"绘本通过介绍各种交通工具，如小汽车、卡车、面包车和校车，带领孩子们认识不同的车辆及其用途。\", \"id\" : \"TLB3tia3YVsMxutEFcTwnr\", \"脚本\" : \"\", \"分类一\" : \"人与社会\", \"中文名称\" : \"在路上\", \"词汇量\" : 130, \"英文名称\" : \"On the Road\"}"
"{\"阅读时长\" : 28, \"年级\" : \"threeGrade,fourGrade,fiveGrade\", \"封面\" : \"eyyb\\/system\\/hbyd\\/20240528\\/a694a6fd6f9c39a43443dc1f8b37d8ec\\/1716858690758_915.jpg\", \"主题\" : \"天气与活动\", \"分类二\" : \"自然科学\", \"单词\" : \"see,umbrella,play,rain,hat,wind,sun,kite,snow,lightning,sled\", \"简介\" : \"通过描绘雨、太阳、雪和风等自然现象，这本书以简单的句型和生动的插图，引导孩子们学习如何用英语描述天气，并学习根据天气选择合适的户外活动。\", \"id\" : \"RuVUknVFTSdP6eWqmybz7N\", \"脚本\" : \"\", \"分类一\" : \"人与自然\", \"中文名称\" : \"各种各样的天气\", \"词汇量\" : 90, \"英文名称\" : \"All Kinds of Weather\"}"
"{\"阅读时长\" : 36, \"年级\" : \"sixGrade\", \"封面\" : \"eyyb\\/system\\/hbyd\\/20241122\\/6688d2715f9b066a42fa0d517b5fa4fc\\/1732266852333_225.png\", \"主题\" : \"感恩\", \"分类二\" : \"趣味故事\", \"单词\" : \"earn,cupboard,extra,leather,customer,shoe\", \"简介\" : \"鞋匠发现晚上是精灵在帮他制作鞋子。为表感激，他和妻子为精灵们制作了新衣。精灵们高兴地接受了礼物后离开了。此后，鞋匠的生意很兴旺，但他们每年新年都会给小精灵制作新衣服。\", \"id\" : \"RiEk4HCAwpKYdJSCM5QfBP\", \"脚本\" : \"\", \"分类一\" : \"人与社会\", \"中文名称\" : \"鞋匠和精灵\", \"词汇量\" : 510, \"英文名称\" : \"The Shoemaker and the Elves\"}"
"{\"阅读时长\" : 28, \"年级\" : \"threeGrade,fourGrade,fiveGrade\", \"封面\" : \"eyyb\\/system\\/hbyd\\/20240523\\/a6cc551e8fa4cd7db302649a887936f3\\/1716455953348_859.jpg\", \"主题\" : \"数量\", \"分类二\" : \"生活常识\", \"单词\" : \"three,four,two,one\", \"简介\" : \"以卧室为背景，展示床、帽子、椅子、贝壳等物品，通过描述物品及数量，引导孩子认识物品和数字，表达对房间的喜爱。\", \"id\" : \"SwML336eS5ZKLLRJyjvDF2\", \"脚本\" : \"\", \"分类一\" : \"人与社会\", \"中文名称\" : \"我房间里的数字\", \"词汇量\" : 52, \"英文名称\" : \"Numbers in My Room\"}"
"{\"阅读时长\" : 40, \"年级\" : \"twoGrade,threeGrade,fourGrade\", \"封面\" : \"eyyb\\/system\\/hbyd\\/20241104\\/379c853dee7beb31d187fee23854178b\\/1730686329746_237.png\", \"主题\" : \"常见职业介绍\", \"分类二\" : \"职业认知\", \"单词\" : \"make,bake,name\", \"简介\" : \"这是一本介绍职业的书，照护宠物的兽医、烘培面包的烘培师、机械维修师……你长大后想从事什么职业呢？阅读时注意“长音 a”在单词中的发音。\", \"id\" : \"RmfsTNXZPkHrc7KQTmXtuP\", \"脚本\" : \"\", \"分类一\" : \"人与社会\", \"中文名称\" : \"盖布、凯特和戴夫\", \"词汇量\" : 66, \"英文名称\" : \"Gabe, Kate, and Dave\"}"
"{\"阅读时长\" : 36, \"年级\" : \"threeGrade,fourGrade,fiveGrade\", \"封面\" : \"eyyb\\/system\\/hbyd\\/20240528\\/056bc8af33321bd548b08ce8011b9f6b\\/1716893011349_681.jpg\", \"主题\" : \"动物的饮食\", \"分类二\" : \"生活常识\", \"单词\" : \"plant,trunk,deer,carrot,rabbit,squirrel\", \"简介\" : \"维克多和蒂姆在森林里捡栗子，他们一路上遇到了松鼠、鹿、啄木鸟和兔子，并尝试与它们分享自己的食物——胡萝卜。他们发现不同的动物喜欢吃不同的食物，如松鼠喜欢栗子，而兔子喜欢吃胡萝卜。\", \"id\" : \"SCB89tephDAahNcRxwYmxM\", \"脚本\" : \"\", \"分类一\" : \"人与社会\", \"中文名称\" : \"维克多在森林里\", \"词汇量\" : 126, \"英文名称\" : \"VICTOR in the Forest\"}"
"{\"阅读时长\" : 28, \"年级\" : \"threeGrade,fourGrade,fiveGrade\", \"封面\" : \"eyyb\\/system\\/hbyd\\/20240528\\/4fe95a85886630a744b5ea51fd5e77ac\\/1716892616516_891.jpg\", \"主题\" : \"学校场所\", \"分类二\" : \"校园生活\", \"单词\" : \"cafeteria,classroom,we,go,playground,library\", \"简介\" : \"绘本展示了在图书馆拿书、在体育馆拿绳子、在操场拿跳绳、在自助餐厅拿披萨以及在教室的活动，帮助孩子们学习与学校生活相关的英语词汇，感受丰富多彩的学校生活。\", \"id\" : \"RmdDc6TPdnSwrEp8hzJ2SB\", \"脚本\" : \"\", \"分类一\" : \"人与社会\", \"中文名称\" : \"在学校\", \"词汇量\" : 120, \"英文名称\" : \"At School\"}"
"{\"阅读时长\" : 24, \"年级\" : \"oneGrade,twoGrade,threeGrade\", \"封面\" : \"eyyb\\/system\\/hbyd\\/20241104\\/d4fb2900949de250f50f96e956a6c4a6\\/1730685327172_242.png\", \"主题\" : \"其他动物\", \"分类二\" : \"自然科学\", \"单词\" : \"\", \"简介\" : \"你认识多少个以26个英文字母为首字母的动物？打开这本《Animal ABC》，走进精彩纷呈的动物王国。\", \"id\" : \"SNhoRRxdkUNkHNNAQNu2r2\", \"脚本\" : \"\", \"分类一\" : \"人与自然\", \"中文名称\" : \"动物ABC\", \"词汇量\" : \"\", \"英文名称\" : \"Animal ABC\"}"
"{\"阅读时长\" : 20, \"年级\" : \"threeGrade,fourGrade\", \"封面\" : \"eyyb\\/system\\/hbyd\\/20241125\\/f09b5faebc05342b8039288621a6eea9\\/1732504531722_65.png\", \"主题\" : \"农场动物\", \"分类二\" : \"自然科学\", \"单词\" : \"hay,fall,geese,goat,gather,watch,thirsty,crow,rooster,laugh,check\", \"简介\" : \"小熊Victor和调皮搭档小老鼠Tim在马厩里帮马梳理鬃毛、挤牛奶、给猪洗澡等劳动场景。它们遇到了哪些动物？又是怎样帮助这些动物的？\", \"id\" : \"SZpq6nRWKAQhsB8Qh8G59s\", \"脚本\" : \"\", \"分类一\" : \"人与自然\", \"中文名称\" : \"维克多在鸡舍\", \"词汇量\" : 90, \"英文名称\" : \"VICTOR in the Henhouse\"}"
"{\"阅读时长\" : 36, \"年级\" : \"oneGrade,twoGrade,threeGrade\", \"封面\" : \"eyyb\\/system\\/hbyd\\/20230228\\/a077fd5c2f96a4de4b80801ccf92fd00\\/1677567060642_243.jpg\", \"主题\" : \"衣物\", \"分类二\" : \"生活习惯\", \"单词\" : \"look,sweater,shoe,backpack,pants,hat,socks,shirt\", \"简介\" : \"有一位小女孩要准备穿衣服了，今天她要给大家展示一下她打算穿的衣服。\", \"id\" : \"SJeJcCwokANg6rKgSaMY8p\", \"脚本\" : \"\", \"分类一\" : \"人与自我\", \"中文名称\" : \"穿衣服\", \"词汇量\" : 33, \"英文名称\" : \"Getting Dressed\"}"
"{\"阅读时长\" : 180, \"年级\" : \"sixGrade\", \"封面\" : \"\\/bookread\\/userfiles2\\/1\\/files\\/APP\\/kantupeiyin\\/6X\\/If You Give a Mouse a Cookie\\/If You Give a Mouse a Cookie.jpg\", \"主题\" : \"\", \"分类二\" : \"\", \"单词\" : \"\", \"简介\" : \"null\", \"id\" : \"TkWSph2vdDd9rGVsLepWAX\", \"脚本\" : \"\", \"分类一\" : \"\", \"中文名称\" : \"null\", \"词汇量\" : \"\", \"英文名称\" : \"If You Give a Mouse a Cookie 如果给小老鼠一片曲奇饼干\"}"
"{\"阅读时长\" : \"\", \"年级\" : \"null\", \"封面\" : \"158\", \"主题\" : \"\", \"分类二\" : \"\", \"单词\" : \"\", \"简介\" : \"\", \"id\" : \"本文生动地描绘了耳朵的形态与功能，强调了耳朵在聆听世界美妙声音中的重要性。从震撼的雷鸣到细腻的雨声，再到温暖人心的亲情与自然之声，耳朵都是不可或缺的感知器官。此外，还幽默地提及了耳朵对佩戴眼镜的辅助作用，展现了耳朵的多重实用价值与生活中的温馨瞬间。\", \"脚本\" : \"\", \"分类一\" : \"\", \"中文名称\" : \"3\", \"词汇量\" : \"\", \"英文名称\" : \"10\"}"
"{\"阅读时长\" : 64, \"年级\" : \"\", \"封面\" : \"eyyb\\/system\\/hbyd\\/20240528\\/22ca84d13d0d3f8989a0d9409dc8580c\\/1716899155174_665.jpg\", \"主题\" : \"我的身体\", \"分类二\" : \"健康教育\", \"单词\" : \"left,tight,right,ear,head,sight\", \"简介\" : \"耳朵帮助我们听到各种声音，从响亮的雷声、人群的喧哗到轻柔的雨滴声、鸟鸣和宝宝的咿呀学语。\", \"id\" : \"SMVFGyz7dUbMybBqdKHjEv\", \"脚本\" : \"\", \"分类一\" : \"人与自我\", \"中文名称\" : \"我用耳朵听\", \"词汇量\" : \"\", \"英文名称\" : \"I Hear with My Ears\"}"
"{\"阅读时长\" : 28, \"年级\" : \"threeGrade,fourGrade,fiveGrade\", \"封面\" : \"eyyb\\/system\\/hbyd\\/20240624\\/d9393ad2a3161d4ab54212c9d53597a4\\/1719200124619_816.jpg\", \"主题\" : \"季节的特征\", \"分类二\" : \"自然科学\", \"单词\" : \"flowers,the,bush,like,do,see,you,eggs,leaves,yes\", \"简介\" : \"绘本通过问答的形式，展示了春天里的树叶、花、灌木丛和蛋，描述了它们的颜色，表达了对这些事物的喜爱。绘本风格生动活泼，帮助孩子认识春天及相关词汇。\", \"id\" : \"TEGrsAXhLU5mN45AgC2Fch\", \"脚本\" : \"\", \"分类一\" : \"人与自然\", \"中文名称\" : \"春天\", \"词汇量\" : 109, \"英文名称\" : \"Spring\"}"
"{\"阅读时长\" : 28, \"年级\" : \"twoGrade,threeGrade\", \"封面\" : \"eyyb\\/system\\/hbyd\\/20241223\\/a7333662fcb6ff8b223b8d94676481e5\\/1734916818243_164.png\", \"主题\" : \"合作伙伴\", \"分类二\" : \"趣味故事\", \"单词\" : \"in,water,onion,good,soup,put,stone,we,have\", \"简介\" : \"绘本讲述了旅行者在一个村庄用石头煮汤的故事。一开始只有水和石头，随着村民们陆续加入胡萝卜、洋葱、土豆等食材，石头汤变得越来越美味。\", \"id\" : \"SSqaJnnQPYDvqFhsi6Pvhq\", \"脚本\" : \"\", \"分类一\" : \"人与社会\", \"中文名称\" : \"石头汤\", \"词汇量\" : 67, \"英文名称\" : \"Stone Soup\"}"
"{\"阅读时长\" : 28, \"年级\" : \"threeGrade,fourGrade,fiveGrade\", \"封面\" : \"eyyb\\/system\\/hbyd\\/20240530\\/6cae7c71d4681b29e81f301cbcdcf120\\/1717054985187_635.jpg\", \"主题\" : \"公共场所\", \"分类二\" : \"生活常识\", \"单词\" : \"school,this,library,our,come,town,new\", \"简介\" : \"这本绘本展示了城镇周围的各种建筑，有学校、消防站、棒球场和图书馆。画面简洁，色彩鲜艳，语言简单易懂且富有重复性，让孩子们认识不同的建筑。\", \"id\" : \"SWDbdzVtPVA8j1s7DCxSdG\", \"脚本\" : \"\", \"分类一\" : \"人与社会\", \"中文名称\" : \"城镇周围的建筑\", \"词汇量\" : 130, \"英文名称\" : \"Buildings Around Town\"}"
"{\"阅读时长\" : 36, \"年级\" : \"twoGrade,threeGrade,fourGrade\", \"封面\" : \"eyyb\\/system\\/hbyd\\/20230418\\/742b2b5427ca79e1b273313259285010\\/1681797958741_728.jpg\", \"主题\" : \"日常\\/其他活动\", \"分类二\" : \"人文社科\", \"单词\" : \"sign,school,driver,door,bus,children,playground\", \"简介\" : \"今天要上学了。在上学路上，你会见到什么呢？我看到路标、公共汽车、司机、孩子们等等。\", \"id\" : \"THjGrXGtvRLxySz2HgSU8v\", \"脚本\" : \"\", \"分类一\" : \"人与社会\", \"中文名称\" : \"上学路上\", \"词汇量\" : 37, \"英文名称\" : \"On the Way to School\"}"
"{\"阅读时长\" : 28, \"年级\" : \"twoGrade,threeGrade\", \"封面\" : \"eyyb\\/system\\/hbyd\\/20241129\\/b42d7240d9d61ebbff9ff40f9c81825f\\/1732863601759_952.png\", \"主题\" : \"劳动与品德\", \"分类二\" : \"品德教养\", \"单词\" : \"seed,a,look,ant,hose,basket,at\", \"简介\" : \"蚂蚁一直在忙碌地准备过冬，他拿着耙子、种子、水管和篮子不停地干活，而蚱蜢却一直在睡觉。绘本通过描述蚂蚁和蚱蜢的不同行为，反映出来了勤劳与懒惰的对比。\", \"id\" : \"TscQJxxM8ytWCm3qXcWNNX\", \"脚本\" : \"\", \"分类一\" : \"人与自我\", \"中文名称\" : \"蚂蚁和蚱蜢\", \"词汇量\" : 75, \"英文名称\" : \"The Ant and the Grasshopper\"}"
"{\"阅读时长\" : 124, \"年级\" : \"fourGrade,fiveGrade,sixGrade\", \"封面\" : \"eyyb\\/system\\/hbyd\\/20230827\\/3020aad9a6c6741c3ea1a6d5fb0c7095\\/1693112089650_909.jpg\", \"主题\" : \"关怀他人\", \"分类二\" : \"亲情友情\", \"单词\" : \"happy,feel,friend,hand,give,jacket\", \"简介\" : \"小刺猬想要一个拥抱，但她全身是刺，朋友们都不能和她拥抱。后来驼鹿给她穿上外套，这样大家都能拥抱小刺猬了。\", \"id\" : \"Sac9cRNi2NfRQbyXZ8FMDM\", \"脚本\" : \"\", \"分类一\" : \"人与社会\", \"中文名称\" : \"拥抱\", \"词汇量\" : 168, \"英文名称\" : \"The Hug\"}"
"{\"阅读时长\" : 26, \"年级\" : \"oneGrade\", \"封面\" : \"eyyb\\/system\\/hbyd\\/20210713\\/d6fa0cdb9455a4d920c8613842d86cde\\/1626156308873_992.jpg\", \"主题\" : \"\", \"分类二\" : \"\", \"单词\" : \"\", \"简介\" : \"null\", \"id\" : \"SjLkqskNDqj2zFzWFS2UVQ\", \"脚本\" : \"\", \"分类一\" : \"\", \"中文名称\" : \"null\", \"词汇量\" : \"\", \"英文名称\" : \"Jump\"}"
"{\"阅读时长\" : 101, \"年级\" : \"fourGrade,fiveGrade,sixGrade\", \"封面\" : \"hbyd\\/20190801\\/53b6a4187f5d7e721ec933d5d19dc4c7\\/Smarty_Pants_at_the_Circus.jpg\", \"主题\" : \"娱乐活动\", \"分类二\" : \"趣味故事\", \"单词\" : \"cheer,town,circus,shoe,flower,fall,nose,horse\", \"简介\" : \"马戏团进城了，聪明裤来了！大家为聪明裤欢呼，聪明裤做了什么有趣的事情呢？一起来读故事吧！\", \"id\" : \"Tfsr7eBQPXFeXKVHH81Y3B\", \"脚本\" : \"\", \"分类一\" : \"人与社会\", \"中文名称\" : \"聪明裤在马戏团\", \"词汇量\" : 177, \"英文名称\" : \"Smarty Pants at the Circus\"}"
"{\"阅读时长\" : 190, \"年级\" : \"oneGrade,twoGrade,threeGrade,fourGrade\", \"封面\" : \"eyyb\\/system\\/hbyd\\/20220630\\/d5a00136ef8de76d6adb7c1005ac58dc\\/1656578704854_442.jpg\", \"主题\" : \"\", \"分类二\" : \"职业认知\", \"单词\" : \"\", \"简介\" : \"这个世界上，有很多种工作。医务工作者在前线和病毒做斗争；消防员面对烈火浓烟，冲锋在前；警察叔叔在每个角落里英勇擒敌；快递员穿梭在大街小巷服务大家······你想做什么工作呢？\", \"id\" : \"SFpbbuYa13k2zoMk2LXPtN\", \"脚本\" : \"\", \"分类一\" : \"中文绘本\", \"中文名称\" : \"\", \"词汇量\" : 30, \"英文名称\" : \"我也想工作\"}"
"{\"阅读时长\" : 36, \"年级\" : \"threeGrade,fourGrade,fiveGrade\", \"封面\" : \"eyyb\\/system\\/hbyd\\/20240528\\/ac32cf13c7125d82ceed3ca86dba4600\\/1716897040952_369.jpg\", \"主题\" : \"星期\", \"分类二\" : \"生活习惯\", \"单词\" : \"share,jam,pick,strawberry,pancake,family\", \"简介\" : \"绘本讲述了莎莉对草莓的热爱，她采摘草莓、品尝草莓，并将草莓用于各种美食制作，还与朋友和家人分享。当周六发现草莓地没有草莓时，还有草莓酱可享用。展现了莎莉积极的生活态度和乐于分享的品质。\", \"id\" : \"SivvYCcriwFTd1RYTSZYtV\", \"脚本\" : \"\", \"分类一\" : \"人与自我\", \"中文名称\" : \"草莓女孩\", \"词汇量\" : 290, \"英文名称\" : \"Strawberry Girl\"}"
"{\"阅读时长\" : 52, \"年级\" : \"sixGrade\", \"封面\" : \"eyyb\\/system\\/hbyd\\/20241111\\/3dc06e248c45a6c289b0346b1d430951\\/1731305620362_711.png\", \"主题\" : \"烹饪食物\", \"分类二\" : \"亲情友情\", \"单词\" : \"patience,hug,extra,recipe,delight,laughter,friendship,kindness\", \"简介\" : \"制作蛋糕除了需要鸡蛋、面粉、糖之外，还有什么特殊的原料能蛋糕变得超级美味呢？跟着梅茜和她的奶奶一起做蛋糕，看看她们是如何用\\\"爱\\\"来制作生日蛋糕吧！\", \"id\" : \"TWdJct1hwLq7NMrZdx95uN\", \"脚本\" : \"\", \"分类一\" : \"人与社会\", \"中文名称\" : \"用爱制作\", \"词汇量\" : 697, \"英文名称\" : \"Made with Love\"}"
"{\"阅读时长\" : 36, \"年级\" : \"twoGrade,threeGrade,fourGrade\", \"封面\" : \"eyyb\\/system\\/hbyd\\/20241025\\/ef36d8c518d9abd57937ea4e43413ae9\\/1729835705208_521.jpg\", \"主题\" : \"年龄\", \"分类二\" : \"生活习惯\", \"单词\" : \"I,walk,am\", \"简介\" : \"绘本中以孩子们的成长历程为主线，从蹒跚学步到快乐骑行，每个阶段都巧妙地融入了基础句型，帮助孩子们在日常生活中自然而然地运用英语。阅读的同时注意“short a”在am中的正确发音。\", \"id\" : \"TXTERS6r3C4ahHpyhztCpX\", \"脚本\" : \"\", \"分类一\" : \"人与自我\", \"中文名称\" : \"我是\", \"词汇量\" : 21, \"英文名称\" : \"I Am\"}"
"{\"阅读时长\" : 60, \"年级\" : \"sixGrade\", \"封面\" : \"eyyb\\/system\\/hbyd\\/20241122\\/898c0fc6b25faafe29961f2532ad2ef9\\/1732267048691_881.png\", \"主题\" : \"科普知识\", \"分类二\" : \"自然科学\", \"单词\" : \"awesome,produce,rug,horn,wing,wheat,material\", \"简介\" : \"当你穿上柔软舒适的衣物，品尝丝滑美味的巧克力，用铅笔在纸上写字，打开装满美味的饭盒时，是否好奇过，这些服饰、食物（如巧克力）、纸张、容器（如饭盒），是由什么做成的？\", \"id\" : \"SfntWoeqiNynNiddi23QzD\", \"脚本\" : \"\", \"分类一\" : \"人与自然\", \"中文名称\" : \"这些东西是由什么做成的\", \"词汇量\" : 740, \"英文名称\" : \"What Are Things Made Of\"}"
"{\"阅读时长\" : 28, \"年级\" : \"threeGrade,fourGrade,fiveGrade\", \"封面\" : \"eyyb\\/system\\/hbyd\\/20241129\\/017db1bf9c1fc8e92010f373b490290c\\/1732846493623_495.png\", \"主题\" : \"准时\", \"分类二\" : \"生活习惯\", \"单词\" : \"sleep,fell,head,water,bed,jump,noise,door,up,doctor\", \"简介\" : \"睡觉时间，五只小猴子在床上跳跃，一只摔伤了头。妈妈打电话给医生，医生告诫不要再让猴子们在床上跳。于是，小猴子们乖乖睡觉了。\", \"id\" : \"SEX53PekPtS5cqrLcix4xn\", \"脚本\" : \"\", \"分类一\" : \"人与自我\", \"中文名称\" : \"跳跃的猴子们\", \"词汇量\" : 212, \"英文名称\" : \"The Jumping Monkeys\"}"
"{\"阅读时长\" : 48, \"年级\" : \"threeGrade,fourGrade\", \"封面\" : \"eyyb\\/system\\/hbyd\\/20211119\\/b8074f0ffe59872fd7da27267ddd92fe\\/1637282875592_378.jpg\", \"主题\" : \"学校活动\", \"分类二\" : \"校园生活\", \"单词\" : \"draw,school,count,play,read,sing,like\", \"简介\" : \"学校是我们学习、成长的乐园，我们可以在校园里面读书、玩耍、唱歌、画画等等。\", \"id\" : \"TueAbeRTAzkt3tvcgZ8LMB\", \"脚本\" : \"\", \"分类一\" : \"人与社会\", \"中文名称\" : \"我们的学校\", \"词汇量\" : 25, \"英文名称\" : \"Our School\"}"
"{\"阅读时长\" : 64, \"年级\" : \"threeGrade,fourGrade,fiveGrade\", \"封面\" : \"eyyb\\/system\\/hbyd\\/20240531\\/989e3f7f6f9e04ba379ecb9e9ebd44e3\\/1717118973020_621.png\", \"主题\" : \"情绪\", \"分类二\" : \"情绪管理\", \"单词\" : \"cry,snowman,share,sad\", \"简介\" : \"罗伯托期待和爸爸一起回家堆雪人，但爸爸要晚一点才能来接他。他很难过。后来，爸爸接他回家一起堆了一个雪爸爸和一个雪罗伯托，罗伯托感觉好多了。\", \"id\" : \"TqFCKuiBSxRA88VbiGdybs\", \"脚本\" : \"\", \"分类一\" : \"人与自我\", \"中文名称\" : \"我感到难过的一天\", \"词汇量\" : 208, \"英文名称\" : \"The Day I Felt Sad\"}"
"{\"阅读时长\" : 36, \"年级\" : \"fourGrade,fiveGrade,sixGrade\", \"封面\" : \"eyyb\\/system\\/hbyd\\/20230418\\/665f59385aee68c7c80e80f075b0b34a\\/1681806306629_100.jpg\", \"主题\" : \"\", \"分类二\" : \"自然科学\", \"单词\" : \"hide,warm,cold,winter,feet,fly\", \"简介\" : \"冬天来了，你会在冬天干什么呢？绘本中的女孩向小鸟、蝙蝠、青蛙等一些小动物提出了同样的问题。小动物们的回答各不相同，但都很有意思。\", \"id\" : \"UnFAS2YSR37gUCQBxjY6oD\", \"脚本\" : \"\", \"分类一\" : \"人与自然\", \"中文名称\" : \"在冬天\", \"词汇量\" : 265, \"英文名称\" : \"In Winter\"}"
"{\"阅读时长\" : 36, \"年级\" : \"twoGrade,threeGrade,fourGrade\", \"封面\" : \"eyyb\\/system\\/hbyd\\/20210713\\/1e623e67d430e4ba3908d28f398609b2\\/1626156746898_61.jpg\", \"主题\" : \"日常活动\", \"分类二\" : \"生活习惯\", \"单词\" : \"playing,eating\", \"简介\" : \"小幼兽吃完早餐后，赶公交去上学。她在学校里学画画、踢足球、玩游戏。晚上，她会先读书，然后睡觉。\", \"id\" : \"VxCutsiGZAvbhjT3uojiqD\", \"脚本\" : \"\", \"分类一\" : \"人与自我\", \"中文名称\" : \"小幼兽\", \"词汇量\" : 26, \"英文名称\" : \"Little Cub\"}"
"{\"阅读时长\" : 67, \"年级\" : \"threeGrade,fourGrade\", \"封面\" : \"eyyb\\/system\\/hbyd\\/20210722\\/44bb80b724d0dafeaea61e7c803a1cb2\\/1626917523710_39.jpg\", \"主题\" : \"物品描述\", \"分类二\" : \"人际关系\", \"单词\" : \"big,bed,dog,ball,bark,friend,collar,bowl,bone,little\", \"简介\" : \"Orson是一只大狗，Taco是一只小狗。Orson有一个小朋友，Taco有一个大朋友。你能猜出它们的朋友是谁吗？\", \"id\" : \"Vb8Lg7tJtjwtKneFu8kCxb\", \"脚本\" : \"\", \"分类一\" : \"人与社会\", \"中文名称\" : \"朋友\", \"词汇量\" : 81, \"英文名称\" : \"Friends\"}"
"{\"阅读时长\" : 36, \"年级\" : \"fourGrade,fiveGrade,sixGrade\", \"封面\" : \"eyyb\\/system\\/hbyd\\/20251121\\/e8790bcc1d3afe8c87d742ff84d080d0\\/1763717113702_707.jpg\", \"主题\" : \"中国文化体验\", \"分类二\" : \"趣味故事\", \"单词\" : \"home,finish,water,lazy,mountain,house,work,head,flood\", \"简介\" : \"很久以前，洪水时常席卷黄土大地。大禹临危受命，接受了治理洪水的任务。\", \"id\" : \"UziRXnJ2U9dszLfFgTykwL\", \"脚本\" : \",,,,,,,,,,,,,,,,,,,,,,,,,,,,,,,,,\", \"分类一\" : \"人与社会\", \"中文名称\" : \"大禹治水\", \"词汇量\" : 195, \"英文名称\" : \"Yu Tamed the Flood\"}"
"{\"阅读时长\" : 28, \"年级\" : \"fourGrade,fiveGrade,sixGrade\", \"封面\" : \"eyyb\\/system\\/hbyd\\/20240530\\/78eb0b2543fe2da080d0c96433319780\\/1717056507722_759.jpg\", \"主题\" : \"爱好,烹饪食物\", \"分类二\" : \"社会交往\", \"单词\" : \"cute,hot,dough,bake,mark\", \"简介\" : \"你喜欢吃蛋糕吗？在这本《Baby Gets a Cake》绘本中，琼斯太太和她的孩子来到了烘培店，小宝宝想要一个什么样的蛋糕呢？烘培师是怎么做蛋糕的？打开这本绘本，一起来看一看吧！\", \"id\" : \"UdAqEUZtEgdFV95tob9T2x\", \"脚本\" : \"\", \"分类一\" : \"人与社会\", \"中文名称\" : \"宝宝得到一个蛋糕\", \"词汇量\" : 210, \"英文名称\" : \"Baby Gets a Cake\"}"
"{\"阅读时长\" : 498, \"年级\" : \"sixGrade\", \"封面\" : \"eyyb\\/system\\/hbyd\\/20211115\\/9aaebd2138cdf8bf7fa66f0d5cac905a\\/1636962366939_974.jpg\", \"主题\" : \"食物,饮食习俗\", \"分类二\" : \"趣味故事\", \"单词\" : \"market,head,drink,hungry,eat,happy,cloud,lunch,rice,buy,dinner,sky,angry,woman,mother\", \"简介\" : \"杰克妈妈让杰克把家里的奶牛拿去市场售卖来换点吃的，结果杰克只换回了三颗豆子。就在他睡着的时候，豆子发芽了。它们长了一夜，一直长到空中······\", \"id\" : \"WC1fj79SnFt6L1Sxzze8BS\", \"脚本\" : \"\", \"分类一\" : \"人与社会\", \"中文名称\" : \"杰克和豆茎\", \"词汇量\" : 776, \"英文名称\" : \"Jack and the Beanstalk\"}"
"{\"阅读时长\" : 35, \"年级\" : \"twoGrade,threeGrade,fourGrade\", \"封面\" : \"eyyb\\/system\\/hbyd\\/20210713\\/bf5e84b95d5d553c60d899c4dd49b8be\\/1626156158681_212.jpg\", \"主题\" : \"家具和家庭用品\", \"分类二\" : \"生活常识\", \"单词\" : \"book,chair,room,bed,toy\", \"简介\" : \"我喜欢我的房间。我的房间里有：床、书、台灯、椅子、玩具、照片还有熊娃娃！\", \"id\" : \"UnUh2WPhH1D6R59LAHFnZ9\", \"脚本\" : \"\", \"分类一\" : \"人与社会\", \"中文名称\" : \"我的房间\", \"词汇量\" : 34, \"英文名称\" : \"My Room\"}"
"{\"阅读时长\" : 60, \"年级\" : \"sixGrade\", \"封面\" : \"eyyb\\/system\\/hbyd\\/20241122\\/ecfb2d842c2b1e5fdcb01ff3344420f3\\/1732267402563_175.png\", \"主题\" : \"我的身体,劳动与品德\", \"分类二\" : \"趣味故事\", \"单词\" : \"saddle,fetch,plough,desert,camel,stick\", \"简介\" : \"一头骆驼因懒惰不愿工作，总是回答“Humph!”。精灵惩罚它，让它的背部长出驼峰，于是所有骆驼都有了驼峰。\", \"id\" : \"V4jWj8MvFHxTm1cMH5kniT\", \"脚本\" : \"\", \"分类一\" : \"人与社会\", \"中文名称\" : \"骆驼是如何有驼峰的\", \"词汇量\" : 906, \"英文名称\" : \"How the Camel got his Hump\"}"
"{\"阅读时长\" : 62, \"年级\" : \"sixGrade\", \"封面\" : \"eyyb\\/system\\/hbyd\\/20210723\\/91ed75907dcb3dccf0939219491d1d72\\/1627023847205_564.jpg\", \"主题\" : \"\", \"分类二\" : \"\", \"单词\" : \"\", \"简介\" : \"null\", \"id\" : \"U79maC1SNGzhaYeE2A3LYY\", \"脚本\" : \"\", \"分类一\" : \"\", \"中文名称\" : \"null\", \"词汇量\" : \"\", \"英文名称\" : \"Up in a Tree\"}"
"{\"阅读时长\" : 95, \"年级\" : \"fourGrade\", \"封面\" : \"hbyd\\/20200624\\/d8c3bd181a24ce761fc3e952521ab378\\/1592966030353_419.jpg\", \"主题\" : \"\", \"分类二\" : \"\", \"单词\" : \"\", \"简介\" : \"null\", \"id\" : \"UVsPSv1CfFx1PrAn2R8rkf\", \"脚本\" : \"\", \"分类一\" : \"\", \"中文名称\" : \"null\", \"词汇量\" : \"\", \"英文名称\" : \"Mine's the Best 我的是最好的\"}"
"{\"阅读时长\" : 36, \"年级\" : \"twoGrade,threeGrade,fourGrade\", \"封面\" : \"eyyb\\/system\\/hbyd\\/20241204\\/c453133de4b841e5ddb545b4ee0d1783\\/1733299482590_375.png\", \"主题\" : \"运动能力,自然现象\", \"分类二\" : \"健康教育\", \"单词\" : \"beach,sunny,cool,city,play,pool,country,wave,parade\", \"简介\" : \"这本绘本描绘了在阳光明媚的日子里，人们在城市、乡村、海滩、街道、公园和集市等不同地方享受欢乐的场景。无论是观看游行、喝柠檬水，还是在水池中玩耍、感受海浪，都充满了乐趣。最后强调了在阳光下的欢乐无处不在。\", \"id\" : \"UP71Na9Cm5Q6iXgiE8STmB\", \"脚本\" : \"\", \"分类一\" : \"人与自我\", \"中文名称\" : \"阳光下的欢乐\", \"词汇量\" : 113, \"英文名称\" : \"Fun in the Sun\"}"
"{\"阅读时长\" : 20, \"年级\" : \"threeGrade,fourGrade,fiveGrade\", \"封面\" : \"eyyb\\/system\\/hbyd\\/20240528\\/ac1baf3af1ff67de25e236d18acbd22b\\/1716899485458_733.jpg\", \"主题\" : \"\", \"分类二\" : \"自然科学\", \"单词\" : \"show,stage,clown,ticket,tent,circus,audience,trick\", \"简介\" : \"\", \"id\" : \"VQ2RYhBptomSpJiw9ojDdo\", \"脚本\" : \"\", \"分类一\" : \"人与自然\", \"中文名称\" : \"\", \"词汇量\" : 101, \"英文名称\" : \"Victor Learn to Read 4 at the Circus\"}"
"{\"阅读时长\" : 32, \"年级\" : \"oneGrade,twoGrade,threeGrade\", \"封面\" : \"eyyb\\/system\\/hbyd\\/20241104\\/7e4996621c87b5b5c7d30b66b5187905\\/1730688431302_589.png\", \"主题\" : \"我的身体\", \"分类二\" : \"健康教育\", \"单词\" : \"feet,hand,nose\", \"简介\" : \"一起来数一数，认识自己的身体部位：两只手、两只脚、十个手指和十个脚趾，以及一个鼻子。\", \"id\" : \"UPP1yH12zSoAiqyHJ1V6pF\", \"脚本\" : \"\", \"分类一\" : \"人与自我\", \"中文名称\" : \"在我身上数一数\", \"词汇量\" : 23, \"英文名称\" : \"Count on Me\"}"
"{\"阅读时长\" : 28, \"年级\" : \"threeGrade,fourGrade,fiveGrade\", \"封面\" : \"eyyb\\/system\\/hbyd\\/20241128\\/71d893947c7b1656cb17f0b026a7b8ef\\/1732764392984_880.png\", \"主题\" : \"运动能力\", \"分类二\" : \"趣味故事\", \"单词\" : \"arm,many,hurt,brick,here,much,throw,stone,wood,fox\", \"简介\" : \"节目组请来了三位选手参加比赛：会扔砖头的狐狸、会扔石头的猫和会扔木头的土拨鼠。你觉得比赛结果会是什么？一起来看看吧！\", \"id\" : \"VPnMBcCdaZZeU4ESu74JmP\", \"脚本\" : \"\", \"分类一\" : \"人与社会\", \"中文名称\" : \"土拨鼠，扔木头！\", \"词汇量\" : 221, \"英文名称\" : \"Chuck, Woodchuck, Chuck!\"}"
"{\"阅读时长\" : 86, \"年级\" : \"fourGrade\", \"封面\" : \"eyyb\\/system\\/hbyd\\/20211013\\/842c2d165956d94dc2dd086a1c67a3b4\\/1634107351056_974.jpg\", \"主题\" : \"\", \"分类二\" : \"\", \"单词\" : \"\", \"简介\" : \"null\", \"id\" : \"Vo62JLfsj2mKmXrYGcFPE3\", \"脚本\" : \"\", \"分类一\" : \"\", \"中文名称\" : \"null\", \"词汇量\" : \"\", \"英文名称\" : \"A Happy Dancer\"}"
"{\"阅读时长\" : 28, \"年级\" : \"twoGrade,threeGrade,fourGrade\", \"封面\" : \"eyyb\\/system\\/hbyd\\/20240528\\/a53889a7a7b131c52898e29703e5fcb5\\/1716898291501_429.jpg\", \"主题\" : \"商品\", \"分类二\" : \"生活常识\", \"单词\" : \"fish,there,book,jam,snack,are,supermarket\", \"简介\" : \"绘本讲述了爸爸和 “我” 去超市的经历，展示了超市的小吃、书籍、鱼和果酱等物品，通过这样的场景帮助孩子们认识超市货品相关的英文单词。\", \"id\" : \"VYfQAxtNHbCGBonzLSQTcW\", \"脚本\" : \"\", \"分类一\" : \"人与社会\", \"中文名称\" : \"超市\", \"词汇量\" : 60, \"英文名称\" : \"Supermarket\"}"
"{\"阅读时长\" : 191, \"年级\" : \"sixGrade\", \"封面\" : \"\\/bookread\\/userfiles2\\/1\\/files\\/APP\\/kantupeiyin\\/6X\\/The Blue Balloon\\/The Blue Balloon.jpg\", \"主题\" : \"\", \"分类二\" : \"\", \"单词\" : \"\", \"简介\" : \"null\", \"id\" : \"WEPNdgdkuHwm4oSEQmBkXY\", \"脚本\" : \"\", \"分类一\" : \"\", \"中文名称\" : \"null\", \"词汇量\" : \"\", \"英文名称\" : \"The Blue Balloon 篮气球\"}"
"{\"阅读时长\" : 231, \"年级\" : \"fiveGrade,sixGrade\", \"封面\" : \"hbyd\\/20190614\\/9d8a9e35a360cd96c508bfe84b0b228f\\/Handa_s_Surprise.jpg\", \"主题\" : \"\", \"分类二\" : \"\", \"单词\" : \"\", \"简介\" : \"null\", \"id\" : \"UzcqByrtPzB1WW3a4w9xHM\", \"脚本\" : \"\", \"分类一\" : \"\", \"中文名称\" : \"null\", \"词汇量\" : \"\", \"英文名称\" : \"Handa's Surprise\"}"
"{\"阅读时长\" : 52, \"年级\" : \"fiveGrade,sixGrade\", \"封面\" : \"eyyb\\/system\\/hbyd\\/20241122\\/5e54b05c6c680dfc85d86e4689787b5a\\/1732266479268_528.png\", \"主题\" : \"解决方式\", \"分类二\" : \"趣味故事\", \"单词\" : \"branch,tortoise,grass,mountain,tree,rain\", \"简介\" : \"有一个神奇的大树，说出树的名字就能带来食物和水。动物们去问狮子树的名字，但是羚羊和大象都着急得忘记了，只有乌龟成功记住并带回了树的名字“Ungalala”。\", \"id\" : \"U9Rqvo6RsX1G2rg2FHTs3s\", \"脚本\" : \"\", \"分类一\" : \"人与社会\", \"中文名称\" : \"翁加拉拉\", \"词汇量\" : 480, \"英文名称\" : \"Ungalala\"}"
"{\"阅读时长\" : 72, \"年级\" : \"twoGrade,threeGrade,fourGrade\", \"封面\" : \"eyyb\\/system\\/hbyd\\/20220705\\/baac22a8c6df331a78944cb220a5c9fd\\/1656982986995_701.jpg\", \"主题\" : \"\", \"分类二\" : \"品德教育\", \"单词\" : \"\", \"简介\" : \"很久以前，人们还没有发明鞋子，大家只能赤着脚走路。有一天，国王在花园里散步时，被刺扎了脚。国王大发雷霆，让宰相想办法解决问题。一个皮匠自告奋勇，跟着宰相来到了皇宫……\", \"id\" : \"UXCJ1pNywaQQyB32EzKuox\", \"脚本\" : \"\", \"分类一\" : \"中文绘本\", \"中文名称\" : \"\", \"词汇量\" : 35, \"英文名称\" : \"国王的鞋子\"}"
"{\"阅读时长\" : 64, \"年级\" : \"fourGrade,fiveGrade,sixGrade\", \"封面\" : \"eyyb\\/system\\/hbyd\\/20220510\\/4e900dd881a8f2bd69f24da1a0606341\\/1652149874562_540.jpg\", \"主题\" : \"如何种植\", \"分类二\" : \"亲情友情\", \"单词\" : \"pull,hot,hole,water,dig,garden,push,fun,hard,pot,hose\", \"简介\" : \"妈妈买了一些花，在妈妈的鼓励和教导下，我学会了种花。\", \"id\" : \"VfhjJR9ynQg5kDKxH4Wfbd\", \"脚本\" : \"\", \"分类一\" : \"人与社会\", \"中文名称\" : \"帮助妈妈\", \"词汇量\" : 165, \"英文名称\" : \"Helping Mom\"}"
"{\"阅读时长\" : 28, \"年级\" : \"oneGrade,twoGrade,threeGrade\", \"封面\" : \"eyyb\\/system\\/hbyd\\/20240522\\/8b30cf2f957ef43a51630a98408e8abc\\/1716359315825_769.jpg\", \"主题\" : \"学校用品\", \"分类二\" : \"生活常识\", \"单词\" : \"pen,pencil,eraser\", \"简介\" : \"我的桌上有钢笔、铅笔、橡皮擦、蜡笔和马克笔。\", \"id\" : \"U2bdpqohEv1C4bmyxvhiYK\", \"脚本\" : \"\", \"分类一\" : \"人与社会\", \"中文名称\" : \"在我的书桌上\", \"词汇量\" : 23, \"英文名称\" : \"On My Desk\"}"
"{\"阅读时长\" : 108, \"年级\" : \"oneGrade,twoGrade,threeGrade,fourGrade\", \"封面\" : \"eyyb\\/system\\/hbyd\\/20220629\\/f8f7105beb9a985150522afd4f6ec54f\\/1656488315525_114.jpg\", \"主题\" : \"\", \"分类二\" : \"人体奥秘\", \"单词\" : \"\", \"简介\" : \"这里有一个洞洞，是什么呢？哈！原来是大嘴巴！小朋友们，我们身上还有哪些洞洞呢？\", \"id\" : \"Uj3pgyCENh5E3otW4W159W\", \"脚本\" : \"\", \"分类一\" : \"中文绘本\", \"中文名称\" : \"\", \"词汇量\" : 30, \"英文名称\" : \"我身上的“洞洞”\"}"
"{\"阅读时长\" : 28, \"年级\" : \"twoGrade,threeGrade,fourGrade\", \"封面\" : \"eyyb\\/system\\/hbyd\\/20240528\\/e43bd5d2e93ff6c4bf73ad26c9ccae2f\\/1716861586324_580.jpg\", \"主题\" : \"职业理想\", \"分类二\" : \"职业认知\", \"单词\" : \"vet,doctor,bank,I,want,hairdresser\", \"简介\" : \"绘本展示了孩子们的职业理想，如发型师、邮递员、医生、银行职员、空姐和兽医。通过简单的句型和生动的插图，孩子们将学习如何用英语描述自己的职业理想。\", \"id\" : \"Vs9vvSAo2siLA2VwRvBn14\", \"脚本\" : \"\", \"分类一\" : \"人与社会\", \"中文名称\" : \"职业\", \"词汇量\" : 60, \"英文名称\" : \"Jobs\"}"
"{\"阅读时长\" : 36, \"年级\" : \"threeGrade,fourGrade,fiveGrade\", \"封面\" : \"eyyb\\/system\\/hbyd\\/20231114\\/162577d9b9d6508c5c631832b1e8c851\\/1699929259501_369.png\", \"主题\" : \"\", \"分类二\" : \"文学艺术\", \"单词\" : \"baby,dad,girl,dog,boy\", \"简介\" : \"这个小女孩会画画。她会画妈妈、爸爸、男孩、女孩、婴儿、一只猫还有一只狗。看！她画的是她的家人。\", \"id\" : \"VmjUpoNkZDCPqH6nPhvPwB\", \"脚本\" : \"\", \"分类一\" : \"人与社会\", \"中文名称\" : \"画画\", \"词汇量\" : 41, \"英文名称\" : \"Drawing\"}"
"{\"阅读时长\" : 50, \"年级\" : \"threeGrade,fourGrade,fiveGrade\", \"封面\" : \"eyyb\\/system\\/hbyd\\/20210723\\/a9487b0f46927b803c76240b4124c376\\/1627001701461_847.jpg\", \"主题\" : \"物品\", \"分类二\" : \"生活常识\", \"单词\" : \"bike,book,ball,closet,train,plane,stuff,truck,hat\", \"简介\" : \"小熊在收拾自己的屋子。它把玩具卡车放进了壁橱，把单车放进了壁橱，把玩具飞机放进了壁橱，把书也放进了壁橱······突然，嘣！\", \"id\" : \"VWqNujaYJ9uh2yJmJ3LPZa\", \"脚本\" : \"\", \"分类一\" : \"人与社会\", \"中文名称\" : \"太多东西\", \"词汇量\" : 78, \"英文名称\" : \"Too Much Stuff\"}"
"{\"阅读时长\" : 28, \"年级\" : \"oneGrade,twoGrade,threeGrade\", \"封面\" : \"eyyb\\/system\\/hbyd\\/20240528\\/ec8bd71cbad015cdc0cad14040495b44\\/1716896259016_521.jpg\", \"主题\" : \"健康的生活方式\", \"分类二\" : \"健康教育\", \"单词\" : \"catch,I,run,kick,am,jump,swim\", \"简介\" : \"绘本以简洁的画面和文字展示了 “我” 进行游泳、跑步、跳跃等活动，体现出积极活跃的状态。没有特定的角色设定，旨在鼓励孩子积极参与各种活动，养成健康的生活习惯。\", \"id\" : \"UJYzJTFYVWKsTE3BKhCnEu\", \"脚本\" : \"\", \"分类一\" : \"人与自我\", \"中文名称\" : \"我很活跃\", \"词汇量\" : 140, \"英文名称\" : \"I Am Active\"}"
"{\"阅读时长\" : 40, \"年级\" : \"twoGrade,threeGrade,fourGrade\", \"封面\" : \"eyyb\\/system\\/hbyd\\/20241218\\/3696edad0188883020b2d4897d3de264\\/1734486537683_837.png\", \"主题\" : \"职业与生活\", \"分类二\" : \"职业认知\", \"单词\" : \"cut,den,sit,log,big,ax,zip,fix,job\", \"简介\" : \"麦克斯先生去森林里伐木，他用斧头砍木头的时候发现了几只狐狸，后来怎么样了呢？阅读的同时注意“x、z”在ax、foxes、zip中的正确发音。\", \"id\" : \"UEQ72xNzto7YMZg5JsgmcD\", \"脚本\" : \"\", \"分类一\" : \"人与社会\", \"中文名称\" : \"麦克斯先生\", \"词汇量\" : 81, \"英文名称\" : \"Mr. Max\"}"
"{\"阅读时长\" : 115, \"年级\" : \"fourGrade,fiveGrade,sixGrade\", \"封面\" : \"hbyd\\/20190801\\/53447c76c8e02314790340e455765b09\\/Dan_s_Lost_Hat.jpg\", \"主题\" : \"故事\", \"分类二\" : \"趣味故事\", \"单词\" : \"fridge,myself,second,lose,heap,tabby,news,trick,fluffy\", \"简介\" : \"小飞侠丹弄丢了他的飞行帽，他找遍了家里的每个地方，都没有飞行帽。丹找到他的飞行帽了吗？一起来读故事吧！\", \"id\" : \"VBnMZ5ryD3ktYBZUcA4PJ6\", \"脚本\" : \"\", \"分类一\" : \"人与社会\", \"中文名称\" : \"丹失踪的帽子\", \"词汇量\" : 211, \"英文名称\" : \"Dan's Lost Hat\"}"
"{\"阅读时长\" : 61, \"年级\" : \"sixGrade\", \"封面\" : \"eyyb\\/system\\/hbyd\\/20210723\\/8fc5384fa8319b76ba2958f95a2dbab4\\/1627023680045_577.jpg\", \"主题\" : \"\", \"分类二\" : \"\", \"单词\" : \"\", \"简介\" : \"null\", \"id\" : \"WL4hyF6st4BL5ZCMq8DM2q\", \"脚本\" : \"\", \"分类一\" : \"\", \"中文名称\" : \"null\", \"词汇量\" : \"\", \"英文名称\" : \"The Cold\"}"
"{\"阅读时长\" : 34, \"年级\" : \"threeGrade\", \"封面\" : \"eyyb\\/system\\/hbyd\\/20211109\\/bf45bee27ae93501efa40c8bcf619609\\/1636447245916_759.jpg\", \"主题\" : \"\", \"分类二\" : \"\", \"单词\" : \"\", \"简介\" : \"null\", \"id\" : \"TvyennySa4Tx2XSPPTdQNU\", \"脚本\" : \"\", \"分类一\" : \"\", \"中文名称\" : \"null\", \"词汇量\" : \"\", \"英文名称\" : \"What's in the Bag?\"}"
"{\"阅读时长\" : 206, \"年级\" : \"threeGrade\", \"封面\" : \"eyyb\\/system\\/hbyd\\/20220128\\/e4e8f488ce2b5d02257b1df7cf42dd3c\\/1643341941161_210.jpg\", \"主题\" : \"\", \"分类二\" : \"\", \"单词\" : \"\", \"简介\" : \"null\", \"id\" : \"UQkFEomTUR8axjKph7A2Mv\", \"脚本\" : \"\", \"分类一\" : \"\", \"中文名称\" : \"null\", \"词汇量\" : \"\", \"英文名称\" : \"When I Grow Up…\"}"
"{\"阅读时长\" : 20, \"年级\" : \"twoGrade,threeGrade,fourGrade\", \"封面\" : \"eyyb\\/system\\/hbyd\\/20240528\\/76661e4d2fc68a733205adc095917074\\/1716899340752_266.jpg\", \"主题\" : \"社会交往\", \"分类二\" : \"社会交往\", \"单词\" : \"suitcase,exit,crowd,plane,wave,airport,ice cream,bedroom,sunglasses,land\", \"简介\" : \"绘本描述了维克多在卧室整理行李准备去海边，他和蒂姆一起去机场，维克多在海边享受太阳浴、吃冰淇淋。维克多回来时，蒂姆在人群中迎接维克多，展现了他们之间的深厚友谊。\", \"id\" : \"UurweVSrgZm3PqZmFRCSTY\", \"脚本\" : \"\", \"分类一\" : \"人与社会\", \"中文名称\" : \"维克多在海边\", \"词汇量\" : 102, \"英文名称\" : \"VICTOR at the Seaside\"}"
"{\"阅读时长\" : 16, \"年级\" : \"threeGrade,fourGrade\", \"封面\" : \"eyyb\\/system\\/hbyd\\/20251125\\/a04b2f559b059ceaa51d035261254e2e\\/1764052549079_878.jpg\", \"主题\" : \"季节与活动\", \"分类二\" : \"生活常识\", \"单词\" : \"meat,farmer,cool,mean,autumn,summer\", \"简介\" : \"立秋意味着炎热的夏天即将过去，秋天即将来临。\", \"id\" : \"VCJUvTohSvB9jmK16KfyCz\", \"脚本\" : \",,,,,,,,,,,,,,,\", \"分类一\" : \"人与社会\", \"中文名称\" : \"立秋\", \"词汇量\" : 110, \"英文名称\" : \"Beginning of Autumn\"}"
"{\"阅读时长\" : 106, \"年级\" : \"fourGrade\", \"封面\" : \"\\/bookread\\/userfiles2\\/1\\/files\\/APP\\/kantupeiyin\\/4x\\/I Am Planet Earth\\/img\\/1_1.jpg\", \"主题\" : \"\", \"分类二\" : \"\", \"单词\" : \"\", \"简介\" : \"null\", \"id\" : \"UgsNv59upTdMjTgevJzNcH\", \"脚本\" : \"\", \"分类一\" : \"\", \"中文名称\" : \"null\", \"词汇量\" : \"\", \"英文名称\" : \"I Am Planet Earth 我是地球\"}"
"{\"阅读时长\" : 36, \"年级\" : \"threeGrade,fourGrade,fiveGrade\", \"封面\" : \"eyyb\\/system\\/hbyd\\/20241104\\/cd95332137f8232e575200cd45331934\\/1730707287568_689.png\", \"主题\" : \"假期活动\", \"分类二\" : \"社会交往\", \"单词\" : \"river,happy,summer,holiday,dance,fun\", \"简介\" : \"夏日河畔，河马们欢聚庆祝河马假期。各种动物加入，从粉色火烈鸟到条纹斑马，甚至鳄鱼也来参与，大家一起享受欢乐时光。\", \"id\" : \"UgdSqFXZD5JYKCxiokfQPb\", \"脚本\" : \"\", \"分类一\" : \"人与社会\", \"中文名称\" : \"快乐的河马假日\", \"词汇量\" : 209, \"英文名称\" : \"Happy Hippo Holiday\"}"
"{\"阅读时长\" : 534, \"年级\" : \"threeGrade,fourGrade,fiveGrade,sixGrade\", \"封面\" : \"eyyb\\/system\\/hbyd\\/20220701\\/4896637a072c7e426bcd293af0acf7c7\\/1656661089961_516.jpg\", \"主题\" : \"\", \"分类二\" : \"神话故事\", \"单词\" : \"\", \"简介\" : \"一个男孩从山上走下来，成了部落的首领——炎帝。成了“帝”，就该像个“皇”一样生活了吧？不。炎帝“喜欢花，喜欢草，喜欢树木，喜欢野外繁茂的一切”，于是行走山野。炎帝行使“帝”的职责时，不放弃自己的喜爱，从而让人成为“农”，让自己成为“神农氏”······\", \"id\" : \"W9E3GUkP7gsvmS2w4Uc1Br\", \"脚本\" : \"\", \"分类一\" : \"中文绘本\", \"中文名称\" : \"\", \"词汇量\" : 26, \"英文名称\" : \"百草神农\"}"
"{\"阅读时长\" : 166, \"年级\" : \"fiveGrade,sixGrade\", \"封面\" : \"hbyd\\/20190801\\/4584a031e4c8d510d4d8518589cf2906\\/Mr_Whisper_and_Miss_Candy.jpg\", \"主题\" : \"西方节日\", \"分类二\" : \"人际关系\", \"单词\" : \"microphone,grab,band,song,whispery,grape,letter,sweet,pleased,Valentine\", \"简介\" : \"糖果小姐要举办情人节派对啦，她邀请了悄悄话先生。悄悄话先生准备了什么礼物呢？\", \"id\" : \"V21mwJ3YArbjC3UGJjQevS\", \"脚本\" : \"\", \"分类一\" : \"人与社会\", \"中文名称\" : \"悄悄话先生和糖果小姐\", \"词汇量\" : 226, \"英文名称\" : \"Mr Whisper and Miss Candy\"}"
"{\"阅读时长\" : 108, \"年级\" : \"threeGrade\", \"封面\" : \"eyyb\\/system\\/hbyd\\/20220128\\/fd639d5ca52f2c6fa8e6ac672caefc93\\/1643341892745_561.jpg\", \"主题\" : \"\", \"分类二\" : \"\", \"单词\" : \"\", \"简介\" : \"null\", \"id\" : \"U4sdKBFT885aqfsdBm2zUM\", \"脚本\" : \"\", \"分类一\" : \"\", \"中文名称\" : \"null\", \"词汇量\" : \"\", \"英文名称\" : \"What Is the Weather like?\"}"
"{\"阅读时长\" : 147, \"年级\" : \"threeGrade,fourGrade,fiveGrade\", \"封面\" : \"\\/bookread\\/userfiles2\\/1\\/files\\/APP\\/kantupeiyin\\/3X\\/My Mother is Mine\\/img\\/0.jpg\", \"主题\" : \"家人和亲友\", \"分类二\" : \"亲情友情\", \"单词\" : \"small,mother,tall,mine,strong,sing,dance\", \"简介\" : \"绵羊的妈妈很柔软。老虎的妈妈很强壮。其他动物的妈妈是什么样的呢？我的妈妈又是什么样的呢？\", \"id\" : \"V4S5aq7nxGZDnHHEYWaRnw\", \"脚本\" : \"\", \"分类一\" : \"人与社会\", \"中文名称\" : \"我的母亲是我的\", \"词汇量\" : 100, \"英文名称\" : \"My Mother is Mine\"}"
"{\"阅读时长\" : 28, \"年级\" : \"twoGrade,threeGrade,fourGrade\", \"封面\" : \"eyyb\\/system\\/hbyd\\/20240528\\/62542fabe79bea609529fd7557373e03\\/1716895499869_253.jpg\", \"主题\" : \"自然景观\", \"分类二\" : \"世界地理\", \"单词\" : \"forest,river,mountain\", \"简介\" : \"你见过沙漠、森林、群山、河流和瀑布吗？打开绘本，一起来看看自然的神奇景观吧！\", \"id\" : \"VMsb6hMXBExFQUmyUEwUe\", \"脚本\" : \"\", \"分类一\" : \"人与自然\", \"中文名称\" : \"看一看\", \"词汇量\" : 23, \"英文名称\" : \"Look and See\"}"
"{\"阅读时长\" : 145, \"年级\" : \"fourGrade,fiveGrade,sixGrade\", \"封面\" : \"hbyd\\/20190801\\/ab47abae0dbec109247d2c98b9e54c41\\/The_Hungry_Giant_s_Shoe.jpg\", \"主题\" : \"物品\", \"分类二\" : \"趣味故事\", \"单词\" : \"reply,roar,yell,wet,hop,mood\", \"简介\" : \"饿肚子巨人红色的新鞋找不到了，人们找遍了所有的房子、商店、街道，都没有找到。饿肚子巨人的新鞋到底去了哪里呢？\", \"id\" : \"UNzQF4Fq1sjMhLsC9BS42u\", \"脚本\" : \"\", \"分类一\" : \"人与社会\", \"中文名称\" : \"饿肚子巨人的鞋\", \"词汇量\" : 247, \"英文名称\" : \"The Hungry Giant's Shoe\"}"
"{\"阅读时长\" : 32, \"年级\" : \"oneGrade,twoGrade,threeGrade\", \"封面\" : \"eyyb\\/system\\/hbyd\\/20241104\\/717c8f6e04ed0c9ee29abfff51fb86bc\\/1730688068471_55.png\", \"主题\" : \"水果\", \"分类二\" : \"健康教育\", \"单词\" : \"apple,pear,watermelon,fruit\", \"简介\" : \"一起来认识苹果、梨、西瓜和樱桃等各种各样的水果，激发对自然美味的好奇心。\", \"id\" : \"UhYnghJTKPiWjpuZMJjhns\", \"脚本\" : \"\", \"分类一\" : \"人与自我\", \"中文名称\" : \"我们有水果\", \"词汇量\" : 18, \"英文名称\" : \"We Have Fruit\"}"
"{\"阅读时长\" : 110, \"年级\" : \"fiveGrade\", \"封面\" : \"\\/bookread\\/userfiles2\\/1\\/files\\/APP\\/kantupeiyin\\/5X\\/Silly Sally\\/img\\/0.jpg\", \"主题\" : \"\", \"分类二\" : \"\", \"单词\" : \"\", \"简介\" : \"null\", \"id\" : \"W2ch7F3cA5FVbBiGakaxRW\", \"脚本\" : \"\", \"分类一\" : \"\", \"中文名称\" : \"null\", \"词汇量\" : \"\", \"英文名称\" : \"Silly Sally 笨笨的萨利\"}"
"{\"阅读时长\" : 129, \"年级\" : \"fourGrade,fiveGrade,sixGrade\", \"封面\" : \"eyyb\\/system\\/hbyd\\/20231023\\/f4aa0834d298371d46eeaa4eee493358\\/1698028571953_289.jpg\", \"主题\" : \"动物的成长\", \"分类二\" : \"自然科学\", \"单词\" : \"leg,baby,like,mother\", \"简介\" : \"青蛙妈妈产下青蛙卵，小蝌蚪从青蛙卵里出来，褪去尾巴，长出四条腿，最后长大成了青蛙。\", \"id\" : \"UEDBGpRjcKpgpRLUoHH31M\", \"脚本\" : \"\", \"分类一\" : \"人与自然\", \"中文名称\" : \"青蛙是怎样长大的\", \"词汇量\" : 119, \"英文名称\" : \"How Frogs Grow\"}"
"{\"阅读时长\" : 36, \"年级\" : \"threeGrade,fourGrade,fiveGrade\", \"封面\" : \"eyyb\\/system\\/hbyd\\/20241101\\/eb28d94321430dbb300284558f8de0be\\/1730444025480_280.png\", \"主题\" : \"职业理想\", \"分类二\" : \"职业认知\", \"单词\" : \"astronaut,sea,moon,dancer\", \"简介\" : \"梦想翱翔，我化身宇航员、海盗、潜水员，舞动于舞台，闪耀如公主，驰骋于蓝海。无限可能，我勇敢追梦。未来你想成为什么样的人？\", \"id\" : \"WB6ndxP4rrVwWYQyfekCNC\", \"脚本\" : \"\", \"分类一\" : \"人与社会\", \"中文名称\" : \"看看我！\", \"词汇量\" : 195, \"英文名称\" : \"Look at Me!\"}"
"{\"阅读时长\" : 559, \"年级\" : \"fourGrade,fiveGrade,sixGrade\", \"封面\" : \"eyyb\\/system\\/hbyd\\/20220705\\/7e64a736c7a3a03955f4a53780d69a8a\\/1656989606402_965.jpg\", \"主题\" : \"\", \"分类二\" : \"神话故事\", \"单词\" : \"\", \"简介\" : \"东方越来越亮，一缕霞光爬上天空。夸父兴奋地抖落肩头的白霜。跟随太阳的脚步，夸父奔跑起来······\", \"id\" : \"UYPdhSRypfXh3jPWHgMbUF\", \"脚本\" : \"\", \"分类一\" : \"中文绘本\", \"中文名称\" : \"\", \"词汇量\" : 19, \"英文名称\" : \"夸父追日\"}"
"{\"阅读时长\" : 36, \"年级\" : \"twoGrade,threeGrade,fourGrade\", \"封面\" : \"eyyb\\/system\\/hbyd\\/20230228\\/d0627a07fcf2d9a0c6e6f04c741f2ad4\\/1677569150649_220.jpg\", \"主题\" : \"娱乐活动,家具和家庭用品\", \"分类二\" : \"生活常识\", \"单词\" : \"bowl,spoon,chair,big\", \"简介\" : \"一位巨人想给大家展示自己的东西，他拿出了自己的帽子、大衣、包、碗、勺、书还有椅子，这些东西都非常大！\", \"id\" : \"UHRMzfBqJ4LupirAxTFGaC\", \"脚本\" : \"\", \"分类一\" : \"人与社会\", \"中文名称\" : \"这么大！\", \"词汇量\" : 66, \"英文名称\" : \"So Big!\"}"
"{\"阅读时长\" : 72, \"年级\" : \"twoGrade,threeGrade,fourGrade\", \"封面\" : \"eyyb\\/system\\/hbyd\\/20220705\\/e1e52bc6a4763715692974c22378fafc\\/1656983833925_530.jpg\", \"主题\" : \"\", \"分类二\" : \"品德教育\", \"单词\" : \"\", \"简介\" : \"很久以前，人类没有火，只能吃生的食物，在寒冷的冬季被冻得瑟瑟发抖。火被一个巨人紧紧看守着。巨人吝啬又残忍，不管人类怎样哀求，也不肯把火种分给人类。一个叫林安的人和他的动物朋友们决定采取行动……\", \"id\" : \"WjzS4tfCoRCzADu4ZGgNpa\", \"脚本\" : \"\", \"分类一\" : \"中文绘本\", \"中文名称\" : \"\", \"词汇量\" : 17, \"英文名称\" : \"巨人的火\"}"
"{\"阅读时长\" : 43, \"年级\" : \"fourGrade\", \"封面\" : \"eyyb\\/system\\/hbyd\\/20210722\\/603d46986a175a80a86d7a5835f8a541\\/1626941707682_9.jpg\", \"主题\" : \"\", \"分类二\" : \"\", \"单词\" : \"\", \"简介\" : \"null\", \"id\" : \"WbDYrB64Uf6fPfEVLn5Uv1\", \"脚本\" : \"\", \"分类一\" : \"\", \"中文名称\" : \"null\", \"词汇量\" : \"\", \"英文名称\" : \"Going on Vacation\"}"
"{\"阅读时长\" : 100, \"年级\" : \"fourGrade,fiveGrade,sixGrade\", \"封面\" : \"eyyb\\/system\\/hbyd\\/20240528\\/884ceb8a74b48ce21ba99acc63f6dcc9\\/1716897329435_13.jpg\", \"主题\" : \"成长历程\", \"分类二\" : \"品德教养\", \"单词\" : \"dream,pitch,coach,contradict,announce,football,television,champion,brother\", \"简介\" : \"绘本讲述了葆拉从小生活在巴西贫民窟，虽面临诸多困难，但凭借对足球的热爱和勇敢追梦的精神，最终实现梦想的故事。\", \"id\" : \"WzfF285wLMGe6vGmVHpsyG\", \"脚本\" : \"\", \"分类一\" : \"人与自我\", \"中文名称\" : \"来自巴西的葆拉\", \"词汇量\" : 864, \"英文名称\" : \"PAOLA FROM BRAZIL\"}"
"{\"阅读时长\" : 28, \"年级\" : \"oneGrade,twoGrade,threeGrade\", \"封面\" : \"eyyb\\/system\\/hbyd\\/20241205\\/96b03cda4cf7aaae8adf26915e4688c3\\/1733399237867_429.png\", \"主题\" : \"聚会\", \"分类二\" : \"生活常识\", \"单词\" : \"gift,the,we,pizza,hat,like,cake\", \"简介\" : \"这本绘本生动地展现了欢乐的生日场景。在生日派对上，有美味的蛋糕、精美的礼物、有趣的帽子和好吃的披萨。它体现了孩子们对生日派对的热爱。\", \"id\" : \"XeKLLCLH6y5CNNgEbee1Yq\", \"脚本\" : \"\", \"分类一\" : \"人与社会\", \"中文名称\" : \"我们喜欢生日\", \"词汇量\" : 280, \"英文名称\" : \"We Like Birthdays\"}"
"{\"阅读时长\" : 28, \"年级\" : \"fourGrade,fiveGrade,sixGrade\", \"封面\" : \"eyyb\\/system\\/hbyd\\/20240530\\/8ec3b6475147dbecfdf61638904fcaa3\\/1717056242581_973.jpg\", \"主题\" : \"社会交往\", \"分类二\" : \"社会交往\", \"单词\" : \"ball,will,tail,play,sad,find,long,ear,have,like,short\", \"简介\" : \"你养过小动物吗？带小动物出门的时候一定要照看好它哦，不然很可能像这本《Where Has My Little Dog Gone?》书中一样，找不到贪玩的小狗了！快来帮忙找一找那只短耳朵、长尾巴、爱玩球的小狗吧！\", \"id\" : \"WZzJN2zf8xKN4KvePeZQuy\", \"脚本\" : \"\", \"分类一\" : \"人与社会\", \"中文名称\" : \"我的小狗去哪儿了？\", \"词汇量\" : 321, \"英文名称\" : \"Where Has My Little Dog Gone?\"}"
"{\"阅读时长\" : 36, \"年级\" : \"fourGrade,fiveGrade,sixGrade\", \"封面\" : \"eyyb\\/system\\/hbyd\\/20240528\\/34bb95975b9b3614302281d4e52a01c8\\/1716893502211_877.jpg\", \"主题\" : \"游戏与休闲\", \"分类二\" : \"安全教育\", \"单词\" : \"sleep,ride,beat,turn,rope,steer,move,float,safely,pass,skip,hill,thrill,roll,fast,bounce,straight,high,breeze\", \"简介\" : \"绘本描述了各种有趣的活动，如跑、跳绳、骑自行车、玩球、滚下山坡、放风筝等，鼓励孩子们尽情玩耍。通过生动的描述和韵律感十足的语言，展现了孩子们在白天尽情娱乐的场景，最后以夜晚睡觉结束，充满了活力与趣味。\", \"id\" : \"XdQvoBxeThGfpVAZoC376w\", \"脚本\" : \"\", \"分类一\" : \"人与自我\", \"中文名称\" : \"玩一整天\", \"词汇量\" : 310, \"英文名称\" : \"Play, Play, Play All Day\"}"
"{\"阅读时长\" : 164, \"年级\" : \"fiveGrade\", \"封面\" : \"\\/bookread\\/userfiles2\\/1\\/files\\/APP\\/kantupeiyin\\/5X\\/Picky Nicky\\/Picky Nicky.jpg\", \"主题\" : \"\", \"分类二\" : \"\", \"单词\" : \"\", \"简介\" : \"null\", \"id\" : \"X7kKtckvRHJ5iTU4PGvWjN\", \"脚本\" : \"\", \"分类一\" : \"\", \"中文名称\" : \"null\", \"词汇量\" : \"\", \"英文名称\" : \"Picky Nicky 挑嘴的妮琪\"}"
"{\"阅读时长\" : 42, \"年级\" : \"threeGrade,fourGrade,fiveGrade\", \"封面\" : \"eyyb\\/system\\/hbyd\\/20211116\\/d0454f34fd0110ae6b27e3a22eba9968\\/1637031118606_838.jpg\", \"主题\" : \"常见职业介绍\", \"分类二\" : \"职业认知\", \"单词\" : \"firefighter,job,learn,teacher,pilot,sick,doctor,safe,airplane,save,fly,police officer\", \"简介\" : \"世界上有各种各样的职业，有警察、医生、老师······你长大之后想要做什么工作呢？\", \"id\" : \"XS5VuQM3yFz78uMMFVt3sx\", \"脚本\" : \"\", \"分类一\" : \"人与社会\", \"中文名称\" : \"我们的工作\", \"词汇量\" : 60, \"英文名称\" : \"Our Jobs\"}"
"{\"阅读时长\" : 36, \"年级\" : \"fourGrade,fiveGrade,sixGrade\", \"封面\" : \"eyyb\\/system\\/hbyd\\/20230621\\/88961370c07108378becb446c73aff02\\/1687318338536_95.jpg\", \"主题\" : \"外貌\", \"分类二\" : \"思维培养\", \"单词\" : \"monkey,teeth,long,bird,rabbit,giraffe\", \"简介\" : \"长颈鹿的脖子很长。青蛙的腿很长。大象的鼻子很长。猴子的尾巴很长。还有什么东西很长呢？\", \"id\" : \"XfJoiex7pWm1uA7y2FdV8V\", \"脚本\" : \"\", \"分类一\" : \"人与自我\", \"中文名称\" : \"什么东西很长？\", \"词汇量\" : 90, \"英文名称\" : \"What Is Very Long?\"}"
"{\"阅读时长\" : 45, \"年级\" : \"oneGrade,twoGrade,threeGrade\", \"封面\" : \"eyyb\\/system\\/hbyd\\/20210715\\/5c7467e1132d7fb019d1d686a1d793f0\\/1626330585955_397.jpg\", \"主题\" : \"动物\", \"分类二\" : \"文学艺术\", \"单词\" : \"dancer,duck,bee,cat,monster,dog,bunny,girl\", \"简介\" : \"看！我可以变成一只小猫、一只小蜜蜂、一只小狗。哈哈哈，猜一猜我现在是什么？\", \"id\" : \"X7s23N4DLLR9i87bLE3SnL\", \"脚本\" : \"\", \"分类一\" : \"人与社会\", \"中文名称\" : \"装扮游戏\", \"词汇量\" : 43, \"英文名称\" : \"Playing Dress Up\"}"
"{\"阅读时长\" : 34, \"年级\" : \"threeGrade,fourGrade\", \"封面\" : \"eyyb\\/system\\/hbyd\\/20210714\\/2c96afd44bc646a33a3570913862d71e\\/1626250397442_523.jpg\", \"主题\" : \"其他动物\", \"分类二\" : \"社会交往\", \"单词\" : \"bone,dish,little,blanket,brush,puppy,bed,toy,new,collar\", \"简介\" : \"老爷爷最近养了一只宠物狗Meli，他贴心地给Meli准备了一个小盘子，一条小项圈，一个小玩具，还有······\", \"id\" : \"X5ZLRi8dh7H3zfcwuF5GCk\", \"脚本\" : \"\", \"分类一\" : \"人与社会\", \"中文名称\" : \"新宠物狗\", \"词汇量\" : 43, \"英文名称\" : \"The New Puppy\"}"
"{\"阅读时长\" : 32, \"年级\" : \"oneGrade,twoGrade,threeGrade\", \"封面\" : \"eyyb\\/system\\/hbyd\\/20240522\\/f116e9c4e686d7c4246d3c5de26f482c\\/1716360070738_227.jpg\", \"主题\" : \"其他动物\", \"分类二\" : \"亲情友情\", \"单词\" : \"bird,fish,cat,my,horse,dog\", \"简介\" : \"绘本通过简单的句型来展示宠物与孩子之间的亲密关系，同时通过插图让孩子们认识不同的宠物：狗、猫、鸟、鱼和马。\", \"id\" : \"XJKB5v9X5T88dG3WCXCmwV\", \"脚本\" : \"\", \"分类一\" : \"人与社会\", \"中文名称\" : \"我的宠物\", \"词汇量\" : 30, \"英文名称\" : \"My Pet\"}"
"{\"阅读时长\" : 28, \"年级\" : \"threeGrade,fourGrade,fiveGrade\", \"封面\" : \"eyyb\\/system\\/hbyd\\/20240523\\/a9e1df3bcf2094893325e8d6b04d1c04\\/1716454702068_417.jpg\", \"主题\" : \"形状\", \"分类二\" : \"生活常识\", \"单词\" : \"rectangle,circle,square,find,triangle\", \"简介\" : \"绘本通过一系列简单的问答，引导孩子们识别圆形、正方形、长方形和三角形，并描述它们的颜色。鼓励孩子们积极在生活中仔细观察。\", \"id\" : \"XRWEkLU5umxR8WNstUq5oj\", \"脚本\" : \"\", \"分类一\" : \"人与社会\", \"中文名称\" : \"寻找形状\", \"词汇量\" : 120, \"英文名称\" : \"Finding Shapes\"}"
"{\"阅读时长\" : 28, \"年级\" : \"twoGrade,threeGrade\", \"封面\" : \"eyyb\\/system\\/hbyd\\/20241205\\/0df46b2b0b516978b8b3ba61a3211d45\\/1733399515429_638.png\", \"主题\" : \"常见职业介绍\", \"分类二\" : \"职业认知\", \"单词\" : \"nurse,coach,here,you,teacher,who\", \"简介\" : \"这本绘本介绍了学校里的各种工作人员，包括老师、教练、护士和公交车司机。通过问答的形式，让孩子们了解这些人的职责和他们在学校中的重要性。\", \"id\" : \"WrvDNHZfUDjoCPL3TX7bR9\", \"脚本\" : \"\", \"分类一\" : \"人与社会\", \"中文名称\" : \"学校里的人\", \"词汇量\" : 83, \"英文名称\" : \"People at School\"}"
"{\"阅读时长\" : 28, \"年级\" : \"twoGrade,threeGrade,fourGrade\", \"封面\" : \"eyyb\\/system\\/hbyd\\/20240523\\/58a84675834dc9aca3ceeb8bbeae3df5\\/1716449763522_242.jpg\", \"主题\" : \"水果\", \"分类二\" : \"自然科学\", \"单词\" : \"apple,some,you,pear,like,we,watermelon\", \"简介\" : \"你喜欢水果吗？你喜欢什么水果呢？我们喜欢苹果、梨子、西瓜还有樱桃。\", \"id\" : \"WLUnviRifTPxHfbhr6iLKp\", \"脚本\" : \"\", \"分类一\" : \"人与自然\", \"中文名称\" : \"我们喜欢水果\", \"词汇量\" : 130, \"英文名称\" : \"We Like Fruit\"}"
"{\"阅读时长\" : 36, \"年级\" : \"fiveGrade,sixGrade\", \"封面\" : \"eyyb\\/system\\/hbyd\\/20250708\\/e6c08fa63e26780d03946972083f66bb\\/1751967970794_316.png\", \"主题\" : \"接受自己\", \"分类二\" : \"性格教育\", \"单词\" : \"sad,crack,swan,wild,alone,nest,ugly\", \"简介\" : \"丑小鸭在小时候一直被自己的同伴嘲笑，经历孤独和排斥，但后来在春天发现自己变成了一只美丽的天鹅，找到了属于自己的家族。\", \"id\" : \"X6wdYz7iZK1vSm15jgM74C\", \"脚本\" : \"\", \"分类一\" : \"人与自我\", \"中文名称\" : \"丑小鸭\", \"词汇量\" : 432, \"英文名称\" : \"The Ugly Duckling\"}"
"{\"阅读时长\" : 43, \"年级\" : \"twoGrade,threeGrade\", \"封面\" : \"eyyb\\/system\\/hbyd\\/20210715\\/61bec529254e4dbf511199cd1010cded\\/1626314782707_344.jpg\", \"主题\" : \"家人和亲友\", \"分类二\" : \"亲情友情\", \"单词\" : \"swim,eat,hug,walk,ride,shop,read,jump\", \"简介\" : \"妈妈现在在做什么呢？看！妈妈正在读书。妈妈正在跳绳。妈妈正在游泳······\", \"id\" : \"WbQfprzyiJtbEERRARtjBD\", \"脚本\" : \"\", \"分类一\" : \"人与社会\", \"中文名称\" : \"妈妈\", \"词汇量\" : 26, \"英文名称\" : \"Mom\"}"
"{\"阅读时长\" : 138, \"年级\" : \"threeGrade,fourGrade\", \"封面\" : \"eyyb\\/system\\/hbyd\\/20211213\\/3f52286af0271699ac56260b969a933d\\/1639384195108_741.jpg\", \"主题\" : \"家庭信息\", \"分类二\" : \"人际关系\", \"单词\" : \"cousin,uncle,grandfather,who,grandmother,she,aunt,he\", \"简介\" : \"鼹鼠带小刺猬来自己家做客，他会怎样为客人介绍自己的家人呢？\", \"id\" : \"WaiZSNozWM7xaMGbNoQPDL\", \"脚本\" : \"\", \"分类一\" : \"人与社会\", \"中文名称\" : \"欢迎来我家\", \"词汇量\" : 82, \"英文名称\" : \"Welcome to My Home\"}"
"{\"阅读时长\" : 36, \"年级\" : \"fourGrade\", \"封面\" : \"eyyb\\/system\\/hbyd\\/20210722\\/87ab8c975cf2eb837c267a697910a916\\/1626941597833_303.jpg\", \"主题\" : \"\", \"分类二\" : \"\", \"单词\" : \"\", \"简介\" : \"null\", \"id\" : \"WQJRt6zh5XqiLcDzjXTsDm\", \"脚本\" : \"\", \"分类一\" : \"\", \"中文名称\" : \"null\", \"词汇量\" : \"\", \"英文名称\" : \"The Hat\"}"
"{\"阅读时长\" : 132, \"年级\" : \"fourGrade\", \"封面\" : \"\\/bookread\\/userfiles2\\/1\\/files\\/APP\\/kantupeiyin\\/4x\\/Who Will Be My Friends\\/img\\/1_f.jpg\", \"主题\" : \"\", \"分类二\" : \"\", \"单词\" : \"\", \"简介\" : \"null\", \"id\" : \"XWXfQQWiKYcDKfsUdiiZfQ\", \"脚本\" : \"\", \"分类一\" : \"\", \"中文名称\" : \"null\", \"词汇量\" : \"\", \"英文名称\" : \"Who Will Be My Friends? 谁会成为我朋友？\"}"
"{\"阅读时长\" : 217, \"年级\" : \"threeGrade,fourGrade\", \"封面\" : \"hbyd\\/20191220\\/94f0d4c96949075b4e7142143f628a5c\\/I_Am_an_Apple_1.jpg\", \"主题\" : \"\", \"分类二\" : \"\", \"单词\" : \"\", \"简介\" : \"null\", \"id\" : \"Xd6guNbpaGSwYraWBmgeDe\", \"脚本\" : \"\", \"分类一\" : \"\", \"中文名称\" : \"null\", \"词汇量\" : \"\", \"英文名称\" : \"I Am an Apple\"}"
"{\"阅读时长\" : 36, \"年级\" : \"fiveGrade,sixGrade\", \"封面\" : \"eyyb\\/system\\/hbyd\\/20230327\\/988c28e301294561ee20a1627e7d96d1\\/1679900245392_163.jpg\", \"主题\" : \"食物\", \"分类二\" : \"趣味故事\", \"单词\" : \"honey,berry,lunch,fish,nuts\", \"简介\" : \"午餐时间到了，熊妈妈要给家人准备午餐。熊宝宝喜欢浆果和坚果，熊爸爸喜欢鱼，熊妈妈喜欢蜂蜜。\", \"id\" : \"WcfF9MjZ9shHwC37cHkSPk\", \"脚本\" : \"\", \"分类一\" : \"人与社会\", \"中文名称\" : \"午餐时间\", \"词汇量\" : 125, \"英文名称\" : \"Time for Lunch\"}"
"{\"阅读时长\" : 660, \"年级\" : \"oneGrade,twoGrade,threeGrade,fourGrade\", \"封面\" : \"eyyb\\/system\\/hbyd\\/20220630\\/3f38a25d385345c9223003eeda6810f5\\/1656580142635_596.jpg\", \"主题\" : \"\", \"分类二\" : \"人际交往\", \"单词\" : \"\", \"简介\" : \"伊娃举办了美食节，邀请朋友们带着食物来参加比赛。大家都跃跃欲试，纷纷准备了最美味的食物。小朋友们，快来看看他们都准备了什么美食吧！\", \"id\" : \"XeZqS57QuPDzZA1g5RDQbo\", \"脚本\" : \"\", \"分类一\" : \"中文绘本\", \"中文名称\" : \"\", \"词汇量\" : 28, \"英文名称\" : \"伊娃的美食节\"}"
"{\"阅读时长\" : 209, \"年级\" : \"fourGrade,fiveGrade,sixGrade\", \"封面\" : \"hbyd\\/20190801\\/fce0d07df0a53c83dfb5b14851d0f357\\/Mr_Whisper_s_Sore_Ears.jpg\", \"主题\" : \"健康状况\", \"分类二\" : \"趣味故事\", \"单词\" : \"noise,throat,whisper,pad,town,quiet,bell,shout,doctor,mall,laugh,sore\", \"简介\" : \"一天，悄悄话先生来到了镇上，他的耳朵突然疼起来了。悄悄话先生为什么会耳朵疼呢？他又是怎么治疗的呢？\", \"id\" : \"WRaXdDVfaDLugDvnzY7xof\", \"脚本\" : \"\", \"分类一\" : \"人与社会\", \"中文名称\" : \"悄悄话先生耳朵疼\", \"词汇量\" : 296, \"英文名称\" : \"Mr Whisper's Sore Ears\"}"
"{\"阅读时长\" : 64, \"年级\" : \"threeGrade,fourGrade,fiveGrade\", \"封面\" : \"eyyb\\/system\\/hbyd\\/20240528\\/0d0c95b64d04920d98b92b423b0e0b49\\/1716897189809_365.jpg\", \"主题\" : \"解决方式\", \"分类二\" : \"思维培养\", \"单词\" : \"list,blackberry,habit,bush,lawn,melon,neighbor,yell\", \"简介\" : \"宠物山羊米莉因爱咀嚼家中物品而引发了家庭矛盾，在孩子们的巧妙安排下，米莉的“坏习惯”被转化为有益的工作，不仅解决了家庭问题，还使米莉的生活变得充实多彩，展现了孩子们的智慧与爱心。\", \"id\" : \"WoqfA4esh3UKXRSPLEZJMZ\", \"脚本\" : \"\", \"分类一\" : \"人与自我\", \"中文名称\" : \"爱咀嚼的米莉\", \"词汇量\" : 213, \"英文名称\" : \"Munching Millie\"}"
"{\"阅读时长\" : 47, \"年级\" : \"threeGrade,fourGrade,fiveGrade\", \"封面\" : \"eyyb\\/system\\/hbyd\\/20211115\\/6ee701ab52664ddeeb48a8d6fbef4021\\/1636945233145_541.jpg\", \"主题\" : \"颜色\", \"分类二\" : \"文学艺术\", \"单词\" : \"hard,green,ant,draw,white,blue,black,red,brown\", \"简介\" : \"Laura是一位画画能手，她会画蓝色的蝴蝶、红色的虫子、棕色的蜘蛛，你会画什么颜色的昆虫呢？\", \"id\" : \"WpyiRnSfBx6yDXxZZvztX3\", \"脚本\" : \"\", \"分类一\" : \"人与社会\", \"中文名称\" : \"我会画画\", \"词汇量\" : 60, \"英文名称\" : \"I Can Draw\"}"
"{\"阅读时长\" : 64, \"年级\" : \"fourGrade,fiveGrade,sixGrade\", \"封面\" : \"eyyb\\/system\\/hbyd\\/20231114\\/9d301c37c8e49ab58b4ce804918e1d03\\/1699928451108_998.jpg\", \"主题\" : \"社会交往\", \"分类二\" : \"人际关系\", \"单词\" : \"new,friend,letter,worry\", \"简介\" : \"布莱恩很难过，因为他最好的朋友保罗要搬走了。后来，隔壁又搬来了一户新人家。布莱恩交到了新朋友，杰克和卢克。\", \"id\" : \"WfZfdN4ymF8JXBSMnwR5RP\", \"脚本\" : \"\", \"分类一\" : \"人与社会\", \"中文名称\" : \"最好的新朋友\", \"词汇量\" : 257, \"英文名称\" : \"Best New Friends\"}"
"{\"阅读时长\" : 36, \"年级\" : \"fourGrade,fiveGrade,sixGrade\", \"封面\" : \"eyyb\\/system\\/hbyd\\/20241111\\/5fc8b7d128ba01d8ef1d6738d31ffc70\\/1731308036554_384.png\", \"主题\" : \"动物的成长\", \"分类二\" : \"自然科学\", \"单词\" : \"friend,caterpillar,garden,flower\", \"简介\" : \"瓢虫露西尔的朋友毛毛虫卡拉不见了，她四处寻找，最后发现原来是卡拉变成了蝴蝶。\", \"id\" : \"WjAPb6KF2DgaZZXzy8QCjf\", \"脚本\" : \"\", \"分类一\" : \"人与自然\", \"中文名称\" : \"失去朋友的小瓢虫\", \"词汇量\" : 443, \"英文名称\" : \"The ladybird who's lost without her friend\"}"
"{\"阅读时长\" : 52, \"年级\" : \"twoGrade,threeGrade,fourGrade\", \"封面\" : \"eyyb\\/system\\/hbyd\\/20240522\\/32aedac0a442152afda77177ac3217ab\\/1716360166279_414.jpg\", \"主题\" : \"声音\", \"分类二\" : \"自然科学\", \"单词\" : \"dog,roar,sheep,hen,lion,bee,cow,frog,pig\", \"简介\" : \"绘本讲述了一个所有动物都叫错声音的有趣故事。故事里，狮子“Baa!”地叫，狼“Moo!”地嚎，猫头鹰“Oink!”地鸣，而猪“Twit-twoo!”地哼。这些动物的正确叫声是什么样的呢？一起来看看吧！\", \"id\" : \"Ws1NVWV6Bqod9x1amAMCUp\", \"脚本\" : \"\", \"分类一\" : \"人与自然\", \"中文名称\" : \"狮子吼叫\", \"词汇量\" : 135, \"英文名称\" : \"Roar! Went the lion\"}"
"{\"阅读时长\" : 52, \"年级\" : \"fourGrade,fiveGrade,sixGrade\", \"封面\" : \"eyyb\\/system\\/hbyd\\/20241111\\/8f7f3023eb4953ab6a9d8ac8061c84c1\\/1731307410002_486.png\", \"主题\" : \"其他动物\", \"分类二\" : \"自然科学\", \"单词\" : \"crocodile,wolf,bear,monkey,elephant,penguin,camel\", \"简介\" : \"让我们一同开启一场生动的动物园探险。从白熊到黑熊，从骆驼到灰狼，再到各种珍奇动物，每一种生物都以其独特的方式展现着生命的魅力。我们不仅领略了大自然的奇妙多样，更感受到了与动物共处的乐趣。\", \"id\" : \"XTxmuG1hx7VZ5ozEauQ35v\", \"脚本\" : \"\", \"分类一\" : \"人与自然\", \"中文名称\" : \"动物园里的一天\", \"词汇量\" : 231, \"英文名称\" : \"Day at the Zoo\"}"
"{\"阅读时长\" : 36, \"年级\" : \"fourGrade,fiveGrade,sixGrade\", \"封面\" : \"eyyb\\/system\\/hbyd\\/20240530\\/f07fadb12fd12476ed1d087efe5d50ab\\/1717055148270_847.jpg\", \"主题\" : \"社区环境与设施\", \"分类二\" : \"社会交往\", \"单词\" : \"contrary,silver,quick,door,hill,garden,wool,wall,maid,crown,sheep,master,gate\", \"简介\" : \"绘本通过引导孩子们猜测住在街上不同门牌号的人物，介绍了经典的童谣角色。如黑羊、蛋头先生（Humpty Dumpty）、杰克（Jack Be Nimble）、玛丽（Mary, Mary, Quite Contrary）和杰克与吉尔（Jack and Jill），每个角色都与一首著名的童谣相关。画面生动，色彩鲜艳，借助猜测游戏和经典童谣，绘本激发孩子们的好奇心和探索欲。\", \"id\" : \"X4Uuqsi8ddxiGf2GDsJfys\", \"脚本\" : \"\", \"分类一\" : \"人与社会\", \"中文名称\" : \"猜猜谁住在我的街上\", \"词汇量\" : 300, \"英文名称\" : \"Guess Who Lives on My Street\"}"
"{\"阅读时长\" : 40, \"年级\" : \"oneGrade,twoGrade,threeGrade\", \"封面\" : \"eyyb\\/system\\/hbyd\\/20241129\\/e8839f448e23968c4c78142db17eb77f\\/1732862746295_176.png\", \"主题\" : \"爱好\", \"分类二\" : \"趣味故事\", \"单词\" : \"baseball,we,ice cream,I,hot dog,popcorn\", \"简介\" : \"Nat、Nan和Sam喜欢棒球，他们去观看了一场精彩的棒球比赛。阅读的同时注意“n”在Nat、Nan中的正确发音。\", \"id\" : \"WbFJ28XHVi4efzkegUmQmx\", \"脚本\" : \"\", \"分类一\" : \"人与社会\", \"中文名称\" : \"我们喜欢棒球\", \"词汇量\" : 27, \"英文名称\" : \"We Like Baseball\"}"
"{\"阅读时长\" : 56, \"年级\" : \"fiveGrade,sixGrade\", \"封面\" : \"eyyb\\/system\\/hbyd\\/20241122\\/34f69e13fb48952c2b677c044b25a82f\\/1732266628806_472.png\", \"主题\" : \"性格\", \"分类二\" : \"社会交往\", \"单词\" : \"cosy,gently,spot,cub,beat,roll,shake,safe\", \"简介\" : \"一只害羞的小狮子，她害怕与其他人交往，不敢和其他幼崽一起玩耍。上学的第一天，她因为害羞而不敢加入其他幼崽。当她遇到一只同样害羞的小豹子时，小狮子鼓起勇气，向小豹子伸出了友谊之手。\", \"id\" : \"WnTcUi6jhV6SzPGokgNWB7\", \"脚本\" : \"\", \"分类一\" : \"人与社会\", \"中文名称\" : \"害羞的小狮子\", \"词汇量\" : 309, \"英文名称\" : \"Shy Little Lion\"}"
"{\"阅读时长\" : 36, \"年级\" : \"threeGrade\", \"封面\" : \"\\/bookread\\/userfiles2\\/1\\/files\\/APP\\/kantupeiyin\\/3X\\/Rosie's Walk\\/img\\/0.jpg\", \"主题\" : \"\", \"分类二\" : \"\", \"单词\" : \"\", \"简介\" : \"null\", \"id\" : \"WUrrnSrgAn2kjmtLbn95PC\", \"脚本\" : \"\", \"分类一\" : \"\", \"中文名称\" : \"null\", \"词汇量\" : \"\", \"英文名称\" : \"Rosie's Walk 母鸡萝丝去散步\"}"
"{\"阅读时长\" : 36, \"年级\" : \"twoGrade,threeGrade,fourGrade\", \"封面\" : \"eyyb\\/system\\/hbyd\\/20240528\\/05e48b10a72075596ac31b8619b3368c\\/1716896180950_254.jpg\", \"主题\" : \"思考\", \"分类二\" : \"生活常识\", \"单词\" : \"wire,see,top,rise,line,kite,wave,ride,dot\", \"简介\" : \"绘本通过对事物上升现象的描述，引发孩子的观察与思考。阅读的同时，注意长元音e的发音。\", \"id\" : \"XcN2oJqjn5tqcbieYwvmKE\", \"脚本\" : \"\", \"分类一\" : \"人与社会\", \"中文名称\" : \"他能看见我吗？\", \"词汇量\" : 116, \"英文名称\" : \"Can He See Me?\"}"
"{\"阅读时长\" : 240, \"年级\" : \"sixGrade\", \"封面\" : \"hbyd\\/20200624\\/ff754fa510e17b834595c0c33e88f961\\/1592988632796_603.jpg\", \"主题\" : \"\", \"分类二\" : \"\", \"单词\" : \"\", \"简介\" : \"null\", \"id\" : \"WeDQFdKGPnL7mV3ZzFGbNU\", \"脚本\" : \"\", \"分类一\" : \"\", \"中文名称\" : \"null\", \"词汇量\" : \"\", \"英文名称\" : \"Happy Birthday, Danny and the Dinosaur\"}"
"{\"阅读时长\" : 52, \"年级\" : \"fiveGrade,sixGrade\", \"封面\" : \"eyyb\\/system\\/hbyd\\/20241122\\/7fc7346dded0f40e1baf20ad6ac5513f\\/1732267252989_185.png\", \"主题\" : \"相互帮助\", \"分类二\" : \"趣味故事\", \"单词\" : \"sparrow,postman,beaver,exclaim,bored,fabric\", \"简介\" : \"马丁的表妹黛西要搬家，他和朋友帮助黛西修缮房子。粉刷房子后，马丁被溅了一身油漆，他没有生气，大家都笑了。\", \"id\" : \"XAo59hQeJnfTfu2yttKRwK\", \"脚本\" : \"\", \"分类一\" : \"人与社会\", \"中文名称\" : \"给兔子黛西的房子\", \"词汇量\" : 603, \"英文名称\" : \"A House for Daisy Bunny\"}"
"{\"阅读时长\" : 299, \"年级\" : \"fiveGrade,sixGrade\", \"封面\" : \"hbyd\\/20191220\\/2c9c3b3b1cbe5154d0b1a758ddde0e4d\\/Sheep_in_a_Jeep_1.jpg\", \"主题\" : \"\", \"分类二\" : \"\", \"单词\" : \"\", \"简介\" : \"null\", \"id\" : \"XgfhckroQp9tDUXaHvmzP6\", \"脚本\" : \"\", \"分类一\" : \"\", \"中文名称\" : \"null\", \"词汇量\" : \"\", \"英文名称\" : \"Sheep in a Jeep\"}"
"{\"阅读时长\" : 66, \"年级\" : \"sixGrade\", \"封面\" : \"eyyb\\/system\\/hbyd\\/20210723\\/b0c3ac657c126bfa375197e97cdfac3d\\/1627023543997_186.jpg\", \"主题\" : \"\", \"分类二\" : \"\", \"单词\" : \"\", \"简介\" : \"null\", \"id\" : \"WckAC1bFTDEcYxViKS3FPe\", \"脚本\" : \"\", \"分类一\" : \"\", \"中文名称\" : \"null\", \"词汇量\" : \"\", \"英文名称\" : \"The Red Pajamas\"}"
"{\"阅读时长\" : 36, \"年级\" : \"twoGrade,threeGrade,fourGrade\", \"封面\" : \"eyyb\\/system\\/hbyd\\/20230621\\/3da06ebcb8b22059065ce847f00f0c99\\/1687329637508_701.png\", \"主题\" : \"农场动物\", \"分类二\" : \"人文社科\", \"单词\" : \"horse,goat,farmer,hen,pig,sheep,cow\", \"简介\" : \"农民们有一个大农场，在农场里住着很多动物。这些动物可以在大农场里自由奔跑。\", \"id\" : \"XWhE6oFuVrj5VxTcDZGTo2\", \"脚本\" : \"\", \"分类一\" : \"人与社会\", \"中文名称\" : \"农民们\", \"词汇量\" : 30, \"英文名称\" : \"The Farmers\"}"
"{\"阅读时长\" : 49, \"年级\" : \"threeGrade,fourGrade,fiveGrade\", \"封面\" : \"eyyb\\/system\\/hbyd\\/20210723\\/4214101759e5c8da6a7d01b4c0dff260\\/1627001554420_997.jpg\", \"主题\" : \"人与自然\", \"分类二\" : \"自然科学\", \"单词\" : \"down,boat,river,house,fox,flower,up\", \"简介\" : \"春天到了，我和爸爸妈妈一起去划船，我们看到了漂亮的花朵、古老的小木屋，还有庞大的麋鹿！\", \"id\" : \"WZdbexhFSGcwGehtzL6Tda\", \"脚本\" : \"\", \"分类一\" : \"人与自然\", \"中文名称\" : \"顺流而下\", \"词汇量\" : 102, \"英文名称\" : \"Down the River\"}"
"{\"阅读时长\" : 28, \"年级\" : \"oneGrade,twoGrade,threeGrade\", \"封面\" : \"eyyb\\/system\\/hbyd\\/20241205\\/c9ddfe289563caf2042eb046cae05b8c\\/1733399058132_361.png\", \"主题\" : \"运动\", \"分类二\" : \"健康教育\", \"单词\" : \"tennis,basketball,football,soccer\", \"简介\" : \"这本绘本展示了各种有趣的体育运动，包括篮球、橄榄球、英式足球和网球。快来一起感受运动的魅力吧！\", \"id\" : \"XEuhQ6C72bAhijBBqhtJur\", \"脚本\" : \"\", \"分类一\" : \"人与自我\", \"中文名称\" : \"我喜欢做运动\", \"词汇量\" : 42, \"英文名称\" : \"I Like to Play Sports\"}"
"{\"阅读时长\" : 118, \"年级\" : \"threeGrade\", \"封面\" : \"eyyb\\/system\\/hbyd\\/20211109\\/55e8a05e9efbef191052a4715e98db95\\/1636446450121_378.jpg\", \"主题\" : \"认识、介绍同伴\", \"分类二\" : \"趣味故事\", \"单词\" : \"hen,your,name,my,frog,goat,cat\", \"简介\" : \"小河马丢了他的名字，他很伤心。他向朋友求助，想要找到自己的名字。最后在朋友的帮助下，他找回了自己的名字。他的名字叫什么呢？\", \"id\" : \"WVDLsZ33Gyfnjdmwg19w3o\", \"脚本\" : \",,,,,,,,,\", \"分类一\" : \"人与社会\", \"中文名称\" : \"我丢失了我的名字\", \"词汇量\" : 76, \"英文名称\" : \"I Lost My Name\"}"
"{\"阅读时长\" : 69, \"年级\" : \"fourGrade\", \"封面\" : \"eyyb\\/system\\/hbyd\\/20211019\\/558bffa10f34c21355ed0d2cbcd71dfb\\/1634628031775_617.jpg\", \"主题\" : \"\", \"分类二\" : \"\", \"单词\" : \"\", \"简介\" : \"null\", \"id\" : \"WnRp6tb8LZbq22TJAHqV5w\", \"脚本\" : \"\", \"分类一\" : \"\", \"中文名称\" : \"null\", \"词汇量\" : \"\", \"英文名称\" : \"Where Is My Hat?\"}"
"{\"阅读时长\" : 104, \"年级\" : \"fourGrade,fiveGrade,sixGrade\", \"封面\" : \"hbyd\\/20190801\\/368da62410b04620d558c71bd05a9c0f\\/Those_Yucky_Meanies.jpg\", \"主题\" : \"学习与生活的描述\", \"分类二\" : \"趣味故事\", \"单词\" : \"house,mud,horrid,dead,wash,stinky,quick,yucky,lunch,swamp\", \"简介\" : \"讨厌的小气鬼们午饭吃什么？喝什么？住哪里？你是不是很好奇，一起来读绘本吧！\", \"id\" : \"XP1w5NdkasFS3xCoE3Cyjv\", \"脚本\" : \"\", \"分类一\" : \"人与社会\", \"中文名称\" : \"那些讨厌的小气鬼！\", \"词汇量\" : 156, \"英文名称\" : \"Those Yucky Meanies!\"}"
"{\"阅读时长\" : 51, \"年级\" : \"threeGrade,fourGrade,fiveGrade\", \"封面\" : \"eyyb\\/system\\/hbyd\\/20210722\\/324f0bd4f6cdfcaaff4f6fdd8492a70b\\/1626917344942_647.jpg\", \"主题\" : \"动物\", \"分类二\" : \"自然科学\", \"单词\" : \"turtle,paint,see,fish,sea\", \"简介\" : \"在一次主题为“大海”的美术课上，老师要求学生画出自己最喜欢的海底动物，一起来看看她们的作品吧！\", \"id\" : \"WteS8Xsfkp1qoGKFjtCnNU\", \"脚本\" : \"\", \"分类一\" : \"人与自然\", \"中文名称\" : \"大海\", \"词汇量\" : 59, \"英文名称\" : \"The Sea\"}"
"{\"阅读时长\" : 28, \"年级\" : \"threeGrade,fourGrade,fiveGrade\", \"封面\" : \"eyyb\\/system\\/hbyd\\/20241105\\/81ef8757ff17f97fa758c0b11f43ff08\\/1730769120128_528.png\", \"主题\" : \"游览其他国家\", \"分类二\" : \"趣味故事\", \"单词\" : \"queen,crash,famous,build,smart,ago,clay,strong,bridge,wood\", \"简介\" : \"以前伦敦桥是由木头和泥土建成的，所以这座桥并不坚固。女王建议用石头修建一座坚固的桥，于是伦敦桥再次屹立。\", \"id\" : \"XDx6gT5rx6JdERwM8kZ1HT\", \"脚本\" : \"\", \"分类一\" : \"人与社会\", \"中文名称\" : \"伦敦桥垮下来\", \"词汇量\" : 141, \"英文名称\" : \"London Bridge Has Fallen Down\"}"
"{\"阅读时长\" : 83, \"年级\" : \"zonghe\", \"封面\" : \"\\/bookread\\/userfiles2\\/1\\/files\\/APP\\/kantupeiyin\\/Xce\\/21-Buttons300.jpg\", \"主题\" : \"\", \"分类二\" : \"\", \"单词\" : \"\", \"简介\" : \"null\", \"id\" : \"f600f07db1ba4b80b7aff26d5db853d2\", \"脚本\" : \"\", \"分类一\" : \"\", \"中文名称\" : \"null\", \"词汇量\" : \"\", \"英文名称\" : \"Buttons  扣  子\"}"
"{\"阅读时长\" : 54, \"年级\" : \"threeGrade\", \"封面\" : \"\\/bookread\\/userfiles2\\/1\\/files\\/APP\\/kantupeiyin\\/3X\\/Wishy-Washy Music.jpg\", \"主题\" : \"\", \"分类二\" : \"\", \"单词\" : \"\", \"简介\" : \"null\", \"id\" : \"ea6036a045fd47658f9715b9d0fac286\", \"脚本\" : \"\", \"分类一\" : \"\", \"中文名称\" : \"null\", \"词汇量\" : \"\", \"英文名称\" : \"Wishy-Washy Music  来点音乐吧\"}"
"{\"阅读时长\" : 109, \"年级\" : \"zonghe\", \"封面\" : \"\\/bookread\\/userfiles2\\/1\\/files\\/APP\\/kantupeiyin\\/Xce\\/11-singing300.jpg\", \"主题\" : \"\", \"分类二\" : \"\", \"单词\" : \"\", \"简介\" : \"null\", \"id\" : \"f42964ab267443e787af896d3aa16f0c\", \"脚本\" : \"\", \"分类一\" : \"\", \"中文名称\" : \"null\", \"词汇量\" : \"\", \"英文名称\" : \"Singing  唱  歌\"}"
"{\"阅读时长\" : 40, \"年级\" : \"oneGrade,twoGrade,threeGrade\", \"封面\" : \"eyyb\\/system\\/hbyd\\/20241129\\/785d698948f4781c02e2cc7e5478e56c\\/1732861054769_58.png\", \"主题\" : \"教室设施\", \"分类二\" : \"生活常识\", \"单词\" : \"television,run,school,whiteboard,see,horse,rib,big\", \"简介\" : \"三只兔子去学校上学，它们在白板上做数学题，用电脑看绘本，还做了什么事情呢？阅读的同时注意“r”在rib、Rob、Ron、run中的正确发音。\", \"id\" : \"YSNL5yjDmWyNQTrX76qqUc\", \"脚本\" : \"\", \"分类一\" : \"人与社会\", \"中文名称\" : \"罗布、罗恩和我\", \"词汇量\" : 56, \"英文名称\" : \"Rob, Ron, and I\"}"
"{\"阅读时长\" : 27, \"年级\" : \"twoGrade,threeGrade,fourGrade\", \"封面\" : \"eyyb\\/system\\/hbyd\\/20210715\\/d2ab73650a54a63d014bef7875abc4d2\\/1626335555666_816.jpg\", \"主题\" : \"食物,生日\", \"分类二\" : \"生活常识\", \"单词\" : \"pie,basket,picnic,milk,tree,cheese,bread\", \"简介\" : \"找到一棵树，铺上毯子，拿上篮子，放下牛奶、面包、奶酪还有派，然后就可以开始野餐了。\", \"id\" : \"YVZJU1kSWqU4ieBudBQrk8\", \"脚本\" : \"\", \"分类一\" : \"人与社会\", \"中文名称\" : \"野餐\", \"词汇量\" : 34, \"英文名称\" : \"The Picnic\"}"
"{\"阅读时长\" : 33, \"年级\" : \"oneGrade,twoGrade,threeGrade\", \"封面\" : \"eyyb\\/system\\/hbyd\\/20210715\\/78ebf947c6680c4210eca7b57d0a3f5e\\/1626314477403_574.jpg\", \"主题\" : \"娱乐活动\", \"分类二\" : \"生活常识\", \"单词\" : \"see,duck,bunny,doll,train,pig,car,party,horse\", \"简介\" : \"即将开启我的飞行旅程啦！在天空中，我可以看见火车，鸭子，还有······\", \"id\" : \"Y3aRNKKSoz3BbgCrzbXdba\", \"脚本\" : \"\", \"分类一\" : \"人与社会\", \"中文名称\" : \"飞行\", \"词汇量\" : 41, \"英文名称\" : \"Flying\"}"
"{\"阅读时长\" : 28, \"年级\" : \"oneGrade,twoGrade,threeGrade\", \"封面\" : \"eyyb\\/system\\/hbyd\\/20241104\\/7016243acb9c620355cbace9cebf0150\\/1730687197809_8.png\", \"主题\" : \"蔬菜\", \"分类二\" : \"自然科学\", \"单词\" : \"seed,fat,tomato\", \"简介\" : \"你认识番茄、玉米和南瓜吗？那你知道它们的种子分别是什么样子的吗？打开这本书，一起来看看吧！阅读时注意“f”在fat、fit中的发音。\", \"id\" : \"xQfMPT56gn4eHRYDefM7k\", \"脚本\" : \"\", \"分类一\" : \"人与自然\", \"中文名称\" : \"它能放进去！\", \"词汇量\" : 32, \"英文名称\" : \"It Can Fit!\"}"
"{\"阅读时长\" : 64, \"年级\" : \"fourGrade,fiveGrade,sixGrade\", \"封面\" : \"eyyb\\/system\\/hbyd\\/20240530\\/00779e628cb33baaefb337eaac3fc72d\\/1717055660190_882.jpg\", \"主题\" : \"学校规则\", \"分类二\" : \"校园生活\", \"单词\" : \"write,class,listen,safe,join,draw,paint,cool,follow,happy,build,help,watch,job,read\", \"简介\" : \"新同学罗玛加入班级，同学教她学校规则：友好、轮流、助人、室内要小声。罗玛觉得这些规则很棒，让她感到安全快乐。故事强调规则对建立良好学习环境的重要性。\", \"id\" : \"o23amTVgNm2Ye6hdoypiX\", \"脚本\" : \"\", \"分类一\" : \"人与社会\", \"中文名称\" : \"规则很酷\", \"词汇量\" : 167, \"英文名称\" : \"Rules Are Cool\"}"
"{\"阅读时长\" : 28, \"年级\" : \"twoGrade,threeGrade\", \"封面\" : \"eyyb\\/system\\/hbyd\\/20241205\\/5c923e2cb1dadfcddfa4a5dd976d79ed\\/1733399366301_564.png\", \"主题\" : \"农场动物\", \"分类二\" : \"自然科学\", \"单词\" : \"corn,duck,bread,grass,pig,eat,who,horse,cow,hay\", \"简介\" : \"这本绘本将孩子们带入充满生机的农场世界，让他们认识各种可爱的农场动物。奶牛吃草，猪吃玉米，鸭子吃面包，马吃干草。通过有趣的问答形式，帮助孩子们更好地了解这些动物的特点和饮食习惯。\", \"id\" : \"YZCHCUmogegJiASPnCM9qJ\", \"脚本\" : \"\", \"分类一\" : \"人与自然\", \"中文名称\" : \"农场动物\", \"词汇量\" : 62, \"英文名称\" : \"Farm Animals\"}"
"{\"阅读时长\" : 89, \"年级\" : \"zonghe\", \"封面\" : \"\\/bookread\\/userfiles2\\/1\\/files\\/APP\\/kantupeiyin\\/Xce\\/01-Cookies300.jpg\", \"主题\" : \"\", \"分类二\" : \"\", \"单词\" : \"\", \"简介\" : \"null\", \"id\" : \"cb28f4fb6aa448b6b854a41c5a195bde\", \"脚本\" : \"\", \"分类一\" : \"\", \"中文名称\" : \"null\", \"词汇量\" : \"\", \"英文名称\" : \"Cookies  曲  奇\"}"
"{\"阅读时长\" : 276, \"年级\" : \"sixGrade\", \"封面\" : \"eyyb\\/system\\/hbyd\\/20201215\\/de1b6a0cab8bd09e23528b069c468f73\\/1608014610489_228.jpg\", \"主题\" : \"\", \"分类二\" : \"\", \"单词\" : \"\", \"简介\" : \"null\", \"id\" : \"tdAjFTn3w6PJzvW58XqaJ\", \"脚本\" : \"\", \"分类一\" : \"\", \"中文名称\" : \"null\", \"词汇量\" : \"\", \"英文名称\" : \"Hop on Pop\"}"
"{\"阅读时长\" : 77, \"年级\" : \"fiveGrade\", \"封面\" : \"\\/bookread\\/userfiles2\\/1\\/files\\/APP\\/kantupeiyin\\/5X\\/Bad Manners 1.jpg\", \"主题\" : \"\", \"分类二\" : \"\", \"单词\" : \"\", \"简介\" : \"null\", \"id\" : \"d53151e3ae354fc0a8a9bc3936fb8524\", \"脚本\" : \"\", \"分类一\" : \"\", \"中文名称\" : \"null\", \"词汇量\" : \"\", \"英文名称\" : \"Bad Manners  没 礼 貌\"}"
"{\"阅读时长\" : 28, \"年级\" : \"threeGrade,fourGrade,fiveGrade\", \"封面\" : \"eyyb\\/system\\/hbyd\\/20241127\\/1b82ff635f92cca26b665b961e88d135\\/1732677052889_252.png\", \"主题\" : \"购物\", \"分类二\" : \"趣味故事\", \"单词\" : \"master,shepherd,narrator,bag,wool,sheep,lane,full,customer\", \"简介\" : \"“Baa Baa Black Sheep”是一首古老的歌谣，至今已有近300年的历史，羊毛剪下来后，一袋给我的主人，一袋给我的夫人，还有一袋给住在小巷那头的小男孩······\", \"id\" : \"YTGaynFBngcw7josP5uJEa\", \"脚本\" : \"\", \"分类一\" : \"人与社会\", \"中文名称\" : \"咩咩黑绵羊卖羊毛\", \"词汇量\" : 254, \"英文名称\" : \"Baa Baa Black Sheep Sells Her Wool\"}"
"{\"阅读时长\" : 97, \"年级\" : \"sixGrade\", \"封面\" : \"\\/bookread\\/userfiles2\\/1\\/files\\/APP\\/kantupeiyin\\/6X\\/Jackets 1.jpg\", \"主题\" : \"\", \"分类二\" : \"\", \"单词\" : \"\", \"简介\" : \"null\", \"id\" : \"da3ed643c6ce44ef8048228816fb4e26\", \"脚本\" : \"\", \"分类一\" : \"\", \"中文名称\" : \"null\", \"词汇量\" : \"\", \"英文名称\" : \"Jackets  外  套\"}"
"{\"阅读时长\" : 58, \"年级\" : \"sixGrade\", \"封面\" : \"\\/bookread\\/userfiles2\\/1\\/files\\/APP\\/kantupeiyin\\/6S\\/Yellow Duck.jpg\", \"主题\" : \"\", \"分类二\" : \"\", \"单词\" : \"\", \"简介\" : \"null\", \"id\" : \"b3fc2aaa615c4ddeb469f6a564eeb9fe\", \"脚本\" : \"\", \"分类一\" : \"\", \"中文名称\" : \"null\", \"词汇量\" : \"\", \"英文名称\" : \"Yellow Duck  小 黄 鸭\"}"
"{\"阅读时长\" : 40, \"年级\" : \"twoGrade,threeGrade,fourGrade\", \"封面\" : \"eyyb\\/system\\/hbyd\\/20241218\\/07223e4a64cf61ff43da39ce54f7a60a\\/1734490054650_803.png\", \"主题\" : \"动物习性\", \"分类二\" : \"自然科学\", \"单词\" : \"yum,run,mom,nut,cub,den,dig,bug\", \"简介\" : \"熊妈妈领着小熊们寻找坚果、蚂蚁来充饥，然后在洞穴里打盹，小熊们睡醒后跑着去挖山药······阅读的同时注意“y”在yes、yet、you、yum、yams中的正确发音。\", \"id\" : \"YnP7D1Npeg8ai4rTgi8L9\", \"脚本\" : \"\", \"分类一\" : \"人与自然\", \"中文名称\" : \"是的，小熊们！\", \"词汇量\" : 71, \"英文名称\" : \"Yes, Cubs!\"}"
"{\"阅读时长\" : 28, \"年级\" : \"threeGrade,fourGrade,fiveGrade\", \"封面\" : \"eyyb\\/system\\/hbyd\\/20240530\\/4574d409851ec33c1609afa128ffe467\\/1717056240544_16.jpg\", \"主题\" : \"我的能力\", \"分类二\" : \"趣味故事\", \"单词\" : \"sport,spoon,moon,dish,come,play,earth,jump\", \"简介\" : \"嗨，嘀嗒，嘀嗒，小猫拉着小提琴，奶牛跳过了月亮，小狗看到哈哈笑，碟子带着汤勺跑走了。《One Silly Hey Diddle Day》绘本中出现的都是现实生活中根本不可能发生的场景，发挥你的想象力，来看看是怎么回事吧！\", \"id\" : \"qnb5s49baTt2uvFreFpCM\", \"脚本\" : \"\", \"分类一\" : \"人与社会\", \"中文名称\" : \"一个傻傻的嘿嘀嗒日\", \"词汇量\" : 217, \"英文名称\" : \"One Silly Hey Diddle Day\"}"
"{\"阅读时长\" : 48, \"年级\" : \"oneGrade,twoGrade,threeGrade\", \"封面\" : \"eyyb\\/system\\/hbyd\\/20241104\\/4f1355ee89220a837685d4644cec3485\\/1730688312422_502.png\", \"主题\" : \"动物的外貌\", \"分类二\" : \"自然科学\", \"单词\" : \"dog,rabbit,horse,cat,bird\", \"简介\" : \"小朋友在展示自己的宠物，有不同大小的狗、兔子、猫、鸟和马，一起来认识和欣赏动物的多样性。\", \"id\" : \"gr4LuYvv8MFV7FxGZUiFV\", \"脚本\" : \"\", \"分类一\" : \"人与自然\", \"中文名称\" : \"大宠物，小宠物\", \"词汇量\" : 40, \"英文名称\" : \"Big Pet, Little Pet\"}"
"{\"阅读时长\" : 76, \"年级\" : \"threeGrade,fourGrade\", \"封面\" : \"eyyb\\/system\\/hbyd\\/20211213\\/f119a8f05c976028e80396c0966cda3d\\/1639383943892_124.jpg\", \"主题\" : \"家人\", \"分类二\" : \"亲情友情\", \"单词\" : \"this,family,father,brother,sister,mother\", \"简介\" : \"一只小鼹鼠用道具介绍起自己的家庭成员，一起来看看吧！\", \"id\" : \"igmF19gsVh5gTdea2VL1n\", \"脚本\" : \"\", \"分类一\" : \"人与社会\", \"中文名称\" : \"我的一家\", \"词汇量\" : 40, \"英文名称\" : \"My Family\"}"
"{\"阅读时长\" : 52, \"年级\" : \"fourGrade,fiveGrade,sixGrade\", \"封面\" : \"eyyb\\/system\\/hbyd\\/20240528\\/e9ae8b7f1c71c0a0a3d130f22fcdf44c\\/1716892418258_39.jpg\", \"主题\" : \"情感\", \"分类二\" : \"趣味故事\", \"单词\" : \"low,lunch,like,frightened,little,go,beside,along,away,friend,milk\", \"简介\" : \"这是一本重新诠释经典童谣《小小姐玛菲特》的绘本，它讲述了小玛菲特小姐享用午餐时发生的一系列趣事。这本绘本通过幽默的对话和生动的插图，带领孩子们进入一个充满惊喜和冒险的童话世界。\", \"id\" : \"YNpscXBfPUfkdbC37vkReS\", \"脚本\" : \"\", \"分类一\" : \"人与社会\", \"中文名称\" : \"和小玛菲特小姐共进午餐\", \"词汇量\" : 230, \"英文名称\" : \"Lunch with Little Miss Muffet\"}"
"{\"阅读时长\" : 40, \"年级\" : \"threeGrade,fourGrade,fiveGrade\", \"封面\" : \"eyyb\\/system\\/hbyd\\/20211115\\/4c21428f0eb8caa33f430f4c37477507\\/1636944024077_333.jpg\", \"主题\" : \"动物\", \"分类二\" : \"自然科学\", \"单词\" : \"hide,branch,leaf,snake\", \"简介\" : \"动物们真聪明，利用自己的肤色和大自然融为一体了，你能找到它们吗？\", \"id\" : \"YEphRmVyBChTxGbieCLWke\", \"脚本\" : \"\", \"分类一\" : \"人与自然\", \"中文名称\" : \"隐藏着的动物\", \"词汇量\" : 38, \"英文名称\" : \"Hiding Animals\"}"
"{\"阅读时长\" : 87, \"年级\" : \"threeGrade\", \"封面\" : \"\\/bookread\\/userfiles2\\/1\\/files\\/APP\\/kantupeiyin\\/3X\\/Sheep in a Jeep\\/img\\/0.jpg\", \"主题\" : \"\", \"分类二\" : \"\", \"单词\" : \"\", \"简介\" : \"null\", \"id\" : \"YQQuTPgKHpjFZyhKEbEeGd\", \"脚本\" : \"\", \"分类一\" : \"\", \"中文名称\" : \"null\", \"词汇量\" : \"\", \"英文名称\" : \"Sheep in a Jeep 小羊开吉普\"}"
"{\"阅读时长\" : 66, \"年级\" : \"sixGrade\", \"封面\" : \"\\/bookread\\/userfiles2\\/1\\/files\\/APP\\/kantupeiyin\\/6S\\/A Surprise for Miss Doll.jpg\", \"主题\" : \"\", \"分类二\" : \"\", \"单词\" : \"\", \"简介\" : \"null\", \"id\" : \"aeaf49c0d1324b1cb12323050fdcb3e0\", \"脚本\" : \"\", \"分类一\" : \"\", \"中文名称\" : \"null\", \"词汇量\" : \"\", \"英文名称\" : \"A Surprise for Miss Doll  给朵儿小姐的惊喜\"}"
"{\"阅读时长\" : 64, \"年级\" : \"fourGrade,fiveGrade,sixGrade\", \"封面\" : \"eyyb\\/system\\/hbyd\\/20240528\\/a75fc5deb16fb80b592a28d7ed0cb657\\/1716893766891_228.jpg\", \"主题\" : \"表达情绪与情感\", \"分类二\" : \"情绪管理\", \"单词\" : \"tell,hope,paw,puppy,exclaim,carefully,tired,lap,hurry,hug,whenever,silly,circle\", \"简介\" : \"奥利维亚到祖父母家后，她打开前门，一只小狗跳了出来，它叫幸运。他们一起在外面和小狗玩吱吱叫的玩具，奥利维亚觉得这是有史以来最好的一天，她迫不及待地想告诉学校的每个人。\", \"id\" : \"YHenPRsVZDfgvrHTgVYYNm\", \"脚本\" : \"\", \"分类一\" : \"人与自我\", \"中文名称\" : \"快乐的一天\", \"词汇量\" : 214, \"英文名称\" : \"My Happy Day\"}"
"{\"阅读时长\" : 36, \"年级\" : \"fourGrade\", \"封面\" : \"\\/bookread\\/userfiles2\\/1\\/files\\/TIM图片20180404192131.png\", \"主题\" : \"\", \"分类二\" : \"\", \"单词\" : \"\", \"简介\" : \"null\", \"id\" : \"b82721c6064240db85c72d193264fcfd\", \"脚本\" : \"\", \"分类一\" : \"\", \"中文名称\" : \"null\", \"词汇量\" : \"\", \"英文名称\" : \"Wishy-Washy Road  动物们来到公路上\"}"
"{\"阅读时长\" : 80, \"年级\" : \"zonghe\", \"封面\" : \"\\/bookread\\/userfiles2\\/1\\/files\\/APP\\/kantupeiyin\\/Xce\\/01-EGG300.jpg\", \"主题\" : \"\", \"分类二\" : \"\", \"单词\" : \"\", \"简介\" : \"null\", \"id\" : \"be41147c4ad8426bb3c79f5046c974cc\", \"脚本\" : \"\", \"分类一\" : \"\", \"中文名称\" : \"null\", \"词汇量\" : \"\", \"英文名称\" : \"Egg  鸡  蛋\"}"
"{\"阅读时长\" : 144, \"年级\" : \"fourGrade,fiveGrade,sixGrade\", \"封面\" : \"hbyd\\/20190801\\/3e72be3833b2a4272554fb1f7dc4be15\\/Mrs_Wishy-Washy_s_Birthday.jpg\", \"主题\" : \"关怀他人\", \"分类二\" : \"社会交往\", \"单词\" : \"sing,animal,birthday,asleep,hide,cake,nothing,pink,think\", \"简介\" : \"洗刷刷太太要过生日啦，洗刷刷先生为她准备了生日蛋糕。那么小动物们为洗刷刷太太准备了什么生日礼物呢？\", \"id\" : \"XoDvyew2cDCsBkLBuvUthK\", \"脚本\" : \"\", \"分类一\" : \"人与社会\", \"中文名称\" : \"洗刷刷太太的生日\", \"词汇量\" : 189, \"英文名称\" : \"Mrs Wishy-Washy's Birthday\"}"
"{\"阅读时长\" : 198, \"年级\" : \"threeGrade,fourGrade\", \"封面\" : \"hbyd\\/20191220\\/03e768bcc5e2e910d55a1d64437f590e\\/Silly Sally_1.jpg\", \"主题\" : \"\", \"分类二\" : \"\", \"单词\" : \"\", \"简介\" : \"null\", \"id\" : \"Xty3H4ifBBGpqj6ykLFoND\", \"脚本\" : \"\", \"分类一\" : \"\", \"中文名称\" : \"null\", \"词汇量\" : \"\", \"英文名称\" : \"Silly Sally\"}"
"{\"阅读时长\" : 87, \"年级\" : \"threeGrade\", \"封面\" : \"eyyb\\/system\\/hbyd\\/20211109\\/6a42f3e4fdfc27363b94cb2438e5b6bc\\/1636445478520_403.jpg\", \"主题\" : \"\", \"分类二\" : \"\", \"单词\" : \"\", \"简介\" : \"null\", \"id\" : \"hgm9iQy51P39WfhUjWzfB\", \"脚本\" : \"\", \"分类一\" : \"\", \"中文名称\" : \"null\", \"词汇量\" : \"\", \"英文名称\" : \"A Happy Family\"}"
"{\"阅读时长\" : 32, \"年级\" : \"twoGrade,threeGrade,fourGrade\", \"封面\" : \"eyyb\\/system\\/hbyd\\/20240528\\/e34cc880a7450b7f9337562007ea5fe4\\/1716861400073_788.jpg\", \"主题\" : \"常见职业介绍\", \"分类二\" : \"职业认知\", \"单词\" : \"police officer,doctor,teacher,firefighter,chef\", \"简介\" : \"绘本通过展示警察、医生、消防员、教师和厨师等职业，帮助孩子们了解这些职业的重要作用和日常工作。通过简单的句型和生动的插图，孩子们将学习如何用英语描述不同职业。\", \"id\" : \"YDuc1UTGmA4FRHzNhozJSj\", \"脚本\" : \"\", \"分类一\" : \"人与社会\", \"中文名称\" : \"城镇里的职业\", \"词汇量\" : 37, \"英文名称\" : \"Jobs Around Town\"}"
"{\"阅读时长\" : 64, \"年级\" : \"threeGrade,fourGrade,fiveGrade\", \"封面\" : \"eyyb\\/system\\/hbyd\\/20211115\\/7bab3a2a5004193dac1a09dd662c3377\\/1636958344468_730.jpg\", \"主题\" : \"动物\", \"分类二\" : \"自然科学\", \"单词\" : \"elephant,giraffe,frog,zebra,fly\", \"简介\" : \"清晨，一只小苍蝇从树上飞了下来，开始了它的探险之旅，路上遇到了大象，小苍蝇友好地打了一声招呼，然后······\", \"id\" : \"Xww7cWUYA4wk58eaVXB7pp\", \"脚本\" : \"\", \"分类一\" : \"人与自然\", \"中文名称\" : \"嗡！嗡！嗡！\", \"词汇量\" : 76, \"英文名称\" : \"Buzz, Buzz, Buzz!\"}"
"{\"阅读时长\" : 28, \"年级\" : \"twoGrade,threeGrade,fourGrade\", \"封面\" : \"eyyb\\/system\\/hbyd\\/20240528\\/b447c4f4a3d6d0e5a9238728acd01da1\\/1716884825993_427.jpg\", \"主题\" : \"食物\", \"分类二\" : \"生活常识\", \"单词\" : \"popcorn,like,candy\", \"简介\" : \"绘本通过展示各种甜品的图片让读者认识糖果、棉花糖、棒棒糖、爆米花、冰棍、冰激凌等甜品的单词，同时表达了对甜食的喜爱。\", \"id\" : \"Y3rdwo3RL6TrXzuD1BHbUu\", \"脚本\" : \"\", \"分类一\" : \"人与社会\", \"中文名称\" : \"我爱吃甜食\", \"词汇量\" : 60, \"英文名称\" : \"I Have a Sweet Tooth\"}"
"{\"阅读时长\" : 72, \"年级\" : \"threeGrade\", \"封面\" : \"eyyb\\/system\\/hbyd\\/20220128\\/97199a75b7cf84183a12565ab84afee6\\/1643341624864_614.jpg\", \"主题\" : \"\", \"分类二\" : \"\", \"单词\" : \"\", \"简介\" : \"null\", \"id\" : \"quUwqUeXqReAmDNyBtfJR\", \"脚本\" : \"\", \"分类一\" : \"\", \"中文名称\" : \"null\", \"词汇量\" : \"\", \"英文名称\" : \"What Time Is It?\"}"
"{\"阅读时长\" : 66, \"年级\" : \"sixGrade\", \"封面\" : \"\\/bookread\\/userfiles2\\/1\\/files\\/APP\\/kantupeiyin\\/6S\\/Toy Music.jpg\", \"主题\" : \"\", \"分类二\" : \"\", \"单词\" : \"\", \"简介\" : \"null\", \"id\" : \"d9c89ff0630146e98e985121772dab3a\", \"脚本\" : \"\", \"分类一\" : \"\", \"中文名称\" : \"null\", \"词汇量\" : \"\", \"英文名称\" : \"Toy Music  音 乐 汇\"}"
"{\"阅读时长\" : 82, \"年级\" : \"zonghe\", \"封面\" : \"\\/bookread\\/userfiles2\\/1\\/files\\/APP\\/kantupeiyin\\/Xce\\/Wind 300.jpg\", \"主题\" : \"\", \"分类二\" : \"\", \"单词\" : \"\", \"简介\" : \"null\", \"id\" : \"a4af8ab034c140bca329761f05ffd3a8\", \"脚本\" : \"\", \"分类一\" : \"\", \"中文名称\" : \"null\", \"词汇量\" : \"\", \"英文名称\" : \"Wind   大  风\"}"
"{\"阅读时长\" : 40, \"年级\" : \"oneGrade,twoGrade,threeGrade\", \"封面\" : \"eyyb\\/system\\/hbyd\\/20241104\\/9d6bbe98b56006fd863d1ee6e1667a95\\/1730687395369_189.png\", \"主题\" : \"日常\\/其他活动\", \"分类二\" : \"社会交往\", \"单词\" : \"play,hat,hot\", \"简介\" : \"炎热的夏天来了，兔子和母鸡热得不想动了。小老鼠送给它们各自一件什么礼物，让大家又可以快乐地打球了呢？阅读时注意“h”在hen、hit、hat、hot、hop中的正确发音。\", \"id\" : \"Xk6UNVazb8SSAsBsFLjrVD\", \"脚本\" : \"\", \"分类一\" : \"人与社会\", \"中文名称\" : \"热、热、热\", \"词汇量\" : 28, \"英文名称\" : \"Hot, Hot, Hot\"}"
"{\"阅读时长\" : 45, \"年级\" : \"fourGrade\", \"封面\" : \"eyyb\\/system\\/hbyd\\/20211019\\/09805f64d226579ee93717854652d65b\\/1634627413087_585.jpg\", \"主题\" : \"\", \"分类二\" : \"\", \"单词\" : \"\", \"简介\" : \"null\", \"id\" : \"XpQJwaoeK2XXxLcrBtz1E7\", \"脚本\" : \"\", \"分类一\" : \"\", \"中文名称\" : \"null\", \"词汇量\" : \"\", \"英文名称\" : \"I Go to the Zoo\"}"
"{\"阅读时长\" : 28, \"年级\" : \"twoGrade,threeGrade,fourGrade\", \"封面\" : \"eyyb\\/system\\/hbyd\\/20240528\\/c8d30253652c9ccf5078a7a773deb33c\\/1716895222193_888.png\", \"主题\" : \"季节的类别\", \"分类二\" : \"自然科学\", \"单词\" : \"summer,storm,winter,sunny,spring,autumn\", \"简介\" : \"通过简洁的文字和生动的插图，带领孩子们领略春、夏、秋、冬各自独特的魅力。这本书通过重复的句型和视觉词汇，帮助孩子们学习与四季相关的英语表达。\", \"id\" : \"XvonDiBuKcCK5JZVPWb8wK\", \"脚本\" : \"\", \"分类一\" : \"人与自然\", \"中文名称\" : \"季节\", \"词汇量\" : 50, \"英文名称\" : \"Season\"}"
"{\"阅读时长\" : 159, \"年级\" : \"fourGrade,fiveGrade,sixGrade\", \"封面\" : \"hbyd\\/20190801\\/f755c3bf0a9fe7ac26c92b0f8a170be9\\/Meanies_Night_Out.jpg\", \"主题\" : \"遵守公共秩序与法律法规\", \"分类二\" : \"趣味故事\", \"单词\" : \"choice,grab,bony,jump,cheer,arcade,movie,ticket,shop,beg\", \"简介\" : \"三个小气鬼想看电影，但没有票，他们是怎么进去的呢？进了电影院又发生了怎样的故事呢？一起来读一读绘本吧！\", \"id\" : \"ZqUkDtMRoTcJhbHpqpsFJ\", \"脚本\" : \"\", \"分类一\" : \"人与社会\", \"中文名称\" : \"小气鬼的夜晚出行\", \"词汇量\" : 272, \"英文名称\" : \"Meanies' Night Out\"}"
"{\"阅读时长\" : 56, \"年级\" : \"fourGrade,fiveGrade,sixGrade\", \"封面\" : \"eyyb\\/system\\/hbyd\\/20240530\\/fa2e61bae5489ad06cc0efc232086034\\/1717054408918_164.jpg\", \"主题\" : \"\", \"分类二\" : \"亲情友情\", \"单词\" : \"\", \"简介\" : \"\", \"id\" : \"gMJUscfwTgzS5joKUZBdt\", \"脚本\" : \"\", \"分类一\" : \"人与社会\", \"中文名称\" : \"\", \"词汇量\" : 260, \"英文名称\" : \"The Only Penguin\"}"
"{\"阅读时长\" : 74, \"年级\" : \"oneGrade,twoGrade,threeGrade\", \"封面\" : \"eyyb\\/system\\/hbyd\\/20211214\\/a454a7821657da77ae3de9da0a308279\\/1639466219642_978.jpg\", \"主题\" : \"感恩\", \"分类二\" : \"社会交往\", \"单词\" : \"panda,bird,tiger,monkey,like,elephant,lion\", \"简介\" : \"猴子邀请了小伙伴来参加他的生日派对，小伙伴们带来了什么礼物呢？\", \"id\" : \"Xt5B9PcwombaxuR5SQko7c\", \"脚本\" : \"\", \"分类一\" : \"人与社会\", \"中文名称\" : \"猴子的生日聚会\", \"词汇量\" : 75, \"英文名称\" : \"Monkey's Birthday Party\"}"
"{\"阅读时长\" : 90, \"年级\" : \"zonghe\", \"封面\" : \"\\/bookread\\/userfiles2\\/1\\/files\\/APP\\/kantupeiyin\\/Xce\\/21-Race300.jpg\", \"主题\" : \"\", \"分类二\" : \"\", \"单词\" : \"\", \"简介\" : \"null\", \"id\" : \"dfebb158fba9421197ec5e22dc32f9fe\", \"脚本\" : \"\", \"分类一\" : \"\", \"中文名称\" : \"null\", \"词汇量\" : \"\", \"英文名称\" : \"Race   赛  跑\"}"
"{\"阅读时长\" : 46, \"年级\" : \"fiveGrade\", \"封面\" : \"\\/bookread\\/userfiles2\\/1\\/files\\/APP\\/kantupeiyin\\/5X\\/Wishy-Washy Garden 1.jpg\", \"主题\" : \"\", \"分类二\" : \"\", \"单词\" : \"\", \"简介\" : \"null\", \"id\" : \"f26166e50d1b455f980bce5cc59fab7f\", \"脚本\" : \"\", \"分类一\" : \"\", \"中文名称\" : \"null\", \"词汇量\" : \"\", \"英文名称\" : \"Wishy-Washy Garden  清理菜园\"}"
"{\"阅读时长\" : 36, \"年级\" : \"fiveGrade,sixGrade\", \"封面\" : \"eyyb\\/system\\/hbyd\\/20230707\\/afbc0fbc8cfdbf99187cd8845282d73a\\/1688713790648_845.jpg\", \"主题\" : \"\", \"分类二\" : \"社会交往\", \"单词\" : \"rabbit,bird,bear,come in\", \"简介\" : \"小熊给狐狸准备了一个惊喜。小狐狸去小熊家的路上碰见了兔子、鹿、松鼠、鸟和浣熊，大家一起见证了惊喜。\", \"id\" : \"ogi8T2yWaFHoojzRNFN9Y\", \"脚本\" : \"\", \"分类一\" : \"人与社会\", \"中文名称\" : \"惊喜\", \"词汇量\" : 214, \"英文名称\" : \"The Surprise\"}"
"{\"阅读时长\" : 44, \"年级\" : \"threeGrade,fourGrade\", \"封面\" : \"eyyb\\/system\\/hbyd\\/20211115\\/96f5d09d5f3b25f407f49f550428f744\\/1636948314473_726.jpg\", \"主题\" : \"动物\", \"分类二\" : \"自然科学\", \"单词\" : \"animal,everywhere,sea,pet,snow,live,place\", \"简介\" : \"不同的动物有着不同的居住环境，有的动物生活在海里，有的动物生活在海里，有的生活在沙漠里，一起看看是哪些动物吧！\", \"id\" : \"XoXGyEYmYjPpKQpwLByHZ6\", \"脚本\" : \"\", \"分类一\" : \"人与自然\", \"中文名称\" : \"动物\", \"词汇量\" : 40, \"英文名称\" : \"Animals\"}"
"{\"阅读时长\" : 36, \"年级\" : \"oneGrade,twoGrade,threeGrade,fourGrade\", \"封面\" : \"eyyb\\/system\\/hbyd\\/20220526\\/58a60607eab9c7eb7c33a47242f2850f\\/1653536203934_46.jpg\", \"主题\" : \"\", \"分类二\" : \"生活常识\", \"单词\" : \"cut,smell,mix,peel,wash,eat,bake,pick\", \"简介\" : \"小女孩和妈妈一起做了一个美味的苹果派，一起来看看她们是怎么做的吧！\", \"id\" : \"YGnv4yy5cEqkhxYgdXeGqE\", \"脚本\" : \"\", \"分类一\" : \"人与社会\", \"中文名称\" : \"苹果派\", \"词汇量\" : 53, \"英文名称\" : \"Apple Pie\"}"
"{\"阅读时长\" : 50, \"年级\" : \"threeGrade,fourGrade,fiveGrade\", \"封面\" : \"eyyb\\/system\\/hbyd\\/20211115\\/7d471c26f4b66abb471669976c8318a9\\/1636947708378_503.jpg\", \"主题\" : \"科普知识\", \"分类二\" : \"环境保护\", \"单词\" : \"seed,blow,wind,air,sky\", \"简介\" : \"强而有力的风充满了能量，它可以将蒲公英的种子吹散，将树叶吹离地面，将小船吹动，还可以······\", \"id\" : \"YL7jDuE2dHkKK8Tn53umPm\", \"脚本\" : \"\", \"分类一\" : \"人与自然\", \"中文名称\" : \"强而有力的风\", \"词汇量\" : 34, \"英文名称\" : \"Powerful Wind\"}"
"{\"阅读时长\" : 46, \"年级\" : \"fiveGrade\", \"封面\" : \"eyyb\\/system\\/hbyd\\/20210723\\/2814d63436c63ccfa4800a178cc4ae15\\/1627001994165_669.jpg\", \"主题\" : \"\", \"分类二\" : \"\", \"单词\" : \"\", \"简介\" : \"null\", \"id\" : \"hLcREamKyEnwEeFyjcHAE\", \"脚本\" : \"\", \"分类一\" : \"\", \"中文名称\" : \"null\", \"词汇量\" : \"\", \"英文名称\" : \"Tug-of-War\"}"
"{\"阅读时长\" : 60, \"年级\" : \"threeGrade\", \"封面\" : \"eyyb\\/system\\/hbyd\\/20211109\\/0bd9aaea9d35e2b327cb4f8d786a35ee\\/1636443670089_16.jpg\", \"主题\" : \"\", \"分类二\" : \"\", \"单词\" : \"\", \"简介\" : \"null\", \"id\" : \"XhrT2qv2hbNJjDWcgVMkRw\", \"脚本\" : \"\", \"分类一\" : \"\", \"中文名称\" : \"null\", \"词汇量\" : \"\", \"英文名称\" : \"Can You Do It?\"}"
